timestamp,phase,gpu_index,name,uuid,total_mib,used_mib,free_mib,utilization_gpu
2026-08-21T02:39:51.3479975+12:00,5090-deep-118k,0,NVIDIA GeForce RTX 5090,GPU-67921d1c-ee8e-304f-b562-d6f87617c5a0,32607,30792,1396,21
2026-08-21T02:39:51.3479975+12:00,5090-deep-118k,1,NVIDIA GeForce RTX 4090,GPU-eed52936-813f-8d68-1654-bfb56cb42bc3,24564,22901,1238,0
2026-08-21T02:39:51.6650465+12:00,5090-deep-118k,0,NVIDIA GeForce RTX 5090,GPU-67921d1c-ee8e-304f-b562-d6f87617c5a0,32607,30792,1396,20
2026-08-21T02:39:51.6650465+12:00,5090-deep-118k,1,NVIDIA GeForce RTX 4090,GPU-eed52936-813f-8d68-1654-bfb56cb42bc3,24564,22901,1238,0
2026-08-21T02:39:51.9937183+12:00,5090-deep-118k,0,NVIDIA GeForce RTX 5090,GPU-67921d1c-ee8e-304f-b562-d6f87617c5a0,32607,30806,1382,20
2026-08-21T02:39:51.9937183+12:00,5090-deep-118k,1,NVIDIA GeForce RTX 4090,GPU-eed52936-813f-8d68-1654-bfb56cb42bc3,24564,22901,1238,0
2026-08-21T02:39:52.3207041+12:00,5090-deep-118k,0,NVIDIA GeForce RTX 5090,GPU-67921d1c-ee8e-304f-b562-d6f87617c5a0,32607,30806,1382,32
2026-08-21T02:39:52.3207041+12:00,5090-deep-118k,1,NVIDIA GeForce RTX 4090,GPU-eed52936-813f-8d68-1654-bfb56cb42bc3,24564,22901,1238,0
2026-08-21T02:39:52.6456356+12:00,5090-deep-118k,0,NVIDIA GeForce RTX 5090,GPU-67921d1c-ee8e-304f-b562-d6f87617c5a0,32607,30804,1384,33
2026-08-21T02:39:52.6456356+12:00,5090-deep-118k,1,NVIDIA GeForce RTX 4090,GPU-eed52936-813f-8d68-1654-bfb56cb42bc3,24564,22901,1238,0
2026-08-21T02:39:52.9561508+12:00,5090-deep-118k,0,NVIDIA GeForce RTX 5090,GPU-67921d1c-ee8e-304f-b562-d6f87617c5a0,32607,30803,1385,33
2026-08-21T02:39:52.9561508+12:00,5090-deep-118k,1,NVIDIA GeForce RTX 4090,GPU-eed52936-813f-8d68-1654-bfb56cb42bc3,24564,22901,1238,0
2026-08-21T02:39:53.2709035+12:00,5090-deep-118k,0,NVIDIA GeForce RTX 5090,GPU-67921d1c-ee8e-304f-b562-d6f87617c5a0,32607,30800,1388,14
2026-08-21T02:39:53.2709035+12:00,5090-deep-118k,1,NVIDIA GeForce RTX 4090,GPU-eed52936-813f-8d68-1654-bfb56cb42bc3,24564,22901,1238,0
2026-08-21T02:39:53.5832221+12:00,5090-deep-118k,0,NVIDIA GeForce RTX 5090,GPU-67921d1c-ee8e-304f-b562-d6f87617c5a0,32607,30800,1388,11
2026-08-21T02:39:53.5832221+12:00,5090-deep-118k,1,NVIDIA GeForce RTX 4090,GPU-eed52936-813f-8d68-1654-bfb56cb42bc3,24564,22901,1238,0
2026-08-21T02:39:53.8944900+12:00,5090-deep-118k,0,NVIDIA GeForce RTX 5090,GPU-67921d1c-ee8e-304f-b562-d6f87617c5a0,32607,30777,1411,11
2026-08-21T02:39:53.8944900+12:00,5090-deep-118k,1,NVIDIA GeForce RTX 4090,GPU-eed52936-813f-8d68-1654-bfb56cb42bc3,24564,22901,1238,0
2026-08-21T02:39:54.2185403+12:00,5090-deep-118k,0,NVIDIA GeForce RTX 5090,GPU-67921d1c-ee8e-304f-b562-d6f87617c5a0,32607,30774,1414,20
2026-08-21T02:39:54.2185403+12:00,5090-deep-118k,1,NVIDIA GeForce RTX 4090,GPU-eed52936-813f-8d68-1654-bfb56cb42bc3,24564,22901,1238,0
2026-08-21T02:39:54.5297392+12:00,5090-deep-118k,0,NVIDIA GeForce RTX 5090,GPU-67921d1c-ee8e-304f-b562-d6f87617c5a0,32607,30766,1422,20
2026-08-21T02:39:54.5297392+12:00,5090-deep-118k,1,NVIDIA GeForce RTX 4090,GPU-eed52936-813f-8d68-1654-bfb56cb42bc3,24564,22901,1238,0
2026-08-21T02:39:54.8425490+12:00,5090-deep-118k,0,NVIDIA GeForce RTX 5090,GPU-67921d1c-ee8e-304f-b562-d6f87617c5a0,32607,30755,1433,20
2026-08-21T02:39:54.8425490+12:00,5090-deep-118k,1,NVIDIA GeForce RTX 4090,GPU-eed52936-813f-8d68-1654-bfb56cb42bc3,24564,22901,1238,0
2026-08-21T02:39:55.1764245+12:00,5090-deep-118k,0,NVIDIA GeForce RTX 5090,GPU-67921d1c-ee8e-304f-b562-d6f87617c5a0,32607,30755,1433,20
2026-08-21T02:39:55.1764245+12:00,5090-deep-118k,1,NVIDIA GeForce RTX 4090,GPU-eed52936-813f-8d68-1654-bfb56cb42bc3,24564,22901,1238,0
2026-08-21T02:39:55.4861861+12:00,5090-deep-118k,0,NVIDIA GeForce RTX 5090,GPU-67921d1c-ee8e-304f-b562-d6f87617c5a0,32607,30755,1433,20
2026-08-21T02:39:55.4861861+12:00,5090-deep-118k,1,NVIDIA GeForce RTX 4090,GPU-eed52936-813f-8d68-1654-bfb56cb42bc3,24564,22901,1238,0
2026-08-21T02:39:55.8121201+12:00,5090-deep-118k,0,NVIDIA GeForce RTX 5090,GPU-67921d1c-ee8e-304f-b562-d6f87617c5a0,32607,30754,1434,23
2026-08-21T02:39:55.8121201+12:00,5090-deep-118k,1,NVIDIA GeForce RTX 4090,GPU-eed52936-813f-8d68-1654-bfb56cb42bc3,24564,22901,1238,0
2026-08-21T02:39:56.1248520+12:00,5090-deep-118k,0,NVIDIA GeForce RTX 5090,GPU-67921d1c-ee8e-304f-b562-d6f87617c5a0,32607,30754,1434,23
2026-08-21T02:39:56.1248520+12:00,5090-deep-118k,1,NVIDIA GeForce RTX 4090,GPU-eed52936-813f-8d68-1654-bfb56cb42bc3,24564,22901,1238,0
2026-08-21T02:39:56.4620232+12:00,5090-deep-118k,0,NVIDIA GeForce RTX 5090,GPU-67921d1c-ee8e-304f-b562-d6f87617c5a0,32607,30754,1434,23
2026-08-21T02:39:56.4620232+12:00,5090-deep-118k,1,NVIDIA GeForce RTX 4090,GPU-eed52936-813f-8d68-1654-bfb56cb42bc3,24564,22901,1238,0
2026-08-21T02:39:56.7801869+12:00,5090-deep-118k,0,NVIDIA GeForce RTX 5090,GPU-67921d1c-ee8e-304f-b562-d6f87617c5a0,32607,30755,1433,21
2026-08-21T02:39:56.7801869+12:00,5090-deep-118k,1,NVIDIA GeForce RTX 4090,GPU-eed52936-813f-8d68-1654-bfb56cb42bc3,24564,22901,1238,0
2026-08-21T02:39:57.1059493+12:00,5090-deep-118k,0,NVIDIA GeForce RTX 5090,GPU-67921d1c-ee8e-304f-b562-d6f87617c5a0,32607,30754,1434,21
2026-08-21T02:39:57.1059493+12:00,5090-deep-118k,1,NVIDIA GeForce RTX 4090,GPU-eed52936-813f-8d68-1654-bfb56cb42bc3,24564,22901,1238,0
2026-08-21T02:39:57.4171097+12:00,5090-deep-118k,0,NVIDIA GeForce RTX 5090,GPU-67921d1c-ee8e-304f-b562-d6f87617c5a0,32607,30754,1434,21
2026-08-21T02:39:57.4171097+12:00,5090-deep-118k,1,NVIDIA GeForce RTX 4090,GPU-eed52936-813f-8d68-1654-bfb56cb42bc3,24564,22901,1238,0
2026-08-21T02:39:57.7425088+12:00,5090-deep-118k,0,NVIDIA GeForce RTX 5090,GPU-67921d1c-ee8e-304f-b562-d6f87617c5a0,32607,30753,1435,20
2026-08-21T02:39:57.7425088+12:00,5090-deep-118k,1,NVIDIA GeForce RTX 4090,GPU-eed52936-813f-8d68-1654-bfb56cb42bc3,24564,22901,1238,0
2026-08-21T02:39:58.0713859+12:00,5090-deep-118k,0,NVIDIA GeForce RTX 5090,GPU-67921d1c-ee8e-304f-b562-d6f87617c5a0,32607,30744,1444,20
2026-08-21T02:39:58.0713859+12:00,5090-deep-118k,1,NVIDIA GeForce RTX 4090,GPU-eed52936-813f-8d68-1654-bfb56cb42bc3,24564,22901,1238,0
2026-08-21T02:39:58.3996574+12:00,5090-deep-118k,0,NVIDIA GeForce RTX 5090,GPU-67921d1c-ee8e-304f-b562-d6f87617c5a0,32607,30744,1444,20
2026-08-21T02:39:58.3996574+12:00,5090-deep-118k,1,NVIDIA GeForce RTX 4090,GPU-eed52936-813f-8d68-1654-bfb56cb42bc3,24564,22901,1238,0
2026-08-21T02:39:58.7110622+12:00,5090-deep-118k,0,NVIDIA GeForce RTX 5090,GPU-67921d1c-ee8e-304f-b562-d6f87617c5a0,32607,30739,1449,21
2026-08-21T02:39:58.7110622+12:00,5090-deep-118k,1,NVIDIA GeForce RTX 4090,GPU-eed52936-813f-8d68-1654-bfb56cb42bc3,24564,22901,1238,0
2026-08-21T02:39:59.0378253+12:00,5090-deep-118k,0,NVIDIA GeForce RTX 5090,GPU-67921d1c-ee8e-304f-b562-d6f87617c5a0,32607,30739,1449,21
2026-08-21T02:39:59.0378253+12:00,5090-deep-118k,1,NVIDIA GeForce RTX 4090,GPU-eed52936-813f-8d68-1654-bfb56cb42bc3,24564,22901,1238,0
2026-08-21T02:39:59.3505149+12:00,5090-deep-118k,0,NVIDIA GeForce RTX 5090,GPU-67921d1c-ee8e-304f-b562-d6f87617c5a0,32607,30739,1449,21
2026-08-21T02:39:59.3505149+12:00,5090-deep-118k,1,NVIDIA GeForce RTX 4090,GPU-eed52936-813f-8d68-1654-bfb56cb42bc3,24564,22901,1238,0
2026-08-21T02:39:59.6789616+12:00,5090-deep-118k,0,NVIDIA GeForce RTX 5090,GPU-67921d1c-ee8e-304f-b562-d6f87617c5a0,32607,30739,1449,21
2026-08-21T02:39:59.6789616+12:00,5090-deep-118k,1,NVIDIA GeForce RTX 4090,GPU-eed52936-813f-8d68-1654-bfb56cb42bc3,24564,22901,1238,0
2026-08-21T02:39:59.9903226+12:00,5090-deep-118k,0,NVIDIA GeForce RTX 5090,GPU-67921d1c-ee8e-304f-b562-d6f87617c5a0,32607,30745,1443,21
2026-08-21T02:39:59.9903226+12:00,5090-deep-118k,1,NVIDIA GeForce RTX 4090,GPU-eed52936-813f-8d68-1654-bfb56cb42bc3,24564,22901,1238,0
2026-08-21T02:40:00.3154659+12:00,5090-deep-118k,0,NVIDIA GeForce RTX 5090,GPU-67921d1c-ee8e-304f-b562-d6f87617c5a0,32607,30745,1443,21
2026-08-21T02:40:00.3154659+12:00,5090-deep-118k,1,NVIDIA GeForce RTX 4090,GPU-eed52936-813f-8d68-1654-bfb56cb42bc3,24564,22901,1238,0
2026-08-21T02:40:00.6448231+12:00,5090-deep-118k,0,NVIDIA GeForce RTX 5090,GPU-67921d1c-ee8e-304f-b562-d6f87617c5a0,32607,30744,1444,26
2026-08-21T02:40:00.6448231+12:00,5090-deep-118k,1,NVIDIA GeForce RTX 4090,GPU-eed52936-813f-8d68-1654-bfb56cb42bc3,24564,22901,1238,0
2026-08-21T02:40:00.9674398+12:00,5090-deep-118k,0,NVIDIA GeForce RTX 5090,GPU-67921d1c-ee8e-304f-b562-d6f87617c5a0,32607,30748,1440,26
2026-08-21T02:40:00.9674398+12:00,5090-deep-118k,1,NVIDIA GeForce RTX 4090,GPU-eed52936-813f-8d68-1654-bfb56cb42bc3,24564,22901,1238,0
2026-08-21T02:40:01.2961360+12:00,5090-deep-118k,0,NVIDIA GeForce RTX 5090,GPU-67921d1c-ee8e-304f-b562-d6f87617c5a0,32607,30748,1440,21
2026-08-21T02:40:01.2961360+12:00,5090-deep-118k,1,NVIDIA GeForce RTX 4090,GPU-eed52936-813f-8d68-1654-bfb56cb42bc3,24564,22901,1238,0
2026-08-21T02:40:01.6080998+12:00,5090-deep-118k,0,NVIDIA GeForce RTX 5090,GPU-67921d1c-ee8e-304f-b562-d6f87617c5a0,32607,30748,1440,21
2026-08-21T02:40:01.6080998+12:00,5090-deep-118k,1,NVIDIA GeForce RTX 4090,GPU-eed52936-813f-8d68-1654-bfb56cb42bc3,24564,22901,1238,0
2026-08-21T02:40:01.9360095+12:00,5090-deep-118k,0,NVIDIA GeForce RTX 5090,GPU-67921d1c-ee8e-304f-b562-d6f87617c5a0,32607,30746,1442,21
2026-08-21T02:40:01.9360095+12:00,5090-deep-118k,1,NVIDIA GeForce RTX 4090,GPU-eed52936-813f-8d68-1654-bfb56cb42bc3,24564,22901,1238,0
2026-08-21T02:40:02.2641844+12:00,5090-deep-118k,0,NVIDIA GeForce RTX 5090,GPU-67921d1c-ee8e-304f-b562-d6f87617c5a0,32607,30742,1446,22
2026-08-21T02:40:02.2641844+12:00,5090-deep-118k,1,NVIDIA GeForce RTX 4090,GPU-eed52936-813f-8d68-1654-bfb56cb42bc3,24564,22901,1238,0
2026-08-21T02:40:02.5763870+12:00,5090-deep-118k,0,NVIDIA GeForce RTX 5090,GPU-67921d1c-ee8e-304f-b562-d6f87617c5a0,32607,30742,1446,20
2026-08-21T02:40:02.5763870+12:00,5090-deep-118k,1,NVIDIA GeForce RTX 4090,GPU-eed52936-813f-8d68-1654-bfb56cb42bc3,24564,22901,1238,0
2026-08-21T02:40:02.8895018+12:00,5090-deep-118k,0,NVIDIA GeForce RTX 5090,GPU-67921d1c-ee8e-304f-b562-d6f87617c5a0,32607,30765,1423,20
2026-08-21T02:40:02.8895018+12:00,5090-deep-118k,1,NVIDIA GeForce RTX 4090,GPU-eed52936-813f-8d68-1654-bfb56cb42bc3,24564,22901,1238,0
2026-08-21T02:40:03.2166543+12:00,5090-deep-118k,0,NVIDIA GeForce RTX 5090,GPU-67921d1c-ee8e-304f-b562-d6f87617c5a0,32607,30815,1373,23
2026-08-21T02:40:03.2166543+12:00,5090-deep-118k,1,NVIDIA GeForce RTX 4090,GPU-eed52936-813f-8d68-1654-bfb56cb42bc3,24564,22901,1238,0
2026-08-21T02:40:03.5285778+12:00,5090-deep-118k,0,NVIDIA GeForce RTX 5090,GPU-67921d1c-ee8e-304f-b562-d6f87617c5a0,32607,30815,1373,23
2026-08-21T02:40:03.5285778+12:00,5090-deep-118k,1,NVIDIA GeForce RTX 4090,GPU-eed52936-813f-8d68-1654-bfb56cb42bc3,24564,22901,1238,0
2026-08-21T02:40:03.8385556+12:00,5090-deep-118k,0,NVIDIA GeForce RTX 5090,GPU-67921d1c-ee8e-304f-b562-d6f87617c5a0,32607,30816,1372,2
2026-08-21T02:40:03.8385556+12:00,5090-deep-118k,1,NVIDIA GeForce RTX 4090,GPU-eed52936-813f-8d68-1654-bfb56cb42bc3,24564,22901,1238,0
2026-08-21T02:40:04.1671586+12:00,5090-deep-118k,0,NVIDIA GeForce RTX 5090,GPU-67921d1c-ee8e-304f-b562-d6f87617c5a0,32607,30815,1373,6
2026-08-21T02:40:04.1671586+12:00,5090-deep-118k,1,NVIDIA GeForce RTX 4090,GPU-eed52936-813f-8d68-1654-bfb56cb42bc3,24564,22901,1238,0
2026-08-21T02:40:04.4909280+12:00,5090-deep-118k,0,NVIDIA GeForce RTX 5090,GPU-67921d1c-ee8e-304f-b562-d6f87617c5a0,32607,30814,1374,6
2026-08-21T02:40:04.4909280+12:00,5090-deep-118k,1,NVIDIA GeForce RTX 4090,GPU-eed52936-813f-8d68-1654-bfb56cb42bc3,24564,22901,1238,0
2026-08-21T02:40:04.8183661+12:00,5090-deep-118k,0,NVIDIA GeForce RTX 5090,GPU-67921d1c-ee8e-304f-b562-d6f87617c5a0,32607,30814,1374,1
2026-08-21T02:40:04.8183661+12:00,5090-deep-118k,1,NVIDIA GeForce RTX 4090,GPU-eed52936-813f-8d68-1654-bfb56cb42bc3,24564,22901,1238,0
2026-08-21T02:40:05.1294129+12:00,5090-deep-118k,0,NVIDIA GeForce RTX 5090,GPU-67921d1c-ee8e-304f-b562-d6f87617c5a0,32607,30810,1378,2
2026-08-21T02:40:05.1294129+12:00,5090-deep-118k,1,NVIDIA GeForce RTX 4090,GPU-eed52936-813f-8d68-1654-bfb56cb42bc3,24564,22901,1238,0
2026-08-21T02:40:05.4442624+12:00,5090-deep-118k,0,NVIDIA GeForce RTX 5090,GPU-67921d1c-ee8e-304f-b562-d6f87617c5a0,32607,30804,1384,2
2026-08-21T02:40:05.4442624+12:00,5090-deep-118k,1,NVIDIA GeForce RTX 4090,GPU-eed52936-813f-8d68-1654-bfb56cb42bc3,24564,22901,1238,0
2026-08-21T02:40:05.7561242+12:00,5090-deep-118k,0,NVIDIA GeForce RTX 5090,GPU-67921d1c-ee8e-304f-b562-d6f87617c5a0,32607,30804,1384,1
2026-08-21T02:40:05.7561242+12:00,5090-deep-118k,1,NVIDIA GeForce RTX 4090,GPU-eed52936-813f-8d68-1654-bfb56cb42bc3,24564,22901,1238,0
2026-08-21T02:40:06.0834462+12:00,5090-deep-118k,0,NVIDIA GeForce RTX 5090,GPU-67921d1c-ee8e-304f-b562-d6f87617c5a0,32607,30799,1389,1
2026-08-21T02:40:06.0834462+12:00,5090-deep-118k,1,NVIDIA GeForce RTX 4090,GPU-eed52936-813f-8d68-1654-bfb56cb42bc3,24564,22901,1238,0
2026-08-21T02:40:06.3964631+12:00,5090-deep-118k,0,NVIDIA GeForce RTX 5090,GPU-67921d1c-ee8e-304f-b562-d6f87617c5a0,32607,30809,1379,1
2026-08-21T02:40:06.3964631+12:00,5090-deep-118k,1,NVIDIA GeForce RTX 4090,GPU-eed52936-813f-8d68-1654-bfb56cb42bc3,24564,22901,1238,0
2026-08-21T02:40:06.7228059+12:00,5090-deep-118k,0,NVIDIA GeForce RTX 5090,GPU-67921d1c-ee8e-304f-b562-d6f87617c5a0,32607,30809,1379,3
2026-08-21T02:40:06.7228059+12:00,5090-deep-118k,1,NVIDIA GeForce RTX 4090,GPU-eed52936-813f-8d68-1654-bfb56cb42bc3,24564,22901,1238,0
2026-08-21T02:40:07.0499173+12:00,5090-deep-118k,0,NVIDIA GeForce RTX 5090,GPU-67921d1c-ee8e-304f-b562-d6f87617c5a0,32607,30910,1278,68
2026-08-21T02:40:07.0499173+12:00,5090-deep-118k,1,NVIDIA GeForce RTX 4090,GPU-eed52936-813f-8d68-1654-bfb56cb42bc3,24564,22901,1238,0
2026-08-21T02:40:07.3783909+12:00,5090-deep-118k,0,NVIDIA GeForce RTX 5090,GPU-67921d1c-ee8e-304f-b562-d6f87617c5a0,32607,30916,1272,68
2026-08-21T02:40:07.3783909+12:00,5090-deep-118k,1,NVIDIA GeForce RTX 4090,GPU-eed52936-813f-8d68-1654-bfb56cb42bc3,24564,22901,1238,0
2026-08-21T02:40:07.6871001+12:00,5090-deep-118k,0,NVIDIA GeForce RTX 5090,GPU-67921d1c-ee8e-304f-b562-d6f87617c5a0,32607,30916,1272,4
2026-08-21T02:40:07.6871001+12:00,5090-deep-118k,1,NVIDIA GeForce RTX 4090,GPU-eed52936-813f-8d68-1654-bfb56cb42bc3,24564,22901,1238,0
2026-08-21T02:40:08.0011257+12:00,5090-deep-118k,0,NVIDIA GeForce RTX 5090,GPU-67921d1c-ee8e-304f-b562-d6f87617c5a0,32607,30910,1278,4
2026-08-21T02:40:08.0011257+12:00,5090-deep-118k,1,NVIDIA GeForce RTX 4090,GPU-eed52936-813f-8d68-1654-bfb56cb42bc3,24564,22901,1238,0
2026-08-21T02:40:08.3272165+12:00,5090-deep-118k,0,NVIDIA GeForce RTX 5090,GPU-67921d1c-ee8e-304f-b562-d6f87617c5a0,32607,30908,1280,3
2026-08-21T02:40:08.3272165+12:00,5090-deep-118k,1,NVIDIA GeForce RTX 4090,GPU-eed52936-813f-8d68-1654-bfb56cb42bc3,24564,22901,1238,0
2026-08-21T02:40:08.6563829+12:00,5090-deep-118k,0,NVIDIA GeForce RTX 5090,GPU-67921d1c-ee8e-304f-b562-d6f87617c5a0,32607,30896,1292,2
2026-08-21T02:40:08.6563829+12:00,5090-deep-118k,1,NVIDIA GeForce RTX 4090,GPU-eed52936-813f-8d68-1654-bfb56cb42bc3,24564,22901,1238,0
2026-08-21T02:40:08.9967102+12:00,5090-deep-118k,0,NVIDIA GeForce RTX 5090,GPU-67921d1c-ee8e-304f-b562-d6f87617c5a0,32607,30889,1299,2
2026-08-21T02:40:08.9967102+12:00,5090-deep-118k,1,NVIDIA GeForce RTX 4090,GPU-eed52936-813f-8d68-1654-bfb56cb42bc3,24564,22901,1238,0
2026-08-21T02:40:09.3256179+12:00,5090-deep-118k,0,NVIDIA GeForce RTX 5090,GPU-67921d1c-ee8e-304f-b562-d6f87617c5a0,32607,30881,1307,11
2026-08-21T02:40:09.3256179+12:00,5090-deep-118k,1,NVIDIA GeForce RTX 4090,GPU-eed52936-813f-8d68-1654-bfb56cb42bc3,24564,22901,1238,0
2026-08-21T02:40:09.6541717+12:00,5090-deep-118k,0,NVIDIA GeForce RTX 5090,GPU-67921d1c-ee8e-304f-b562-d6f87617c5a0,32607,30875,1313,11
2026-08-21T02:40:09.6541717+12:00,5090-deep-118k,1,NVIDIA GeForce RTX 4090,GPU-eed52936-813f-8d68-1654-bfb56cb42bc3,24564,22901,1238,0
2026-08-21T02:40:09.9826634+12:00,5090-deep-118k,0,NVIDIA GeForce RTX 5090,GPU-67921d1c-ee8e-304f-b562-d6f87617c5a0,32607,30875,1313,11
2026-08-21T02:40:09.9826634+12:00,5090-deep-118k,1,NVIDIA GeForce RTX 4090,GPU-eed52936-813f-8d68-1654-bfb56cb42bc3,24564,22901,1238,0
2026-08-21T02:40:10.3097674+12:00,5090-deep-118k,0,NVIDIA GeForce RTX 5090,GPU-67921d1c-ee8e-304f-b562-d6f87617c5a0,32607,30870,1318,20
2026-08-21T02:40:10.3097674+12:00,5090-deep-118k,1,NVIDIA GeForce RTX 4090,GPU-eed52936-813f-8d68-1654-bfb56cb42bc3,24564,22901,1238,0
2026-08-21T02:40:10.6357348+12:00,5090-deep-118k,0,NVIDIA GeForce RTX 5090,GPU-67921d1c-ee8e-304f-b562-d6f87617c5a0,32607,30866,1322,22
2026-08-21T02:40:10.6357348+12:00,5090-deep-118k,1,NVIDIA GeForce RTX 4090,GPU-eed52936-813f-8d68-1654-bfb56cb42bc3,24564,22901,1238,0
2026-08-21T02:40:10.9453696+12:00,5090-deep-118k,0,NVIDIA GeForce RTX 5090,GPU-67921d1c-ee8e-304f-b562-d6f87617c5a0,32607,30866,1322,22
2026-08-21T02:40:10.9453696+12:00,5090-deep-118k,1,NVIDIA GeForce RTX 4090,GPU-eed52936-813f-8d68-1654-bfb56cb42bc3,24564,22901,1238,0
2026-08-21T02:40:11.2758342+12:00,5090-deep-118k,0,NVIDIA GeForce RTX 5090,GPU-67921d1c-ee8e-304f-b562-d6f87617c5a0,32607,30837,1351,20
2026-08-21T02:40:11.2758342+12:00,5090-deep-118k,1,NVIDIA GeForce RTX 4090,GPU-eed52936-813f-8d68-1654-bfb56cb42bc3,24564,22901,1238,0
2026-08-21T02:40:11.5848553+12:00,5090-deep-118k,0,NVIDIA GeForce RTX 5090,GPU-67921d1c-ee8e-304f-b562-d6f87617c5a0,32607,30831,1357,20
2026-08-21T02:40:11.5848553+12:00,5090-deep-118k,1,NVIDIA GeForce RTX 4090,GPU-eed52936-813f-8d68-1654-bfb56cb42bc3,24564,22901,1238,0
2026-08-21T02:40:11.9130371+12:00,5090-deep-118k,0,NVIDIA GeForce RTX 5090,GPU-67921d1c-ee8e-304f-b562-d6f87617c5a0,32607,30836,1352,20
2026-08-21T02:40:11.9130371+12:00,5090-deep-118k,1,NVIDIA GeForce RTX 4090,GPU-eed52936-813f-8d68-1654-bfb56cb42bc3,24564,22901,1238,0
2026-08-21T02:40:12.2413522+12:00,5090-deep-118k,0,NVIDIA GeForce RTX 5090,GPU-67921d1c-ee8e-304f-b562-d6f87617c5a0,32607,30836,1352,22
2026-08-21T02:40:12.2413522+12:00,5090-deep-118k,1,NVIDIA GeForce RTX 4090,GPU-eed52936-813f-8d68-1654-bfb56cb42bc3,24564,22901,1238,0
2026-08-21T02:40:12.5706023+12:00,5090-deep-118k,0,NVIDIA GeForce RTX 5090,GPU-67921d1c-ee8e-304f-b562-d6f87617c5a0,32607,30809,1379,20
2026-08-21T02:40:12.5706023+12:00,5090-deep-118k,1,NVIDIA GeForce RTX 4090,GPU-eed52936-813f-8d68-1654-bfb56cb42bc3,24564,22901,1238,0
2026-08-21T02:40:12.8818650+12:00,5090-deep-118k,0,NVIDIA GeForce RTX 5090,GPU-67921d1c-ee8e-304f-b562-d6f87617c5a0,32607,30809,1379,20
2026-08-21T02:40:12.8818650+12:00,5090-deep-118k,1,NVIDIA GeForce RTX 4090,GPU-eed52936-813f-8d68-1654-bfb56cb42bc3,24564,22901,1238,0
2026-08-21T02:40:13.2082464+12:00,5090-deep-118k,0,NVIDIA GeForce RTX 5090,GPU-67921d1c-ee8e-304f-b562-d6f87617c5a0,32607,30809,1379,20
2026-08-21T02:40:13.2082464+12:00,5090-deep-118k,1,NVIDIA GeForce RTX 4090,GPU-eed52936-813f-8d68-1654-bfb56cb42bc3,24564,22901,1238,0
2026-08-21T02:40:13.5343034+12:00,5090-deep-118k,0,NVIDIA GeForce RTX 5090,GPU-67921d1c-ee8e-304f-b562-d6f87617c5a0,32607,30809,1379,20
2026-08-21T02:40:13.5343034+12:00,5090-deep-118k,1,NVIDIA GeForce RTX 4090,GPU-eed52936-813f-8d68-1654-bfb56cb42bc3,24564,22901,1238,0
2026-08-21T02:40:13.8608775+12:00,5090-deep-118k,0,NVIDIA GeForce RTX 5090,GPU-67921d1c-ee8e-304f-b562-d6f87617c5a0,32607,30807,1381,20
2026-08-21T02:40:13.8608775+12:00,5090-deep-118k,1,NVIDIA GeForce RTX 4090,GPU-eed52936-813f-8d68-1654-bfb56cb42bc3,24564,22901,1238,0
2026-08-21T02:40:14.1895942+12:00,5090-deep-118k,0,NVIDIA GeForce RTX 5090,GPU-67921d1c-ee8e-304f-b562-d6f87617c5a0,32607,30803,1385,20
2026-08-21T02:40:14.1895942+12:00,5090-deep-118k,1,NVIDIA GeForce RTX 4090,GPU-eed52936-813f-8d68-1654-bfb56cb42bc3,24564,22901,1238,0
2026-08-21T02:40:14.5161932+12:00,5090-deep-118k,0,NVIDIA GeForce RTX 5090,GPU-67921d1c-ee8e-304f-b562-d6f87617c5a0,32607,30803,1385,20
2026-08-21T02:40:14.5161932+12:00,5090-deep-118k,1,NVIDIA GeForce RTX 4090,GPU-eed52936-813f-8d68-1654-bfb56cb42bc3,24564,22901,1238,0
2026-08-21T02:40:14.8419759+12:00,5090-deep-118k,0,NVIDIA GeForce RTX 5090,GPU-67921d1c-ee8e-304f-b562-d6f87617c5a0,32607,30803,1385,20
2026-08-21T02:40:14.8419759+12:00,5090-deep-118k,1,NVIDIA GeForce RTX 4090,GPU-eed52936-813f-8d68-1654-bfb56cb42bc3,24564,22901,1238,0
2026-08-21T02:40:15.1704675+12:00,5090-deep-118k,0,NVIDIA GeForce RTX 5090,GPU-67921d1c-ee8e-304f-b562-d6f87617c5a0,32607,30837,1351,34
2026-08-21T02:40:15.1704675+12:00,5090-deep-118k,1,NVIDIA GeForce RTX 4090,GPU-eed52936-813f-8d68-1654-bfb56cb42bc3,24564,22901,1238,0
2026-08-21T02:40:15.4798420+12:00,5090-deep-118k,0,NVIDIA GeForce RTX 5090,GPU-67921d1c-ee8e-304f-b562-d6f87617c5a0,32607,30814,1374,34
2026-08-21T02:40:15.4798420+12:00,5090-deep-118k,1,NVIDIA GeForce RTX 4090,GPU-eed52936-813f-8d68-1654-bfb56cb42bc3,24564,22901,1238,0
2026-08-21T02:40:15.7897949+12:00,5090-deep-118k,0,NVIDIA GeForce RTX 5090,GPU-67921d1c-ee8e-304f-b562-d6f87617c5a0,32607,30801,1387,21
2026-08-21T02:40:15.7897949+12:00,5090-deep-118k,1,NVIDIA GeForce RTX 4090,GPU-eed52936-813f-8d68-1654-bfb56cb42bc3,24564,22901,1238,0
2026-08-21T02:40:16.1163588+12:00,5090-deep-118k,0,NVIDIA GeForce RTX 5090,GPU-67921d1c-ee8e-304f-b562-d6f87617c5a0,32607,30791,1397,22
2026-08-21T02:40:16.1163588+12:00,5090-deep-118k,1,NVIDIA GeForce RTX 4090,GPU-eed52936-813f-8d68-1654-bfb56cb42bc3,24564,22901,1238,0
2026-08-21T02:40:16.4429774+12:00,5090-deep-118k,0,NVIDIA GeForce RTX 5090,GPU-67921d1c-ee8e-304f-b562-d6f87617c5a0,32607,30783,1405,22
2026-08-21T02:40:16.4429774+12:00,5090-deep-118k,1,NVIDIA GeForce RTX 4090,GPU-eed52936-813f-8d68-1654-bfb56cb42bc3,24564,22901,1238,0
2026-08-21T02:40:16.7535222+12:00,5090-deep-118k,0,NVIDIA GeForce RTX 5090,GPU-67921d1c-ee8e-304f-b562-d6f87617c5a0,32607,30783,1405,20
2026-08-21T02:40:16.7535222+12:00,5090-deep-118k,1,NVIDIA GeForce RTX 4090,GPU-eed52936-813f-8d68-1654-bfb56cb42bc3,24564,22901,1238,0
2026-08-21T02:40:17.0793669+12:00,5090-deep-118k,0,NVIDIA GeForce RTX 5090,GPU-67921d1c-ee8e-304f-b562-d6f87617c5a0,32607,30780,1408,22
2026-08-21T02:40:17.0793669+12:00,5090-deep-118k,1,NVIDIA GeForce RTX 4090,GPU-eed52936-813f-8d68-1654-bfb56cb42bc3,24564,22901,1238,0
2026-08-21T02:40:17.3924196+12:00,5090-deep-118k,0,NVIDIA GeForce RTX 5090,GPU-67921d1c-ee8e-304f-b562-d6f87617c5a0,32607,30838,1350,22
2026-08-21T02:40:17.3924196+12:00,5090-deep-118k,1,NVIDIA GeForce RTX 4090,GPU-eed52936-813f-8d68-1654-bfb56cb42bc3,24564,22901,1238,0
2026-08-21T02:40:17.7032300+12:00,5090-deep-118k,0,NVIDIA GeForce RTX 5090,GPU-67921d1c-ee8e-304f-b562-d6f87617c5a0,32607,30832,1356,11
2026-08-21T02:40:17.7032300+12:00,5090-deep-118k,1,NVIDIA GeForce RTX 4090,GPU-eed52936-813f-8d68-1654-bfb56cb42bc3,24564,22901,1238,0
2026-08-21T02:40:18.0136369+12:00,5090-deep-118k,0,NVIDIA GeForce RTX 5090,GPU-67921d1c-ee8e-304f-b562-d6f87617c5a0,32607,30833,1355,11
2026-08-21T02:40:18.0136369+12:00,5090-deep-118k,1,NVIDIA GeForce RTX 4090,GPU-eed52936-813f-8d68-1654-bfb56cb42bc3,24564,22901,1238,0
2026-08-21T02:40:18.3407009+12:00,5090-deep-118k,0,NVIDIA GeForce RTX 5090,GPU-67921d1c-ee8e-304f-b562-d6f87617c5a0,32607,30823,1365,12
2026-08-21T02:40:18.3407009+12:00,5090-deep-118k,1,NVIDIA GeForce RTX 4090,GPU-eed52936-813f-8d68-1654-bfb56cb42bc3,24564,22901,1238,0
2026-08-21T02:40:18.6535164+12:00,5090-deep-118k,0,NVIDIA GeForce RTX 5090,GPU-67921d1c-ee8e-304f-b562-d6f87617c5a0,32607,30824,1364,21
2026-08-21T02:40:18.6535164+12:00,5090-deep-118k,1,NVIDIA GeForce RTX 4090,GPU-eed52936-813f-8d68-1654-bfb56cb42bc3,24564,22901,1238,0
2026-08-21T02:40:18.9635217+12:00,5090-deep-118k,0,NVIDIA GeForce RTX 5090,GPU-67921d1c-ee8e-304f-b562-d6f87617c5a0,32607,30832,1356,21
2026-08-21T02:40:18.9635217+12:00,5090-deep-118k,1,NVIDIA GeForce RTX 4090,GPU-eed52936-813f-8d68-1654-bfb56cb42bc3,24564,22901,1238,0
2026-08-21T02:40:19.2785969+12:00,5090-deep-118k,0,NVIDIA GeForce RTX 5090,GPU-67921d1c-ee8e-304f-b562-d6f87617c5a0,32607,30802,1386,21
2026-08-21T02:40:19.2785969+12:00,5090-deep-118k,1,NVIDIA GeForce RTX 4090,GPU-eed52936-813f-8d68-1654-bfb56cb42bc3,24564,22901,1238,0
2026-08-21T02:40:19.5888902+12:00,5090-deep-118k,0,NVIDIA GeForce RTX 5090,GPU-67921d1c-ee8e-304f-b562-d6f87617c5a0,32607,30778,1410,22
2026-08-21T02:40:19.5888902+12:00,5090-deep-118k,1,NVIDIA GeForce RTX 4090,GPU-eed52936-813f-8d68-1654-bfb56cb42bc3,24564,22901,1238,0
2026-08-21T02:40:19.9182604+12:00,5090-deep-118k,0,NVIDIA GeForce RTX 5090,GPU-67921d1c-ee8e-304f-b562-d6f87617c5a0,32607,30784,1404,22
2026-08-21T02:40:19.9182604+12:00,5090-deep-118k,1,NVIDIA GeForce RTX 4090,GPU-eed52936-813f-8d68-1654-bfb56cb42bc3,24564,22901,1238,0
2026-08-21T02:40:20.2467456+12:00,5090-deep-118k,0,NVIDIA GeForce RTX 5090,GPU-67921d1c-ee8e-304f-b562-d6f87617c5a0,32607,30770,1418,21
2026-08-21T02:40:20.2467456+12:00,5090-deep-118k,1,NVIDIA GeForce RTX 4090,GPU-eed52936-813f-8d68-1654-bfb56cb42bc3,24564,22901,1238,0
2026-08-21T02:40:20.5587847+12:00,5090-deep-118k,0,NVIDIA GeForce RTX 5090,GPU-67921d1c-ee8e-304f-b562-d6f87617c5a0,32607,30771,1417,21
2026-08-21T02:40:20.5587847+12:00,5090-deep-118k,1,NVIDIA GeForce RTX 4090,GPU-eed52936-813f-8d68-1654-bfb56cb42bc3,24564,22901,1238,0
2026-08-21T02:40:20.8698132+12:00,5090-deep-118k,0,NVIDIA GeForce RTX 5090,GPU-67921d1c-ee8e-304f-b562-d6f87617c5a0,32607,30772,1416,21
2026-08-21T02:40:20.8698132+12:00,5090-deep-118k,1,NVIDIA GeForce RTX 4090,GPU-eed52936-813f-8d68-1654-bfb56cb42bc3,24564,22901,1238,0
2026-08-21T02:40:21.1964746+12:00,5090-deep-118k,0,NVIDIA GeForce RTX 5090,GPU-67921d1c-ee8e-304f-b562-d6f87617c5a0,32607,30772,1416,21
2026-08-21T02:40:21.1964746+12:00,5090-deep-118k,1,NVIDIA GeForce RTX 4090,GPU-eed52936-813f-8d68-1654-bfb56cb42bc3,24564,22901,1238,0
2026-08-21T02:40:21.5083061+12:00,5090-deep-118k,0,NVIDIA GeForce RTX 5090,GPU-67921d1c-ee8e-304f-b562-d6f87617c5a0,32607,30770,1418,21
2026-08-21T02:40:21.5083061+12:00,5090-deep-118k,1,NVIDIA GeForce RTX 4090,GPU-eed52936-813f-8d68-1654-bfb56cb42bc3,24564,22901,1238,0
2026-08-21T02:40:21.8353780+12:00,5090-deep-118k,0,NVIDIA GeForce RTX 5090,GPU-67921d1c-ee8e-304f-b562-d6f87617c5a0,32607,30768,1420,21
2026-08-21T02:40:21.8353780+12:00,5090-deep-118k,1,NVIDIA GeForce RTX 4090,GPU-eed52936-813f-8d68-1654-bfb56cb42bc3,24564,22901,1238,0
2026-08-21T02:40:22.1656829+12:00,5090-deep-118k,0,NVIDIA GeForce RTX 5090,GPU-67921d1c-ee8e-304f-b562-d6f87617c5a0,32607,30782,1406,21
2026-08-21T02:40:22.1656829+12:00,5090-deep-118k,1,NVIDIA GeForce RTX 4090,GPU-eed52936-813f-8d68-1654-bfb56cb42bc3,24564,22901,1238,0
2026-08-21T02:40:22.4742795+12:00,5090-deep-118k,0,NVIDIA GeForce RTX 5090,GPU-67921d1c-ee8e-304f-b562-d6f87617c5a0,32607,30768,1420,21
2026-08-21T02:40:22.4742795+12:00,5090-deep-118k,1,NVIDIA GeForce RTX 4090,GPU-eed52936-813f-8d68-1654-bfb56cb42bc3,24564,22901,1238,0
2026-08-21T02:40:22.7876098+12:00,5090-deep-118k,0,NVIDIA GeForce RTX 5090,GPU-67921d1c-ee8e-304f-b562-d6f87617c5a0,32607,30768,1420,22
2026-08-21T02:40:22.7876098+12:00,5090-deep-118k,1,NVIDIA GeForce RTX 4090,GPU-eed52936-813f-8d68-1654-bfb56cb42bc3,24564,22901,1238,0
2026-08-21T02:40:23.1015973+12:00,5090-deep-118k,0,NVIDIA GeForce RTX 5090,GPU-67921d1c-ee8e-304f-b562-d6f87617c5a0,32607,30770,1418,22
2026-08-21T02:40:23.1015973+12:00,5090-deep-118k,1,NVIDIA GeForce RTX 4090,GPU-eed52936-813f-8d68-1654-bfb56cb42bc3,24564,22901,1238,0
2026-08-21T02:40:23.4402718+12:00,5090-deep-118k,0,NVIDIA GeForce RTX 5090,GPU-67921d1c-ee8e-304f-b562-d6f87617c5a0,32607,30781,1407,22
2026-08-21T02:40:23.4402718+12:00,5090-deep-118k,1,NVIDIA GeForce RTX 4090,GPU-eed52936-813f-8d68-1654-bfb56cb42bc3,24564,22901,1238,0
2026-08-21T02:40:23.7705100+12:00,5090-deep-118k,0,NVIDIA GeForce RTX 5090,GPU-67921d1c-ee8e-304f-b562-d6f87617c5a0,32607,30821,1367,11
2026-08-21T02:40:23.7705100+12:00,5090-deep-118k,1,NVIDIA GeForce RTX 4090,GPU-eed52936-813f-8d68-1654-bfb56cb42bc3,24564,22901,1238,0
2026-08-21T02:40:24.0815925+12:00,5090-deep-118k,0,NVIDIA GeForce RTX 5090,GPU-67921d1c-ee8e-304f-b562-d6f87617c5a0,32607,30822,1366,9
2026-08-21T02:40:24.0815925+12:00,5090-deep-118k,1,NVIDIA GeForce RTX 4090,GPU-eed52936-813f-8d68-1654-bfb56cb42bc3,24564,22901,1238,0
2026-08-21T02:40:24.3933981+12:00,5090-deep-118k,0,NVIDIA GeForce RTX 5090,GPU-67921d1c-ee8e-304f-b562-d6f87617c5a0,32607,30816,1372,9
2026-08-21T02:40:24.3933981+12:00,5090-deep-118k,1,NVIDIA GeForce RTX 4090,GPU-eed52936-813f-8d68-1654-bfb56cb42bc3,24564,22901,1238,0
2026-08-21T02:40:24.7255127+12:00,5090-deep-118k,0,NVIDIA GeForce RTX 5090,GPU-67921d1c-ee8e-304f-b562-d6f87617c5a0,32607,30817,1371,2
2026-08-21T02:40:24.7255127+12:00,5090-deep-118k,1,NVIDIA GeForce RTX 4090,GPU-eed52936-813f-8d68-1654-bfb56cb42bc3,24564,22901,1238,0
2026-08-21T02:40:25.0622388+12:00,5090-deep-118k,0,NVIDIA GeForce RTX 5090,GPU-67921d1c-ee8e-304f-b562-d6f87617c5a0,32607,30817,1371,2
2026-08-21T02:40:25.0622388+12:00,5090-deep-118k,1,NVIDIA GeForce RTX 4090,GPU-eed52936-813f-8d68-1654-bfb56cb42bc3,24564,22901,1238,0
2026-08-21T02:40:25.3886584+12:00,5090-deep-118k,0,NVIDIA GeForce RTX 5090,GPU-67921d1c-ee8e-304f-b562-d6f87617c5a0,32607,30810,1378,2
2026-08-21T02:40:25.3886584+12:00,5090-deep-118k,1,NVIDIA GeForce RTX 4090,GPU-eed52936-813f-8d68-1654-bfb56cb42bc3,24564,22901,1238,0
2026-08-21T02:40:25.7009662+12:00,5090-deep-118k,0,NVIDIA GeForce RTX 5090,GPU-67921d1c-ee8e-304f-b562-d6f87617c5a0,32607,30810,1378,1
2026-08-21T02:40:25.7009662+12:00,5090-deep-118k,1,NVIDIA GeForce RTX 4090,GPU-eed52936-813f-8d68-1654-bfb56cb42bc3,24564,22901,1238,0
2026-08-21T02:40:26.0141264+12:00,5090-deep-118k,0,NVIDIA GeForce RTX 5090,GPU-67921d1c-ee8e-304f-b562-d6f87617c5a0,32607,30810,1378,1
2026-08-21T02:40:26.0141264+12:00,5090-deep-118k,1,NVIDIA GeForce RTX 4090,GPU-eed52936-813f-8d68-1654-bfb56cb42bc3,24564,22901,1238,0
2026-08-21T02:40:26.3430132+12:00,5090-deep-118k,0,NVIDIA GeForce RTX 5090,GPU-67921d1c-ee8e-304f-b562-d6f87617c5a0,32607,30809,1379,1
2026-08-21T02:40:26.3430132+12:00,5090-deep-118k,1,NVIDIA GeForce RTX 4090,GPU-eed52936-813f-8d68-1654-bfb56cb42bc3,24564,22901,1238,0
2026-08-21T02:40:26.6559905+12:00,5090-deep-118k,0,NVIDIA GeForce RTX 5090,GPU-67921d1c-ee8e-304f-b562-d6f87617c5a0,32607,30809,1379,1
2026-08-21T02:40:26.6559905+12:00,5090-deep-118k,1,NVIDIA GeForce RTX 4090,GPU-eed52936-813f-8d68-1654-bfb56cb42bc3,24564,22901,1238,0
2026-08-21T02:40:26.9678583+12:00,5090-deep-118k,0,NVIDIA GeForce RTX 5090,GPU-67921d1c-ee8e-304f-b562-d6f87617c5a0,32607,30809,1379,1
2026-08-21T02:40:26.9678583+12:00,5090-deep-118k,1,NVIDIA GeForce RTX 4090,GPU-eed52936-813f-8d68-1654-bfb56cb42bc3,24564,22901,1238,0
2026-08-21T02:40:27.2953878+12:00,5090-deep-118k,0,NVIDIA GeForce RTX 5090,GPU-67921d1c-ee8e-304f-b562-d6f87617c5a0,32607,30802,1386,1
2026-08-21T02:40:27.2953878+12:00,5090-deep-118k,1,NVIDIA GeForce RTX 4090,GPU-eed52936-813f-8d68-1654-bfb56cb42bc3,24564,22901,1238,0
2026-08-21T02:40:27.6075004+12:00,5090-deep-118k,0,NVIDIA GeForce RTX 5090,GPU-67921d1c-ee8e-304f-b562-d6f87617c5a0,32607,30795,1393,1
2026-08-21T02:40:27.6075004+12:00,5090-deep-118k,1,NVIDIA GeForce RTX 4090,GPU-eed52936-813f-8d68-1654-bfb56cb42bc3,24564,22901,1238,0
2026-08-21T02:40:27.9190268+12:00,5090-deep-118k,0,NVIDIA GeForce RTX 5090,GPU-67921d1c-ee8e-304f-b562-d6f87617c5a0,32607,30801,1387,1
2026-08-21T02:40:27.9190268+12:00,5090-deep-118k,1,NVIDIA GeForce RTX 4090,GPU-eed52936-813f-8d68-1654-bfb56cb42bc3,24564,22901,1238,0
2026-08-21T02:40:28.2307596+12:00,5090-deep-118k,0,NVIDIA GeForce RTX 5090,GPU-67921d1c-ee8e-304f-b562-d6f87617c5a0,32607,30801,1387,10
2026-08-21T02:40:28.2307596+12:00,5090-deep-118k,1,NVIDIA GeForce RTX 4090,GPU-eed52936-813f-8d68-1654-bfb56cb42bc3,24564,22901,1238,0
2026-08-21T02:40:28.5571927+12:00,5090-deep-118k,0,NVIDIA GeForce RTX 5090,GPU-67921d1c-ee8e-304f-b562-d6f87617c5a0,32607,30801,1387,10
2026-08-21T02:40:28.5571927+12:00,5090-deep-118k,1,NVIDIA GeForce RTX 4090,GPU-eed52936-813f-8d68-1654-bfb56cb42bc3,24564,22901,1238,0
2026-08-21T02:40:28.8694029+12:00,5090-deep-118k,0,NVIDIA GeForce RTX 5090,GPU-67921d1c-ee8e-304f-b562-d6f87617c5a0,32607,30805,1383,10
2026-08-21T02:40:28.8694029+12:00,5090-deep-118k,1,NVIDIA GeForce RTX 4090,GPU-eed52936-813f-8d68-1654-bfb56cb42bc3,24564,22901,1238,0
2026-08-21T02:40:29.1804575+12:00,5090-deep-118k,0,NVIDIA GeForce RTX 5090,GPU-67921d1c-ee8e-304f-b562-d6f87617c5a0,32607,30780,1408,95
2026-08-21T02:40:29.1804575+12:00,5090-deep-118k,1,NVIDIA GeForce RTX 4090,GPU-eed52936-813f-8d68-1654-bfb56cb42bc3,24564,22901,1238,0
2026-08-21T02:40:29.4948363+12:00,5090-deep-118k,0,NVIDIA GeForce RTX 5090,GPU-67921d1c-ee8e-304f-b562-d6f87617c5a0,32607,30825,1363,95
2026-08-21T02:40:29.4948363+12:00,5090-deep-118k,1,NVIDIA GeForce RTX 4090,GPU-eed52936-813f-8d68-1654-bfb56cb42bc3,24564,22901,1238,0
2026-08-21T02:40:29.8220046+12:00,5090-deep-118k,0,NVIDIA GeForce RTX 5090,GPU-67921d1c-ee8e-304f-b562-d6f87617c5a0,32607,30825,1363,95
2026-08-21T02:40:29.8220046+12:00,5090-deep-118k,1,NVIDIA GeForce RTX 4090,GPU-eed52936-813f-8d68-1654-bfb56cb42bc3,24564,22901,1238,0
2026-08-21T02:40:30.1535978+12:00,5090-deep-118k,0,NVIDIA GeForce RTX 5090,GPU-67921d1c-ee8e-304f-b562-d6f87617c5a0,32607,30825,1363,96
2026-08-21T02:40:30.1535978+12:00,5090-deep-118k,1,NVIDIA GeForce RTX 4090,GPU-eed52936-813f-8d68-1654-bfb56cb42bc3,24564,22901,1238,0
2026-08-21T02:40:30.4620560+12:00,5090-deep-118k,0,NVIDIA GeForce RTX 5090,GPU-67921d1c-ee8e-304f-b562-d6f87617c5a0,32607,30825,1363,96
2026-08-21T02:40:30.4620560+12:00,5090-deep-118k,1,NVIDIA GeForce RTX 4090,GPU-eed52936-813f-8d68-1654-bfb56cb42bc3,24564,22901,1238,0
2026-08-21T02:40:30.7899694+12:00,5090-deep-118k,0,NVIDIA GeForce RTX 5090,GPU-67921d1c-ee8e-304f-b562-d6f87617c5a0,32607,30815,1373,96
2026-08-21T02:40:30.7899694+12:00,5090-deep-118k,1,NVIDIA GeForce RTX 4090,GPU-eed52936-813f-8d68-1654-bfb56cb42bc3,24564,22901,1238,0
2026-08-21T02:40:31.1168029+12:00,5090-deep-118k,0,NVIDIA GeForce RTX 5090,GPU-67921d1c-ee8e-304f-b562-d6f87617c5a0,32607,30808,1380,96
2026-08-21T02:40:31.1168029+12:00,5090-deep-118k,1,NVIDIA GeForce RTX 4090,GPU-eed52936-813f-8d68-1654-bfb56cb42bc3,24564,22901,1238,0
2026-08-21T02:40:31.4270598+12:00,5090-deep-118k,0,NVIDIA GeForce RTX 5090,GPU-67921d1c-ee8e-304f-b562-d6f87617c5a0,32607,30808,1380,96
2026-08-21T02:40:31.4270598+12:00,5090-deep-118k,1,NVIDIA GeForce RTX 4090,GPU-eed52936-813f-8d68-1654-bfb56cb42bc3,24564,22901,1238,0
2026-08-21T02:40:31.7536901+12:00,5090-deep-118k,0,NVIDIA GeForce RTX 5090,GPU-67921d1c-ee8e-304f-b562-d6f87617c5a0,32607,30811,1377,56
2026-08-21T02:40:31.7536901+12:00,5090-deep-118k,1,NVIDIA GeForce RTX 4090,GPU-eed52936-813f-8d68-1654-bfb56cb42bc3,24564,22901,1238,0
2026-08-21T02:40:32.0788458+12:00,5090-deep-118k,0,NVIDIA GeForce RTX 5090,GPU-67921d1c-ee8e-304f-b562-d6f87617c5a0,32607,30811,1377,57
2026-08-21T02:40:32.0788458+12:00,5090-deep-118k,1,NVIDIA GeForce RTX 4090,GPU-eed52936-813f-8d68-1654-bfb56cb42bc3,24564,22901,1238,0
2026-08-21T02:40:32.4072757+12:00,5090-deep-118k,0,NVIDIA GeForce RTX 5090,GPU-67921d1c-ee8e-304f-b562-d6f87617c5a0,32607,30811,1377,57
2026-08-21T02:40:32.4072757+12:00,5090-deep-118k,1,NVIDIA GeForce RTX 4090,GPU-eed52936-813f-8d68-1654-bfb56cb42bc3,24564,22901,1238,0
2026-08-21T02:40:32.7313785+12:00,5090-deep-118k,0,NVIDIA GeForce RTX 5090,GPU-67921d1c-ee8e-304f-b562-d6f87617c5a0,32607,30812,1376,96
2026-08-21T02:40:32.7313785+12:00,5090-deep-118k,1,NVIDIA GeForce RTX 4090,GPU-eed52936-813f-8d68-1654-bfb56cb42bc3,24564,22901,1238,0
2026-08-21T02:40:33.0411895+12:00,5090-deep-118k,0,NVIDIA GeForce RTX 5090,GPU-67921d1c-ee8e-304f-b562-d6f87617c5a0,32607,30812,1376,96
2026-08-21T02:40:33.0411895+12:00,5090-deep-118k,1,NVIDIA GeForce RTX 4090,GPU-eed52936-813f-8d68-1654-bfb56cb42bc3,24564,22901,1238,0
2026-08-21T02:40:33.3683322+12:00,5090-deep-118k,0,NVIDIA GeForce RTX 5090,GPU-67921d1c-ee8e-304f-b562-d6f87617c5a0,32607,30812,1376,96
2026-08-21T02:40:33.3683322+12:00,5090-deep-118k,1,NVIDIA GeForce RTX 4090,GPU-eed52936-813f-8d68-1654-bfb56cb42bc3,24564,22901,1238,0
2026-08-21T02:40:33.6944771+12:00,5090-deep-118k,0,NVIDIA GeForce RTX 5090,GPU-67921d1c-ee8e-304f-b562-d6f87617c5a0,32607,30812,1376,96
2026-08-21T02:40:33.6944771+12:00,5090-deep-118k,1,NVIDIA GeForce RTX 4090,GPU-eed52936-813f-8d68-1654-bfb56cb42bc3,24564,22901,1238,0
2026-08-21T02:40:34.0213829+12:00,5090-deep-118k,0,NVIDIA GeForce RTX 5090,GPU-67921d1c-ee8e-304f-b562-d6f87617c5a0,32607,30805,1383,96
2026-08-21T02:40:34.0213829+12:00,5090-deep-118k,1,NVIDIA GeForce RTX 4090,GPU-eed52936-813f-8d68-1654-bfb56cb42bc3,24564,22901,1238,0
2026-08-21T02:40:34.3500317+12:00,5090-deep-118k,0,NVIDIA GeForce RTX 5090,GPU-67921d1c-ee8e-304f-b562-d6f87617c5a0,32607,30798,1390,96
2026-08-21T02:40:34.3500317+12:00,5090-deep-118k,1,NVIDIA GeForce RTX 4090,GPU-eed52936-813f-8d68-1654-bfb56cb42bc3,24564,22901,1238,0
2026-08-21T02:40:34.6633790+12:00,5090-deep-118k,0,NVIDIA GeForce RTX 5090,GPU-67921d1c-ee8e-304f-b562-d6f87617c5a0,32607,30778,1410,96
2026-08-21T02:40:34.6633790+12:00,5090-deep-118k,1,NVIDIA GeForce RTX 4090,GPU-eed52936-813f-8d68-1654-bfb56cb42bc3,24564,22901,1238,0
2026-08-21T02:40:34.9734259+12:00,5090-deep-118k,0,NVIDIA GeForce RTX 5090,GPU-67921d1c-ee8e-304f-b562-d6f87617c5a0,32607,30778,1410,96
2026-08-21T02:40:34.9734259+12:00,5090-deep-118k,1,NVIDIA GeForce RTX 4090,GPU-eed52936-813f-8d68-1654-bfb56cb42bc3,24564,22901,1238,0
2026-08-21T02:40:35.3011221+12:00,5090-deep-118k,0,NVIDIA GeForce RTX 5090,GPU-67921d1c-ee8e-304f-b562-d6f87617c5a0,32607,30778,1410,96
2026-08-21T02:40:35.3011221+12:00,5090-deep-118k,1,NVIDIA GeForce RTX 4090,GPU-eed52936-813f-8d68-1654-bfb56cb42bc3,24564,22901,1238,0
2026-08-21T02:40:35.6279148+12:00,5090-deep-118k,0,NVIDIA GeForce RTX 5090,GPU-67921d1c-ee8e-304f-b562-d6f87617c5a0,32607,30778,1410,96
2026-08-21T02:40:35.6279148+12:00,5090-deep-118k,1,NVIDIA GeForce RTX 4090,GPU-eed52936-813f-8d68-1654-bfb56cb42bc3,24564,22901,1238,0
2026-08-21T02:40:35.9383568+12:00,5090-deep-118k,0,NVIDIA GeForce RTX 5090,GPU-67921d1c-ee8e-304f-b562-d6f87617c5a0,32607,30784,1404,96
2026-08-21T02:40:35.9383568+12:00,5090-deep-118k,1,NVIDIA GeForce RTX 4090,GPU-eed52936-813f-8d68-1654-bfb56cb42bc3,24564,22901,1238,0
2026-08-21T02:40:36.2501532+12:00,5090-deep-118k,0,NVIDIA GeForce RTX 5090,GPU-67921d1c-ee8e-304f-b562-d6f87617c5a0,32607,30784,1404,96
2026-08-21T02:40:36.2501532+12:00,5090-deep-118k,1,NVIDIA GeForce RTX 4090,GPU-eed52936-813f-8d68-1654-bfb56cb42bc3,24564,22901,1238,0
2026-08-21T02:40:36.5767640+12:00,5090-deep-118k,0,NVIDIA GeForce RTX 5090,GPU-67921d1c-ee8e-304f-b562-d6f87617c5a0,32607,30784,1404,96
2026-08-21T02:40:36.5767640+12:00,5090-deep-118k,1,NVIDIA GeForce RTX 4090,GPU-eed52936-813f-8d68-1654-bfb56cb42bc3,24564,22901,1238,0
2026-08-21T02:40:36.8872341+12:00,5090-deep-118k,0,NVIDIA GeForce RTX 5090,GPU-67921d1c-ee8e-304f-b562-d6f87617c5a0,32607,30784,1404,96
2026-08-21T02:40:36.8872341+12:00,5090-deep-118k,1,NVIDIA GeForce RTX 4090,GPU-eed52936-813f-8d68-1654-bfb56cb42bc3,24564,22901,1238,0
2026-08-21T02:40:37.1985310+12:00,5090-deep-118k,0,NVIDIA GeForce RTX 5090,GPU-67921d1c-ee8e-304f-b562-d6f87617c5a0,32607,30784,1404,78
2026-08-21T02:40:37.1985310+12:00,5090-deep-118k,1,NVIDIA GeForce RTX 4090,GPU-eed52936-813f-8d68-1654-bfb56cb42bc3,24564,22901,1238,0
2026-08-21T02:40:37.5254014+12:00,5090-deep-118k,0,NVIDIA GeForce RTX 5090,GPU-67921d1c-ee8e-304f-b562-d6f87617c5a0,32607,30784,1404,78
2026-08-21T02:40:37.5254014+12:00,5090-deep-118k,1,NVIDIA GeForce RTX 4090,GPU-eed52936-813f-8d68-1654-bfb56cb42bc3,24564,22901,1238,0
2026-08-21T02:40:37.8354208+12:00,5090-deep-118k,0,NVIDIA GeForce RTX 5090,GPU-67921d1c-ee8e-304f-b562-d6f87617c5a0,32607,30782,1406,59
2026-08-21T02:40:37.8354208+12:00,5090-deep-118k,1,NVIDIA GeForce RTX 4090,GPU-eed52936-813f-8d68-1654-bfb56cb42bc3,24564,22901,1238,0
2026-08-21T02:40:38.1486758+12:00,5090-deep-118k,0,NVIDIA GeForce RTX 5090,GPU-67921d1c-ee8e-304f-b562-d6f87617c5a0,32607,30778,1410,59
2026-08-21T02:40:38.1486758+12:00,5090-deep-118k,1,NVIDIA GeForce RTX 4090,GPU-eed52936-813f-8d68-1654-bfb56cb42bc3,24564,22901,1238,0
2026-08-21T02:40:38.4631755+12:00,5090-deep-118k,0,NVIDIA GeForce RTX 5090,GPU-67921d1c-ee8e-304f-b562-d6f87617c5a0,32607,30778,1410,59
2026-08-21T02:40:38.4631755+12:00,5090-deep-118k,1,NVIDIA GeForce RTX 4090,GPU-eed52936-813f-8d68-1654-bfb56cb42bc3,24564,22901,1238,0
2026-08-21T02:40:38.7979081+12:00,5090-deep-118k,0,NVIDIA GeForce RTX 5090,GPU-67921d1c-ee8e-304f-b562-d6f87617c5a0,32607,30778,1410,59
2026-08-21T02:40:38.7979081+12:00,5090-deep-118k,1,NVIDIA GeForce RTX 4090,GPU-eed52936-813f-8d68-1654-bfb56cb42bc3,24564,22901,1238,0
2026-08-21T02:40:39.1130865+12:00,5090-deep-118k,0,NVIDIA GeForce RTX 5090,GPU-67921d1c-ee8e-304f-b562-d6f87617c5a0,32607,30778,1410,56
2026-08-21T02:40:39.1130865+12:00,5090-deep-118k,1,NVIDIA GeForce RTX 4090,GPU-eed52936-813f-8d68-1654-bfb56cb42bc3,24564,22901,1238,0
2026-08-21T02:40:39.4415474+12:00,5090-deep-118k,0,NVIDIA GeForce RTX 5090,GPU-67921d1c-ee8e-304f-b562-d6f87617c5a0,32607,30778,1410,56
2026-08-21T02:40:39.4415474+12:00,5090-deep-118k,1,NVIDIA GeForce RTX 4090,GPU-eed52936-813f-8d68-1654-bfb56cb42bc3,24564,22901,1238,0
2026-08-21T02:40:39.7688277+12:00,5090-deep-118k,0,NVIDIA GeForce RTX 5090,GPU-67921d1c-ee8e-304f-b562-d6f87617c5a0,32607,30784,1404,62
2026-08-21T02:40:39.7688277+12:00,5090-deep-118k,1,NVIDIA GeForce RTX 4090,GPU-eed52936-813f-8d68-1654-bfb56cb42bc3,24564,22901,1238,0
2026-08-21T02:40:40.0777530+12:00,5090-deep-118k,0,NVIDIA GeForce RTX 5090,GPU-67921d1c-ee8e-304f-b562-d6f87617c5a0,32607,30784,1404,64
2026-08-21T02:40:40.0777530+12:00,5090-deep-118k,1,NVIDIA GeForce RTX 4090,GPU-eed52936-813f-8d68-1654-bfb56cb42bc3,24564,22901,1238,0
2026-08-21T02:40:40.4042224+12:00,5090-deep-118k,0,NVIDIA GeForce RTX 5090,GPU-67921d1c-ee8e-304f-b562-d6f87617c5a0,32607,30784,1404,64
2026-08-21T02:40:40.4042224+12:00,5090-deep-118k,1,NVIDIA GeForce RTX 4090,GPU-eed52936-813f-8d68-1654-bfb56cb42bc3,24564,22901,1238,0
2026-08-21T02:40:40.7133008+12:00,5090-deep-118k,0,NVIDIA GeForce RTX 5090,GPU-67921d1c-ee8e-304f-b562-d6f87617c5a0,32607,30784,1404,61
2026-08-21T02:40:40.7133008+12:00,5090-deep-118k,1,NVIDIA GeForce RTX 4090,GPU-eed52936-813f-8d68-1654-bfb56cb42bc3,24564,22901,1238,0
2026-08-21T02:40:41.0274092+12:00,5090-deep-118k,0,NVIDIA GeForce RTX 5090,GPU-67921d1c-ee8e-304f-b562-d6f87617c5a0,32607,30784,1404,61
2026-08-21T02:40:41.0274092+12:00,5090-deep-118k,1,NVIDIA GeForce RTX 4090,GPU-eed52936-813f-8d68-1654-bfb56cb42bc3,24564,22901,1238,0
2026-08-21T02:40:41.3376633+12:00,5090-deep-118k,0,NVIDIA GeForce RTX 5090,GPU-67921d1c-ee8e-304f-b562-d6f87617c5a0,32607,30784,1404,59
2026-08-21T02:40:41.3376633+12:00,5090-deep-118k,1,NVIDIA GeForce RTX 4090,GPU-eed52936-813f-8d68-1654-bfb56cb42bc3,24564,22901,1238,0
2026-08-21T02:40:41.6485765+12:00,5090-deep-118k,0,NVIDIA GeForce RTX 5090,GPU-67921d1c-ee8e-304f-b562-d6f87617c5a0,32607,30784,1404,54
2026-08-21T02:40:41.6485765+12:00,5090-deep-118k,1,NVIDIA GeForce RTX 4090,GPU-eed52936-813f-8d68-1654-bfb56cb42bc3,24564,22901,1238,0
2026-08-21T02:40:41.9624385+12:00,5090-deep-118k,0,NVIDIA GeForce RTX 5090,GPU-67921d1c-ee8e-304f-b562-d6f87617c5a0,32607,30782,1406,54
2026-08-21T02:40:41.9624385+12:00,5090-deep-118k,1,NVIDIA GeForce RTX 4090,GPU-eed52936-813f-8d68-1654-bfb56cb42bc3,24564,22901,1238,0
2026-08-21T02:40:42.2713925+12:00,5090-deep-118k,0,NVIDIA GeForce RTX 5090,GPU-67921d1c-ee8e-304f-b562-d6f87617c5a0,32607,30778,1410,56
2026-08-21T02:40:42.2713925+12:00,5090-deep-118k,1,NVIDIA GeForce RTX 4090,GPU-eed52936-813f-8d68-1654-bfb56cb42bc3,24564,22901,1238,0
2026-08-21T02:40:42.6014414+12:00,5090-deep-118k,0,NVIDIA GeForce RTX 5090,GPU-67921d1c-ee8e-304f-b562-d6f87617c5a0,32607,30778,1410,79
2026-08-21T02:40:42.6014414+12:00,5090-deep-118k,1,NVIDIA GeForce RTX 4090,GPU-eed52936-813f-8d68-1654-bfb56cb42bc3,24564,22901,1238,0
2026-08-21T02:40:42.9446045+12:00,5090-deep-118k,0,NVIDIA GeForce RTX 5090,GPU-67921d1c-ee8e-304f-b562-d6f87617c5a0,32607,30778,1410,79
2026-08-21T02:40:42.9446045+12:00,5090-deep-118k,1,NVIDIA GeForce RTX 4090,GPU-eed52936-813f-8d68-1654-bfb56cb42bc3,24564,22901,1238,0
2026-08-21T02:40:43.2626249+12:00,5090-deep-118k,0,NVIDIA GeForce RTX 5090,GPU-67921d1c-ee8e-304f-b562-d6f87617c5a0,32607,30778,1410,97
2026-08-21T02:40:43.2626249+12:00,5090-deep-118k,1,NVIDIA GeForce RTX 4090,GPU-eed52936-813f-8d68-1654-bfb56cb42bc3,24564,22901,1238,0
2026-08-21T02:40:43.5853733+12:00,5090-deep-118k,0,NVIDIA GeForce RTX 5090,GPU-67921d1c-ee8e-304f-b562-d6f87617c5a0,32607,30778,1410,97
2026-08-21T02:40:43.5853733+12:00,5090-deep-118k,1,NVIDIA GeForce RTX 4090,GPU-eed52936-813f-8d68-1654-bfb56cb42bc3,24564,22901,1238,0
2026-08-21T02:40:43.9096469+12:00,5090-deep-118k,0,NVIDIA GeForce RTX 5090,GPU-67921d1c-ee8e-304f-b562-d6f87617c5a0,32607,30784,1404,97
2026-08-21T02:40:43.9096469+12:00,5090-deep-118k,1,NVIDIA GeForce RTX 4090,GPU-eed52936-813f-8d68-1654-bfb56cb42bc3,24564,22901,1238,0
2026-08-21T02:40:44.2384026+12:00,5090-deep-118k,0,NVIDIA GeForce RTX 5090,GPU-67921d1c-ee8e-304f-b562-d6f87617c5a0,32607,30784,1404,97
2026-08-21T02:40:44.2384026+12:00,5090-deep-118k,1,NVIDIA GeForce RTX 4090,GPU-eed52936-813f-8d68-1654-bfb56cb42bc3,24564,22901,1238,0
2026-08-21T02:40:44.5483934+12:00,5090-deep-118k,0,NVIDIA GeForce RTX 5090,GPU-67921d1c-ee8e-304f-b562-d6f87617c5a0,32607,30784,1404,97
2026-08-21T02:40:44.5483934+12:00,5090-deep-118k,1,NVIDIA GeForce RTX 4090,GPU-eed52936-813f-8d68-1654-bfb56cb42bc3,24564,22901,1238,0
2026-08-21T02:40:44.8585699+12:00,5090-deep-118k,0,NVIDIA GeForce RTX 5090,GPU-67921d1c-ee8e-304f-b562-d6f87617c5a0,32607,30784,1404,97
2026-08-21T02:40:44.8585699+12:00,5090-deep-118k,1,NVIDIA GeForce RTX 4090,GPU-eed52936-813f-8d68-1654-bfb56cb42bc3,24564,22901,1238,0
2026-08-21T02:40:45.1843230+12:00,5090-deep-118k,0,NVIDIA GeForce RTX 5090,GPU-67921d1c-ee8e-304f-b562-d6f87617c5a0,32607,30784,1404,97
2026-08-21T02:40:45.1843230+12:00,5090-deep-118k,1,NVIDIA GeForce RTX 4090,GPU-eed52936-813f-8d68-1654-bfb56cb42bc3,24564,22901,1238,0
2026-08-21T02:40:45.4943360+12:00,5090-deep-118k,0,NVIDIA GeForce RTX 5090,GPU-67921d1c-ee8e-304f-b562-d6f87617c5a0,32607,30784,1404,97
2026-08-21T02:40:45.4943360+12:00,5090-deep-118k,1,NVIDIA GeForce RTX 4090,GPU-eed52936-813f-8d68-1654-bfb56cb42bc3,24564,22901,1238,0
2026-08-21T02:40:45.8072085+12:00,5090-deep-118k,0,NVIDIA GeForce RTX 5090,GPU-67921d1c-ee8e-304f-b562-d6f87617c5a0,32607,30782,1406,96
2026-08-21T02:40:45.8072085+12:00,5090-deep-118k,1,NVIDIA GeForce RTX 4090,GPU-eed52936-813f-8d68-1654-bfb56cb42bc3,24564,22901,1238,0
2026-08-21T02:40:46.1189254+12:00,5090-deep-118k,0,NVIDIA GeForce RTX 5090,GPU-67921d1c-ee8e-304f-b562-d6f87617c5a0,32607,30778,1410,97
2026-08-21T02:40:46.1189254+12:00,5090-deep-118k,1,NVIDIA GeForce RTX 4090,GPU-eed52936-813f-8d68-1654-bfb56cb42bc3,24564,22901,1238,0
2026-08-21T02:40:46.4332595+12:00,5090-deep-118k,0,NVIDIA GeForce RTX 5090,GPU-67921d1c-ee8e-304f-b562-d6f87617c5a0,32607,30778,1410,97
2026-08-21T02:40:46.4332595+12:00,5090-deep-118k,1,NVIDIA GeForce RTX 4090,GPU-eed52936-813f-8d68-1654-bfb56cb42bc3,24564,22901,1238,0
2026-08-21T02:40:46.7565083+12:00,5090-deep-118k,0,NVIDIA GeForce RTX 5090,GPU-67921d1c-ee8e-304f-b562-d6f87617c5a0,32607,30778,1410,52
2026-08-21T02:40:46.7565083+12:00,5090-deep-118k,1,NVIDIA GeForce RTX 4090,GPU-eed52936-813f-8d68-1654-bfb56cb42bc3,24564,22901,1238,0
2026-08-21T02:40:47.0833600+12:00,5090-deep-118k,0,NVIDIA GeForce RTX 5090,GPU-67921d1c-ee8e-304f-b562-d6f87617c5a0,32607,30778,1410,90
2026-08-21T02:40:47.0833600+12:00,5090-deep-118k,1,NVIDIA GeForce RTX 4090,GPU-eed52936-813f-8d68-1654-bfb56cb42bc3,24564,22901,1238,0
2026-08-21T02:40:47.3949331+12:00,5090-deep-118k,0,NVIDIA GeForce RTX 5090,GPU-67921d1c-ee8e-304f-b562-d6f87617c5a0,32607,30778,1410,90
2026-08-21T02:40:47.3949331+12:00,5090-deep-118k,1,NVIDIA GeForce RTX 4090,GPU-eed52936-813f-8d68-1654-bfb56cb42bc3,24564,22901,1238,0
2026-08-21T02:40:47.7228046+12:00,5090-deep-118k,0,NVIDIA GeForce RTX 5090,GPU-67921d1c-ee8e-304f-b562-d6f87617c5a0,32607,30783,1405,97
2026-08-21T02:40:47.7228046+12:00,5090-deep-118k,1,NVIDIA GeForce RTX 4090,GPU-eed52936-813f-8d68-1654-bfb56cb42bc3,24564,22901,1238,0
2026-08-21T02:40:48.0505073+12:00,5090-deep-118k,0,NVIDIA GeForce RTX 5090,GPU-67921d1c-ee8e-304f-b562-d6f87617c5a0,32607,30784,1404,97
2026-08-21T02:40:48.0505073+12:00,5090-deep-118k,1,NVIDIA GeForce RTX 4090,GPU-eed52936-813f-8d68-1654-bfb56cb42bc3,24564,22901,1238,0
2026-08-21T02:40:48.3626933+12:00,5090-deep-118k,0,NVIDIA GeForce RTX 5090,GPU-67921d1c-ee8e-304f-b562-d6f87617c5a0,32607,30784,1404,97
2026-08-21T02:40:48.3626933+12:00,5090-deep-118k,1,NVIDIA GeForce RTX 4090,GPU-eed52936-813f-8d68-1654-bfb56cb42bc3,24564,22901,1238,0
2026-08-21T02:40:48.6720157+12:00,5090-deep-118k,0,NVIDIA GeForce RTX 5090,GPU-67921d1c-ee8e-304f-b562-d6f87617c5a0,32607,30784,1404,97
2026-08-21T02:40:48.6720157+12:00,5090-deep-118k,1,NVIDIA GeForce RTX 4090,GPU-eed52936-813f-8d68-1654-bfb56cb42bc3,24564,22901,1238,0
2026-08-21T02:40:48.9840178+12:00,5090-deep-118k,0,NVIDIA GeForce RTX 5090,GPU-67921d1c-ee8e-304f-b562-d6f87617c5a0,32607,30784,1404,97
2026-08-21T02:40:48.9840178+12:00,5090-deep-118k,1,NVIDIA GeForce RTX 4090,GPU-eed52936-813f-8d68-1654-bfb56cb42bc3,24564,22901,1238,0
2026-08-21T02:40:49.2961664+12:00,5090-deep-118k,0,NVIDIA GeForce RTX 5090,GPU-67921d1c-ee8e-304f-b562-d6f87617c5a0,32607,30784,1404,97
2026-08-21T02:40:49.2961664+12:00,5090-deep-118k,1,NVIDIA GeForce RTX 4090,GPU-eed52936-813f-8d68-1654-bfb56cb42bc3,24564,22901,1238,0
2026-08-21T02:40:49.6080158+12:00,5090-deep-118k,0,NVIDIA GeForce RTX 5090,GPU-67921d1c-ee8e-304f-b562-d6f87617c5a0,32607,30784,1404,55
2026-08-21T02:40:49.6080158+12:00,5090-deep-118k,1,NVIDIA GeForce RTX 4090,GPU-eed52936-813f-8d68-1654-bfb56cb42bc3,24564,22901,1238,0
2026-08-21T02:40:49.9185735+12:00,5090-deep-118k,0,NVIDIA GeForce RTX 5090,GPU-67921d1c-ee8e-304f-b562-d6f87617c5a0,32607,30782,1406,55
2026-08-21T02:40:49.9185735+12:00,5090-deep-118k,1,NVIDIA GeForce RTX 4090,GPU-eed52936-813f-8d68-1654-bfb56cb42bc3,24564,22901,1238,0
2026-08-21T02:40:50.2473868+12:00,5090-deep-118k,0,NVIDIA GeForce RTX 5090,GPU-67921d1c-ee8e-304f-b562-d6f87617c5a0,32607,30778,1410,97
2026-08-21T02:40:50.2473868+12:00,5090-deep-118k,1,NVIDIA GeForce RTX 4090,GPU-eed52936-813f-8d68-1654-bfb56cb42bc3,24564,22901,1238,0
2026-08-21T02:40:50.5581770+12:00,5090-deep-118k,0,NVIDIA GeForce RTX 5090,GPU-67921d1c-ee8e-304f-b562-d6f87617c5a0,32607,30778,1410,97
2026-08-21T02:40:50.5581770+12:00,5090-deep-118k,1,NVIDIA GeForce RTX 4090,GPU-eed52936-813f-8d68-1654-bfb56cb42bc3,24564,22901,1238,0
2026-08-21T02:40:50.8856339+12:00,5090-deep-118k,0,NVIDIA GeForce RTX 5090,GPU-67921d1c-ee8e-304f-b562-d6f87617c5a0,32607,30778,1410,97
2026-08-21T02:40:50.8856339+12:00,5090-deep-118k,1,NVIDIA GeForce RTX 4090,GPU-eed52936-813f-8d68-1654-bfb56cb42bc3,24564,22901,1238,0
2026-08-21T02:40:51.1949972+12:00,5090-deep-118k,0,NVIDIA GeForce RTX 5090,GPU-67921d1c-ee8e-304f-b562-d6f87617c5a0,32607,30778,1410,97
2026-08-21T02:40:51.1949972+12:00,5090-deep-118k,1,NVIDIA GeForce RTX 4090,GPU-eed52936-813f-8d68-1654-bfb56cb42bc3,24564,22901,1238,0
2026-08-21T02:40:51.5235522+12:00,5090-deep-118k,0,NVIDIA GeForce RTX 5090,GPU-67921d1c-ee8e-304f-b562-d6f87617c5a0,32607,30778,1410,97
2026-08-21T02:40:51.5235522+12:00,5090-deep-118k,1,NVIDIA GeForce RTX 4090,GPU-eed52936-813f-8d68-1654-bfb56cb42bc3,24564,22901,1238,0
2026-08-21T02:40:51.8343599+12:00,5090-deep-118k,0,NVIDIA GeForce RTX 5090,GPU-67921d1c-ee8e-304f-b562-d6f87617c5a0,32607,30784,1404,77
2026-08-21T02:40:51.8343599+12:00,5090-deep-118k,1,NVIDIA GeForce RTX 4090,GPU-eed52936-813f-8d68-1654-bfb56cb42bc3,24564,22901,1238,0
2026-08-21T02:40:52.1458769+12:00,5090-deep-118k,0,NVIDIA GeForce RTX 5090,GPU-67921d1c-ee8e-304f-b562-d6f87617c5a0,32607,30784,1404,98
2026-08-21T02:40:52.1458769+12:00,5090-deep-118k,1,NVIDIA GeForce RTX 4090,GPU-eed52936-813f-8d68-1654-bfb56cb42bc3,24564,22901,1238,0
2026-08-21T02:40:52.4578620+12:00,5090-deep-118k,0,NVIDIA GeForce RTX 5090,GPU-67921d1c-ee8e-304f-b562-d6f87617c5a0,32607,30784,1404,98
2026-08-21T02:40:52.4578620+12:00,5090-deep-118k,1,NVIDIA GeForce RTX 4090,GPU-eed52936-813f-8d68-1654-bfb56cb42bc3,24564,22901,1238,0
2026-08-21T02:40:52.7857331+12:00,5090-deep-118k,0,NVIDIA GeForce RTX 5090,GPU-67921d1c-ee8e-304f-b562-d6f87617c5a0,32607,30784,1404,98
2026-08-21T02:40:52.7857331+12:00,5090-deep-118k,1,NVIDIA GeForce RTX 4090,GPU-eed52936-813f-8d68-1654-bfb56cb42bc3,24564,22901,1238,0
2026-08-21T02:40:53.1137310+12:00,5090-deep-118k,0,NVIDIA GeForce RTX 5090,GPU-67921d1c-ee8e-304f-b562-d6f87617c5a0,32607,30784,1404,97
2026-08-21T02:40:53.1137310+12:00,5090-deep-118k,1,NVIDIA GeForce RTX 4090,GPU-eed52936-813f-8d68-1654-bfb56cb42bc3,24564,22901,1238,0
2026-08-21T02:40:53.4428572+12:00,5090-deep-118k,0,NVIDIA GeForce RTX 5090,GPU-67921d1c-ee8e-304f-b562-d6f87617c5a0,32607,30802,1386,97
2026-08-21T02:40:53.4428572+12:00,5090-deep-118k,1,NVIDIA GeForce RTX 4090,GPU-eed52936-813f-8d68-1654-bfb56cb42bc3,24564,22901,1238,0
2026-08-21T02:40:53.7540200+12:00,5090-deep-118k,0,NVIDIA GeForce RTX 5090,GPU-67921d1c-ee8e-304f-b562-d6f87617c5a0,32607,30802,1386,83
2026-08-21T02:40:53.7540200+12:00,5090-deep-118k,1,NVIDIA GeForce RTX 4090,GPU-eed52936-813f-8d68-1654-bfb56cb42bc3,24564,22901,1238,0
2026-08-21T02:40:54.0821122+12:00,5090-deep-118k,0,NVIDIA GeForce RTX 5090,GPU-67921d1c-ee8e-304f-b562-d6f87617c5a0,32607,30802,1386,98
2026-08-21T02:40:54.0821122+12:00,5090-deep-118k,1,NVIDIA GeForce RTX 4090,GPU-eed52936-813f-8d68-1654-bfb56cb42bc3,24564,22901,1238,0
2026-08-21T02:40:54.3925414+12:00,5090-deep-118k,0,NVIDIA GeForce RTX 5090,GPU-67921d1c-ee8e-304f-b562-d6f87617c5a0,32607,30802,1386,98
2026-08-21T02:40:54.3925414+12:00,5090-deep-118k,1,NVIDIA GeForce RTX 4090,GPU-eed52936-813f-8d68-1654-bfb56cb42bc3,24564,22901,1238,0
2026-08-21T02:40:54.7039824+12:00,5090-deep-118k,0,NVIDIA GeForce RTX 5090,GPU-67921d1c-ee8e-304f-b562-d6f87617c5a0,32607,30802,1386,97
2026-08-21T02:40:54.7039824+12:00,5090-deep-118k,1,NVIDIA GeForce RTX 4090,GPU-eed52936-813f-8d68-1654-bfb56cb42bc3,24564,22901,1238,0
2026-08-21T02:40:55.0144085+12:00,5090-deep-118k,0,NVIDIA GeForce RTX 5090,GPU-67921d1c-ee8e-304f-b562-d6f87617c5a0,32607,30792,1396,97
2026-08-21T02:40:55.0144085+12:00,5090-deep-118k,1,NVIDIA GeForce RTX 4090,GPU-eed52936-813f-8d68-1654-bfb56cb42bc3,24564,22901,1238,0
2026-08-21T02:40:55.3431432+12:00,5090-deep-118k,0,NVIDIA GeForce RTX 5090,GPU-67921d1c-ee8e-304f-b562-d6f87617c5a0,32607,30792,1396,97
2026-08-21T02:40:55.3431432+12:00,5090-deep-118k,1,NVIDIA GeForce RTX 4090,GPU-eed52936-813f-8d68-1654-bfb56cb42bc3,24564,22901,1238,0
2026-08-21T02:40:55.6689144+12:00,5090-deep-118k,0,NVIDIA GeForce RTX 5090,GPU-67921d1c-ee8e-304f-b562-d6f87617c5a0,32607,30792,1396,61
2026-08-21T02:40:55.6689144+12:00,5090-deep-118k,1,NVIDIA GeForce RTX 4090,GPU-eed52936-813f-8d68-1654-bfb56cb42bc3,24564,22901,1238,0
2026-08-21T02:40:55.9807115+12:00,5090-deep-118k,0,NVIDIA GeForce RTX 5090,GPU-67921d1c-ee8e-304f-b562-d6f87617c5a0,32607,30790,1398,61
2026-08-21T02:40:55.9807115+12:00,5090-deep-118k,1,NVIDIA GeForce RTX 4090,GPU-eed52936-813f-8d68-1654-bfb56cb42bc3,24564,22901,1238,0
2026-08-21T02:40:56.3084781+12:00,5090-deep-118k,0,NVIDIA GeForce RTX 5090,GPU-67921d1c-ee8e-304f-b562-d6f87617c5a0,32607,30790,1398,97
2026-08-21T02:40:56.3084781+12:00,5090-deep-118k,1,NVIDIA GeForce RTX 4090,GPU-eed52936-813f-8d68-1654-bfb56cb42bc3,24564,22901,1238,0
2026-08-21T02:40:56.6206663+12:00,5090-deep-118k,0,NVIDIA GeForce RTX 5090,GPU-67921d1c-ee8e-304f-b562-d6f87617c5a0,32607,30803,1385,97
2026-08-21T02:40:56.6206663+12:00,5090-deep-118k,1,NVIDIA GeForce RTX 4090,GPU-eed52936-813f-8d68-1654-bfb56cb42bc3,24564,22901,1238,0
2026-08-21T02:40:56.9341098+12:00,5090-deep-118k,0,NVIDIA GeForce RTX 5090,GPU-67921d1c-ee8e-304f-b562-d6f87617c5a0,32607,30804,1384,97
2026-08-21T02:40:56.9341098+12:00,5090-deep-118k,1,NVIDIA GeForce RTX 4090,GPU-eed52936-813f-8d68-1654-bfb56cb42bc3,24564,22901,1238,0
2026-08-21T02:40:57.2693823+12:00,5090-deep-118k,0,NVIDIA GeForce RTX 5090,GPU-67921d1c-ee8e-304f-b562-d6f87617c5a0,32607,30841,1347,97
2026-08-21T02:40:57.2693823+12:00,5090-deep-118k,1,NVIDIA GeForce RTX 4090,GPU-eed52936-813f-8d68-1654-bfb56cb42bc3,24564,22901,1238,0
2026-08-21T02:40:57.6066555+12:00,5090-deep-118k,0,NVIDIA GeForce RTX 5090,GPU-67921d1c-ee8e-304f-b562-d6f87617c5a0,32607,30841,1347,98
2026-08-21T02:40:57.6066555+12:00,5090-deep-118k,1,NVIDIA GeForce RTX 4090,GPU-eed52936-813f-8d68-1654-bfb56cb42bc3,24564,22901,1238,0
2026-08-21T02:40:57.9183427+12:00,5090-deep-118k,0,NVIDIA GeForce RTX 5090,GPU-67921d1c-ee8e-304f-b562-d6f87617c5a0,32607,30839,1349,98
2026-08-21T02:40:57.9183427+12:00,5090-deep-118k,1,NVIDIA GeForce RTX 4090,GPU-eed52936-813f-8d68-1654-bfb56cb42bc3,24564,22901,1238,0
2026-08-21T02:40:58.2283993+12:00,5090-deep-118k,0,NVIDIA GeForce RTX 5090,GPU-67921d1c-ee8e-304f-b562-d6f87617c5a0,32607,30833,1355,98
2026-08-21T02:40:58.2283993+12:00,5090-deep-118k,1,NVIDIA GeForce RTX 4090,GPU-eed52936-813f-8d68-1654-bfb56cb42bc3,24564,22901,1238,0
2026-08-21T02:40:58.5433475+12:00,5090-deep-118k,0,NVIDIA GeForce RTX 5090,GPU-67921d1c-ee8e-304f-b562-d6f87617c5a0,32607,30831,1357,98
2026-08-21T02:40:58.5433475+12:00,5090-deep-118k,1,NVIDIA GeForce RTX 4090,GPU-eed52936-813f-8d68-1654-bfb56cb42bc3,24564,22901,1238,0
2026-08-21T02:40:58.8513910+12:00,5090-deep-118k,0,NVIDIA GeForce RTX 5090,GPU-67921d1c-ee8e-304f-b562-d6f87617c5a0,32607,30839,1349,97
2026-08-21T02:40:58.8513910+12:00,5090-deep-118k,1,NVIDIA GeForce RTX 4090,GPU-eed52936-813f-8d68-1654-bfb56cb42bc3,24564,22901,1238,0
2026-08-21T02:40:59.1651913+12:00,5090-deep-118k,0,NVIDIA GeForce RTX 5090,GPU-67921d1c-ee8e-304f-b562-d6f87617c5a0,32607,30839,1349,62
2026-08-21T02:40:59.1651913+12:00,5090-deep-118k,1,NVIDIA GeForce RTX 4090,GPU-eed52936-813f-8d68-1654-bfb56cb42bc3,24564,22901,1238,0
2026-08-21T02:40:59.4772515+12:00,5090-deep-118k,0,NVIDIA GeForce RTX 5090,GPU-67921d1c-ee8e-304f-b562-d6f87617c5a0,32607,30839,1349,62
2026-08-21T02:40:59.4772515+12:00,5090-deep-118k,1,NVIDIA GeForce RTX 4090,GPU-eed52936-813f-8d68-1654-bfb56cb42bc3,24564,22901,1238,0
2026-08-21T02:40:59.7886523+12:00,5090-deep-118k,0,NVIDIA GeForce RTX 5090,GPU-67921d1c-ee8e-304f-b562-d6f87617c5a0,32607,30839,1349,97
2026-08-21T02:40:59.7886523+12:00,5090-deep-118k,1,NVIDIA GeForce RTX 4090,GPU-eed52936-813f-8d68-1654-bfb56cb42bc3,24564,22901,1238,0
2026-08-21T02:41:00.0992903+12:00,5090-deep-118k,0,NVIDIA GeForce RTX 5090,GPU-67921d1c-ee8e-304f-b562-d6f87617c5a0,32607,30832,1356,98
2026-08-21T02:41:00.0992903+12:00,5090-deep-118k,1,NVIDIA GeForce RTX 4090,GPU-eed52936-813f-8d68-1654-bfb56cb42bc3,24564,22901,1238,0
2026-08-21T02:41:00.4294231+12:00,5090-deep-118k,0,NVIDIA GeForce RTX 5090,GPU-67921d1c-ee8e-304f-b562-d6f87617c5a0,32607,30839,1349,98
2026-08-21T02:41:00.4294231+12:00,5090-deep-118k,1,NVIDIA GeForce RTX 4090,GPU-eed52936-813f-8d68-1654-bfb56cb42bc3,24564,22901,1238,0
2026-08-21T02:41:00.7711627+12:00,5090-deep-118k,0,NVIDIA GeForce RTX 5090,GPU-67921d1c-ee8e-304f-b562-d6f87617c5a0,32607,30839,1349,51
2026-08-21T02:41:00.7711627+12:00,5090-deep-118k,1,NVIDIA GeForce RTX 4090,GPU-eed52936-813f-8d68-1654-bfb56cb42bc3,24564,22901,1238,0
2026-08-21T02:41:01.0950600+12:00,5090-deep-118k,0,NVIDIA GeForce RTX 5090,GPU-67921d1c-ee8e-304f-b562-d6f87617c5a0,32607,30839,1349,97
2026-08-21T02:41:01.0950600+12:00,5090-deep-118k,1,NVIDIA GeForce RTX 4090,GPU-eed52936-813f-8d68-1654-bfb56cb42bc3,24564,22901,1238,0
2026-08-21T02:41:01.4237981+12:00,5090-deep-118k,0,NVIDIA GeForce RTX 5090,GPU-67921d1c-ee8e-304f-b562-d6f87617c5a0,32607,30843,1345,97
2026-08-21T02:41:01.4237981+12:00,5090-deep-118k,1,NVIDIA GeForce RTX 4090,GPU-eed52936-813f-8d68-1654-bfb56cb42bc3,24564,22901,1238,0
2026-08-21T02:41:01.7505401+12:00,5090-deep-118k,0,NVIDIA GeForce RTX 5090,GPU-67921d1c-ee8e-304f-b562-d6f87617c5a0,32607,30826,1362,98
2026-08-21T02:41:01.7505401+12:00,5090-deep-118k,1,NVIDIA GeForce RTX 4090,GPU-eed52936-813f-8d68-1654-bfb56cb42bc3,24564,22901,1238,0
2026-08-21T02:41:02.0617168+12:00,5090-deep-118k,0,NVIDIA GeForce RTX 5090,GPU-67921d1c-ee8e-304f-b562-d6f87617c5a0,32607,30823,1365,56
2026-08-21T02:41:02.0617168+12:00,5090-deep-118k,1,NVIDIA GeForce RTX 4090,GPU-eed52936-813f-8d68-1654-bfb56cb42bc3,24564,22901,1238,0
2026-08-21T02:41:02.3716056+12:00,5090-deep-118k,0,NVIDIA GeForce RTX 5090,GPU-67921d1c-ee8e-304f-b562-d6f87617c5a0,32607,30824,1364,56
2026-08-21T02:41:02.3716056+12:00,5090-deep-118k,1,NVIDIA GeForce RTX 4090,GPU-eed52936-813f-8d68-1654-bfb56cb42bc3,24564,22901,1238,0
2026-08-21T02:41:02.6835500+12:00,5090-deep-118k,0,NVIDIA GeForce RTX 5090,GPU-67921d1c-ee8e-304f-b562-d6f87617c5a0,32607,30824,1364,97
2026-08-21T02:41:02.6835500+12:00,5090-deep-118k,1,NVIDIA GeForce RTX 4090,GPU-eed52936-813f-8d68-1654-bfb56cb42bc3,24564,22901,1238,0
2026-08-21T02:41:02.9936627+12:00,5090-deep-118k,0,NVIDIA GeForce RTX 5090,GPU-67921d1c-ee8e-304f-b562-d6f87617c5a0,32607,30819,1369,97
2026-08-21T02:41:02.9936627+12:00,5090-deep-118k,1,NVIDIA GeForce RTX 4090,GPU-eed52936-813f-8d68-1654-bfb56cb42bc3,24564,22901,1238,0
2026-08-21T02:41:03.3217874+12:00,5090-deep-118k,0,NVIDIA GeForce RTX 5090,GPU-67921d1c-ee8e-304f-b562-d6f87617c5a0,32607,30820,1368,98
2026-08-21T02:41:03.3217874+12:00,5090-deep-118k,1,NVIDIA GeForce RTX 4090,GPU-eed52936-813f-8d68-1654-bfb56cb42bc3,24564,22901,1238,0
2026-08-21T02:41:03.6350935+12:00,5090-deep-118k,0,NVIDIA GeForce RTX 5090,GPU-67921d1c-ee8e-304f-b562-d6f87617c5a0,32607,30822,1366,56
2026-08-21T02:41:03.6350935+12:00,5090-deep-118k,1,NVIDIA GeForce RTX 4090,GPU-eed52936-813f-8d68-1654-bfb56cb42bc3,24564,22901,1238,0
2026-08-21T02:41:03.9457676+12:00,5090-deep-118k,0,NVIDIA GeForce RTX 5090,GPU-67921d1c-ee8e-304f-b562-d6f87617c5a0,32607,30816,1372,56
2026-08-21T02:41:03.9457676+12:00,5090-deep-118k,1,NVIDIA GeForce RTX 4090,GPU-eed52936-813f-8d68-1654-bfb56cb42bc3,24564,22901,1238,0
2026-08-21T02:41:04.2746099+12:00,5090-deep-118k,0,NVIDIA GeForce RTX 5090,GPU-67921d1c-ee8e-304f-b562-d6f87617c5a0,32607,30816,1372,98
2026-08-21T02:41:04.2746099+12:00,5090-deep-118k,1,NVIDIA GeForce RTX 4090,GPU-eed52936-813f-8d68-1654-bfb56cb42bc3,24564,22901,1238,0
2026-08-21T02:41:04.5830583+12:00,5090-deep-118k,0,NVIDIA GeForce RTX 5090,GPU-67921d1c-ee8e-304f-b562-d6f87617c5a0,32607,30816,1372,97
2026-08-21T02:41:04.5830583+12:00,5090-deep-118k,1,NVIDIA GeForce RTX 4090,GPU-eed52936-813f-8d68-1654-bfb56cb42bc3,24564,22901,1238,0
2026-08-21T02:41:04.9237669+12:00,5090-deep-118k,0,NVIDIA GeForce RTX 5090,GPU-67921d1c-ee8e-304f-b562-d6f87617c5a0,32607,30815,1373,97
2026-08-21T02:41:04.9237669+12:00,5090-deep-118k,1,NVIDIA GeForce RTX 4090,GPU-eed52936-813f-8d68-1654-bfb56cb42bc3,24564,22901,1238,0
2026-08-21T02:41:05.2368956+12:00,5090-deep-118k,0,NVIDIA GeForce RTX 5090,GPU-67921d1c-ee8e-304f-b562-d6f87617c5a0,32607,30812,1376,84
2026-08-21T02:41:05.2368956+12:00,5090-deep-118k,1,NVIDIA GeForce RTX 4090,GPU-eed52936-813f-8d68-1654-bfb56cb42bc3,24564,22901,1238,0
2026-08-21T02:41:05.5486698+12:00,5090-deep-118k,0,NVIDIA GeForce RTX 5090,GPU-67921d1c-ee8e-304f-b562-d6f87617c5a0,32607,30812,1376,84
2026-08-21T02:41:05.5486698+12:00,5090-deep-118k,1,NVIDIA GeForce RTX 4090,GPU-eed52936-813f-8d68-1654-bfb56cb42bc3,24564,22901,1238,0
2026-08-21T02:41:05.8763168+12:00,5090-deep-118k,0,NVIDIA GeForce RTX 5090,GPU-67921d1c-ee8e-304f-b562-d6f87617c5a0,32607,30804,1384,98
2026-08-21T02:41:05.8763168+12:00,5090-deep-118k,1,NVIDIA GeForce RTX 4090,GPU-eed52936-813f-8d68-1654-bfb56cb42bc3,24564,22901,1238,0
2026-08-21T02:41:06.1882061+12:00,5090-deep-118k,0,NVIDIA GeForce RTX 5090,GPU-67921d1c-ee8e-304f-b562-d6f87617c5a0,32607,30794,1394,98
2026-08-21T02:41:06.1882061+12:00,5090-deep-118k,1,NVIDIA GeForce RTX 4090,GPU-eed52936-813f-8d68-1654-bfb56cb42bc3,24564,22901,1238,0
2026-08-21T02:41:06.4999942+12:00,5090-deep-118k,0,NVIDIA GeForce RTX 5090,GPU-67921d1c-ee8e-304f-b562-d6f87617c5a0,32607,30817,1371,98
2026-08-21T02:41:06.4999942+12:00,5090-deep-118k,1,NVIDIA GeForce RTX 4090,GPU-eed52936-813f-8d68-1654-bfb56cb42bc3,24564,22901,1238,0
2026-08-21T02:41:06.8274114+12:00,5090-deep-118k,0,NVIDIA GeForce RTX 5090,GPU-67921d1c-ee8e-304f-b562-d6f87617c5a0,32607,30817,1371,98
2026-08-21T02:41:06.8274114+12:00,5090-deep-118k,1,NVIDIA GeForce RTX 4090,GPU-eed52936-813f-8d68-1654-bfb56cb42bc3,24564,22901,1238,0
2026-08-21T02:41:07.1534685+12:00,5090-deep-118k,0,NVIDIA GeForce RTX 5090,GPU-67921d1c-ee8e-304f-b562-d6f87617c5a0,32607,30811,1377,97
2026-08-21T02:41:07.1534685+12:00,5090-deep-118k,1,NVIDIA GeForce RTX 4090,GPU-eed52936-813f-8d68-1654-bfb56cb42bc3,24564,22901,1238,0
2026-08-21T02:41:07.4651512+12:00,5090-deep-118k,0,NVIDIA GeForce RTX 5090,GPU-67921d1c-ee8e-304f-b562-d6f87617c5a0,32607,30816,1372,97
2026-08-21T02:41:07.4651512+12:00,5090-deep-118k,1,NVIDIA GeForce RTX 4090,GPU-eed52936-813f-8d68-1654-bfb56cb42bc3,24564,22901,1238,0
2026-08-21T02:41:07.7766524+12:00,5090-deep-118k,0,NVIDIA GeForce RTX 5090,GPU-67921d1c-ee8e-304f-b562-d6f87617c5a0,32607,30812,1376,96
2026-08-21T02:41:07.7766524+12:00,5090-deep-118k,1,NVIDIA GeForce RTX 4090,GPU-eed52936-813f-8d68-1654-bfb56cb42bc3,24564,22901,1238,0
2026-08-21T02:41:08.0893674+12:00,5090-deep-118k,0,NVIDIA GeForce RTX 5090,GPU-67921d1c-ee8e-304f-b562-d6f87617c5a0,32607,30812,1376,97
2026-08-21T02:41:08.0893674+12:00,5090-deep-118k,1,NVIDIA GeForce RTX 4090,GPU-eed52936-813f-8d68-1654-bfb56cb42bc3,24564,22901,1238,0
2026-08-21T02:41:08.4042909+12:00,5090-deep-118k,0,NVIDIA GeForce RTX 5090,GPU-67921d1c-ee8e-304f-b562-d6f87617c5a0,32607,30811,1377,97
2026-08-21T02:41:08.4042909+12:00,5090-deep-118k,1,NVIDIA GeForce RTX 4090,GPU-eed52936-813f-8d68-1654-bfb56cb42bc3,24564,22901,1238,0
2026-08-21T02:41:08.7162761+12:00,5090-deep-118k,0,NVIDIA GeForce RTX 5090,GPU-67921d1c-ee8e-304f-b562-d6f87617c5a0,32607,30801,1387,98
2026-08-21T02:41:08.7162761+12:00,5090-deep-118k,1,NVIDIA GeForce RTX 4090,GPU-eed52936-813f-8d68-1654-bfb56cb42bc3,24564,22901,1238,0
2026-08-21T02:41:09.0286946+12:00,5090-deep-118k,0,NVIDIA GeForce RTX 5090,GPU-67921d1c-ee8e-304f-b562-d6f87617c5a0,32607,30797,1391,98
2026-08-21T02:41:09.0286946+12:00,5090-deep-118k,1,NVIDIA GeForce RTX 4090,GPU-eed52936-813f-8d68-1654-bfb56cb42bc3,24564,22901,1238,0
2026-08-21T02:41:09.3402495+12:00,5090-deep-118k,0,NVIDIA GeForce RTX 5090,GPU-67921d1c-ee8e-304f-b562-d6f87617c5a0,32607,30797,1391,68
2026-08-21T02:41:09.3402495+12:00,5090-deep-118k,1,NVIDIA GeForce RTX 4090,GPU-eed52936-813f-8d68-1654-bfb56cb42bc3,24564,22901,1238,0
2026-08-21T02:41:09.6480051+12:00,5090-deep-118k,0,NVIDIA GeForce RTX 5090,GPU-67921d1c-ee8e-304f-b562-d6f87617c5a0,32607,30788,1400,98
2026-08-21T02:41:09.6480051+12:00,5090-deep-118k,1,NVIDIA GeForce RTX 4090,GPU-eed52936-813f-8d68-1654-bfb56cb42bc3,24564,22901,1238,0
2026-08-21T02:41:09.9614184+12:00,5090-deep-118k,0,NVIDIA GeForce RTX 5090,GPU-67921d1c-ee8e-304f-b562-d6f87617c5a0,32607,30788,1400,98
2026-08-21T02:41:09.9614184+12:00,5090-deep-118k,1,NVIDIA GeForce RTX 4090,GPU-eed52936-813f-8d68-1654-bfb56cb42bc3,24564,22901,1238,0
2026-08-21T02:41:10.2745903+12:00,5090-deep-118k,0,NVIDIA GeForce RTX 5090,GPU-67921d1c-ee8e-304f-b562-d6f87617c5a0,32607,30788,1400,98
2026-08-21T02:41:10.2745903+12:00,5090-deep-118k,1,NVIDIA GeForce RTX 4090,GPU-eed52936-813f-8d68-1654-bfb56cb42bc3,24564,22901,1238,0
2026-08-21T02:41:10.5836816+12:00,5090-deep-118k,0,NVIDIA GeForce RTX 5090,GPU-67921d1c-ee8e-304f-b562-d6f87617c5a0,32607,30778,1410,98
2026-08-21T02:41:10.5836816+12:00,5090-deep-118k,1,NVIDIA GeForce RTX 4090,GPU-eed52936-813f-8d68-1654-bfb56cb42bc3,24564,22901,1238,0
2026-08-21T02:41:10.8955531+12:00,5090-deep-118k,0,NVIDIA GeForce RTX 5090,GPU-67921d1c-ee8e-304f-b562-d6f87617c5a0,32607,30778,1410,98
2026-08-21T02:41:10.8955531+12:00,5090-deep-118k,1,NVIDIA GeForce RTX 4090,GPU-eed52936-813f-8d68-1654-bfb56cb42bc3,24564,22901,1238,0
2026-08-21T02:41:11.2231526+12:00,5090-deep-118k,0,NVIDIA GeForce RTX 5090,GPU-67921d1c-ee8e-304f-b562-d6f87617c5a0,32607,30778,1410,98
2026-08-21T02:41:11.2231526+12:00,5090-deep-118k,1,NVIDIA GeForce RTX 4090,GPU-eed52936-813f-8d68-1654-bfb56cb42bc3,24564,22901,1238,0
2026-08-21T02:41:11.5320668+12:00,5090-deep-118k,0,NVIDIA GeForce RTX 5090,GPU-67921d1c-ee8e-304f-b562-d6f87617c5a0,32607,30778,1410,98
2026-08-21T02:41:11.5320668+12:00,5090-deep-118k,1,NVIDIA GeForce RTX 4090,GPU-eed52936-813f-8d68-1654-bfb56cb42bc3,24564,22901,1238,0
2026-08-21T02:41:11.8436174+12:00,5090-deep-118k,0,NVIDIA GeForce RTX 5090,GPU-67921d1c-ee8e-304f-b562-d6f87617c5a0,32607,30782,1406,58
2026-08-21T02:41:11.8436174+12:00,5090-deep-118k,1,NVIDIA GeForce RTX 4090,GPU-eed52936-813f-8d68-1654-bfb56cb42bc3,24564,22901,1238,0
2026-08-21T02:41:12.1518017+12:00,5090-deep-118k,0,NVIDIA GeForce RTX 5090,GPU-67921d1c-ee8e-304f-b562-d6f87617c5a0,32607,30782,1406,98
2026-08-21T02:41:12.1518017+12:00,5090-deep-118k,1,NVIDIA GeForce RTX 4090,GPU-eed52936-813f-8d68-1654-bfb56cb42bc3,24564,22901,1238,0
2026-08-21T02:41:12.4637021+12:00,5090-deep-118k,0,NVIDIA GeForce RTX 5090,GPU-67921d1c-ee8e-304f-b562-d6f87617c5a0,32607,30782,1406,98
2026-08-21T02:41:12.4637021+12:00,5090-deep-118k,1,NVIDIA GeForce RTX 4090,GPU-eed52936-813f-8d68-1654-bfb56cb42bc3,24564,22901,1238,0
2026-08-21T02:41:12.7741844+12:00,5090-deep-118k,0,NVIDIA GeForce RTX 5090,GPU-67921d1c-ee8e-304f-b562-d6f87617c5a0,32607,30732,1456,98
2026-08-21T02:41:12.7741844+12:00,5090-deep-118k,1,NVIDIA GeForce RTX 4090,GPU-eed52936-813f-8d68-1654-bfb56cb42bc3,24564,22901,1238,0
2026-08-21T02:41:13.0901690+12:00,5090-deep-118k,0,NVIDIA GeForce RTX 5090,GPU-67921d1c-ee8e-304f-b562-d6f87617c5a0,32607,30727,1461,98
2026-08-21T02:41:13.0901690+12:00,5090-deep-118k,1,NVIDIA GeForce RTX 4090,GPU-eed52936-813f-8d68-1654-bfb56cb42bc3,24564,22901,1238,0
2026-08-21T02:41:13.4122900+12:00,5090-deep-118k,0,NVIDIA GeForce RTX 5090,GPU-67921d1c-ee8e-304f-b562-d6f87617c5a0,32607,30727,1461,98
2026-08-21T02:41:13.4122900+12:00,5090-deep-118k,1,NVIDIA GeForce RTX 4090,GPU-eed52936-813f-8d68-1654-bfb56cb42bc3,24564,22901,1238,0
2026-08-21T02:41:13.7258244+12:00,5090-deep-118k,0,NVIDIA GeForce RTX 5090,GPU-67921d1c-ee8e-304f-b562-d6f87617c5a0,32607,30727,1461,98
2026-08-21T02:41:13.7258244+12:00,5090-deep-118k,1,NVIDIA GeForce RTX 4090,GPU-eed52936-813f-8d68-1654-bfb56cb42bc3,24564,22901,1238,0
2026-08-21T02:41:14.0420832+12:00,5090-deep-118k,0,NVIDIA GeForce RTX 5090,GPU-67921d1c-ee8e-304f-b562-d6f87617c5a0,32607,30727,1461,98
2026-08-21T02:41:14.0420832+12:00,5090-deep-118k,1,NVIDIA GeForce RTX 4090,GPU-eed52936-813f-8d68-1654-bfb56cb42bc3,24564,22901,1238,0
2026-08-21T02:41:14.3522370+12:00,5090-deep-118k,0,NVIDIA GeForce RTX 5090,GPU-67921d1c-ee8e-304f-b562-d6f87617c5a0,32607,30727,1461,58
2026-08-21T02:41:14.3522370+12:00,5090-deep-118k,1,NVIDIA GeForce RTX 4090,GPU-eed52936-813f-8d68-1654-bfb56cb42bc3,24564,22901,1238,0
2026-08-21T02:41:14.6617631+12:00,5090-deep-118k,0,NVIDIA GeForce RTX 5090,GPU-67921d1c-ee8e-304f-b562-d6f87617c5a0,32607,30726,1462,98
2026-08-21T02:41:14.6617631+12:00,5090-deep-118k,1,NVIDIA GeForce RTX 4090,GPU-eed52936-813f-8d68-1654-bfb56cb42bc3,24564,22901,1238,0
2026-08-21T02:41:14.9901521+12:00,5090-deep-118k,0,NVIDIA GeForce RTX 5090,GPU-67921d1c-ee8e-304f-b562-d6f87617c5a0,32607,30722,1466,98
2026-08-21T02:41:14.9901521+12:00,5090-deep-118k,1,NVIDIA GeForce RTX 4090,GPU-eed52936-813f-8d68-1654-bfb56cb42bc3,24564,22901,1238,0
2026-08-21T02:41:15.3007603+12:00,5090-deep-118k,0,NVIDIA GeForce RTX 5090,GPU-67921d1c-ee8e-304f-b562-d6f87617c5a0,32607,30722,1466,97
2026-08-21T02:41:15.3007603+12:00,5090-deep-118k,1,NVIDIA GeForce RTX 4090,GPU-eed52936-813f-8d68-1654-bfb56cb42bc3,24564,22901,1238,0
2026-08-21T02:41:15.6127444+12:00,5090-deep-118k,0,NVIDIA GeForce RTX 5090,GPU-67921d1c-ee8e-304f-b562-d6f87617c5a0,32607,30726,1462,98
2026-08-21T02:41:15.6127444+12:00,5090-deep-118k,1,NVIDIA GeForce RTX 4090,GPU-eed52936-813f-8d68-1654-bfb56cb42bc3,24564,22901,1238,0
2026-08-21T02:41:15.9390900+12:00,5090-deep-118k,0,NVIDIA GeForce RTX 5090,GPU-67921d1c-ee8e-304f-b562-d6f87617c5a0,32607,30726,1462,98
2026-08-21T02:41:15.9390900+12:00,5090-deep-118k,1,NVIDIA GeForce RTX 4090,GPU-eed52936-813f-8d68-1654-bfb56cb42bc3,24564,22901,1238,0
2026-08-21T02:41:16.2501132+12:00,5090-deep-118k,0,NVIDIA GeForce RTX 5090,GPU-67921d1c-ee8e-304f-b562-d6f87617c5a0,32607,30726,1462,98
2026-08-21T02:41:16.2501132+12:00,5090-deep-118k,1,NVIDIA GeForce RTX 4090,GPU-eed52936-813f-8d68-1654-bfb56cb42bc3,24564,22901,1238,0
2026-08-21T02:41:16.5763365+12:00,5090-deep-118k,0,NVIDIA GeForce RTX 5090,GPU-67921d1c-ee8e-304f-b562-d6f87617c5a0,32607,30726,1462,74
2026-08-21T02:41:16.5763365+12:00,5090-deep-118k,1,NVIDIA GeForce RTX 4090,GPU-eed52936-813f-8d68-1654-bfb56cb42bc3,24564,22901,1238,0
2026-08-21T02:41:16.8886090+12:00,5090-deep-118k,0,NVIDIA GeForce RTX 5090,GPU-67921d1c-ee8e-304f-b562-d6f87617c5a0,32607,30726,1462,74
2026-08-21T02:41:16.8886090+12:00,5090-deep-118k,1,NVIDIA GeForce RTX 4090,GPU-eed52936-813f-8d68-1654-bfb56cb42bc3,24564,22901,1238,0
2026-08-21T02:41:17.2166681+12:00,5090-deep-118k,0,NVIDIA GeForce RTX 5090,GPU-67921d1c-ee8e-304f-b562-d6f87617c5a0,32607,30749,1439,98
2026-08-21T02:41:17.2166681+12:00,5090-deep-118k,1,NVIDIA GeForce RTX 4090,GPU-eed52936-813f-8d68-1654-bfb56cb42bc3,24564,22901,1238,0
2026-08-21T02:41:17.5276774+12:00,5090-deep-118k,0,NVIDIA GeForce RTX 5090,GPU-67921d1c-ee8e-304f-b562-d6f87617c5a0,32607,30762,1426,98
2026-08-21T02:41:17.5276774+12:00,5090-deep-118k,1,NVIDIA GeForce RTX 4090,GPU-eed52936-813f-8d68-1654-bfb56cb42bc3,24564,22901,1238,0
2026-08-21T02:41:17.8395801+12:00,5090-deep-118k,0,NVIDIA GeForce RTX 5090,GPU-67921d1c-ee8e-304f-b562-d6f87617c5a0,32607,30762,1426,98
2026-08-21T02:41:17.8395801+12:00,5090-deep-118k,1,NVIDIA GeForce RTX 4090,GPU-eed52936-813f-8d68-1654-bfb56cb42bc3,24564,22901,1238,0
2026-08-21T02:41:18.1517196+12:00,5090-deep-118k,0,NVIDIA GeForce RTX 5090,GPU-67921d1c-ee8e-304f-b562-d6f87617c5a0,32607,30762,1426,98
2026-08-21T02:41:18.1517196+12:00,5090-deep-118k,1,NVIDIA GeForce RTX 4090,GPU-eed52936-813f-8d68-1654-bfb56cb42bc3,24564,22901,1238,0
2026-08-21T02:41:18.4611552+12:00,5090-deep-118k,0,NVIDIA GeForce RTX 5090,GPU-67921d1c-ee8e-304f-b562-d6f87617c5a0,32607,30762,1426,98
2026-08-21T02:41:18.4611552+12:00,5090-deep-118k,1,NVIDIA GeForce RTX 4090,GPU-eed52936-813f-8d68-1654-bfb56cb42bc3,24564,22901,1238,0
2026-08-21T02:41:18.7726775+12:00,5090-deep-118k,0,NVIDIA GeForce RTX 5090,GPU-67921d1c-ee8e-304f-b562-d6f87617c5a0,32607,30747,1441,97
2026-08-21T02:41:18.7726775+12:00,5090-deep-118k,1,NVIDIA GeForce RTX 4090,GPU-eed52936-813f-8d68-1654-bfb56cb42bc3,24564,22901,1238,0
2026-08-21T02:41:19.0841939+12:00,5090-deep-118k,0,NVIDIA GeForce RTX 5090,GPU-67921d1c-ee8e-304f-b562-d6f87617c5a0,32607,30743,1445,98
2026-08-21T02:41:19.0841939+12:00,5090-deep-118k,1,NVIDIA GeForce RTX 4090,GPU-eed52936-813f-8d68-1654-bfb56cb42bc3,24564,22901,1238,0
2026-08-21T02:41:19.3945862+12:00,5090-deep-118k,0,NVIDIA GeForce RTX 5090,GPU-67921d1c-ee8e-304f-b562-d6f87617c5a0,32607,30764,1424,98
2026-08-21T02:41:19.3945862+12:00,5090-deep-118k,1,NVIDIA GeForce RTX 4090,GPU-eed52936-813f-8d68-1654-bfb56cb42bc3,24564,22901,1238,0
2026-08-21T02:41:19.7194934+12:00,5090-deep-118k,0,NVIDIA GeForce RTX 5090,GPU-67921d1c-ee8e-304f-b562-d6f87617c5a0,32607,30764,1424,98
2026-08-21T02:41:19.7194934+12:00,5090-deep-118k,1,NVIDIA GeForce RTX 4090,GPU-eed52936-813f-8d68-1654-bfb56cb42bc3,24564,22901,1238,0
2026-08-21T02:41:20.0491461+12:00,5090-deep-118k,0,NVIDIA GeForce RTX 5090,GPU-67921d1c-ee8e-304f-b562-d6f87617c5a0,32607,30764,1424,98
2026-08-21T02:41:20.0491461+12:00,5090-deep-118k,1,NVIDIA GeForce RTX 4090,GPU-eed52936-813f-8d68-1654-bfb56cb42bc3,24564,22901,1238,0
2026-08-21T02:41:20.3595128+12:00,5090-deep-118k,0,NVIDIA GeForce RTX 5090,GPU-67921d1c-ee8e-304f-b562-d6f87617c5a0,32607,30764,1424,75
2026-08-21T02:41:20.3595128+12:00,5090-deep-118k,1,NVIDIA GeForce RTX 4090,GPU-eed52936-813f-8d68-1654-bfb56cb42bc3,24564,22901,1238,0
2026-08-21T02:41:20.6866167+12:00,5090-deep-118k,0,NVIDIA GeForce RTX 5090,GPU-67921d1c-ee8e-304f-b562-d6f87617c5a0,32607,30758,1430,97
2026-08-21T02:41:20.6866167+12:00,5090-deep-118k,1,NVIDIA GeForce RTX 4090,GPU-eed52936-813f-8d68-1654-bfb56cb42bc3,24564,22901,1238,0
2026-08-21T02:41:21.0144497+12:00,5090-deep-118k,0,NVIDIA GeForce RTX 5090,GPU-67921d1c-ee8e-304f-b562-d6f87617c5a0,32607,30758,1430,97
2026-08-21T02:41:21.0144497+12:00,5090-deep-118k,1,NVIDIA GeForce RTX 4090,GPU-eed52936-813f-8d68-1654-bfb56cb42bc3,24564,22901,1238,0
2026-08-21T02:41:21.3251913+12:00,5090-deep-118k,0,NVIDIA GeForce RTX 5090,GPU-67921d1c-ee8e-304f-b562-d6f87617c5a0,32607,30758,1430,87
2026-08-21T02:41:21.3251913+12:00,5090-deep-118k,1,NVIDIA GeForce RTX 4090,GPU-eed52936-813f-8d68-1654-bfb56cb42bc3,24564,22901,1238,0
2026-08-21T02:41:21.6561865+12:00,5090-deep-118k,0,NVIDIA GeForce RTX 5090,GPU-67921d1c-ee8e-304f-b562-d6f87617c5a0,32607,30768,1420,98
2026-08-21T02:41:21.6561865+12:00,5090-deep-118k,1,NVIDIA GeForce RTX 4090,GPU-eed52936-813f-8d68-1654-bfb56cb42bc3,24564,22901,1238,0
2026-08-21T02:41:21.9667098+12:00,5090-deep-118k,0,NVIDIA GeForce RTX 5090,GPU-67921d1c-ee8e-304f-b562-d6f87617c5a0,32607,30768,1420,98
2026-08-21T02:41:21.9667098+12:00,5090-deep-118k,1,NVIDIA GeForce RTX 4090,GPU-eed52936-813f-8d68-1654-bfb56cb42bc3,24564,22901,1238,0
2026-08-21T02:41:22.2811300+12:00,5090-deep-118k,0,NVIDIA GeForce RTX 5090,GPU-67921d1c-ee8e-304f-b562-d6f87617c5a0,32607,30768,1420,98
2026-08-21T02:41:22.2811300+12:00,5090-deep-118k,1,NVIDIA GeForce RTX 4090,GPU-eed52936-813f-8d68-1654-bfb56cb42bc3,24564,22901,1238,0
2026-08-21T02:41:22.5909317+12:00,5090-deep-118k,0,NVIDIA GeForce RTX 5090,GPU-67921d1c-ee8e-304f-b562-d6f87617c5a0,32607,30768,1420,98
2026-08-21T02:41:22.5909317+12:00,5090-deep-118k,1,NVIDIA GeForce RTX 4090,GPU-eed52936-813f-8d68-1654-bfb56cb42bc3,24564,22901,1238,0
2026-08-21T02:41:22.9201040+12:00,5090-deep-118k,0,NVIDIA GeForce RTX 5090,GPU-67921d1c-ee8e-304f-b562-d6f87617c5a0,32607,30768,1420,98
2026-08-21T02:41:22.9201040+12:00,5090-deep-118k,1,NVIDIA GeForce RTX 4090,GPU-eed52936-813f-8d68-1654-bfb56cb42bc3,24564,22901,1238,0
2026-08-21T02:41:23.2294801+12:00,5090-deep-118k,0,NVIDIA GeForce RTX 5090,GPU-67921d1c-ee8e-304f-b562-d6f87617c5a0,32607,30768,1420,98
2026-08-21T02:41:23.2294801+12:00,5090-deep-118k,1,NVIDIA GeForce RTX 4090,GPU-eed52936-813f-8d68-1654-bfb56cb42bc3,24564,22901,1238,0
2026-08-21T02:41:23.5424259+12:00,5090-deep-118k,0,NVIDIA GeForce RTX 5090,GPU-67921d1c-ee8e-304f-b562-d6f87617c5a0,32607,30758,1430,98
2026-08-21T02:41:23.5424259+12:00,5090-deep-118k,1,NVIDIA GeForce RTX 4090,GPU-eed52936-813f-8d68-1654-bfb56cb42bc3,24564,22901,1238,0
2026-08-21T02:41:23.8555307+12:00,5090-deep-118k,0,NVIDIA GeForce RTX 5090,GPU-67921d1c-ee8e-304f-b562-d6f87617c5a0,32607,30753,1435,98
2026-08-21T02:41:23.8555307+12:00,5090-deep-118k,1,NVIDIA GeForce RTX 4090,GPU-eed52936-813f-8d68-1654-bfb56cb42bc3,24564,22901,1238,0
2026-08-21T02:41:24.1685899+12:00,5090-deep-118k,0,NVIDIA GeForce RTX 5090,GPU-67921d1c-ee8e-304f-b562-d6f87617c5a0,32607,30753,1435,98
2026-08-21T02:41:24.1685899+12:00,5090-deep-118k,1,NVIDIA GeForce RTX 4090,GPU-eed52936-813f-8d68-1654-bfb56cb42bc3,24564,22901,1238,0
2026-08-21T02:41:24.4793925+12:00,5090-deep-118k,0,NVIDIA GeForce RTX 5090,GPU-67921d1c-ee8e-304f-b562-d6f87617c5a0,32607,30747,1441,98
2026-08-21T02:41:24.4793925+12:00,5090-deep-118k,1,NVIDIA GeForce RTX 4090,GPU-eed52936-813f-8d68-1654-bfb56cb42bc3,24564,22901,1238,0
2026-08-21T02:41:24.7905759+12:00,5090-deep-118k,0,NVIDIA GeForce RTX 5090,GPU-67921d1c-ee8e-304f-b562-d6f87617c5a0,32607,30747,1441,84
2026-08-21T02:41:24.7905759+12:00,5090-deep-118k,1,NVIDIA GeForce RTX 4090,GPU-eed52936-813f-8d68-1654-bfb56cb42bc3,24564,22901,1238,0
2026-08-21T02:41:25.1015993+12:00,5090-deep-118k,0,NVIDIA GeForce RTX 5090,GPU-67921d1c-ee8e-304f-b562-d6f87617c5a0,32607,30745,1443,98
2026-08-21T02:41:25.1015993+12:00,5090-deep-118k,1,NVIDIA GeForce RTX 4090,GPU-eed52936-813f-8d68-1654-bfb56cb42bc3,24564,22901,1238,0
2026-08-21T02:41:25.4146703+12:00,5090-deep-118k,0,NVIDIA GeForce RTX 5090,GPU-67921d1c-ee8e-304f-b562-d6f87617c5a0,32607,30745,1443,98
2026-08-21T02:41:25.4146703+12:00,5090-deep-118k,1,NVIDIA GeForce RTX 4090,GPU-eed52936-813f-8d68-1654-bfb56cb42bc3,24564,22901,1238,0
2026-08-21T02:41:25.7242799+12:00,5090-deep-118k,0,NVIDIA GeForce RTX 5090,GPU-67921d1c-ee8e-304f-b562-d6f87617c5a0,32607,30745,1443,67
2026-08-21T02:41:25.7242799+12:00,5090-deep-118k,1,NVIDIA GeForce RTX 4090,GPU-eed52936-813f-8d68-1654-bfb56cb42bc3,24564,22901,1238,0
2026-08-21T02:41:26.0400908+12:00,5090-deep-118k,0,NVIDIA GeForce RTX 5090,GPU-67921d1c-ee8e-304f-b562-d6f87617c5a0,32607,30745,1443,67
2026-08-21T02:41:26.0400908+12:00,5090-deep-118k,1,NVIDIA GeForce RTX 4090,GPU-eed52936-813f-8d68-1654-bfb56cb42bc3,24564,22901,1238,0
2026-08-21T02:41:26.3521224+12:00,5090-deep-118k,0,NVIDIA GeForce RTX 5090,GPU-67921d1c-ee8e-304f-b562-d6f87617c5a0,32607,30745,1443,98
2026-08-21T02:41:26.3521224+12:00,5090-deep-118k,1,NVIDIA GeForce RTX 4090,GPU-eed52936-813f-8d68-1654-bfb56cb42bc3,24564,22901,1238,0
2026-08-21T02:41:26.6610785+12:00,5090-deep-118k,0,NVIDIA GeForce RTX 5090,GPU-67921d1c-ee8e-304f-b562-d6f87617c5a0,32607,30745,1443,98
2026-08-21T02:41:26.6610785+12:00,5090-deep-118k,1,NVIDIA GeForce RTX 4090,GPU-eed52936-813f-8d68-1654-bfb56cb42bc3,24564,22901,1238,0
2026-08-21T02:41:26.9710065+12:00,5090-deep-118k,0,NVIDIA GeForce RTX 5090,GPU-67921d1c-ee8e-304f-b562-d6f87617c5a0,32607,30709,1479,98
2026-08-21T02:41:26.9710065+12:00,5090-deep-118k,1,NVIDIA GeForce RTX 4090,GPU-eed52936-813f-8d68-1654-bfb56cb42bc3,24564,22901,1238,0
2026-08-21T02:41:27.3008823+12:00,5090-deep-118k,0,NVIDIA GeForce RTX 5090,GPU-67921d1c-ee8e-304f-b562-d6f87617c5a0,32607,30728,1460,98
2026-08-21T02:41:27.3008823+12:00,5090-deep-118k,1,NVIDIA GeForce RTX 4090,GPU-eed52936-813f-8d68-1654-bfb56cb42bc3,24564,22901,1238,0
2026-08-21T02:41:27.6106821+12:00,5090-deep-118k,0,NVIDIA GeForce RTX 5090,GPU-67921d1c-ee8e-304f-b562-d6f87617c5a0,32607,30731,1457,98
2026-08-21T02:41:27.6106821+12:00,5090-deep-118k,1,NVIDIA GeForce RTX 4090,GPU-eed52936-813f-8d68-1654-bfb56cb42bc3,24564,22901,1238,0
2026-08-21T02:41:27.9249946+12:00,5090-deep-118k,0,NVIDIA GeForce RTX 5090,GPU-67921d1c-ee8e-304f-b562-d6f87617c5a0,32607,30735,1453,98
2026-08-21T02:41:27.9249946+12:00,5090-deep-118k,1,NVIDIA GeForce RTX 4090,GPU-eed52936-813f-8d68-1654-bfb56cb42bc3,24564,22901,1238,0
2026-08-21T02:41:28.2545278+12:00,5090-deep-118k,0,NVIDIA GeForce RTX 5090,GPU-67921d1c-ee8e-304f-b562-d6f87617c5a0,32607,30875,1313,98
2026-08-21T02:41:28.2545278+12:00,5090-deep-118k,1,NVIDIA GeForce RTX 4090,GPU-eed52936-813f-8d68-1654-bfb56cb42bc3,24564,22901,1238,0
2026-08-21T02:41:28.5617927+12:00,5090-deep-118k,0,NVIDIA GeForce RTX 5090,GPU-67921d1c-ee8e-304f-b562-d6f87617c5a0,32607,30875,1313,98
2026-08-21T02:41:28.5617927+12:00,5090-deep-118k,1,NVIDIA GeForce RTX 4090,GPU-eed52936-813f-8d68-1654-bfb56cb42bc3,24564,22901,1238,0
2026-08-21T02:41:28.8742822+12:00,5090-deep-118k,0,NVIDIA GeForce RTX 5090,GPU-67921d1c-ee8e-304f-b562-d6f87617c5a0,32607,30875,1313,98
2026-08-21T02:41:28.8742822+12:00,5090-deep-118k,1,NVIDIA GeForce RTX 4090,GPU-eed52936-813f-8d68-1654-bfb56cb42bc3,24564,22901,1238,0
2026-08-21T02:41:29.1859127+12:00,5090-deep-118k,0,NVIDIA GeForce RTX 5090,GPU-67921d1c-ee8e-304f-b562-d6f87617c5a0,32607,30875,1313,98
2026-08-21T02:41:29.1859127+12:00,5090-deep-118k,1,NVIDIA GeForce RTX 4090,GPU-eed52936-813f-8d68-1654-bfb56cb42bc3,24564,22901,1238,0
2026-08-21T02:41:29.4943659+12:00,5090-deep-118k,0,NVIDIA GeForce RTX 5090,GPU-67921d1c-ee8e-304f-b562-d6f87617c5a0,32607,30870,1318,98
2026-08-21T02:41:29.4943659+12:00,5090-deep-118k,1,NVIDIA GeForce RTX 4090,GPU-eed52936-813f-8d68-1654-bfb56cb42bc3,24564,22901,1238,0
2026-08-21T02:41:29.8079361+12:00,5090-deep-118k,0,NVIDIA GeForce RTX 5090,GPU-67921d1c-ee8e-304f-b562-d6f87617c5a0,32607,30865,1323,98
2026-08-21T02:41:29.8079361+12:00,5090-deep-118k,1,NVIDIA GeForce RTX 4090,GPU-eed52936-813f-8d68-1654-bfb56cb42bc3,24564,22901,1238,0
2026-08-21T02:41:30.1376979+12:00,5090-deep-118k,0,NVIDIA GeForce RTX 5090,GPU-67921d1c-ee8e-304f-b562-d6f87617c5a0,32607,30864,1324,98
2026-08-21T02:41:30.1376979+12:00,5090-deep-118k,1,NVIDIA GeForce RTX 4090,GPU-eed52936-813f-8d68-1654-bfb56cb42bc3,24564,22901,1238,0
2026-08-21T02:41:30.4600154+12:00,5090-deep-118k,0,NVIDIA GeForce RTX 5090,GPU-67921d1c-ee8e-304f-b562-d6f87617c5a0,32607,30859,1329,98
2026-08-21T02:41:30.4600154+12:00,5090-deep-118k,1,NVIDIA GeForce RTX 4090,GPU-eed52936-813f-8d68-1654-bfb56cb42bc3,24564,22901,1238,0
2026-08-21T02:41:30.7882287+12:00,5090-deep-118k,0,NVIDIA GeForce RTX 5090,GPU-67921d1c-ee8e-304f-b562-d6f87617c5a0,32607,30868,1320,98
2026-08-21T02:41:30.7882287+12:00,5090-deep-118k,1,NVIDIA GeForce RTX 4090,GPU-eed52936-813f-8d68-1654-bfb56cb42bc3,24564,22901,1238,0
2026-08-21T02:41:31.1013896+12:00,5090-deep-118k,0,NVIDIA GeForce RTX 5090,GPU-67921d1c-ee8e-304f-b562-d6f87617c5a0,32607,30857,1331,98
2026-08-21T02:41:31.1013896+12:00,5090-deep-118k,1,NVIDIA GeForce RTX 4090,GPU-eed52936-813f-8d68-1654-bfb56cb42bc3,24564,22901,1238,0
2026-08-21T02:41:31.4271237+12:00,5090-deep-118k,0,NVIDIA GeForce RTX 5090,GPU-67921d1c-ee8e-304f-b562-d6f87617c5a0,32607,30841,1347,98
2026-08-21T02:41:31.4271237+12:00,5090-deep-118k,1,NVIDIA GeForce RTX 4090,GPU-eed52936-813f-8d68-1654-bfb56cb42bc3,24564,22901,1238,0
2026-08-21T02:41:31.7391307+12:00,5090-deep-118k,0,NVIDIA GeForce RTX 5090,GPU-67921d1c-ee8e-304f-b562-d6f87617c5a0,32607,30838,1350,98
2026-08-21T02:41:31.7391307+12:00,5090-deep-118k,1,NVIDIA GeForce RTX 4090,GPU-eed52936-813f-8d68-1654-bfb56cb42bc3,24564,22901,1238,0
2026-08-21T02:41:32.0506652+12:00,5090-deep-118k,0,NVIDIA GeForce RTX 5090,GPU-67921d1c-ee8e-304f-b562-d6f87617c5a0,32607,30836,1352,98
2026-08-21T02:41:32.0506652+12:00,5090-deep-118k,1,NVIDIA GeForce RTX 4090,GPU-eed52936-813f-8d68-1654-bfb56cb42bc3,24564,22901,1238,0
2026-08-21T02:41:32.3615895+12:00,5090-deep-118k,0,NVIDIA GeForce RTX 5090,GPU-67921d1c-ee8e-304f-b562-d6f87617c5a0,32607,30830,1358,98
2026-08-21T02:41:32.3615895+12:00,5090-deep-118k,1,NVIDIA GeForce RTX 4090,GPU-eed52936-813f-8d68-1654-bfb56cb42bc3,24564,22901,1238,0
2026-08-21T02:41:32.6719818+12:00,5090-deep-118k,0,NVIDIA GeForce RTX 5090,GPU-67921d1c-ee8e-304f-b562-d6f87617c5a0,32607,30831,1357,98
2026-08-21T02:41:32.6719818+12:00,5090-deep-118k,1,NVIDIA GeForce RTX 4090,GPU-eed52936-813f-8d68-1654-bfb56cb42bc3,24564,22901,1238,0
2026-08-21T02:41:33.0012444+12:00,5090-deep-118k,0,NVIDIA GeForce RTX 5090,GPU-67921d1c-ee8e-304f-b562-d6f87617c5a0,32607,30815,1373,98
2026-08-21T02:41:33.0012444+12:00,5090-deep-118k,1,NVIDIA GeForce RTX 4090,GPU-eed52936-813f-8d68-1654-bfb56cb42bc3,24564,22901,1238,0
2026-08-21T02:41:33.3281105+12:00,5090-deep-118k,0,NVIDIA GeForce RTX 5090,GPU-67921d1c-ee8e-304f-b562-d6f87617c5a0,32607,30788,1400,98
2026-08-21T02:41:33.3281105+12:00,5090-deep-118k,1,NVIDIA GeForce RTX 4090,GPU-eed52936-813f-8d68-1654-bfb56cb42bc3,24564,22901,1238,0
2026-08-21T02:41:33.6413603+12:00,5090-deep-118k,0,NVIDIA GeForce RTX 5090,GPU-67921d1c-ee8e-304f-b562-d6f87617c5a0,32607,30788,1400,98
2026-08-21T02:41:33.6413603+12:00,5090-deep-118k,1,NVIDIA GeForce RTX 4090,GPU-eed52936-813f-8d68-1654-bfb56cb42bc3,24564,22901,1238,0
2026-08-21T02:41:33.9519178+12:00,5090-deep-118k,0,NVIDIA GeForce RTX 5090,GPU-67921d1c-ee8e-304f-b562-d6f87617c5a0,32607,30788,1400,98
2026-08-21T02:41:33.9519178+12:00,5090-deep-118k,1,NVIDIA GeForce RTX 4090,GPU-eed52936-813f-8d68-1654-bfb56cb42bc3,24564,22901,1238,0
2026-08-21T02:41:34.2665670+12:00,5090-deep-118k,0,NVIDIA GeForce RTX 5090,GPU-67921d1c-ee8e-304f-b562-d6f87617c5a0,32607,30788,1400,98
2026-08-21T02:41:34.2665670+12:00,5090-deep-118k,1,NVIDIA GeForce RTX 4090,GPU-eed52936-813f-8d68-1654-bfb56cb42bc3,24564,22901,1238,0
2026-08-21T02:41:34.5927883+12:00,5090-deep-118k,0,NVIDIA GeForce RTX 5090,GPU-67921d1c-ee8e-304f-b562-d6f87617c5a0,32607,30788,1400,98
2026-08-21T02:41:34.5927883+12:00,5090-deep-118k,1,NVIDIA GeForce RTX 4090,GPU-eed52936-813f-8d68-1654-bfb56cb42bc3,24564,22901,1238,0
2026-08-21T02:41:34.9215951+12:00,5090-deep-118k,0,NVIDIA GeForce RTX 5090,GPU-67921d1c-ee8e-304f-b562-d6f87617c5a0,32607,30802,1386,98
2026-08-21T02:41:34.9215951+12:00,5090-deep-118k,1,NVIDIA GeForce RTX 4090,GPU-eed52936-813f-8d68-1654-bfb56cb42bc3,24564,22901,1238,0
2026-08-21T02:41:35.2312379+12:00,5090-deep-118k,0,NVIDIA GeForce RTX 5090,GPU-67921d1c-ee8e-304f-b562-d6f87617c5a0,32607,30792,1396,98
2026-08-21T02:41:35.2312379+12:00,5090-deep-118k,1,NVIDIA GeForce RTX 4090,GPU-eed52936-813f-8d68-1654-bfb56cb42bc3,24564,22901,1238,0
2026-08-21T02:41:35.5457507+12:00,5090-deep-118k,0,NVIDIA GeForce RTX 5090,GPU-67921d1c-ee8e-304f-b562-d6f87617c5a0,32607,30783,1405,98
2026-08-21T02:41:35.5457507+12:00,5090-deep-118k,1,NVIDIA GeForce RTX 4090,GPU-eed52936-813f-8d68-1654-bfb56cb42bc3,24564,22901,1238,0
2026-08-21T02:41:35.8700755+12:00,5090-deep-118k,0,NVIDIA GeForce RTX 5090,GPU-67921d1c-ee8e-304f-b562-d6f87617c5a0,32607,30787,1401,98
2026-08-21T02:41:35.8700755+12:00,5090-deep-118k,1,NVIDIA GeForce RTX 4090,GPU-eed52936-813f-8d68-1654-bfb56cb42bc3,24564,22901,1238,0
2026-08-21T02:41:36.1944691+12:00,5090-deep-118k,0,NVIDIA GeForce RTX 5090,GPU-67921d1c-ee8e-304f-b562-d6f87617c5a0,32607,30800,1388,99
2026-08-21T02:41:36.1944691+12:00,5090-deep-118k,1,NVIDIA GeForce RTX 4090,GPU-eed52936-813f-8d68-1654-bfb56cb42bc3,24564,22901,1238,0
2026-08-21T02:41:36.5212268+12:00,5090-deep-118k,0,NVIDIA GeForce RTX 5090,GPU-67921d1c-ee8e-304f-b562-d6f87617c5a0,32607,30794,1394,99
2026-08-21T02:41:36.5212268+12:00,5090-deep-118k,1,NVIDIA GeForce RTX 4090,GPU-eed52936-813f-8d68-1654-bfb56cb42bc3,24564,22901,1238,0
2026-08-21T02:41:36.8328917+12:00,5090-deep-118k,0,NVIDIA GeForce RTX 5090,GPU-67921d1c-ee8e-304f-b562-d6f87617c5a0,32607,30768,1420,98
2026-08-21T02:41:36.8328917+12:00,5090-deep-118k,1,NVIDIA GeForce RTX 4090,GPU-eed52936-813f-8d68-1654-bfb56cb42bc3,24564,22901,1238,0
2026-08-21T02:41:37.1442870+12:00,5090-deep-118k,0,NVIDIA GeForce RTX 5090,GPU-67921d1c-ee8e-304f-b562-d6f87617c5a0,32607,30771,1417,98
2026-08-21T02:41:37.1442870+12:00,5090-deep-118k,1,NVIDIA GeForce RTX 4090,GPU-eed52936-813f-8d68-1654-bfb56cb42bc3,24564,22901,1238,0
2026-08-21T02:41:37.4543709+12:00,5090-deep-118k,0,NVIDIA GeForce RTX 5090,GPU-67921d1c-ee8e-304f-b562-d6f87617c5a0,32607,30775,1413,98
2026-08-21T02:41:37.4543709+12:00,5090-deep-118k,1,NVIDIA GeForce RTX 4090,GPU-eed52936-813f-8d68-1654-bfb56cb42bc3,24564,22901,1238,0
2026-08-21T02:41:37.7809413+12:00,5090-deep-118k,0,NVIDIA GeForce RTX 5090,GPU-67921d1c-ee8e-304f-b562-d6f87617c5a0,32607,30745,1443,98
2026-08-21T02:41:37.7809413+12:00,5090-deep-118k,1,NVIDIA GeForce RTX 4090,GPU-eed52936-813f-8d68-1654-bfb56cb42bc3,24564,22901,1238,0
2026-08-21T02:41:38.1096002+12:00,5090-deep-118k,0,NVIDIA GeForce RTX 5090,GPU-67921d1c-ee8e-304f-b562-d6f87617c5a0,32607,30757,1431,98
2026-08-21T02:41:38.1096002+12:00,5090-deep-118k,1,NVIDIA GeForce RTX 4090,GPU-eed52936-813f-8d68-1654-bfb56cb42bc3,24564,22901,1238,0
2026-08-21T02:41:38.4199270+12:00,5090-deep-118k,0,NVIDIA GeForce RTX 5090,GPU-67921d1c-ee8e-304f-b562-d6f87617c5a0,32607,30761,1427,98
2026-08-21T02:41:38.4199270+12:00,5090-deep-118k,1,NVIDIA GeForce RTX 4090,GPU-eed52936-813f-8d68-1654-bfb56cb42bc3,24564,22901,1238,0
2026-08-21T02:41:38.7310131+12:00,5090-deep-118k,0,NVIDIA GeForce RTX 5090,GPU-67921d1c-ee8e-304f-b562-d6f87617c5a0,32607,30740,1448,98
2026-08-21T02:41:38.7310131+12:00,5090-deep-118k,1,NVIDIA GeForce RTX 4090,GPU-eed52936-813f-8d68-1654-bfb56cb42bc3,24564,22901,1238,0
2026-08-21T02:41:39.0603655+12:00,5090-deep-118k,0,NVIDIA GeForce RTX 5090,GPU-67921d1c-ee8e-304f-b562-d6f87617c5a0,32607,30747,1441,98
2026-08-21T02:41:39.0603655+12:00,5090-deep-118k,1,NVIDIA GeForce RTX 4090,GPU-eed52936-813f-8d68-1654-bfb56cb42bc3,24564,22901,1238,0
2026-08-21T02:41:39.3835180+12:00,5090-deep-118k,0,NVIDIA GeForce RTX 5090,GPU-67921d1c-ee8e-304f-b562-d6f87617c5a0,32607,30747,1441,98
2026-08-21T02:41:39.3835180+12:00,5090-deep-118k,1,NVIDIA GeForce RTX 4090,GPU-eed52936-813f-8d68-1654-bfb56cb42bc3,24564,22901,1238,0
2026-08-21T02:41:39.7096545+12:00,5090-deep-118k,0,NVIDIA GeForce RTX 5090,GPU-67921d1c-ee8e-304f-b562-d6f87617c5a0,32607,30752,1436,98
2026-08-21T02:41:39.7096545+12:00,5090-deep-118k,1,NVIDIA GeForce RTX 4090,GPU-eed52936-813f-8d68-1654-bfb56cb42bc3,24564,22901,1238,0
2026-08-21T02:41:40.0242794+12:00,5090-deep-118k,0,NVIDIA GeForce RTX 5090,GPU-67921d1c-ee8e-304f-b562-d6f87617c5a0,32607,30757,1431,98
2026-08-21T02:41:40.0242794+12:00,5090-deep-118k,1,NVIDIA GeForce RTX 4090,GPU-eed52936-813f-8d68-1654-bfb56cb42bc3,24564,22901,1238,0
2026-08-21T02:41:40.3547086+12:00,5090-deep-118k,0,NVIDIA GeForce RTX 5090,GPU-67921d1c-ee8e-304f-b562-d6f87617c5a0,32607,30751,1437,98
2026-08-21T02:41:40.3547086+12:00,5090-deep-118k,1,NVIDIA GeForce RTX 4090,GPU-eed52936-813f-8d68-1654-bfb56cb42bc3,24564,22901,1238,0
2026-08-21T02:41:40.6847753+12:00,5090-deep-118k,0,NVIDIA GeForce RTX 5090,GPU-67921d1c-ee8e-304f-b562-d6f87617c5a0,32607,30803,1385,98
2026-08-21T02:41:40.6847753+12:00,5090-deep-118k,1,NVIDIA GeForce RTX 4090,GPU-eed52936-813f-8d68-1654-bfb56cb42bc3,24564,22901,1238,0
2026-08-21T02:41:41.0008104+12:00,5090-deep-118k,0,NVIDIA GeForce RTX 5090,GPU-67921d1c-ee8e-304f-b562-d6f87617c5a0,32607,30799,1389,98
2026-08-21T02:41:41.0008104+12:00,5090-deep-118k,1,NVIDIA GeForce RTX 4090,GPU-eed52936-813f-8d68-1654-bfb56cb42bc3,24564,22901,1238,0
2026-08-21T02:41:41.3130092+12:00,5090-deep-118k,0,NVIDIA GeForce RTX 5090,GPU-67921d1c-ee8e-304f-b562-d6f87617c5a0,32607,30799,1389,98
2026-08-21T02:41:41.3130092+12:00,5090-deep-118k,1,NVIDIA GeForce RTX 4090,GPU-eed52936-813f-8d68-1654-bfb56cb42bc3,24564,22901,1238,0
2026-08-21T02:41:41.6257340+12:00,5090-deep-118k,0,NVIDIA GeForce RTX 5090,GPU-67921d1c-ee8e-304f-b562-d6f87617c5a0,32607,30795,1393,98
2026-08-21T02:41:41.6257340+12:00,5090-deep-118k,1,NVIDIA GeForce RTX 4090,GPU-eed52936-813f-8d68-1654-bfb56cb42bc3,24564,22901,1238,0
2026-08-21T02:41:41.9366848+12:00,5090-deep-118k,0,NVIDIA GeForce RTX 5090,GPU-67921d1c-ee8e-304f-b562-d6f87617c5a0,32607,30790,1398,98
2026-08-21T02:41:41.9366848+12:00,5090-deep-118k,1,NVIDIA GeForce RTX 4090,GPU-eed52936-813f-8d68-1654-bfb56cb42bc3,24564,22901,1238,0
2026-08-21T02:41:42.2468397+12:00,5090-deep-118k,0,NVIDIA GeForce RTX 5090,GPU-67921d1c-ee8e-304f-b562-d6f87617c5a0,32607,30790,1398,98
2026-08-21T02:41:42.2468397+12:00,5090-deep-118k,1,NVIDIA GeForce RTX 4090,GPU-eed52936-813f-8d68-1654-bfb56cb42bc3,24564,22901,1238,0
2026-08-21T02:41:42.5739384+12:00,5090-deep-118k,0,NVIDIA GeForce RTX 5090,GPU-67921d1c-ee8e-304f-b562-d6f87617c5a0,32607,30790,1398,98
2026-08-21T02:41:42.5739384+12:00,5090-deep-118k,1,NVIDIA GeForce RTX 4090,GPU-eed52936-813f-8d68-1654-bfb56cb42bc3,24564,22901,1238,0
2026-08-21T02:41:42.8844579+12:00,5090-deep-118k,0,NVIDIA GeForce RTX 5090,GPU-67921d1c-ee8e-304f-b562-d6f87617c5a0,32607,30774,1414,98
2026-08-21T02:41:42.8844579+12:00,5090-deep-118k,1,NVIDIA GeForce RTX 4090,GPU-eed52936-813f-8d68-1654-bfb56cb42bc3,24564,22901,1238,0
2026-08-21T02:41:43.2129208+12:00,5090-deep-118k,0,NVIDIA GeForce RTX 5090,GPU-67921d1c-ee8e-304f-b562-d6f87617c5a0,32607,30771,1417,98
2026-08-21T02:41:43.2129208+12:00,5090-deep-118k,1,NVIDIA GeForce RTX 4090,GPU-eed52936-813f-8d68-1654-bfb56cb42bc3,24564,22901,1238,0
2026-08-21T02:41:43.5226915+12:00,5090-deep-118k,0,NVIDIA GeForce RTX 5090,GPU-67921d1c-ee8e-304f-b562-d6f87617c5a0,32607,30771,1417,98
2026-08-21T02:41:43.5226915+12:00,5090-deep-118k,1,NVIDIA GeForce RTX 4090,GPU-eed52936-813f-8d68-1654-bfb56cb42bc3,24564,22901,1238,0
2026-08-21T02:41:43.8354206+12:00,5090-deep-118k,0,NVIDIA GeForce RTX 5090,GPU-67921d1c-ee8e-304f-b562-d6f87617c5a0,32607,30771,1417,98
2026-08-21T02:41:43.8354206+12:00,5090-deep-118k,1,NVIDIA GeForce RTX 4090,GPU-eed52936-813f-8d68-1654-bfb56cb42bc3,24564,22901,1238,0
2026-08-21T02:41:44.1461604+12:00,5090-deep-118k,0,NVIDIA GeForce RTX 5090,GPU-67921d1c-ee8e-304f-b562-d6f87617c5a0,32607,30775,1413,98
2026-08-21T02:41:44.1461604+12:00,5090-deep-118k,1,NVIDIA GeForce RTX 4090,GPU-eed52936-813f-8d68-1654-bfb56cb42bc3,24564,22901,1238,0
2026-08-21T02:41:44.4581588+12:00,5090-deep-118k,0,NVIDIA GeForce RTX 5090,GPU-67921d1c-ee8e-304f-b562-d6f87617c5a0,32607,30775,1413,98
2026-08-21T02:41:44.4581588+12:00,5090-deep-118k,1,NVIDIA GeForce RTX 4090,GPU-eed52936-813f-8d68-1654-bfb56cb42bc3,24564,22901,1238,0
2026-08-21T02:41:44.7721903+12:00,5090-deep-118k,0,NVIDIA GeForce RTX 5090,GPU-67921d1c-ee8e-304f-b562-d6f87617c5a0,32607,30776,1412,98
2026-08-21T02:41:44.7721903+12:00,5090-deep-118k,1,NVIDIA GeForce RTX 4090,GPU-eed52936-813f-8d68-1654-bfb56cb42bc3,24564,22901,1238,0
2026-08-21T02:41:45.0835541+12:00,5090-deep-118k,0,NVIDIA GeForce RTX 5090,GPU-67921d1c-ee8e-304f-b562-d6f87617c5a0,32607,30776,1412,98
2026-08-21T02:41:45.0835541+12:00,5090-deep-118k,1,NVIDIA GeForce RTX 4090,GPU-eed52936-813f-8d68-1654-bfb56cb42bc3,24564,22901,1238,0
2026-08-21T02:41:45.3951195+12:00,5090-deep-118k,0,NVIDIA GeForce RTX 5090,GPU-67921d1c-ee8e-304f-b562-d6f87617c5a0,32607,30776,1412,98
2026-08-21T02:41:45.3951195+12:00,5090-deep-118k,1,NVIDIA GeForce RTX 4090,GPU-eed52936-813f-8d68-1654-bfb56cb42bc3,24564,22901,1238,0
2026-08-21T02:41:45.7047627+12:00,5090-deep-118k,0,NVIDIA GeForce RTX 5090,GPU-67921d1c-ee8e-304f-b562-d6f87617c5a0,32607,30775,1413,98
2026-08-21T02:41:45.7047627+12:00,5090-deep-118k,1,NVIDIA GeForce RTX 4090,GPU-eed52936-813f-8d68-1654-bfb56cb42bc3,24564,22901,1238,0
2026-08-21T02:41:46.0184772+12:00,5090-deep-118k,0,NVIDIA GeForce RTX 5090,GPU-67921d1c-ee8e-304f-b562-d6f87617c5a0,32607,30761,1427,98
2026-08-21T02:41:46.0184772+12:00,5090-deep-118k,1,NVIDIA GeForce RTX 4090,GPU-eed52936-813f-8d68-1654-bfb56cb42bc3,24564,22901,1238,0
2026-08-21T02:41:46.3297667+12:00,5090-deep-118k,0,NVIDIA GeForce RTX 5090,GPU-67921d1c-ee8e-304f-b562-d6f87617c5a0,32607,30761,1427,98
2026-08-21T02:41:46.3297667+12:00,5090-deep-118k,1,NVIDIA GeForce RTX 4090,GPU-eed52936-813f-8d68-1654-bfb56cb42bc3,24564,22901,1238,0
2026-08-21T02:41:46.6379397+12:00,5090-deep-118k,0,NVIDIA GeForce RTX 5090,GPU-67921d1c-ee8e-304f-b562-d6f87617c5a0,32607,30761,1427,98
2026-08-21T02:41:46.6379397+12:00,5090-deep-118k,1,NVIDIA GeForce RTX 4090,GPU-eed52936-813f-8d68-1654-bfb56cb42bc3,24564,22901,1238,0
2026-08-21T02:41:46.9510537+12:00,5090-deep-118k,0,NVIDIA GeForce RTX 5090,GPU-67921d1c-ee8e-304f-b562-d6f87617c5a0,32607,30781,1407,98
2026-08-21T02:41:46.9510537+12:00,5090-deep-118k,1,NVIDIA GeForce RTX 4090,GPU-eed52936-813f-8d68-1654-bfb56cb42bc3,24564,22901,1238,0
2026-08-21T02:41:47.2623024+12:00,5090-deep-118k,0,NVIDIA GeForce RTX 5090,GPU-67921d1c-ee8e-304f-b562-d6f87617c5a0,32607,30783,1405,98
2026-08-21T02:41:47.2623024+12:00,5090-deep-118k,1,NVIDIA GeForce RTX 4090,GPU-eed52936-813f-8d68-1654-bfb56cb42bc3,24564,22901,1238,0
2026-08-21T02:41:47.5741005+12:00,5090-deep-118k,0,NVIDIA GeForce RTX 5090,GPU-67921d1c-ee8e-304f-b562-d6f87617c5a0,32607,30783,1405,98
2026-08-21T02:41:47.5741005+12:00,5090-deep-118k,1,NVIDIA GeForce RTX 4090,GPU-eed52936-813f-8d68-1654-bfb56cb42bc3,24564,22901,1238,0
2026-08-21T02:41:47.8847038+12:00,5090-deep-118k,0,NVIDIA GeForce RTX 5090,GPU-67921d1c-ee8e-304f-b562-d6f87617c5a0,32607,30783,1405,98
2026-08-21T02:41:47.8847038+12:00,5090-deep-118k,1,NVIDIA GeForce RTX 4090,GPU-eed52936-813f-8d68-1654-bfb56cb42bc3,24564,22901,1238,0
2026-08-21T02:41:48.1947612+12:00,5090-deep-118k,0,NVIDIA GeForce RTX 5090,GPU-67921d1c-ee8e-304f-b562-d6f87617c5a0,32607,30783,1405,98
2026-08-21T02:41:48.1947612+12:00,5090-deep-118k,1,NVIDIA GeForce RTX 4090,GPU-eed52936-813f-8d68-1654-bfb56cb42bc3,24564,22901,1238,0
2026-08-21T02:41:48.5186404+12:00,5090-deep-118k,0,NVIDIA GeForce RTX 5090,GPU-67921d1c-ee8e-304f-b562-d6f87617c5a0,32607,30780,1408,98
2026-08-21T02:41:48.5186404+12:00,5090-deep-118k,1,NVIDIA GeForce RTX 4090,GPU-eed52936-813f-8d68-1654-bfb56cb42bc3,24564,22901,1238,0
2026-08-21T02:41:48.8311346+12:00,5090-deep-118k,0,NVIDIA GeForce RTX 5090,GPU-67921d1c-ee8e-304f-b562-d6f87617c5a0,32607,30780,1408,57
2026-08-21T02:41:48.8311346+12:00,5090-deep-118k,1,NVIDIA GeForce RTX 4090,GPU-eed52936-813f-8d68-1654-bfb56cb42bc3,24564,22901,1238,0
2026-08-21T02:41:49.1576878+12:00,5090-deep-118k,0,NVIDIA GeForce RTX 5090,GPU-67921d1c-ee8e-304f-b562-d6f87617c5a0,32607,30780,1408,98
2026-08-21T02:41:49.1576878+12:00,5090-deep-118k,1,NVIDIA GeForce RTX 4090,GPU-eed52936-813f-8d68-1654-bfb56cb42bc3,24564,22901,1238,0
2026-08-21T02:41:49.4659889+12:00,5090-deep-118k,0,NVIDIA GeForce RTX 5090,GPU-67921d1c-ee8e-304f-b562-d6f87617c5a0,32607,30779,1409,98
2026-08-21T02:41:49.4659889+12:00,5090-deep-118k,1,NVIDIA GeForce RTX 4090,GPU-eed52936-813f-8d68-1654-bfb56cb42bc3,24564,22901,1238,0
2026-08-21T02:41:49.7795546+12:00,5090-deep-118k,0,NVIDIA GeForce RTX 5090,GPU-67921d1c-ee8e-304f-b562-d6f87617c5a0,32607,30779,1409,89
2026-08-21T02:41:49.7795546+12:00,5090-deep-118k,1,NVIDIA GeForce RTX 4090,GPU-eed52936-813f-8d68-1654-bfb56cb42bc3,24564,22901,1238,0
2026-08-21T02:41:50.0885425+12:00,5090-deep-118k,0,NVIDIA GeForce RTX 5090,GPU-67921d1c-ee8e-304f-b562-d6f87617c5a0,32607,30779,1409,99
2026-08-21T02:41:50.0885425+12:00,5090-deep-118k,1,NVIDIA GeForce RTX 4090,GPU-eed52936-813f-8d68-1654-bfb56cb42bc3,24564,22901,1238,0
2026-08-21T02:41:50.3997246+12:00,5090-deep-118k,0,NVIDIA GeForce RTX 5090,GPU-67921d1c-ee8e-304f-b562-d6f87617c5a0,32607,30779,1409,99
2026-08-21T02:41:50.3997246+12:00,5090-deep-118k,1,NVIDIA GeForce RTX 4090,GPU-eed52936-813f-8d68-1654-bfb56cb42bc3,24564,22901,1238,0
2026-08-21T02:41:50.7150658+12:00,5090-deep-118k,0,NVIDIA GeForce RTX 5090,GPU-67921d1c-ee8e-304f-b562-d6f87617c5a0,32607,30779,1409,99
2026-08-21T02:41:50.7150658+12:00,5090-deep-118k,1,NVIDIA GeForce RTX 4090,GPU-eed52936-813f-8d68-1654-bfb56cb42bc3,24564,22901,1238,0
2026-08-21T02:41:51.0435516+12:00,5090-deep-118k,0,NVIDIA GeForce RTX 5090,GPU-67921d1c-ee8e-304f-b562-d6f87617c5a0,32607,30779,1409,99
2026-08-21T02:41:51.0435516+12:00,5090-deep-118k,1,NVIDIA GeForce RTX 4090,GPU-eed52936-813f-8d68-1654-bfb56cb42bc3,24564,22901,1238,0
2026-08-21T02:41:51.3501038+12:00,5090-deep-118k,0,NVIDIA GeForce RTX 5090,GPU-67921d1c-ee8e-304f-b562-d6f87617c5a0,32607,30776,1412,98
2026-08-21T02:41:51.3501038+12:00,5090-deep-118k,1,NVIDIA GeForce RTX 4090,GPU-eed52936-813f-8d68-1654-bfb56cb42bc3,24564,22901,1238,0
2026-08-21T02:41:51.6640097+12:00,5090-deep-118k,0,NVIDIA GeForce RTX 5090,GPU-67921d1c-ee8e-304f-b562-d6f87617c5a0,32607,30768,1420,99
2026-08-21T02:41:51.6640097+12:00,5090-deep-118k,1,NVIDIA GeForce RTX 4090,GPU-eed52936-813f-8d68-1654-bfb56cb42bc3,24564,22901,1238,0
2026-08-21T02:41:51.9750211+12:00,5090-deep-118k,0,NVIDIA GeForce RTX 5090,GPU-67921d1c-ee8e-304f-b562-d6f87617c5a0,32607,30768,1420,99
2026-08-21T02:41:51.9750211+12:00,5090-deep-118k,1,NVIDIA GeForce RTX 4090,GPU-eed52936-813f-8d68-1654-bfb56cb42bc3,24564,22901,1238,0
2026-08-21T02:41:52.2859726+12:00,5090-deep-118k,0,NVIDIA GeForce RTX 5090,GPU-67921d1c-ee8e-304f-b562-d6f87617c5a0,32607,30735,1453,98
2026-08-21T02:41:52.2859726+12:00,5090-deep-118k,1,NVIDIA GeForce RTX 4090,GPU-eed52936-813f-8d68-1654-bfb56cb42bc3,24564,22901,1238,0
2026-08-21T02:41:52.5981964+12:00,5090-deep-118k,0,NVIDIA GeForce RTX 5090,GPU-67921d1c-ee8e-304f-b562-d6f87617c5a0,32607,30735,1453,98
2026-08-21T02:41:52.5981964+12:00,5090-deep-118k,1,NVIDIA GeForce RTX 4090,GPU-eed52936-813f-8d68-1654-bfb56cb42bc3,24564,22901,1238,0
2026-08-21T02:41:52.9068802+12:00,5090-deep-118k,0,NVIDIA GeForce RTX 5090,GPU-67921d1c-ee8e-304f-b562-d6f87617c5a0,32607,30740,1448,98
2026-08-21T02:41:52.9068802+12:00,5090-deep-118k,1,NVIDIA GeForce RTX 4090,GPU-eed52936-813f-8d68-1654-bfb56cb42bc3,24564,22901,1238,0
2026-08-21T02:41:53.2241897+12:00,5090-deep-118k,0,NVIDIA GeForce RTX 5090,GPU-67921d1c-ee8e-304f-b562-d6f87617c5a0,32607,30740,1448,99
2026-08-21T02:41:53.2241897+12:00,5090-deep-118k,1,NVIDIA GeForce RTX 4090,GPU-eed52936-813f-8d68-1654-bfb56cb42bc3,24564,22901,1238,0
2026-08-21T02:41:53.5380175+12:00,5090-deep-118k,0,NVIDIA GeForce RTX 5090,GPU-67921d1c-ee8e-304f-b562-d6f87617c5a0,32607,30740,1448,99
2026-08-21T02:41:53.5380175+12:00,5090-deep-118k,1,NVIDIA GeForce RTX 4090,GPU-eed52936-813f-8d68-1654-bfb56cb42bc3,24564,22901,1238,0
2026-08-21T02:41:53.8641069+12:00,5090-deep-118k,0,NVIDIA GeForce RTX 5090,GPU-67921d1c-ee8e-304f-b562-d6f87617c5a0,32607,30740,1448,98
2026-08-21T02:41:53.8641069+12:00,5090-deep-118k,1,NVIDIA GeForce RTX 4090,GPU-eed52936-813f-8d68-1654-bfb56cb42bc3,24564,22901,1238,0
2026-08-21T02:41:54.1931843+12:00,5090-deep-118k,0,NVIDIA GeForce RTX 5090,GPU-67921d1c-ee8e-304f-b562-d6f87617c5a0,32607,30740,1448,98
2026-08-21T02:41:54.1931843+12:00,5090-deep-118k,1,NVIDIA GeForce RTX 4090,GPU-eed52936-813f-8d68-1654-bfb56cb42bc3,24564,22901,1238,0
2026-08-21T02:41:54.5232041+12:00,5090-deep-118k,0,NVIDIA GeForce RTX 5090,GPU-67921d1c-ee8e-304f-b562-d6f87617c5a0,32607,30740,1448,98
2026-08-21T02:41:54.5232041+12:00,5090-deep-118k,1,NVIDIA GeForce RTX 4090,GPU-eed52936-813f-8d68-1654-bfb56cb42bc3,24564,22901,1238,0
2026-08-21T02:41:54.8350534+12:00,5090-deep-118k,0,NVIDIA GeForce RTX 5090,GPU-67921d1c-ee8e-304f-b562-d6f87617c5a0,32607,30739,1449,91
2026-08-21T02:41:54.8350534+12:00,5090-deep-118k,1,NVIDIA GeForce RTX 4090,GPU-eed52936-813f-8d68-1654-bfb56cb42bc3,24564,22901,1238,0
2026-08-21T02:41:55.1647254+12:00,5090-deep-118k,0,NVIDIA GeForce RTX 5090,GPU-67921d1c-ee8e-304f-b562-d6f87617c5a0,32607,30731,1457,94
2026-08-21T02:41:55.1647254+12:00,5090-deep-118k,1,NVIDIA GeForce RTX 4090,GPU-eed52936-813f-8d68-1654-bfb56cb42bc3,24564,22901,1238,0
2026-08-21T02:41:55.4794998+12:00,5090-deep-118k,0,NVIDIA GeForce RTX 5090,GPU-67921d1c-ee8e-304f-b562-d6f87617c5a0,32607,30731,1457,94
2026-08-21T02:41:55.4794998+12:00,5090-deep-118k,1,NVIDIA GeForce RTX 4090,GPU-eed52936-813f-8d68-1654-bfb56cb42bc3,24564,22901,1238,0
2026-08-21T02:41:55.7947172+12:00,5090-deep-118k,0,NVIDIA GeForce RTX 5090,GPU-67921d1c-ee8e-304f-b562-d6f87617c5a0,32607,30731,1457,91
2026-08-21T02:41:55.7947172+12:00,5090-deep-118k,1,NVIDIA GeForce RTX 4090,GPU-eed52936-813f-8d68-1654-bfb56cb42bc3,24564,22901,1238,0
2026-08-21T02:41:56.1059582+12:00,5090-deep-118k,0,NVIDIA GeForce RTX 5090,GPU-67921d1c-ee8e-304f-b562-d6f87617c5a0,32607,30727,1461,92
2026-08-21T02:41:56.1059582+12:00,5090-deep-118k,1,NVIDIA GeForce RTX 4090,GPU-eed52936-813f-8d68-1654-bfb56cb42bc3,24564,22901,1238,0
2026-08-21T02:41:56.4183987+12:00,5090-deep-118k,0,NVIDIA GeForce RTX 5090,GPU-67921d1c-ee8e-304f-b562-d6f87617c5a0,32607,30727,1461,92
2026-08-21T02:41:56.4183987+12:00,5090-deep-118k,1,NVIDIA GeForce RTX 4090,GPU-eed52936-813f-8d68-1654-bfb56cb42bc3,24564,22901,1238,0
2026-08-21T02:41:56.7331919+12:00,5090-deep-118k,0,NVIDIA GeForce RTX 5090,GPU-67921d1c-ee8e-304f-b562-d6f87617c5a0,32607,30727,1461,89
2026-08-21T02:41:56.7331919+12:00,5090-deep-118k,1,NVIDIA GeForce RTX 4090,GPU-eed52936-813f-8d68-1654-bfb56cb42bc3,24564,22901,1238,0
2026-08-21T02:41:57.0635044+12:00,5090-deep-118k,0,NVIDIA GeForce RTX 5090,GPU-67921d1c-ee8e-304f-b562-d6f87617c5a0,32607,30732,1456,94
2026-08-21T02:41:57.0635044+12:00,5090-deep-118k,1,NVIDIA GeForce RTX 4090,GPU-eed52936-813f-8d68-1654-bfb56cb42bc3,24564,22901,1238,0
2026-08-21T02:41:57.3801115+12:00,5090-deep-118k,0,NVIDIA GeForce RTX 5090,GPU-67921d1c-ee8e-304f-b562-d6f87617c5a0,32607,30732,1456,94
2026-08-21T02:41:57.3801115+12:00,5090-deep-118k,1,NVIDIA GeForce RTX 4090,GPU-eed52936-813f-8d68-1654-bfb56cb42bc3,24564,22901,1238,0
2026-08-21T02:41:57.7080625+12:00,5090-deep-118k,0,NVIDIA GeForce RTX 5090,GPU-67921d1c-ee8e-304f-b562-d6f87617c5a0,32607,30732,1456,94
2026-08-21T02:41:57.7080625+12:00,5090-deep-118k,1,NVIDIA GeForce RTX 4090,GPU-eed52936-813f-8d68-1654-bfb56cb42bc3,24564,22901,1238,0
2026-08-21T02:41:58.0187359+12:00,5090-deep-118k,0,NVIDIA GeForce RTX 5090,GPU-67921d1c-ee8e-304f-b562-d6f87617c5a0,32607,30727,1461,94
2026-08-21T02:41:58.0187359+12:00,5090-deep-118k,1,NVIDIA GeForce RTX 4090,GPU-eed52936-813f-8d68-1654-bfb56cb42bc3,24564,22901,1238,0
2026-08-21T02:41:58.3320722+12:00,5090-deep-118k,0,NVIDIA GeForce RTX 5090,GPU-67921d1c-ee8e-304f-b562-d6f87617c5a0,32607,30727,1461,95
2026-08-21T02:41:58.3320722+12:00,5090-deep-118k,1,NVIDIA GeForce RTX 4090,GPU-eed52936-813f-8d68-1654-bfb56cb42bc3,24564,22901,1238,0
2026-08-21T02:41:58.6458669+12:00,5090-deep-118k,0,NVIDIA GeForce RTX 5090,GPU-67921d1c-ee8e-304f-b562-d6f87617c5a0,32607,30727,1461,95
2026-08-21T02:41:58.6458669+12:00,5090-deep-118k,1,NVIDIA GeForce RTX 4090,GPU-eed52936-813f-8d68-1654-bfb56cb42bc3,24564,22901,1238,0
2026-08-21T02:41:58.9564462+12:00,5090-deep-118k,0,NVIDIA GeForce RTX 5090,GPU-67921d1c-ee8e-304f-b562-d6f87617c5a0,32607,30725,1463,95
2026-08-21T02:41:58.9564462+12:00,5090-deep-118k,1,NVIDIA GeForce RTX 4090,GPU-eed52936-813f-8d68-1654-bfb56cb42bc3,24564,22901,1238,0
2026-08-21T02:41:59.2676366+12:00,5090-deep-118k,0,NVIDIA GeForce RTX 5090,GPU-67921d1c-ee8e-304f-b562-d6f87617c5a0,32607,30725,1463,94
2026-08-21T02:41:59.2676366+12:00,5090-deep-118k,1,NVIDIA GeForce RTX 4090,GPU-eed52936-813f-8d68-1654-bfb56cb42bc3,24564,22901,1238,0
2026-08-21T02:41:59.5809157+12:00,5090-deep-118k,0,NVIDIA GeForce RTX 5090,GPU-67921d1c-ee8e-304f-b562-d6f87617c5a0,32607,30725,1463,92
2026-08-21T02:41:59.5809157+12:00,5090-deep-118k,1,NVIDIA GeForce RTX 4090,GPU-eed52936-813f-8d68-1654-bfb56cb42bc3,24564,22901,1238,0
2026-08-21T02:41:59.8948307+12:00,5090-deep-118k,0,NVIDIA GeForce RTX 5090,GPU-67921d1c-ee8e-304f-b562-d6f87617c5a0,32607,30724,1464,92
2026-08-21T02:41:59.8948307+12:00,5090-deep-118k,1,NVIDIA GeForce RTX 4090,GPU-eed52936-813f-8d68-1654-bfb56cb42bc3,24564,22901,1238,0
2026-08-21T02:42:00.2245778+12:00,5090-deep-118k,0,NVIDIA GeForce RTX 5090,GPU-67921d1c-ee8e-304f-b562-d6f87617c5a0,32607,30720,1468,93
2026-08-21T02:42:00.2245778+12:00,5090-deep-118k,1,NVIDIA GeForce RTX 4090,GPU-eed52936-813f-8d68-1654-bfb56cb42bc3,24564,22901,1238,0
2026-08-21T02:42:00.5384060+12:00,5090-deep-118k,0,NVIDIA GeForce RTX 5090,GPU-67921d1c-ee8e-304f-b562-d6f87617c5a0,32607,30720,1468,93
2026-08-21T02:42:00.5384060+12:00,5090-deep-118k,1,NVIDIA GeForce RTX 4090,GPU-eed52936-813f-8d68-1654-bfb56cb42bc3,24564,22901,1238,0
2026-08-21T02:42:00.8527742+12:00,5090-deep-118k,0,NVIDIA GeForce RTX 5090,GPU-67921d1c-ee8e-304f-b562-d6f87617c5a0,32607,30724,1464,92
2026-08-21T02:42:00.8527742+12:00,5090-deep-118k,1,NVIDIA GeForce RTX 4090,GPU-eed52936-813f-8d68-1654-bfb56cb42bc3,24564,22901,1238,0
2026-08-21T02:42:01.1826582+12:00,5090-deep-118k,0,NVIDIA GeForce RTX 5090,GPU-67921d1c-ee8e-304f-b562-d6f87617c5a0,32607,30724,1464,92
2026-08-21T02:42:01.1826582+12:00,5090-deep-118k,1,NVIDIA GeForce RTX 4090,GPU-eed52936-813f-8d68-1654-bfb56cb42bc3,24564,22901,1238,0
2026-08-21T02:42:01.5110076+12:00,5090-deep-118k,0,NVIDIA GeForce RTX 5090,GPU-67921d1c-ee8e-304f-b562-d6f87617c5a0,32607,30724,1464,92
2026-08-21T02:42:01.5110076+12:00,5090-deep-118k,1,NVIDIA GeForce RTX 4090,GPU-eed52936-813f-8d68-1654-bfb56cb42bc3,24564,22901,1238,0
2026-08-21T02:42:01.8213761+12:00,5090-deep-118k,0,NVIDIA GeForce RTX 5090,GPU-67921d1c-ee8e-304f-b562-d6f87617c5a0,32607,30724,1464,94
2026-08-21T02:42:01.8213761+12:00,5090-deep-118k,1,NVIDIA GeForce RTX 4090,GPU-eed52936-813f-8d68-1654-bfb56cb42bc3,24564,22901,1238,0
2026-08-21T02:42:02.1354632+12:00,5090-deep-118k,0,NVIDIA GeForce RTX 5090,GPU-67921d1c-ee8e-304f-b562-d6f87617c5a0,32607,30724,1464,95
2026-08-21T02:42:02.1354632+12:00,5090-deep-118k,1,NVIDIA GeForce RTX 4090,GPU-eed52936-813f-8d68-1654-bfb56cb42bc3,24564,22901,1238,0
2026-08-21T02:42:02.4458045+12:00,5090-deep-118k,0,NVIDIA GeForce RTX 5090,GPU-67921d1c-ee8e-304f-b562-d6f87617c5a0,32607,30724,1464,95
2026-08-21T02:42:02.4458045+12:00,5090-deep-118k,1,NVIDIA GeForce RTX 4090,GPU-eed52936-813f-8d68-1654-bfb56cb42bc3,24564,22901,1238,0
2026-08-21T02:42:02.7618880+12:00,5090-deep-118k,0,NVIDIA GeForce RTX 5090,GPU-67921d1c-ee8e-304f-b562-d6f87617c5a0,32607,30724,1464,87
2026-08-21T02:42:02.7618880+12:00,5090-deep-118k,1,NVIDIA GeForce RTX 4090,GPU-eed52936-813f-8d68-1654-bfb56cb42bc3,24564,22901,1238,0
2026-08-21T02:42:03.0766894+12:00,5090-deep-118k,0,NVIDIA GeForce RTX 5090,GPU-67921d1c-ee8e-304f-b562-d6f87617c5a0,32607,30719,1469,96
2026-08-21T02:42:03.0766894+12:00,5090-deep-118k,1,NVIDIA GeForce RTX 4090,GPU-eed52936-813f-8d68-1654-bfb56cb42bc3,24564,22901,1238,0
2026-08-21T02:42:03.3876497+12:00,5090-deep-118k,0,NVIDIA GeForce RTX 5090,GPU-67921d1c-ee8e-304f-b562-d6f87617c5a0,32607,30719,1469,96
2026-08-21T02:42:03.3876497+12:00,5090-deep-118k,1,NVIDIA GeForce RTX 4090,GPU-eed52936-813f-8d68-1654-bfb56cb42bc3,24564,22901,1238,0
2026-08-21T02:42:03.7020416+12:00,5090-deep-118k,0,NVIDIA GeForce RTX 5090,GPU-67921d1c-ee8e-304f-b562-d6f87617c5a0,32607,30719,1469,94
2026-08-21T02:42:03.7020416+12:00,5090-deep-118k,1,NVIDIA GeForce RTX 4090,GPU-eed52936-813f-8d68-1654-bfb56cb42bc3,24564,22901,1238,0
2026-08-21T02:42:04.0142665+12:00,5090-deep-118k,0,NVIDIA GeForce RTX 5090,GPU-67921d1c-ee8e-304f-b562-d6f87617c5a0,32607,30719,1469,94
2026-08-21T02:42:04.0142665+12:00,5090-deep-118k,1,NVIDIA GeForce RTX 4090,GPU-eed52936-813f-8d68-1654-bfb56cb42bc3,24564,22901,1238,0
2026-08-21T02:42:04.3253798+12:00,5090-deep-118k,0,NVIDIA GeForce RTX 5090,GPU-67921d1c-ee8e-304f-b562-d6f87617c5a0,32607,30719,1469,93
2026-08-21T02:42:04.3253798+12:00,5090-deep-118k,1,NVIDIA GeForce RTX 4090,GPU-eed52936-813f-8d68-1654-bfb56cb42bc3,24564,22901,1238,0
2026-08-21T02:42:04.6367175+12:00,5090-deep-118k,0,NVIDIA GeForce RTX 5090,GPU-67921d1c-ee8e-304f-b562-d6f87617c5a0,32607,30719,1469,93
2026-08-21T02:42:04.6367175+12:00,5090-deep-118k,1,NVIDIA GeForce RTX 4090,GPU-eed52936-813f-8d68-1654-bfb56cb42bc3,24564,22901,1238,0
2026-08-21T02:42:04.9485045+12:00,5090-deep-118k,0,NVIDIA GeForce RTX 5090,GPU-67921d1c-ee8e-304f-b562-d6f87617c5a0,32607,30724,1464,93
2026-08-21T02:42:04.9485045+12:00,5090-deep-118k,1,NVIDIA GeForce RTX 4090,GPU-eed52936-813f-8d68-1654-bfb56cb42bc3,24564,22901,1238,0
2026-08-21T02:42:05.2776892+12:00,5090-deep-118k,0,NVIDIA GeForce RTX 5090,GPU-67921d1c-ee8e-304f-b562-d6f87617c5a0,32607,30724,1464,93
2026-08-21T02:42:05.2776892+12:00,5090-deep-118k,1,NVIDIA GeForce RTX 4090,GPU-eed52936-813f-8d68-1654-bfb56cb42bc3,24564,22901,1238,0
2026-08-21T02:42:05.5895865+12:00,5090-deep-118k,0,NVIDIA GeForce RTX 5090,GPU-67921d1c-ee8e-304f-b562-d6f87617c5a0,32607,30724,1464,92
2026-08-21T02:42:05.5895865+12:00,5090-deep-118k,1,NVIDIA GeForce RTX 4090,GPU-eed52936-813f-8d68-1654-bfb56cb42bc3,24564,22901,1238,0
2026-08-21T02:42:05.9046628+12:00,5090-deep-118k,0,NVIDIA GeForce RTX 5090,GPU-67921d1c-ee8e-304f-b562-d6f87617c5a0,32607,30724,1464,92
2026-08-21T02:42:05.9046628+12:00,5090-deep-118k,1,NVIDIA GeForce RTX 4090,GPU-eed52936-813f-8d68-1654-bfb56cb42bc3,24564,22901,1238,0
2026-08-21T02:42:06.2197155+12:00,5090-deep-118k,0,NVIDIA GeForce RTX 5090,GPU-67921d1c-ee8e-304f-b562-d6f87617c5a0,32607,30724,1464,92
2026-08-21T02:42:06.2197155+12:00,5090-deep-118k,1,NVIDIA GeForce RTX 4090,GPU-eed52936-813f-8d68-1654-bfb56cb42bc3,24564,22901,1238,0
2026-08-21T02:42:06.5353609+12:00,5090-deep-118k,0,NVIDIA GeForce RTX 5090,GPU-67921d1c-ee8e-304f-b562-d6f87617c5a0,32607,30724,1464,92
2026-08-21T02:42:06.5353609+12:00,5090-deep-118k,1,NVIDIA GeForce RTX 4090,GPU-eed52936-813f-8d68-1654-bfb56cb42bc3,24564,22901,1238,0
2026-08-21T02:42:06.8490921+12:00,5090-deep-118k,0,NVIDIA GeForce RTX 5090,GPU-67921d1c-ee8e-304f-b562-d6f87617c5a0,32607,30724,1464,94
2026-08-21T02:42:06.8490921+12:00,5090-deep-118k,1,NVIDIA GeForce RTX 4090,GPU-eed52936-813f-8d68-1654-bfb56cb42bc3,24564,22901,1238,0
2026-08-21T02:42:07.1648526+12:00,5090-deep-118k,0,NVIDIA GeForce RTX 5090,GPU-67921d1c-ee8e-304f-b562-d6f87617c5a0,32607,30724,1464,94
2026-08-21T02:42:07.1648526+12:00,5090-deep-118k,1,NVIDIA GeForce RTX 4090,GPU-eed52936-813f-8d68-1654-bfb56cb42bc3,24564,22901,1238,0
2026-08-21T02:42:07.4753633+12:00,5090-deep-118k,0,NVIDIA GeForce RTX 5090,GPU-67921d1c-ee8e-304f-b562-d6f87617c5a0,32607,30724,1464,94
2026-08-21T02:42:07.4753633+12:00,5090-deep-118k,1,NVIDIA GeForce RTX 4090,GPU-eed52936-813f-8d68-1654-bfb56cb42bc3,24564,22901,1238,0
2026-08-21T02:42:07.7896512+12:00,5090-deep-118k,0,NVIDIA GeForce RTX 5090,GPU-67921d1c-ee8e-304f-b562-d6f87617c5a0,32607,30723,1465,93
2026-08-21T02:42:07.7896512+12:00,5090-deep-118k,1,NVIDIA GeForce RTX 4090,GPU-eed52936-813f-8d68-1654-bfb56cb42bc3,24564,22901,1238,0
2026-08-21T02:42:08.1040683+12:00,5090-deep-118k,0,NVIDIA GeForce RTX 5090,GPU-67921d1c-ee8e-304f-b562-d6f87617c5a0,32607,30740,1448,92
2026-08-21T02:42:08.1040683+12:00,5090-deep-118k,1,NVIDIA GeForce RTX 4090,GPU-eed52936-813f-8d68-1654-bfb56cb42bc3,24564,22901,1238,0
2026-08-21T02:42:08.4165681+12:00,5090-deep-118k,0,NVIDIA GeForce RTX 5090,GPU-67921d1c-ee8e-304f-b562-d6f87617c5a0,32607,30741,1447,92
2026-08-21T02:42:08.4165681+12:00,5090-deep-118k,1,NVIDIA GeForce RTX 4090,GPU-eed52936-813f-8d68-1654-bfb56cb42bc3,24564,22901,1238,0
2026-08-21T02:42:08.7336985+12:00,5090-deep-118k,0,NVIDIA GeForce RTX 5090,GPU-67921d1c-ee8e-304f-b562-d6f87617c5a0,32607,30741,1447,92
2026-08-21T02:42:08.7336985+12:00,5090-deep-118k,1,NVIDIA GeForce RTX 4090,GPU-eed52936-813f-8d68-1654-bfb56cb42bc3,24564,22901,1238,0
2026-08-21T02:42:09.0653102+12:00,5090-deep-118k,0,NVIDIA GeForce RTX 5090,GPU-67921d1c-ee8e-304f-b562-d6f87617c5a0,32607,30868,1320,87
2026-08-21T02:42:09.0653102+12:00,5090-deep-118k,1,NVIDIA GeForce RTX 4090,GPU-eed52936-813f-8d68-1654-bfb56cb42bc3,24564,22901,1238,0
2026-08-21T02:42:09.3736760+12:00,5090-deep-118k,0,NVIDIA GeForce RTX 5090,GPU-67921d1c-ee8e-304f-b562-d6f87617c5a0,32607,30868,1320,87
2026-08-21T02:42:09.3736760+12:00,5090-deep-118k,1,NVIDIA GeForce RTX 4090,GPU-eed52936-813f-8d68-1654-bfb56cb42bc3,24564,22901,1238,0
2026-08-21T02:42:09.7047314+12:00,5090-deep-118k,0,NVIDIA GeForce RTX 5090,GPU-67921d1c-ee8e-304f-b562-d6f87617c5a0,32607,30868,1320,90
2026-08-21T02:42:09.7047314+12:00,5090-deep-118k,1,NVIDIA GeForce RTX 4090,GPU-eed52936-813f-8d68-1654-bfb56cb42bc3,24564,22901,1238,0
2026-08-21T02:42:10.0142041+12:00,5090-deep-118k,0,NVIDIA GeForce RTX 5090,GPU-67921d1c-ee8e-304f-b562-d6f87617c5a0,32607,30867,1321,90
2026-08-21T02:42:10.0142041+12:00,5090-deep-118k,1,NVIDIA GeForce RTX 4090,GPU-eed52936-813f-8d68-1654-bfb56cb42bc3,24564,22901,1238,0
2026-08-21T02:42:10.3436860+12:00,5090-deep-118k,0,NVIDIA GeForce RTX 5090,GPU-67921d1c-ee8e-304f-b562-d6f87617c5a0,32607,30872,1316,3
2026-08-21T02:42:10.3436860+12:00,5090-deep-118k,1,NVIDIA GeForce RTX 4090,GPU-eed52936-813f-8d68-1654-bfb56cb42bc3,24564,22901,1238,0
2026-08-21T02:42:10.6532013+12:00,5090-deep-118k,0,NVIDIA GeForce RTX 5090,GPU-67921d1c-ee8e-304f-b562-d6f87617c5a0,32607,30868,1320,3
2026-08-21T02:42:10.6532013+12:00,5090-deep-118k,1,NVIDIA GeForce RTX 4090,GPU-eed52936-813f-8d68-1654-bfb56cb42bc3,24564,22901,1238,0
2026-08-21T02:42:10.9665640+12:00,5090-deep-118k,0,NVIDIA GeForce RTX 5090,GPU-67921d1c-ee8e-304f-b562-d6f87617c5a0,32607,30868,1320,3
2026-08-21T02:42:10.9665640+12:00,5090-deep-118k,1,NVIDIA GeForce RTX 4090,GPU-eed52936-813f-8d68-1654-bfb56cb42bc3,24564,22901,1238,0
2026-08-21T02:42:11.2748361+12:00,5090-deep-118k,0,NVIDIA GeForce RTX 5090,GPU-67921d1c-ee8e-304f-b562-d6f87617c5a0,32607,30868,1320,3
2026-08-21T02:42:11.2748361+12:00,5090-deep-118k,1,NVIDIA GeForce RTX 4090,GPU-eed52936-813f-8d68-1654-bfb56cb42bc3,24564,22901,1238,0
2026-08-21T02:42:11.5850983+12:00,5090-deep-118k,0,NVIDIA GeForce RTX 5090,GPU-67921d1c-ee8e-304f-b562-d6f87617c5a0,32607,30869,1319,3
2026-08-21T02:42:11.5850983+12:00,5090-deep-118k,1,NVIDIA GeForce RTX 4090,GPU-eed52936-813f-8d68-1654-bfb56cb42bc3,24564,22901,1238,0
2026-08-21T02:42:11.8978001+12:00,5090-deep-118k,0,NVIDIA GeForce RTX 5090,GPU-67921d1c-ee8e-304f-b562-d6f87617c5a0,32607,30857,1331,3
2026-08-21T02:42:11.8978001+12:00,5090-deep-118k,1,NVIDIA GeForce RTX 4090,GPU-eed52936-813f-8d68-1654-bfb56cb42bc3,24564,22901,1238,0
2026-08-21T02:42:12.2254586+12:00,5090-deep-118k,0,NVIDIA GeForce RTX 5090,GPU-67921d1c-ee8e-304f-b562-d6f87617c5a0,32607,30851,1337,3
2026-08-21T02:42:12.2254586+12:00,5090-deep-118k,1,NVIDIA GeForce RTX 4090,GPU-eed52936-813f-8d68-1654-bfb56cb42bc3,24564,22901,1238,0
2026-08-21T02:42:12.5533959+12:00,5090-deep-118k,0,NVIDIA GeForce RTX 5090,GPU-67921d1c-ee8e-304f-b562-d6f87617c5a0,32607,30851,1337,3
2026-08-21T02:42:12.5533959+12:00,5090-deep-118k,1,NVIDIA GeForce RTX 4090,GPU-eed52936-813f-8d68-1654-bfb56cb42bc3,24564,22901,1238,0
2026-08-21T02:42:12.8802446+12:00,5090-deep-118k,0,NVIDIA GeForce RTX 5090,GPU-67921d1c-ee8e-304f-b562-d6f87617c5a0,32607,30852,1336,2
2026-08-21T02:42:12.8802446+12:00,5090-deep-118k,1,NVIDIA GeForce RTX 4090,GPU-eed52936-813f-8d68-1654-bfb56cb42bc3,24564,22901,1238,0
2026-08-21T02:42:13.2100571+12:00,5090-deep-118k,0,NVIDIA GeForce RTX 5090,GPU-67921d1c-ee8e-304f-b562-d6f87617c5a0,32607,30844,1344,2
2026-08-21T02:42:13.2100571+12:00,5090-deep-118k,1,NVIDIA GeForce RTX 4090,GPU-eed52936-813f-8d68-1654-bfb56cb42bc3,24564,22901,1238,0
2026-08-21T02:42:13.5202830+12:00,5090-deep-118k,0,NVIDIA GeForce RTX 5090,GPU-67921d1c-ee8e-304f-b562-d6f87617c5a0,32607,30839,1349,2
2026-08-21T02:42:13.5202830+12:00,5090-deep-118k,1,NVIDIA GeForce RTX 4090,GPU-eed52936-813f-8d68-1654-bfb56cb42bc3,24564,22901,1238,0
2026-08-21T02:42:13.8451513+12:00,5090-deep-118k,0,NVIDIA GeForce RTX 5090,GPU-67921d1c-ee8e-304f-b562-d6f87617c5a0,32607,30839,1349,11
2026-08-21T02:42:13.8451513+12:00,5090-deep-118k,1,NVIDIA GeForce RTX 4090,GPU-eed52936-813f-8d68-1654-bfb56cb42bc3,24564,22901,1238,0
2026-08-21T02:42:14.1741363+12:00,5090-deep-118k,0,NVIDIA GeForce RTX 5090,GPU-67921d1c-ee8e-304f-b562-d6f87617c5a0,32607,30839,1349,11
2026-08-21T02:42:14.1741363+12:00,5090-deep-118k,1,NVIDIA GeForce RTX 4090,GPU-eed52936-813f-8d68-1654-bfb56cb42bc3,24564,22901,1238,0
2026-08-21T02:42:14.5028460+12:00,5090-deep-118k,0,NVIDIA GeForce RTX 5090,GPU-67921d1c-ee8e-304f-b562-d6f87617c5a0,32607,30852,1336,11
2026-08-21T02:42:14.5028460+12:00,5090-deep-118k,1,NVIDIA GeForce RTX 4090,GPU-eed52936-813f-8d68-1654-bfb56cb42bc3,24564,22901,1238,0
2026-08-21T02:42:14.8282728+12:00,5090-deep-118k,0,NVIDIA GeForce RTX 5090,GPU-67921d1c-ee8e-304f-b562-d6f87617c5a0,32607,30853,1335,11
2026-08-21T02:42:14.8282728+12:00,5090-deep-118k,1,NVIDIA GeForce RTX 4090,GPU-eed52936-813f-8d68-1654-bfb56cb42bc3,24564,22901,1238,0
2026-08-21T02:42:15.1563538+12:00,5090-deep-118k,0,NVIDIA GeForce RTX 5090,GPU-67921d1c-ee8e-304f-b562-d6f87617c5a0,32607,30848,1340,10
2026-08-21T02:42:15.1563538+12:00,5090-deep-118k,1,NVIDIA GeForce RTX 4090,GPU-eed52936-813f-8d68-1654-bfb56cb42bc3,24564,22901,1238,0
2026-08-21T02:42:15.4669863+12:00,5090-deep-118k,0,NVIDIA GeForce RTX 5090,GPU-67921d1c-ee8e-304f-b562-d6f87617c5a0,32607,30853,1335,10
2026-08-21T02:42:15.4669863+12:00,5090-deep-118k,1,NVIDIA GeForce RTX 4090,GPU-eed52936-813f-8d68-1654-bfb56cb42bc3,24564,22901,1238,0
2026-08-21T02:42:15.7917159+12:00,5090-deep-118k,0,NVIDIA GeForce RTX 5090,GPU-67921d1c-ee8e-304f-b562-d6f87617c5a0,32607,30853,1335,3
2026-08-21T02:42:15.7917159+12:00,5090-deep-118k,1,NVIDIA GeForce RTX 4090,GPU-eed52936-813f-8d68-1654-bfb56cb42bc3,24564,22901,1238,0
2026-08-21T02:42:16.1047019+12:00,5090-deep-118k,0,NVIDIA GeForce RTX 5090,GPU-67921d1c-ee8e-304f-b562-d6f87617c5a0,32607,30853,1335,2
2026-08-21T02:42:16.1047019+12:00,5090-deep-118k,1,NVIDIA GeForce RTX 4090,GPU-eed52936-813f-8d68-1654-bfb56cb42bc3,24564,22901,1238,0
2026-08-21T02:42:16.4326446+12:00,5090-deep-118k,0,NVIDIA GeForce RTX 5090,GPU-67921d1c-ee8e-304f-b562-d6f87617c5a0,32607,30851,1336,2
2026-08-21T02:42:16.4326446+12:00,5090-deep-118k,1,NVIDIA GeForce RTX 4090,GPU-eed52936-813f-8d68-1654-bfb56cb42bc3,24564,22901,1238,0
2026-08-21T02:42:16.7579549+12:00,5090-deep-118k,0,NVIDIA GeForce RTX 5090,GPU-67921d1c-ee8e-304f-b562-d6f87617c5a0,32607,30853,1335,3
2026-08-21T02:42:16.7579549+12:00,5090-deep-118k,1,NVIDIA GeForce RTX 4090,GPU-eed52936-813f-8d68-1654-bfb56cb42bc3,24564,22901,1238,0
2026-08-21T02:42:17.0973421+12:00,5090-deep-118k,0,NVIDIA GeForce RTX 5090,GPU-67921d1c-ee8e-304f-b562-d6f87617c5a0,32607,30853,1335,13
2026-08-21T02:42:17.0973421+12:00,5090-deep-118k,1,NVIDIA GeForce RTX 4090,GPU-eed52936-813f-8d68-1654-bfb56cb42bc3,24564,22901,1238,0
2026-08-21T02:42:17.4065459+12:00,5090-deep-118k,0,NVIDIA GeForce RTX 5090,GPU-67921d1c-ee8e-304f-b562-d6f87617c5a0,32607,30853,1335,13
2026-08-21T02:42:17.4065459+12:00,5090-deep-118k,1,NVIDIA GeForce RTX 4090,GPU-eed52936-813f-8d68-1654-bfb56cb42bc3,24564,22901,1238,0
2026-08-21T02:42:17.7335360+12:00,5090-deep-118k,0,NVIDIA GeForce RTX 5090,GPU-67921d1c-ee8e-304f-b562-d6f87617c5a0,32607,30853,1335,11
2026-08-21T02:42:17.7335360+12:00,5090-deep-118k,1,NVIDIA GeForce RTX 4090,GPU-eed52936-813f-8d68-1654-bfb56cb42bc3,24564,22901,1238,0
2026-08-21T02:42:18.0597071+12:00,5090-deep-118k,0,NVIDIA GeForce RTX 5090,GPU-67921d1c-ee8e-304f-b562-d6f87617c5a0,32607,30850,1338,11
2026-08-21T02:42:18.0597071+12:00,5090-deep-118k,1,NVIDIA GeForce RTX 4090,GPU-eed52936-813f-8d68-1654-bfb56cb42bc3,24564,22901,1238,0
2026-08-21T02:42:18.3980113+12:00,5090-deep-118k,0,NVIDIA GeForce RTX 5090,GPU-67921d1c-ee8e-304f-b562-d6f87617c5a0,32607,30847,1341,2
2026-08-21T02:42:18.3980113+12:00,5090-deep-118k,1,NVIDIA GeForce RTX 4090,GPU-eed52936-813f-8d68-1654-bfb56cb42bc3,24564,22901,1238,0
2026-08-21T02:42:18.7288498+12:00,5090-deep-118k,0,NVIDIA GeForce RTX 5090,GPU-67921d1c-ee8e-304f-b562-d6f87617c5a0,32607,30847,1341,3
2026-08-21T02:42:18.7288498+12:00,5090-deep-118k,1,NVIDIA GeForce RTX 4090,GPU-eed52936-813f-8d68-1654-bfb56cb42bc3,24564,22901,1238,0
2026-08-21T02:42:19.0559834+12:00,5090-deep-118k,0,NVIDIA GeForce RTX 5090,GPU-67921d1c-ee8e-304f-b562-d6f87617c5a0,32607,30846,1342,3
2026-08-21T02:42:19.0559834+12:00,5090-deep-118k,1,NVIDIA GeForce RTX 4090,GPU-eed52936-813f-8d68-1654-bfb56cb42bc3,24564,22901,1238,0
2026-08-21T02:42:19.3816705+12:00,5090-deep-118k,0,NVIDIA GeForce RTX 5090,GPU-67921d1c-ee8e-304f-b562-d6f87617c5a0,32607,30841,1347,2
2026-08-21T02:42:19.3816705+12:00,5090-deep-118k,1,NVIDIA GeForce RTX 4090,GPU-eed52936-813f-8d68-1654-bfb56cb42bc3,24564,22901,1238,0
2026-08-21T02:42:19.6936502+12:00,5090-deep-118k,0,NVIDIA GeForce RTX 5090,GPU-67921d1c-ee8e-304f-b562-d6f87617c5a0,32607,30850,1338,39
2026-08-21T02:42:19.6936502+12:00,5090-deep-118k,1,NVIDIA GeForce RTX 4090,GPU-eed52936-813f-8d68-1654-bfb56cb42bc3,24564,22901,1238,0
2026-08-21T02:42:20.0206562+12:00,5090-deep-118k,0,NVIDIA GeForce RTX 5090,GPU-67921d1c-ee8e-304f-b562-d6f87617c5a0,32607,30850,1338,39
2026-08-21T02:42:20.0206562+12:00,5090-deep-118k,1,NVIDIA GeForce RTX 4090,GPU-eed52936-813f-8d68-1654-bfb56cb42bc3,24564,22901,1238,0
2026-08-21T02:42:20.3464327+12:00,5090-deep-118k,0,NVIDIA GeForce RTX 5090,GPU-67921d1c-ee8e-304f-b562-d6f87617c5a0,32607,30850,1338,2
2026-08-21T02:42:20.3464327+12:00,5090-deep-118k,1,NVIDIA GeForce RTX 4090,GPU-eed52936-813f-8d68-1654-bfb56cb42bc3,24564,22901,1238,0
2026-08-21T02:42:20.6578788+12:00,5090-deep-118k,0,NVIDIA GeForce RTX 5090,GPU-67921d1c-ee8e-304f-b562-d6f87617c5a0,32607,30850,1338,1
2026-08-21T02:42:20.6578788+12:00,5090-deep-118k,1,NVIDIA GeForce RTX 4090,GPU-eed52936-813f-8d68-1654-bfb56cb42bc3,24564,22901,1238,0
2026-08-21T02:42:20.9692426+12:00,5090-deep-118k,0,NVIDIA GeForce RTX 5090,GPU-67921d1c-ee8e-304f-b562-d6f87617c5a0,32607,30849,1339,1
2026-08-21T02:42:20.9692426+12:00,5090-deep-118k,1,NVIDIA GeForce RTX 4090,GPU-eed52936-813f-8d68-1654-bfb56cb42bc3,24564,22901,1238,0
2026-08-21T02:42:21.3127882+12:00,5090-deep-118k,0,NVIDIA GeForce RTX 5090,GPU-67921d1c-ee8e-304f-b562-d6f87617c5a0,32607,30837,1351,11
2026-08-21T02:42:21.3127882+12:00,5090-deep-118k,1,NVIDIA GeForce RTX 4090,GPU-eed52936-813f-8d68-1654-bfb56cb42bc3,24564,22901,1238,0
2026-08-21T02:42:21.6410327+12:00,5090-deep-118k,0,NVIDIA GeForce RTX 5090,GPU-67921d1c-ee8e-304f-b562-d6f87617c5a0,32607,30833,1355,10
2026-08-21T02:42:21.6410327+12:00,5090-deep-118k,1,NVIDIA GeForce RTX 4090,GPU-eed52936-813f-8d68-1654-bfb56cb42bc3,24564,22901,1238,0
2026-08-21T02:42:21.9517680+12:00,5090-deep-118k,0,NVIDIA GeForce RTX 5090,GPU-67921d1c-ee8e-304f-b562-d6f87617c5a0,32607,30833,1355,10
2026-08-21T02:42:21.9517680+12:00,5090-deep-118k,1,NVIDIA GeForce RTX 4090,GPU-eed52936-813f-8d68-1654-bfb56cb42bc3,24564,22901,1238,0
2026-08-21T02:42:22.2793209+12:00,5090-deep-118k,0,NVIDIA GeForce RTX 5090,GPU-67921d1c-ee8e-304f-b562-d6f87617c5a0,32607,30833,1355,2
2026-08-21T02:42:22.2793209+12:00,5090-deep-118k,1,NVIDIA GeForce RTX 4090,GPU-eed52936-813f-8d68-1654-bfb56cb42bc3,24564,22901,1238,0
2026-08-21T02:42:22.5902210+12:00,5090-deep-118k,0,NVIDIA GeForce RTX 5090,GPU-67921d1c-ee8e-304f-b562-d6f87617c5a0,32607,30833,1355,1
2026-08-21T02:42:22.5902210+12:00,5090-deep-118k,1,NVIDIA GeForce RTX 4090,GPU-eed52936-813f-8d68-1654-bfb56cb42bc3,24564,22901,1238,0
2026-08-21T02:42:22.9034579+12:00,5090-deep-118k,0,NVIDIA GeForce RTX 5090,GPU-67921d1c-ee8e-304f-b562-d6f87617c5a0,32607,30832,1356,1
2026-08-21T02:42:22.9034579+12:00,5090-deep-118k,1,NVIDIA GeForce RTX 4090,GPU-eed52936-813f-8d68-1654-bfb56cb42bc3,24564,22901,1238,0
2026-08-21T02:42:23.2311328+12:00,5090-deep-118k,0,NVIDIA GeForce RTX 5090,GPU-67921d1c-ee8e-304f-b562-d6f87617c5a0,32607,30821,1367,1
2026-08-21T02:42:23.2311328+12:00,5090-deep-118k,1,NVIDIA GeForce RTX 4090,GPU-eed52936-813f-8d68-1654-bfb56cb42bc3,24564,22901,1238,0
2026-08-21T02:42:23.5608530+12:00,5090-deep-118k,0,NVIDIA GeForce RTX 5090,GPU-67921d1c-ee8e-304f-b562-d6f87617c5a0,32607,30821,1367,1
2026-08-21T02:42:23.5608530+12:00,5090-deep-118k,1,NVIDIA GeForce RTX 4090,GPU-eed52936-813f-8d68-1654-bfb56cb42bc3,24564,22901,1238,0
2026-08-21T02:42:23.8838868+12:00,5090-deep-118k,0,NVIDIA GeForce RTX 5090,GPU-67921d1c-ee8e-304f-b562-d6f87617c5a0,32607,30821,1367,1
2026-08-21T02:42:23.8838868+12:00,5090-deep-118k,1,NVIDIA GeForce RTX 4090,GPU-eed52936-813f-8d68-1654-bfb56cb42bc3,24564,22901,1238,0
2026-08-21T02:42:24.2108675+12:00,5090-deep-118k,0,NVIDIA GeForce RTX 5090,GPU-67921d1c-ee8e-304f-b562-d6f87617c5a0,32607,30821,1367,1
2026-08-21T02:42:24.2108675+12:00,5090-deep-118k,1,NVIDIA GeForce RTX 4090,GPU-eed52936-813f-8d68-1654-bfb56cb42bc3,24564,22901,1238,0
2026-08-21T02:42:24.5342348+12:00,5090-deep-118k,0,NVIDIA GeForce RTX 5090,GPU-67921d1c-ee8e-304f-b562-d6f87617c5a0,32607,30801,1387,1
2026-08-21T02:42:24.5342348+12:00,5090-deep-118k,1,NVIDIA GeForce RTX 4090,GPU-eed52936-813f-8d68-1654-bfb56cb42bc3,24564,22901,1238,0
2026-08-21T02:42:24.8455625+12:00,5090-deep-118k,0,NVIDIA GeForce RTX 5090,GPU-67921d1c-ee8e-304f-b562-d6f87617c5a0,32607,30801,1387,1
2026-08-21T02:42:24.8455625+12:00,5090-deep-118k,1,NVIDIA GeForce RTX 4090,GPU-eed52936-813f-8d68-1654-bfb56cb42bc3,24564,22901,1238,0
2026-08-21T02:42:25.1877585+12:00,5090-deep-118k,0,NVIDIA GeForce RTX 5090,GPU-67921d1c-ee8e-304f-b562-d6f87617c5a0,32607,30801,1387,11
2026-08-21T02:42:25.1877585+12:00,5090-deep-118k,1,NVIDIA GeForce RTX 4090,GPU-eed52936-813f-8d68-1654-bfb56cb42bc3,24564,22901,1238,0
2026-08-21T02:42:25.5159380+12:00,5090-deep-118k,0,NVIDIA GeForce RTX 5090,GPU-67921d1c-ee8e-304f-b562-d6f87617c5a0,32607,30869,1319,11
2026-08-21T02:42:25.5159380+12:00,5090-deep-118k,1,NVIDIA GeForce RTX 4090,GPU-eed52936-813f-8d68-1654-bfb56cb42bc3,24564,22901,1238,0
2026-08-21T02:42:25.8263606+12:00,5090-deep-118k,0,NVIDIA GeForce RTX 5090,GPU-67921d1c-ee8e-304f-b562-d6f87617c5a0,32607,30870,1318,41
2026-08-21T02:42:25.8263606+12:00,5090-deep-118k,1,NVIDIA GeForce RTX 4090,GPU-eed52936-813f-8d68-1654-bfb56cb42bc3,24564,22901,1238,0
2026-08-21T02:42:26.1511755+12:00,5090-deep-118k,0,NVIDIA GeForce RTX 5090,GPU-67921d1c-ee8e-304f-b562-d6f87617c5a0,32607,30876,1312,20
2026-08-21T02:42:26.1511755+12:00,5090-deep-118k,1,NVIDIA GeForce RTX 4090,GPU-eed52936-813f-8d68-1654-bfb56cb42bc3,24564,22901,1238,0
2026-08-21T02:42:26.4623453+12:00,5090-deep-118k,0,NVIDIA GeForce RTX 5090,GPU-67921d1c-ee8e-304f-b562-d6f87617c5a0,32607,30872,1316,20
2026-08-21T02:42:26.4623453+12:00,5090-deep-118k,1,NVIDIA GeForce RTX 4090,GPU-eed52936-813f-8d68-1654-bfb56cb42bc3,24564,22901,1238,0
2026-08-21T02:42:26.7889897+12:00,5090-deep-118k,0,NVIDIA GeForce RTX 5090,GPU-67921d1c-ee8e-304f-b562-d6f87617c5a0,32607,30870,1318,13
2026-08-21T02:42:26.7889897+12:00,5090-deep-118k,1,NVIDIA GeForce RTX 4090,GPU-eed52936-813f-8d68-1654-bfb56cb42bc3,24564,22901,1238,0
2026-08-21T02:42:27.1025720+12:00,5090-deep-118k,0,NVIDIA GeForce RTX 5090,GPU-67921d1c-ee8e-304f-b562-d6f87617c5a0,32607,30870,1318,2
2026-08-21T02:42:27.1025720+12:00,5090-deep-118k,1,NVIDIA GeForce RTX 4090,GPU-eed52936-813f-8d68-1654-bfb56cb42bc3,24564,22901,1238,0
2026-08-21T02:42:27.4153719+12:00,5090-deep-118k,0,NVIDIA GeForce RTX 5090,GPU-67921d1c-ee8e-304f-b562-d6f87617c5a0,32607,30870,1318,2
2026-08-21T02:42:27.4153719+12:00,5090-deep-118k,1,NVIDIA GeForce RTX 4090,GPU-eed52936-813f-8d68-1654-bfb56cb42bc3,24564,22901,1238,0
2026-08-21T02:42:27.7240164+12:00,5090-deep-118k,0,NVIDIA GeForce RTX 5090,GPU-67921d1c-ee8e-304f-b562-d6f87617c5a0,32607,30863,1325,3
2026-08-21T02:42:27.7240164+12:00,5090-deep-118k,1,NVIDIA GeForce RTX 4090,GPU-eed52936-813f-8d68-1654-bfb56cb42bc3,24564,22901,1238,0
2026-08-21T02:42:28.0505406+12:00,5090-deep-118k,0,NVIDIA GeForce RTX 5090,GPU-67921d1c-ee8e-304f-b562-d6f87617c5a0,32607,30854,1334,3
2026-08-21T02:42:28.0505406+12:00,5090-deep-118k,1,NVIDIA GeForce RTX 4090,GPU-eed52936-813f-8d68-1654-bfb56cb42bc3,24564,22901,1238,0
2026-08-21T02:42:28.3767382+12:00,5090-deep-118k,0,NVIDIA GeForce RTX 5090,GPU-67921d1c-ee8e-304f-b562-d6f87617c5a0,32607,30854,1334,1
2026-08-21T02:42:28.3767382+12:00,5090-deep-118k,1,NVIDIA GeForce RTX 4090,GPU-eed52936-813f-8d68-1654-bfb56cb42bc3,24564,22901,1238,0
2026-08-21T02:42:28.6899133+12:00,5090-deep-118k,0,NVIDIA GeForce RTX 5090,GPU-67921d1c-ee8e-304f-b562-d6f87617c5a0,32607,30854,1334,1
2026-08-21T02:42:28.6899133+12:00,5090-deep-118k,1,NVIDIA GeForce RTX 4090,GPU-eed52936-813f-8d68-1654-bfb56cb42bc3,24564,22901,1238,0
2026-08-21T02:42:29.0184219+12:00,5090-deep-118k,0,NVIDIA GeForce RTX 5090,GPU-67921d1c-ee8e-304f-b562-d6f87617c5a0,32607,30858,1330,1
2026-08-21T02:42:29.0184219+12:00,5090-deep-118k,1,NVIDIA GeForce RTX 4090,GPU-eed52936-813f-8d68-1654-bfb56cb42bc3,24564,22901,1238,0
2026-08-21T02:42:29.3427888+12:00,5090-deep-118k,0,NVIDIA GeForce RTX 5090,GPU-67921d1c-ee8e-304f-b562-d6f87617c5a0,32607,30858,1330,11
2026-08-21T02:42:29.3427888+12:00,5090-deep-118k,1,NVIDIA GeForce RTX 4090,GPU-eed52936-813f-8d68-1654-bfb56cb42bc3,24564,22901,1238,0
2026-08-21T02:42:29.6676299+12:00,5090-deep-118k,0,NVIDIA GeForce RTX 5090,GPU-67921d1c-ee8e-304f-b562-d6f87617c5a0,32607,30858,1330,10
2026-08-21T02:42:29.6676299+12:00,5090-deep-118k,1,NVIDIA GeForce RTX 4090,GPU-eed52936-813f-8d68-1654-bfb56cb42bc3,24564,22901,1238,0
2026-08-21T02:42:29.9951661+12:00,5090-deep-118k,0,NVIDIA GeForce RTX 5090,GPU-67921d1c-ee8e-304f-b562-d6f87617c5a0,32607,30858,1330,10
2026-08-21T02:42:29.9951661+12:00,5090-deep-118k,1,NVIDIA GeForce RTX 4090,GPU-eed52936-813f-8d68-1654-bfb56cb42bc3,24564,22901,1238,0
2026-08-21T02:42:30.3202457+12:00,5090-deep-118k,0,NVIDIA GeForce RTX 5090,GPU-67921d1c-ee8e-304f-b562-d6f87617c5a0,32607,30858,1330,2
2026-08-21T02:42:30.3202457+12:00,5090-deep-118k,1,NVIDIA GeForce RTX 4090,GPU-eed52936-813f-8d68-1654-bfb56cb42bc3,24564,22901,1238,0
2026-08-21T02:42:30.6474033+12:00,5090-deep-118k,0,NVIDIA GeForce RTX 5090,GPU-67921d1c-ee8e-304f-b562-d6f87617c5a0,32607,30858,1330,2
2026-08-21T02:42:30.6474033+12:00,5090-deep-118k,1,NVIDIA GeForce RTX 4090,GPU-eed52936-813f-8d68-1654-bfb56cb42bc3,24564,22901,1238,0
2026-08-21T02:42:30.9580103+12:00,5090-deep-118k,0,NVIDIA GeForce RTX 5090,GPU-67921d1c-ee8e-304f-b562-d6f87617c5a0,32607,30848,1340,2
2026-08-21T02:42:30.9580103+12:00,5090-deep-118k,1,NVIDIA GeForce RTX 4090,GPU-eed52936-813f-8d68-1654-bfb56cb42bc3,24564,22901,1238,0
2026-08-21T02:42:31.2966779+12:00,5090-deep-118k,0,NVIDIA GeForce RTX 5090,GPU-67921d1c-ee8e-304f-b562-d6f87617c5a0,32607,30839,1349,1
2026-08-21T02:42:31.2966779+12:00,5090-deep-118k,1,NVIDIA GeForce RTX 4090,GPU-eed52936-813f-8d68-1654-bfb56cb42bc3,24564,22901,1238,0
2026-08-21T02:42:31.6263090+12:00,5090-deep-118k,0,NVIDIA GeForce RTX 5090,GPU-67921d1c-ee8e-304f-b562-d6f87617c5a0,32607,30839,1349,1
2026-08-21T02:42:31.6263090+12:00,5090-deep-118k,1,NVIDIA GeForce RTX 4090,GPU-eed52936-813f-8d68-1654-bfb56cb42bc3,24564,22901,1238,0
2026-08-21T02:42:31.9529892+12:00,5090-deep-118k,0,NVIDIA GeForce RTX 5090,GPU-67921d1c-ee8e-304f-b562-d6f87617c5a0,32607,30824,1364,1
2026-08-21T02:42:31.9529892+12:00,5090-deep-118k,1,NVIDIA GeForce RTX 4090,GPU-eed52936-813f-8d68-1654-bfb56cb42bc3,24564,22901,1238,0
2026-08-21T02:42:32.2799571+12:00,5090-deep-118k,0,NVIDIA GeForce RTX 5090,GPU-67921d1c-ee8e-304f-b562-d6f87617c5a0,32607,30820,1368,1
2026-08-21T02:42:32.2799571+12:00,5090-deep-118k,1,NVIDIA GeForce RTX 4090,GPU-eed52936-813f-8d68-1654-bfb56cb42bc3,24564,22901,1238,0
2026-08-21T02:42:32.6079623+12:00,5090-deep-118k,0,NVIDIA GeForce RTX 5090,GPU-67921d1c-ee8e-304f-b562-d6f87617c5a0,32607,30820,1368,1
2026-08-21T02:42:32.6079623+12:00,5090-deep-118k,1,NVIDIA GeForce RTX 4090,GPU-eed52936-813f-8d68-1654-bfb56cb42bc3,24564,22901,1238,0
2026-08-21T02:42:32.9334561+12:00,5090-deep-118k,0,NVIDIA GeForce RTX 5090,GPU-67921d1c-ee8e-304f-b562-d6f87617c5a0,32607,30825,1363,1
2026-08-21T02:42:32.9334561+12:00,5090-deep-118k,1,NVIDIA GeForce RTX 4090,GPU-eed52936-813f-8d68-1654-bfb56cb42bc3,24564,22901,1238,0
2026-08-21T02:42:33.2619774+12:00,5090-deep-118k,0,NVIDIA GeForce RTX 5090,GPU-67921d1c-ee8e-304f-b562-d6f87617c5a0,32607,30825,1363,10
2026-08-21T02:42:33.2619774+12:00,5090-deep-118k,1,NVIDIA GeForce RTX 4090,GPU-eed52936-813f-8d68-1654-bfb56cb42bc3,24564,22901,1238,0
2026-08-21T02:42:33.5904827+12:00,5090-deep-118k,0,NVIDIA GeForce RTX 5090,GPU-67921d1c-ee8e-304f-b562-d6f87617c5a0,32607,30827,1361,10
2026-08-21T02:42:33.5904827+12:00,5090-deep-118k,1,NVIDIA GeForce RTX 4090,GPU-eed52936-813f-8d68-1654-bfb56cb42bc3,24564,22901,1238,0
2026-08-21T02:42:33.8996637+12:00,5090-deep-118k,0,NVIDIA GeForce RTX 5090,GPU-67921d1c-ee8e-304f-b562-d6f87617c5a0,32607,30843,1345,10
2026-08-21T02:42:33.8996637+12:00,5090-deep-118k,1,NVIDIA GeForce RTX 4090,GPU-eed52936-813f-8d68-1654-bfb56cb42bc3,24564,22901,1238,0
2026-08-21T02:42:34.2260488+12:00,5090-deep-118k,0,NVIDIA GeForce RTX 5090,GPU-67921d1c-ee8e-304f-b562-d6f87617c5a0,32607,30843,1345,4
2026-08-21T02:42:34.2260488+12:00,5090-deep-118k,1,NVIDIA GeForce RTX 4090,GPU-eed52936-813f-8d68-1654-bfb56cb42bc3,24564,22901,1238,0
2026-08-21T02:42:34.5512048+12:00,5090-deep-118k,0,NVIDIA GeForce RTX 5090,GPU-67921d1c-ee8e-304f-b562-d6f87617c5a0,32607,30843,1345,4
2026-08-21T02:42:34.5512048+12:00,5090-deep-118k,1,NVIDIA GeForce RTX 4090,GPU-eed52936-813f-8d68-1654-bfb56cb42bc3,24564,22901,1238,0
2026-08-21T02:42:34.8754950+12:00,5090-deep-118k,0,NVIDIA GeForce RTX 5090,GPU-67921d1c-ee8e-304f-b562-d6f87617c5a0,32607,30843,1345,1
2026-08-21T02:42:34.8754950+12:00,5090-deep-118k,1,NVIDIA GeForce RTX 4090,GPU-eed52936-813f-8d68-1654-bfb56cb42bc3,24564,22901,1238,0
2026-08-21T02:42:35.2015984+12:00,5090-deep-118k,0,NVIDIA GeForce RTX 5090,GPU-67921d1c-ee8e-304f-b562-d6f87617c5a0,32607,30843,1345,1
2026-08-21T02:42:35.2015984+12:00,5090-deep-118k,1,NVIDIA GeForce RTX 4090,GPU-eed52936-813f-8d68-1654-bfb56cb42bc3,24564,22901,1238,0
2026-08-21T02:42:35.5284499+12:00,5090-deep-118k,0,NVIDIA GeForce RTX 5090,GPU-67921d1c-ee8e-304f-b562-d6f87617c5a0,32607,30843,1345,1
2026-08-21T02:42:35.5284499+12:00,5090-deep-118k,1,NVIDIA GeForce RTX 4090,GPU-eed52936-813f-8d68-1654-bfb56cb42bc3,24564,22901,1238,0
2026-08-21T02:42:35.8550985+12:00,5090-deep-118k,0,NVIDIA GeForce RTX 5090,GPU-67921d1c-ee8e-304f-b562-d6f87617c5a0,32607,30838,1350,1
2026-08-21T02:42:35.8550985+12:00,5090-deep-118k,1,NVIDIA GeForce RTX 4090,GPU-eed52936-813f-8d68-1654-bfb56cb42bc3,24564,22901,1238,0
2026-08-21T02:42:36.1820193+12:00,5090-deep-118k,0,NVIDIA GeForce RTX 5090,GPU-67921d1c-ee8e-304f-b562-d6f87617c5a0,32607,30833,1355,1
2026-08-21T02:42:36.1820193+12:00,5090-deep-118k,1,NVIDIA GeForce RTX 4090,GPU-eed52936-813f-8d68-1654-bfb56cb42bc3,24564,22901,1238,0
2026-08-21T02:42:36.4954105+12:00,5090-deep-118k,0,NVIDIA GeForce RTX 5090,GPU-67921d1c-ee8e-304f-b562-d6f87617c5a0,32607,30833,1355,1
2026-08-21T02:42:36.4954105+12:00,5090-deep-118k,1,NVIDIA GeForce RTX 4090,GPU-eed52936-813f-8d68-1654-bfb56cb42bc3,24564,22901,1238,0
2026-08-21T02:42:36.8238795+12:00,5090-deep-118k,0,NVIDIA GeForce RTX 5090,GPU-67921d1c-ee8e-304f-b562-d6f87617c5a0,32607,30837,1351,1
2026-08-21T02:42:36.8238795+12:00,5090-deep-118k,1,NVIDIA GeForce RTX 4090,GPU-eed52936-813f-8d68-1654-bfb56cb42bc3,24564,22901,1238,0
2026-08-21T02:42:37.1551677+12:00,5090-deep-118k,0,NVIDIA GeForce RTX 5090,GPU-67921d1c-ee8e-304f-b562-d6f87617c5a0,32607,30838,1350,11
2026-08-21T02:42:37.1551677+12:00,5090-deep-118k,1,NVIDIA GeForce RTX 4090,GPU-eed52936-813f-8d68-1654-bfb56cb42bc3,24564,22901,1238,0
2026-08-21T02:42:37.4913288+12:00,5090-deep-118k,0,NVIDIA GeForce RTX 5090,GPU-67921d1c-ee8e-304f-b562-d6f87617c5a0,32607,30843,1345,11
2026-08-21T02:42:37.4913288+12:00,5090-deep-118k,1,NVIDIA GeForce RTX 4090,GPU-eed52936-813f-8d68-1654-bfb56cb42bc3,24564,22901,1238,0
2026-08-21T02:42:37.8176716+12:00,5090-deep-118k,0,NVIDIA GeForce RTX 5090,GPU-67921d1c-ee8e-304f-b562-d6f87617c5a0,32607,30843,1345,22
2026-08-21T02:42:37.8176716+12:00,5090-deep-118k,1,NVIDIA GeForce RTX 4090,GPU-eed52936-813f-8d68-1654-bfb56cb42bc3,24564,22901,1238,0
2026-08-21T02:42:38.1298586+12:00,5090-deep-118k,0,NVIDIA GeForce RTX 5090,GPU-67921d1c-ee8e-304f-b562-d6f87617c5a0,32607,30843,1345,3
2026-08-21T02:42:38.1298586+12:00,5090-deep-118k,1,NVIDIA GeForce RTX 4090,GPU-eed52936-813f-8d68-1654-bfb56cb42bc3,24564,22901,1238,0
2026-08-21T02:42:38.4435702+12:00,5090-deep-118k,0,NVIDIA GeForce RTX 5090,GPU-67921d1c-ee8e-304f-b562-d6f87617c5a0,32607,30854,1334,3
2026-08-21T02:42:38.4435702+12:00,5090-deep-118k,1,NVIDIA GeForce RTX 4090,GPU-eed52936-813f-8d68-1654-bfb56cb42bc3,24564,22901,1238,0
2026-08-21T02:42:38.7732149+12:00,5090-deep-118k,0,NVIDIA GeForce RTX 5090,GPU-67921d1c-ee8e-304f-b562-d6f87617c5a0,32607,30854,1334,17
2026-08-21T02:42:38.7732149+12:00,5090-deep-118k,1,NVIDIA GeForce RTX 4090,GPU-eed52936-813f-8d68-1654-bfb56cb42bc3,24564,22901,1238,0
2026-08-21T02:42:39.0997733+12:00,5090-deep-118k,0,NVIDIA GeForce RTX 5090,GPU-67921d1c-ee8e-304f-b562-d6f87617c5a0,32607,30854,1334,1
2026-08-21T02:42:39.0997733+12:00,5090-deep-118k,1,NVIDIA GeForce RTX 4090,GPU-eed52936-813f-8d68-1654-bfb56cb42bc3,24564,22901,1238,0
2026-08-21T02:42:39.4131583+12:00,5090-deep-118k,0,NVIDIA GeForce RTX 5090,GPU-67921d1c-ee8e-304f-b562-d6f87617c5a0,32607,30854,1334,1
2026-08-21T02:42:39.4131583+12:00,5090-deep-118k,1,NVIDIA GeForce RTX 4090,GPU-eed52936-813f-8d68-1654-bfb56cb42bc3,24564,22901,1238,0
2026-08-21T02:42:39.7266008+12:00,5090-deep-118k,0,NVIDIA GeForce RTX 5090,GPU-67921d1c-ee8e-304f-b562-d6f87617c5a0,32607,30854,1334,23
2026-08-21T02:42:39.7266008+12:00,5090-deep-118k,1,NVIDIA GeForce RTX 4090,GPU-eed52936-813f-8d68-1654-bfb56cb42bc3,24564,22901,1238,0
2026-08-21T02:42:40.0553821+12:00,5090-deep-118k,0,NVIDIA GeForce RTX 5090,GPU-67921d1c-ee8e-304f-b562-d6f87617c5a0,32607,30849,1339,23
2026-08-21T02:42:40.0553821+12:00,5090-deep-118k,1,NVIDIA GeForce RTX 4090,GPU-eed52936-813f-8d68-1654-bfb56cb42bc3,24564,22901,1238,0
2026-08-21T02:42:40.3812056+12:00,5090-deep-118k,0,NVIDIA GeForce RTX 5090,GPU-67921d1c-ee8e-304f-b562-d6f87617c5a0,32607,30849,1339,2
2026-08-21T02:42:40.3812056+12:00,5090-deep-118k,1,NVIDIA GeForce RTX 4090,GPU-eed52936-813f-8d68-1654-bfb56cb42bc3,24564,22901,1238,0
2026-08-21T02:42:40.7064335+12:00,5090-deep-118k,0,NVIDIA GeForce RTX 5090,GPU-67921d1c-ee8e-304f-b562-d6f87617c5a0,32607,30849,1339,1
2026-08-21T02:42:40.7064335+12:00,5090-deep-118k,1,NVIDIA GeForce RTX 4090,GPU-eed52936-813f-8d68-1654-bfb56cb42bc3,24564,22901,1238,0
2026-08-21T02:42:41.0365298+12:00,5090-deep-118k,0,NVIDIA GeForce RTX 5090,GPU-67921d1c-ee8e-304f-b562-d6f87617c5a0,32607,30850,1338,1
2026-08-21T02:42:41.0365298+12:00,5090-deep-118k,1,NVIDIA GeForce RTX 4090,GPU-eed52936-813f-8d68-1654-bfb56cb42bc3,24564,22901,1238,0
2026-08-21T02:42:41.3619844+12:00,5090-deep-118k,0,NVIDIA GeForce RTX 5090,GPU-67921d1c-ee8e-304f-b562-d6f87617c5a0,32607,30850,1338,24
2026-08-21T02:42:41.3619844+12:00,5090-deep-118k,1,NVIDIA GeForce RTX 4090,GPU-eed52936-813f-8d68-1654-bfb56cb42bc3,24564,22901,1238,0
2026-08-21T02:42:41.6729892+12:00,5090-deep-118k,0,NVIDIA GeForce RTX 5090,GPU-67921d1c-ee8e-304f-b562-d6f87617c5a0,32607,30850,1338,11
2026-08-21T02:42:41.6729892+12:00,5090-deep-118k,1,NVIDIA GeForce RTX 4090,GPU-eed52936-813f-8d68-1654-bfb56cb42bc3,24564,22901,1238,0
2026-08-21T02:42:41.9826617+12:00,5090-deep-118k,0,NVIDIA GeForce RTX 5090,GPU-67921d1c-ee8e-304f-b562-d6f87617c5a0,32607,30850,1338,11
2026-08-21T02:42:41.9826617+12:00,5090-deep-118k,1,NVIDIA GeForce RTX 4090,GPU-eed52936-813f-8d68-1654-bfb56cb42bc3,24564,22901,1238,0
2026-08-21T02:42:42.3078281+12:00,5090-deep-118k,0,NVIDIA GeForce RTX 5090,GPU-67921d1c-ee8e-304f-b562-d6f87617c5a0,32607,30850,1338,10
2026-08-21T02:42:42.3078281+12:00,5090-deep-118k,1,NVIDIA GeForce RTX 4090,GPU-eed52936-813f-8d68-1654-bfb56cb42bc3,24564,22901,1238,0
2026-08-21T02:42:42.6336837+12:00,5090-deep-118k,0,NVIDIA GeForce RTX 5090,GPU-67921d1c-ee8e-304f-b562-d6f87617c5a0,32607,30850,1338,2
2026-08-21T02:42:42.6336837+12:00,5090-deep-118k,1,NVIDIA GeForce RTX 4090,GPU-eed52936-813f-8d68-1654-bfb56cb42bc3,24564,22901,1238,0
2026-08-21T02:42:42.9441195+12:00,5090-deep-118k,0,NVIDIA GeForce RTX 5090,GPU-67921d1c-ee8e-304f-b562-d6f87617c5a0,32607,30850,1338,2
2026-08-21T02:42:42.9441195+12:00,5090-deep-118k,1,NVIDIA GeForce RTX 4090,GPU-eed52936-813f-8d68-1654-bfb56cb42bc3,24564,22901,1238,0
2026-08-21T02:42:43.2725459+12:00,5090-deep-118k,0,NVIDIA GeForce RTX 5090,GPU-67921d1c-ee8e-304f-b562-d6f87617c5a0,32607,30850,1338,2
2026-08-21T02:42:43.2725459+12:00,5090-deep-118k,1,NVIDIA GeForce RTX 4090,GPU-eed52936-813f-8d68-1654-bfb56cb42bc3,24564,22901,1238,0
2026-08-21T02:42:43.5818756+12:00,5090-deep-118k,0,NVIDIA GeForce RTX 5090,GPU-67921d1c-ee8e-304f-b562-d6f87617c5a0,32607,30850,1338,23
2026-08-21T02:42:43.5818756+12:00,5090-deep-118k,1,NVIDIA GeForce RTX 4090,GPU-eed52936-813f-8d68-1654-bfb56cb42bc3,24564,22901,1238,0
2026-08-21T02:42:43.9106270+12:00,5090-deep-118k,0,NVIDIA GeForce RTX 5090,GPU-67921d1c-ee8e-304f-b562-d6f87617c5a0,32607,30861,1327,23
2026-08-21T02:42:43.9106270+12:00,5090-deep-118k,1,NVIDIA GeForce RTX 4090,GPU-eed52936-813f-8d68-1654-bfb56cb42bc3,24564,22901,1238,0
2026-08-21T02:42:44.2379214+12:00,5090-deep-118k,0,NVIDIA GeForce RTX 5090,GPU-67921d1c-ee8e-304f-b562-d6f87617c5a0,32607,30861,1327,12
2026-08-21T02:42:44.2379214+12:00,5090-deep-118k,1,NVIDIA GeForce RTX 4090,GPU-eed52936-813f-8d68-1654-bfb56cb42bc3,24564,22901,1238,0
2026-08-21T02:42:44.5547381+12:00,5090-deep-118k,0,NVIDIA GeForce RTX 5090,GPU-67921d1c-ee8e-304f-b562-d6f87617c5a0,32607,30861,1327,12
2026-08-21T02:42:44.5547381+12:00,5090-deep-118k,1,NVIDIA GeForce RTX 4090,GPU-eed52936-813f-8d68-1654-bfb56cb42bc3,24564,22901,1238,0
2026-08-21T02:42:44.8827619+12:00,5090-deep-118k,0,NVIDIA GeForce RTX 5090,GPU-67921d1c-ee8e-304f-b562-d6f87617c5a0,32607,30862,1326,24
2026-08-21T02:42:44.8827619+12:00,5090-deep-118k,1,NVIDIA GeForce RTX 4090,GPU-eed52936-813f-8d68-1654-bfb56cb42bc3,24564,22901,1238,0
2026-08-21T02:42:45.2192044+12:00,5090-deep-118k,0,NVIDIA GeForce RTX 5090,GPU-67921d1c-ee8e-304f-b562-d6f87617c5a0,32607,30862,1326,11
2026-08-21T02:42:45.2192044+12:00,5090-deep-118k,1,NVIDIA GeForce RTX 4090,GPU-eed52936-813f-8d68-1654-bfb56cb42bc3,24564,22901,1238,0
2026-08-21T02:42:45.5377606+12:00,5090-deep-118k,0,NVIDIA GeForce RTX 5090,GPU-67921d1c-ee8e-304f-b562-d6f87617c5a0,32607,30862,1326,11
2026-08-21T02:42:45.5377606+12:00,5090-deep-118k,1,NVIDIA GeForce RTX 4090,GPU-eed52936-813f-8d68-1654-bfb56cb42bc3,24564,22901,1238,0
2026-08-21T02:42:45.8485614+12:00,5090-deep-118k,0,NVIDIA GeForce RTX 5090,GPU-67921d1c-ee8e-304f-b562-d6f87617c5a0,32607,30861,1327,11
2026-08-21T02:42:45.8485614+12:00,5090-deep-118k,1,NVIDIA GeForce RTX 4090,GPU-eed52936-813f-8d68-1654-bfb56cb42bc3,24564,22901,1238,0
2026-08-21T02:42:46.1780595+12:00,5090-deep-118k,0,NVIDIA GeForce RTX 5090,GPU-67921d1c-ee8e-304f-b562-d6f87617c5a0,32607,30853,1335,1
2026-08-21T02:42:46.1780595+12:00,5090-deep-118k,1,NVIDIA GeForce RTX 4090,GPU-eed52936-813f-8d68-1654-bfb56cb42bc3,24564,22901,1238,0
2026-08-21T02:42:46.5178126+12:00,5090-deep-118k,0,NVIDIA GeForce RTX 5090,GPU-67921d1c-ee8e-304f-b562-d6f87617c5a0,32607,30874,1314,1
2026-08-21T02:42:46.5178126+12:00,5090-deep-118k,1,NVIDIA GeForce RTX 4090,GPU-eed52936-813f-8d68-1654-bfb56cb42bc3,24564,22901,1238,0
2026-08-21T02:42:46.8424101+12:00,5090-deep-118k,0,NVIDIA GeForce RTX 5090,GPU-67921d1c-ee8e-304f-b562-d6f87617c5a0,32607,30877,1311,11
2026-08-21T02:42:46.8424101+12:00,5090-deep-118k,1,NVIDIA GeForce RTX 4090,GPU-eed52936-813f-8d68-1654-bfb56cb42bc3,24564,22901,1238,0
2026-08-21T02:42:47.1697740+12:00,5090-deep-118k,0,NVIDIA GeForce RTX 5090,GPU-67921d1c-ee8e-304f-b562-d6f87617c5a0,32607,30877,1311,2
2026-08-21T02:42:47.1697740+12:00,5090-deep-118k,1,NVIDIA GeForce RTX 4090,GPU-eed52936-813f-8d68-1654-bfb56cb42bc3,24564,22901,1238,0
2026-08-21T02:42:47.4960449+12:00,5090-deep-118k,0,NVIDIA GeForce RTX 5090,GPU-67921d1c-ee8e-304f-b562-d6f87617c5a0,32607,30877,1311,2
2026-08-21T02:42:47.4960449+12:00,5090-deep-118k,1,NVIDIA GeForce RTX 4090,GPU-eed52936-813f-8d68-1654-bfb56cb42bc3,24564,22901,1238,0
2026-08-21T02:42:47.8205825+12:00,5090-deep-118k,0,NVIDIA GeForce RTX 5090,GPU-67921d1c-ee8e-304f-b562-d6f87617c5a0,32607,30875,1313,12
2026-08-21T02:42:47.8205825+12:00,5090-deep-118k,1,NVIDIA GeForce RTX 4090,GPU-eed52936-813f-8d68-1654-bfb56cb42bc3,24564,22901,1238,0
2026-08-21T02:42:48.1473203+12:00,5090-deep-118k,0,NVIDIA GeForce RTX 5090,GPU-67921d1c-ee8e-304f-b562-d6f87617c5a0,32607,30871,1317,9
2026-08-21T02:42:48.1473203+12:00,5090-deep-118k,1,NVIDIA GeForce RTX 4090,GPU-eed52936-813f-8d68-1654-bfb56cb42bc3,24564,22901,1238,0
2026-08-21T02:42:48.4578066+12:00,5090-deep-118k,0,NVIDIA GeForce RTX 5090,GPU-67921d1c-ee8e-304f-b562-d6f87617c5a0,32607,30871,1317,9
2026-08-21T02:42:48.4578066+12:00,5090-deep-118k,1,NVIDIA GeForce RTX 4090,GPU-eed52936-813f-8d68-1654-bfb56cb42bc3,24564,22901,1238,0
2026-08-21T02:42:48.7859026+12:00,5090-deep-118k,0,NVIDIA GeForce RTX 5090,GPU-67921d1c-ee8e-304f-b562-d6f87617c5a0,32607,30871,1317,5
2026-08-21T02:42:48.7859026+12:00,5090-deep-118k,1,NVIDIA GeForce RTX 4090,GPU-eed52936-813f-8d68-1654-bfb56cb42bc3,24564,22901,1238,0
2026-08-21T02:42:49.1142836+12:00,5090-deep-118k,0,NVIDIA GeForce RTX 5090,GPU-67921d1c-ee8e-304f-b562-d6f87617c5a0,32607,30866,1322,13
2026-08-21T02:42:49.1142836+12:00,5090-deep-118k,1,NVIDIA GeForce RTX 4090,GPU-eed52936-813f-8d68-1654-bfb56cb42bc3,24564,22901,1238,0
2026-08-21T02:42:49.4252034+12:00,5090-deep-118k,0,NVIDIA GeForce RTX 5090,GPU-67921d1c-ee8e-304f-b562-d6f87617c5a0,32607,30866,1322,13
2026-08-21T02:42:49.4252034+12:00,5090-deep-118k,1,NVIDIA GeForce RTX 4090,GPU-eed52936-813f-8d68-1654-bfb56cb42bc3,24564,22901,1238,0
2026-08-21T02:42:49.7531415+12:00,5090-deep-118k,0,NVIDIA GeForce RTX 5090,GPU-67921d1c-ee8e-304f-b562-d6f87617c5a0,32607,30866,1322,14
2026-08-21T02:42:49.7531415+12:00,5090-deep-118k,1,NVIDIA GeForce RTX 4090,GPU-eed52936-813f-8d68-1654-bfb56cb42bc3,24564,22901,1238,0
2026-08-21T02:42:50.0780079+12:00,5090-deep-118k,0,NVIDIA GeForce RTX 5090,GPU-67921d1c-ee8e-304f-b562-d6f87617c5a0,32607,30863,1325,5
2026-08-21T02:42:50.0780079+12:00,5090-deep-118k,1,NVIDIA GeForce RTX 4090,GPU-eed52936-813f-8d68-1654-bfb56cb42bc3,24564,22901,1238,0
2026-08-21T02:42:50.4066546+12:00,5090-deep-118k,0,NVIDIA GeForce RTX 5090,GPU-67921d1c-ee8e-304f-b562-d6f87617c5a0,32607,30863,1325,5
2026-08-21T02:42:50.4066546+12:00,5090-deep-118k,1,NVIDIA GeForce RTX 4090,GPU-eed52936-813f-8d68-1654-bfb56cb42bc3,24564,22901,1238,0
2026-08-21T02:42:50.7206463+12:00,5090-deep-118k,0,NVIDIA GeForce RTX 5090,GPU-67921d1c-ee8e-304f-b562-d6f87617c5a0,32607,30863,1325,5
2026-08-21T02:42:50.7206463+12:00,5090-deep-118k,1,NVIDIA GeForce RTX 4090,GPU-eed52936-813f-8d68-1654-bfb56cb42bc3,24564,22901,1238,0
2026-08-21T02:42:51.0451362+12:00,5090-deep-118k,0,NVIDIA GeForce RTX 5090,GPU-67921d1c-ee8e-304f-b562-d6f87617c5a0,32607,30862,1326,5
2026-08-21T02:42:51.0451362+12:00,5090-deep-118k,1,NVIDIA GeForce RTX 4090,GPU-eed52936-813f-8d68-1654-bfb56cb42bc3,24564,22901,1238,0
2026-08-21T02:42:51.3734759+12:00,5090-deep-118k,0,NVIDIA GeForce RTX 5090,GPU-67921d1c-ee8e-304f-b562-d6f87617c5a0,32607,30858,1330,5
2026-08-21T02:42:51.3734759+12:00,5090-deep-118k,1,NVIDIA GeForce RTX 4090,GPU-eed52936-813f-8d68-1654-bfb56cb42bc3,24564,22901,1238,0
2026-08-21T02:42:51.7017300+12:00,5090-deep-118k,0,NVIDIA GeForce RTX 5090,GPU-67921d1c-ee8e-304f-b562-d6f87617c5a0,32607,30834,1354,5
2026-08-21T02:42:51.7017300+12:00,5090-deep-118k,1,NVIDIA GeForce RTX 4090,GPU-eed52936-813f-8d68-1654-bfb56cb42bc3,24564,22901,1238,0
2026-08-21T02:42:52.0289359+12:00,5090-deep-118k,0,NVIDIA GeForce RTX 5090,GPU-67921d1c-ee8e-304f-b562-d6f87617c5a0,32607,30834,1354,5
2026-08-21T02:42:52.0289359+12:00,5090-deep-118k,1,NVIDIA GeForce RTX 4090,GPU-eed52936-813f-8d68-1654-bfb56cb42bc3,24564,22901,1238,0
2026-08-21T02:42:52.3543377+12:00,5090-deep-118k,0,NVIDIA GeForce RTX 5090,GPU-67921d1c-ee8e-304f-b562-d6f87617c5a0,32607,30834,1354,5
2026-08-21T02:42:52.3543377+12:00,5090-deep-118k,1,NVIDIA GeForce RTX 4090,GPU-eed52936-813f-8d68-1654-bfb56cb42bc3,24564,22901,1238,0
2026-08-21T02:42:52.6822745+12:00,5090-deep-118k,0,NVIDIA GeForce RTX 5090,GPU-67921d1c-ee8e-304f-b562-d6f87617c5a0,32607,30825,1363,5
2026-08-21T02:42:52.6822745+12:00,5090-deep-118k,1,NVIDIA GeForce RTX 4090,GPU-eed52936-813f-8d68-1654-bfb56cb42bc3,24564,22901,1238,0
2026-08-21T02:42:53.0087150+12:00,5090-deep-118k,0,NVIDIA GeForce RTX 5090,GPU-67921d1c-ee8e-304f-b562-d6f87617c5a0,32607,30820,1368,5
2026-08-21T02:42:53.0087150+12:00,5090-deep-118k,1,NVIDIA GeForce RTX 4090,GPU-eed52936-813f-8d68-1654-bfb56cb42bc3,24564,22901,1238,0
2026-08-21T02:42:53.3384789+12:00,5090-deep-118k,0,NVIDIA GeForce RTX 5090,GPU-67921d1c-ee8e-304f-b562-d6f87617c5a0,32607,30820,1368,13
2026-08-21T02:42:53.3384789+12:00,5090-deep-118k,1,NVIDIA GeForce RTX 4090,GPU-eed52936-813f-8d68-1654-bfb56cb42bc3,24564,22901,1238,0
2026-08-21T02:42:53.6619281+12:00,5090-deep-118k,0,NVIDIA GeForce RTX 5090,GPU-67921d1c-ee8e-304f-b562-d6f87617c5a0,32607,30820,1368,14
2026-08-21T02:42:53.6619281+12:00,5090-deep-118k,1,NVIDIA GeForce RTX 4090,GPU-eed52936-813f-8d68-1654-bfb56cb42bc3,24564,22901,1238,0
2026-08-21T02:42:53.9878922+12:00,5090-deep-118k,0,NVIDIA GeForce RTX 5090,GPU-67921d1c-ee8e-304f-b562-d6f87617c5a0,32607,30820,1368,14
2026-08-21T02:42:53.9878922+12:00,5090-deep-118k,1,NVIDIA GeForce RTX 4090,GPU-eed52936-813f-8d68-1654-bfb56cb42bc3,24564,22901,1238,0
2026-08-21T02:42:54.3140693+12:00,5090-deep-118k,0,NVIDIA GeForce RTX 5090,GPU-67921d1c-ee8e-304f-b562-d6f87617c5a0,32607,30820,1368,6
2026-08-21T02:42:54.3140693+12:00,5090-deep-118k,1,NVIDIA GeForce RTX 4090,GPU-eed52936-813f-8d68-1654-bfb56cb42bc3,24564,22901,1238,0
2026-08-21T02:42:54.6380502+12:00,5090-deep-118k,0,NVIDIA GeForce RTX 5090,GPU-67921d1c-ee8e-304f-b562-d6f87617c5a0,32607,30820,1368,6
2026-08-21T02:42:54.6380502+12:00,5090-deep-118k,1,NVIDIA GeForce RTX 4090,GPU-eed52936-813f-8d68-1654-bfb56cb42bc3,24564,22901,1238,0
2026-08-21T02:42:54.9649322+12:00,5090-deep-118k,0,NVIDIA GeForce RTX 5090,GPU-67921d1c-ee8e-304f-b562-d6f87617c5a0,32607,30820,1368,6
2026-08-21T02:42:54.9649322+12:00,5090-deep-118k,1,NVIDIA GeForce RTX 4090,GPU-eed52936-813f-8d68-1654-bfb56cb42bc3,24564,22901,1238,0
2026-08-21T02:42:55.2928974+12:00,5090-deep-118k,0,NVIDIA GeForce RTX 5090,GPU-67921d1c-ee8e-304f-b562-d6f87617c5a0,32607,30826,1362,12
2026-08-21T02:42:55.2928974+12:00,5090-deep-118k,1,NVIDIA GeForce RTX 4090,GPU-eed52936-813f-8d68-1654-bfb56cb42bc3,24564,22901,1238,0
2026-08-21T02:42:55.6168868+12:00,5090-deep-118k,0,NVIDIA GeForce RTX 5090,GPU-67921d1c-ee8e-304f-b562-d6f87617c5a0,32607,30831,1357,38
2026-08-21T02:42:55.6168868+12:00,5090-deep-118k,1,NVIDIA GeForce RTX 4090,GPU-eed52936-813f-8d68-1654-bfb56cb42bc3,24564,22901,1238,0
2026-08-21T02:42:55.9296801+12:00,5090-deep-118k,0,NVIDIA GeForce RTX 5090,GPU-67921d1c-ee8e-304f-b562-d6f87617c5a0,32607,30831,1357,38
2026-08-21T02:42:55.9296801+12:00,5090-deep-118k,1,NVIDIA GeForce RTX 4090,GPU-eed52936-813f-8d68-1654-bfb56cb42bc3,24564,22901,1238,0
2026-08-21T02:42:56.2397618+12:00,5090-deep-118k,0,NVIDIA GeForce RTX 5090,GPU-67921d1c-ee8e-304f-b562-d6f87617c5a0,32607,30885,1303,49
2026-08-21T02:42:56.2397618+12:00,5090-deep-118k,1,NVIDIA GeForce RTX 4090,GPU-eed52936-813f-8d68-1654-bfb56cb42bc3,24564,22901,1238,0
2026-08-21T02:42:56.5667615+12:00,5090-deep-118k,0,NVIDIA GeForce RTX 5090,GPU-67921d1c-ee8e-304f-b562-d6f87617c5a0,32607,30885,1303,49
2026-08-21T02:42:56.5667615+12:00,5090-deep-118k,1,NVIDIA GeForce RTX 4090,GPU-eed52936-813f-8d68-1654-bfb56cb42bc3,24564,22901,1238,0
2026-08-21T02:42:56.8958836+12:00,5090-deep-118k,0,NVIDIA GeForce RTX 5090,GPU-67921d1c-ee8e-304f-b562-d6f87617c5a0,32607,30856,1332,11
2026-08-21T02:42:56.8958836+12:00,5090-deep-118k,1,NVIDIA GeForce RTX 4090,GPU-eed52936-813f-8d68-1654-bfb56cb42bc3,24564,22901,1238,0
2026-08-21T02:42:57.2228901+12:00,5090-deep-118k,0,NVIDIA GeForce RTX 5090,GPU-67921d1c-ee8e-304f-b562-d6f87617c5a0,32607,30856,1332,11
2026-08-21T02:42:57.2228901+12:00,5090-deep-118k,1,NVIDIA GeForce RTX 4090,GPU-eed52936-813f-8d68-1654-bfb56cb42bc3,24564,22901,1238,0
2026-08-21T02:42:57.5325820+12:00,5090-deep-118k,0,NVIDIA GeForce RTX 5090,GPU-67921d1c-ee8e-304f-b562-d6f87617c5a0,32607,30856,1332,11
2026-08-21T02:42:57.5325820+12:00,5090-deep-118k,1,NVIDIA GeForce RTX 4090,GPU-eed52936-813f-8d68-1654-bfb56cb42bc3,24564,22901,1238,0
2026-08-21T02:42:57.8599878+12:00,5090-deep-118k,0,NVIDIA GeForce RTX 5090,GPU-67921d1c-ee8e-304f-b562-d6f87617c5a0,32607,30855,1333,21
2026-08-21T02:42:57.8599878+12:00,5090-deep-118k,1,NVIDIA GeForce RTX 4090,GPU-eed52936-813f-8d68-1654-bfb56cb42bc3,24564,22901,1238,0
2026-08-21T02:42:58.1861350+12:00,5090-deep-118k,0,NVIDIA GeForce RTX 5090,GPU-67921d1c-ee8e-304f-b562-d6f87617c5a0,32607,30849,1339,21
2026-08-21T02:42:58.1861350+12:00,5090-deep-118k,1,NVIDIA GeForce RTX 4090,GPU-eed52936-813f-8d68-1654-bfb56cb42bc3,24564,22901,1238,0
2026-08-21T02:42:58.4963570+12:00,5090-deep-118k,0,NVIDIA GeForce RTX 5090,GPU-67921d1c-ee8e-304f-b562-d6f87617c5a0,32607,30848,1340,21
2026-08-21T02:42:58.4963570+12:00,5090-deep-118k,1,NVIDIA GeForce RTX 4090,GPU-eed52936-813f-8d68-1654-bfb56cb42bc3,24564,22901,1238,0
2026-08-21T02:42:58.8237831+12:00,5090-deep-118k,0,NVIDIA GeForce RTX 5090,GPU-67921d1c-ee8e-304f-b562-d6f87617c5a0,32607,30848,1340,20
2026-08-21T02:42:58.8237831+12:00,5090-deep-118k,1,NVIDIA GeForce RTX 4090,GPU-eed52936-813f-8d68-1654-bfb56cb42bc3,24564,22901,1238,0
2026-08-21T02:42:59.1501898+12:00,5090-deep-118k,0,NVIDIA GeForce RTX 5090,GPU-67921d1c-ee8e-304f-b562-d6f87617c5a0,32607,30831,1357,21
2026-08-21T02:42:59.1501898+12:00,5090-deep-118k,1,NVIDIA GeForce RTX 4090,GPU-eed52936-813f-8d68-1654-bfb56cb42bc3,24564,22901,1238,0
2026-08-21T02:42:59.4618194+12:00,5090-deep-118k,0,NVIDIA GeForce RTX 5090,GPU-67921d1c-ee8e-304f-b562-d6f87617c5a0,32607,30830,1358,21
2026-08-21T02:42:59.4618194+12:00,5090-deep-118k,1,NVIDIA GeForce RTX 4090,GPU-eed52936-813f-8d68-1654-bfb56cb42bc3,24564,22901,1238,0
2026-08-21T02:42:59.7740540+12:00,5090-deep-118k,0,NVIDIA GeForce RTX 5090,GPU-67921d1c-ee8e-304f-b562-d6f87617c5a0,32607,30817,1371,23
2026-08-21T02:42:59.7740540+12:00,5090-deep-118k,1,NVIDIA GeForce RTX 4090,GPU-eed52936-813f-8d68-1654-bfb56cb42bc3,24564,22901,1238,0
2026-08-21T02:43:00.1028631+12:00,5090-deep-118k,0,NVIDIA GeForce RTX 5090,GPU-67921d1c-ee8e-304f-b562-d6f87617c5a0,32607,30817,1371,20
2026-08-21T02:43:00.1028631+12:00,5090-deep-118k,1,NVIDIA GeForce RTX 4090,GPU-eed52936-813f-8d68-1654-bfb56cb42bc3,24564,22901,1238,0
2026-08-21T02:43:00.4186559+12:00,5090-deep-118k,0,NVIDIA GeForce RTX 5090,GPU-67921d1c-ee8e-304f-b562-d6f87617c5a0,32607,30808,1380,20
2026-08-21T02:43:00.4186559+12:00,5090-deep-118k,1,NVIDIA GeForce RTX 4090,GPU-eed52936-813f-8d68-1654-bfb56cb42bc3,24564,22901,1238,0
2026-08-21T02:43:00.7293850+12:00,5090-deep-118k,0,NVIDIA GeForce RTX 5090,GPU-67921d1c-ee8e-304f-b562-d6f87617c5a0,32607,30808,1380,26
2026-08-21T02:43:00.7293850+12:00,5090-deep-118k,1,NVIDIA GeForce RTX 4090,GPU-eed52936-813f-8d68-1654-bfb56cb42bc3,24564,22901,1238,0
2026-08-21T02:43:01.0415173+12:00,5090-deep-118k,0,NVIDIA GeForce RTX 5090,GPU-67921d1c-ee8e-304f-b562-d6f87617c5a0,32607,30804,1384,26
2026-08-21T02:43:01.0415173+12:00,5090-deep-118k,1,NVIDIA GeForce RTX 4090,GPU-eed52936-813f-8d68-1654-bfb56cb42bc3,24564,22901,1238,0
2026-08-21T02:43:01.3535973+12:00,5090-deep-118k,0,NVIDIA GeForce RTX 5090,GPU-67921d1c-ee8e-304f-b562-d6f87617c5a0,32607,30759,1429,21
2026-08-21T02:43:01.3535973+12:00,5090-deep-118k,1,NVIDIA GeForce RTX 4090,GPU-eed52936-813f-8d68-1654-bfb56cb42bc3,24564,22901,1238,0
2026-08-21T02:43:01.6650118+12:00,5090-deep-118k,0,NVIDIA GeForce RTX 5090,GPU-67921d1c-ee8e-304f-b562-d6f87617c5a0,32607,30768,1420,21
2026-08-21T02:43:01.6650118+12:00,5090-deep-118k,1,NVIDIA GeForce RTX 4090,GPU-eed52936-813f-8d68-1654-bfb56cb42bc3,24564,22901,1238,0
2026-08-21T02:43:01.9760823+12:00,5090-deep-118k,0,NVIDIA GeForce RTX 5090,GPU-67921d1c-ee8e-304f-b562-d6f87617c5a0,32607,30768,1420,21
2026-08-21T02:43:01.9760823+12:00,5090-deep-118k,1,NVIDIA GeForce RTX 4090,GPU-eed52936-813f-8d68-1654-bfb56cb42bc3,24564,22901,1238,0
2026-08-21T02:43:02.2872469+12:00,5090-deep-118k,0,NVIDIA GeForce RTX 5090,GPU-67921d1c-ee8e-304f-b562-d6f87617c5a0,32607,30768,1420,20
2026-08-21T02:43:02.2872469+12:00,5090-deep-118k,1,NVIDIA GeForce RTX 4090,GPU-eed52936-813f-8d68-1654-bfb56cb42bc3,24564,22901,1238,0
2026-08-21T02:43:02.6146955+12:00,5090-deep-118k,0,NVIDIA GeForce RTX 5090,GPU-67921d1c-ee8e-304f-b562-d6f87617c5a0,32607,30768,1420,20
2026-08-21T02:43:02.6146955+12:00,5090-deep-118k,1,NVIDIA GeForce RTX 4090,GPU-eed52936-813f-8d68-1654-bfb56cb42bc3,24564,22901,1238,0
2026-08-21T02:43:02.9396357+12:00,5090-deep-118k,0,NVIDIA GeForce RTX 5090,GPU-67921d1c-ee8e-304f-b562-d6f87617c5a0,32607,30767,1421,20
2026-08-21T02:43:02.9396357+12:00,5090-deep-118k,1,NVIDIA GeForce RTX 4090,GPU-eed52936-813f-8d68-1654-bfb56cb42bc3,24564,22901,1238,0
2026-08-21T02:43:03.2774746+12:00,5090-deep-118k,0,NVIDIA GeForce RTX 5090,GPU-67921d1c-ee8e-304f-b562-d6f87617c5a0,32607,30763,1425,20
2026-08-21T02:43:03.2774746+12:00,5090-deep-118k,1,NVIDIA GeForce RTX 4090,GPU-eed52936-813f-8d68-1654-bfb56cb42bc3,24564,22901,1238,0
2026-08-21T02:43:03.5953726+12:00,5090-deep-118k,0,NVIDIA GeForce RTX 5090,GPU-67921d1c-ee8e-304f-b562-d6f87617c5a0,32607,30763,1425,20
2026-08-21T02:43:03.5953726+12:00,5090-deep-118k,1,NVIDIA GeForce RTX 4090,GPU-eed52936-813f-8d68-1654-bfb56cb42bc3,24564,22901,1238,0
2026-08-21T02:43:03.9227218+12:00,5090-deep-118k,0,NVIDIA GeForce RTX 5090,GPU-67921d1c-ee8e-304f-b562-d6f87617c5a0,32607,30779,1409,20
2026-08-21T02:43:03.9227218+12:00,5090-deep-118k,1,NVIDIA GeForce RTX 4090,GPU-eed52936-813f-8d68-1654-bfb56cb42bc3,24564,22901,1238,0
2026-08-21T02:43:04.2487215+12:00,5090-deep-118k,0,NVIDIA GeForce RTX 5090,GPU-67921d1c-ee8e-304f-b562-d6f87617c5a0,32607,30779,1409,26
2026-08-21T02:43:04.2487215+12:00,5090-deep-118k,1,NVIDIA GeForce RTX 4090,GPU-eed52936-813f-8d68-1654-bfb56cb42bc3,24564,22901,1238,0
2026-08-21T02:43:04.5609354+12:00,5090-deep-118k,0,NVIDIA GeForce RTX 5090,GPU-67921d1c-ee8e-304f-b562-d6f87617c5a0,32607,30818,1370,26
2026-08-21T02:43:04.5609354+12:00,5090-deep-118k,1,NVIDIA GeForce RTX 4090,GPU-eed52936-813f-8d68-1654-bfb56cb42bc3,24564,22901,1238,0
2026-08-21T02:43:04.8704132+12:00,5090-deep-118k,0,NVIDIA GeForce RTX 5090,GPU-67921d1c-ee8e-304f-b562-d6f87617c5a0,32607,30818,1370,2
2026-08-21T02:43:04.8704132+12:00,5090-deep-118k,1,NVIDIA GeForce RTX 4090,GPU-eed52936-813f-8d68-1654-bfb56cb42bc3,24564,22901,1238,0
2026-08-21T02:43:05.1975898+12:00,5090-deep-118k,0,NVIDIA GeForce RTX 5090,GPU-67921d1c-ee8e-304f-b562-d6f87617c5a0,32607,30818,1370,6
2026-08-21T02:43:05.1975898+12:00,5090-deep-118k,1,NVIDIA GeForce RTX 4090,GPU-eed52936-813f-8d68-1654-bfb56cb42bc3,24564,22901,1238,0
2026-08-21T02:43:05.5072954+12:00,5090-deep-118k,0,NVIDIA GeForce RTX 5090,GPU-67921d1c-ee8e-304f-b562-d6f87617c5a0,32607,30818,1370,6
2026-08-21T02:43:05.5072954+12:00,5090-deep-118k,1,NVIDIA GeForce RTX 4090,GPU-eed52936-813f-8d68-1654-bfb56cb42bc3,24564,22901,1238,0
2026-08-21T02:43:05.8335784+12:00,5090-deep-118k,0,NVIDIA GeForce RTX 5090,GPU-67921d1c-ee8e-304f-b562-d6f87617c5a0,32607,30813,1375,6
2026-08-21T02:43:05.8335784+12:00,5090-deep-118k,1,NVIDIA GeForce RTX 4090,GPU-eed52936-813f-8d68-1654-bfb56cb42bc3,24564,22901,1238,0
2026-08-21T02:43:06.1459039+12:00,5090-deep-118k,0,NVIDIA GeForce RTX 5090,GPU-67921d1c-ee8e-304f-b562-d6f87617c5a0,32607,30811,1377,1
2026-08-21T02:43:06.1459039+12:00,5090-deep-118k,1,NVIDIA GeForce RTX 4090,GPU-eed52936-813f-8d68-1654-bfb56cb42bc3,24564,22901,1238,0
2026-08-21T02:43:06.4701498+12:00,5090-deep-118k,0,NVIDIA GeForce RTX 5090,GPU-67921d1c-ee8e-304f-b562-d6f87617c5a0,32607,30807,1381,1
2026-08-21T02:43:06.4701498+12:00,5090-deep-118k,1,NVIDIA GeForce RTX 4090,GPU-eed52936-813f-8d68-1654-bfb56cb42bc3,24564,22901,1238,0
2026-08-21T02:43:06.7961068+12:00,5090-deep-118k,0,NVIDIA GeForce RTX 5090,GPU-67921d1c-ee8e-304f-b562-d6f87617c5a0,32607,30807,1381,1
2026-08-21T02:43:06.7961068+12:00,5090-deep-118k,1,NVIDIA GeForce RTX 4090,GPU-eed52936-813f-8d68-1654-bfb56cb42bc3,24564,22901,1238,0
2026-08-21T02:43:07.1235828+12:00,5090-deep-118k,0,NVIDIA GeForce RTX 5090,GPU-67921d1c-ee8e-304f-b562-d6f87617c5a0,32607,30805,1383,1
2026-08-21T02:43:07.1235828+12:00,5090-deep-118k,1,NVIDIA GeForce RTX 4090,GPU-eed52936-813f-8d68-1654-bfb56cb42bc3,24564,22901,1238,0
2026-08-21T02:43:07.4425024+12:00,5090-deep-118k,0,NVIDIA GeForce RTX 5090,GPU-67921d1c-ee8e-304f-b562-d6f87617c5a0,32607,30797,1391,1
2026-08-21T02:43:07.4425024+12:00,5090-deep-118k,1,NVIDIA GeForce RTX 4090,GPU-eed52936-813f-8d68-1654-bfb56cb42bc3,24564,22901,1238,0
2026-08-21T02:43:07.7776830+12:00,5090-deep-118k,0,NVIDIA GeForce RTX 5090,GPU-67921d1c-ee8e-304f-b562-d6f87617c5a0,32607,30797,1391,1
2026-08-21T02:43:07.7776830+12:00,5090-deep-118k,1,NVIDIA GeForce RTX 4090,GPU-eed52936-813f-8d68-1654-bfb56cb42bc3,24564,22901,1238,0
2026-08-21T02:43:08.0912810+12:00,5090-deep-118k,0,NVIDIA GeForce RTX 5090,GPU-67921d1c-ee8e-304f-b562-d6f87617c5a0,32607,30797,1391,1
2026-08-21T02:43:08.0912810+12:00,5090-deep-118k,1,NVIDIA GeForce RTX 4090,GPU-eed52936-813f-8d68-1654-bfb56cb42bc3,24564,22901,1238,0
2026-08-21T02:43:08.4177561+12:00,5090-deep-118k,0,NVIDIA GeForce RTX 5090,GPU-67921d1c-ee8e-304f-b562-d6f87617c5a0,32607,30797,1391,1
2026-08-21T02:43:08.4177561+12:00,5090-deep-118k,1,NVIDIA GeForce RTX 4090,GPU-eed52936-813f-8d68-1654-bfb56cb42bc3,24564,22901,1238,0
2026-08-21T02:43:08.7336761+12:00,5090-deep-118k,0,NVIDIA GeForce RTX 5090,GPU-67921d1c-ee8e-304f-b562-d6f87617c5a0,32607,30797,1391,1
2026-08-21T02:43:08.7336761+12:00,5090-deep-118k,1,NVIDIA GeForce RTX 4090,GPU-eed52936-813f-8d68-1654-bfb56cb42bc3,24564,22901,1238,0
2026-08-21T02:43:09.0595360+12:00,5090-deep-118k,0,NVIDIA GeForce RTX 5090,GPU-67921d1c-ee8e-304f-b562-d6f87617c5a0,32607,30801,1387,1
2026-08-21T02:43:09.0595360+12:00,5090-deep-118k,1,NVIDIA GeForce RTX 4090,GPU-eed52936-813f-8d68-1654-bfb56cb42bc3,24564,22901,1238,0
2026-08-21T02:43:09.3849594+12:00,5090-deep-118k,0,NVIDIA GeForce RTX 5090,GPU-67921d1c-ee8e-304f-b562-d6f87617c5a0,32607,30801,1387,10
2026-08-21T02:43:09.3849594+12:00,5090-deep-118k,1,NVIDIA GeForce RTX 4090,GPU-eed52936-813f-8d68-1654-bfb56cb42bc3,24564,22901,1238,0
2026-08-21T02:43:09.9405150+12:00,5090-deep-118k,0,NVIDIA GeForce RTX 5090,GPU-67921d1c-ee8e-304f-b562-d6f87617c5a0,32607,30742,1446,10
2026-08-21T02:43:09.9405150+12:00,5090-deep-118k,1,NVIDIA GeForce RTX 4090,GPU-eed52936-813f-8d68-1654-bfb56cb42bc3,24564,22901,1238,0
2026-08-21T02:43:10.3503211+12:00,5090-deep-118k,0,NVIDIA GeForce RTX 5090,GPU-67921d1c-ee8e-304f-b562-d6f87617c5a0,32607,30668,1520,11
2026-08-21T02:43:10.3503211+12:00,5090-deep-118k,1,NVIDIA GeForce RTX 4090,GPU-eed52936-813f-8d68-1654-bfb56cb42bc3,24564,22971,1168,7
2026-08-21T02:43:10.6953737+12:00,5090-deep-118k,0,NVIDIA GeForce RTX 5090,GPU-67921d1c-ee8e-304f-b562-d6f87617c5a0,32607,30677,1511,0
2026-08-21T02:43:10.6953737+12:00,5090-deep-118k,1,NVIDIA GeForce RTX 4090,GPU-eed52936-813f-8d68-1654-bfb56cb42bc3,24564,23006,1133,1
2026-08-21T02:43:11.0251595+12:00,5090-deep-118k,0,NVIDIA GeForce RTX 5090,GPU-67921d1c-ee8e-304f-b562-d6f87617c5a0,32607,30665,1523,0
2026-08-21T02:43:11.0251595+12:00,5090-deep-118k,1,NVIDIA GeForce RTX 4090,GPU-eed52936-813f-8d68-1654-bfb56cb42bc3,24564,23022,1117,1
2026-08-21T02:43:11.3544009+12:00,5090-deep-118k,0,NVIDIA GeForce RTX 5090,GPU-67921d1c-ee8e-304f-b562-d6f87617c5a0,32607,30689,1499,1
2026-08-21T02:43:11.3544009+12:00,5090-deep-118k,1,NVIDIA GeForce RTX 4090,GPU-eed52936-813f-8d68-1654-bfb56cb42bc3,24564,23022,1117,0
2026-08-21T02:43:11.6810353+12:00,5090-deep-118k,0,NVIDIA GeForce RTX 5090,GPU-67921d1c-ee8e-304f-b562-d6f87617c5a0,32607,30689,1499,0
2026-08-21T02:43:11.6810353+12:00,5090-deep-118k,1,NVIDIA GeForce RTX 4090,GPU-eed52936-813f-8d68-1654-bfb56cb42bc3,24564,23022,1117,0
2026-08-21T02:43:12.0088418+12:00,5090-deep-118k,0,NVIDIA GeForce RTX 5090,GPU-67921d1c-ee8e-304f-b562-d6f87617c5a0,32607,30705,1483,0
2026-08-21T02:43:12.0088418+12:00,5090-deep-118k,1,NVIDIA GeForce RTX 4090,GPU-eed52936-813f-8d68-1654-bfb56cb42bc3,24564,23022,1117,0
2026-08-21T02:43:12.3192772+12:00,5090-deep-118k,0,NVIDIA GeForce RTX 5090,GPU-67921d1c-ee8e-304f-b562-d6f87617c5a0,32607,30678,1510,2
2026-08-21T02:43:12.3192772+12:00,5090-deep-118k,1,NVIDIA GeForce RTX 4090,GPU-eed52936-813f-8d68-1654-bfb56cb42bc3,24564,23022,1117,0
2026-08-21T02:43:12.6282902+12:00,5090-deep-118k,0,NVIDIA GeForce RTX 5090,GPU-67921d1c-ee8e-304f-b562-d6f87617c5a0,32607,30675,1513,0
2026-08-21T02:43:12.6282902+12:00,5090-deep-118k,1,NVIDIA GeForce RTX 4090,GPU-eed52936-813f-8d68-1654-bfb56cb42bc3,24564,23022,1117,0
2026-08-21T02:43:12.9538680+12:00,5090-deep-118k,0,NVIDIA GeForce RTX 5090,GPU-67921d1c-ee8e-304f-b562-d6f87617c5a0,32607,30679,1509,0
2026-08-21T02:43:12.9538680+12:00,5090-deep-118k,1,NVIDIA GeForce RTX 4090,GPU-eed52936-813f-8d68-1654-bfb56cb42bc3,24564,23022,1117,0
2026-08-21T02:43:13.2870015+12:00,5090-deep-118k,0,NVIDIA GeForce RTX 5090,GPU-67921d1c-ee8e-304f-b562-d6f87617c5a0,32607,30679,1509,0
2026-08-21T02:43:13.2870015+12:00,5090-deep-118k,1,NVIDIA GeForce RTX 4090,GPU-eed52936-813f-8d68-1654-bfb56cb42bc3,24564,23022,1117,0
2026-08-21T02:43:13.5933100+12:00,5090-deep-118k,0,NVIDIA GeForce RTX 5090,GPU-67921d1c-ee8e-304f-b562-d6f87617c5a0,32607,30679,1509,0
2026-08-21T02:43:13.5933100+12:00,5090-deep-118k,1,NVIDIA GeForce RTX 4090,GPU-eed52936-813f-8d68-1654-bfb56cb42bc3,24564,23022,1117,0
2026-08-21T02:43:13.9196631+12:00,5090-deep-118k,0,NVIDIA GeForce RTX 5090,GPU-67921d1c-ee8e-304f-b562-d6f87617c5a0,32607,30679,1509,0
2026-08-21T02:43:13.9196631+12:00,5090-deep-118k,1,NVIDIA GeForce RTX 4090,GPU-eed52936-813f-8d68-1654-bfb56cb42bc3,24564,23022,1117,0
2026-08-21T02:43:14.2441086+12:00,5090-deep-118k,0,NVIDIA GeForce RTX 5090,GPU-67921d1c-ee8e-304f-b562-d6f87617c5a0,32607,30679,1509,0
2026-08-21T02:43:14.2441086+12:00,5090-deep-118k,1,NVIDIA GeForce RTX 4090,GPU-eed52936-813f-8d68-1654-bfb56cb42bc3,24564,23022,1117,0
2026-08-21T02:43:14.5564937+12:00,5090-deep-118k,0,NVIDIA GeForce RTX 5090,GPU-67921d1c-ee8e-304f-b562-d6f87617c5a0,32607,30679,1509,0
2026-08-21T02:43:14.5564937+12:00,5090-deep-118k,1,NVIDIA GeForce RTX 4090,GPU-eed52936-813f-8d68-1654-bfb56cb42bc3,24564,23022,1117,0
2026-08-21T02:43:14.8847857+12:00,5090-deep-118k,0,NVIDIA GeForce RTX 5090,GPU-67921d1c-ee8e-304f-b562-d6f87617c5a0,32607,30679,1509,0
2026-08-21T02:43:14.8847857+12:00,5090-deep-118k,1,NVIDIA GeForce RTX 4090,GPU-eed52936-813f-8d68-1654-bfb56cb42bc3,24564,23022,1117,0
2026-08-21T02:43:15.2083972+12:00,5090-deep-118k,0,NVIDIA GeForce RTX 5090,GPU-67921d1c-ee8e-304f-b562-d6f87617c5a0,32607,30658,1530,0
2026-08-21T02:43:15.2083972+12:00,5090-deep-118k,1,NVIDIA GeForce RTX 4090,GPU-eed52936-813f-8d68-1654-bfb56cb42bc3,24564,23022,1117,0
2026-08-21T02:43:15.5366052+12:00,5090-deep-118k,0,NVIDIA GeForce RTX 5090,GPU-67921d1c-ee8e-304f-b562-d6f87617c5a0,32607,30559,1629,0
2026-08-21T02:43:15.5366052+12:00,5090-deep-118k,1,NVIDIA GeForce RTX 4090,GPU-eed52936-813f-8d68-1654-bfb56cb42bc3,24564,23022,1117,0
2026-08-21T02:43:15.8474737+12:00,5090-deep-118k,0,NVIDIA GeForce RTX 5090,GPU-67921d1c-ee8e-304f-b562-d6f87617c5a0,32607,30558,1630,0
2026-08-21T02:43:15.8474737+12:00,5090-deep-118k,1,NVIDIA GeForce RTX 4090,GPU-eed52936-813f-8d68-1654-bfb56cb42bc3,24564,23022,1117,0
2026-08-21T02:43:16.1591139+12:00,5090-deep-118k,0,NVIDIA GeForce RTX 5090,GPU-67921d1c-ee8e-304f-b562-d6f87617c5a0,32607,30554,1634,17
2026-08-21T02:43:16.1591139+12:00,5090-deep-118k,1,NVIDIA GeForce RTX 4090,GPU-eed52936-813f-8d68-1654-bfb56cb42bc3,24564,23022,1117,0
2026-08-21T02:43:16.4841985+12:00,5090-deep-118k,0,NVIDIA GeForce RTX 5090,GPU-67921d1c-ee8e-304f-b562-d6f87617c5a0,32607,30554,1634,17
2026-08-21T02:43:16.4841985+12:00,5090-deep-118k,1,NVIDIA GeForce RTX 4090,GPU-eed52936-813f-8d68-1654-bfb56cb42bc3,24564,23022,1117,0
2026-08-21T02:43:16.8102446+12:00,5090-deep-118k,0,NVIDIA GeForce RTX 5090,GPU-67921d1c-ee8e-304f-b562-d6f87617c5a0,32607,30571,1617,0
2026-08-21T02:43:16.8102446+12:00,5090-deep-118k,1,NVIDIA GeForce RTX 4090,GPU-eed52936-813f-8d68-1654-bfb56cb42bc3,24564,23022,1117,0
2026-08-21T02:43:17.1241865+12:00,5090-deep-118k,0,NVIDIA GeForce RTX 5090,GPU-67921d1c-ee8e-304f-b562-d6f87617c5a0,32607,30571,1617,0
2026-08-21T02:43:17.1241865+12:00,5090-deep-118k,1,NVIDIA GeForce RTX 4090,GPU-eed52936-813f-8d68-1654-bfb56cb42bc3,24564,23022,1117,0
2026-08-21T02:43:17.4352962+12:00,5090-deep-118k,0,NVIDIA GeForce RTX 5090,GPU-67921d1c-ee8e-304f-b562-d6f87617c5a0,32607,30571,1617,0
2026-08-21T02:43:17.4352962+12:00,5090-deep-118k,1,NVIDIA GeForce RTX 4090,GPU-eed52936-813f-8d68-1654-bfb56cb42bc3,24564,23022,1117,0
2026-08-21T02:43:17.7619626+12:00,5090-deep-118k,0,NVIDIA GeForce RTX 5090,GPU-67921d1c-ee8e-304f-b562-d6f87617c5a0,32607,30571,1617,0
2026-08-21T02:43:17.7619626+12:00,5090-deep-118k,1,NVIDIA GeForce RTX 4090,GPU-eed52936-813f-8d68-1654-bfb56cb42bc3,24564,23022,1117,0
2026-08-21T02:43:18.0891573+12:00,5090-deep-118k,0,NVIDIA GeForce RTX 5090,GPU-67921d1c-ee8e-304f-b562-d6f87617c5a0,32607,30571,1617,0
2026-08-21T02:43:18.0891573+12:00,5090-deep-118k,1,NVIDIA GeForce RTX 4090,GPU-eed52936-813f-8d68-1654-bfb56cb42bc3,24564,23022,1117,0
2026-08-21T02:43:18.3988131+12:00,5090-deep-118k,0,NVIDIA GeForce RTX 5090,GPU-67921d1c-ee8e-304f-b562-d6f87617c5a0,32607,30571,1617,0
2026-08-21T02:43:18.3988131+12:00,5090-deep-118k,1,NVIDIA GeForce RTX 4090,GPU-eed52936-813f-8d68-1654-bfb56cb42bc3,24564,23022,1117,0
2026-08-21T02:43:18.7107877+12:00,5090-deep-118k,0,NVIDIA GeForce RTX 5090,GPU-67921d1c-ee8e-304f-b562-d6f87617c5a0,32607,30569,1619,0
2026-08-21T02:43:18.7107877+12:00,5090-deep-118k,1,NVIDIA GeForce RTX 4090,GPU-eed52936-813f-8d68-1654-bfb56cb42bc3,24564,23022,1117,0
2026-08-21T02:43:19.0345631+12:00,5090-deep-118k,0,NVIDIA GeForce RTX 5090,GPU-67921d1c-ee8e-304f-b562-d6f87617c5a0,32607,30562,1626,0
2026-08-21T02:43:19.0345631+12:00,5090-deep-118k,1,NVIDIA GeForce RTX 4090,GPU-eed52936-813f-8d68-1654-bfb56cb42bc3,24564,23022,1117,0
2026-08-21T02:43:19.3608371+12:00,5090-deep-118k,0,NVIDIA GeForce RTX 5090,GPU-67921d1c-ee8e-304f-b562-d6f87617c5a0,32607,30562,1626,0
2026-08-21T02:43:19.3608371+12:00,5090-deep-118k,1,NVIDIA GeForce RTX 4090,GPU-eed52936-813f-8d68-1654-bfb56cb42bc3,24564,23022,1117,0
2026-08-21T02:43:19.6901064+12:00,5090-deep-118k,0,NVIDIA GeForce RTX 5090,GPU-67921d1c-ee8e-304f-b562-d6f87617c5a0,32607,30559,1629,0
2026-08-21T02:43:19.6901064+12:00,5090-deep-118k,1,NVIDIA GeForce RTX 4090,GPU-eed52936-813f-8d68-1654-bfb56cb42bc3,24564,23022,1117,0
2026-08-21T02:43:20.0005024+12:00,5090-deep-118k,0,NVIDIA GeForce RTX 5090,GPU-67921d1c-ee8e-304f-b562-d6f87617c5a0,32607,30555,1633,0
2026-08-21T02:43:20.0005024+12:00,5090-deep-118k,1,NVIDIA GeForce RTX 4090,GPU-eed52936-813f-8d68-1654-bfb56cb42bc3,24564,23022,1117,0
2026-08-21T02:43:20.3279825+12:00,5090-deep-118k,0,NVIDIA GeForce RTX 5090,GPU-67921d1c-ee8e-304f-b562-d6f87617c5a0,32607,30555,1633,0
2026-08-21T02:43:20.3279825+12:00,5090-deep-118k,1,NVIDIA GeForce RTX 4090,GPU-eed52936-813f-8d68-1654-bfb56cb42bc3,24564,23022,1117,0
2026-08-21T02:43:20.6535333+12:00,5090-deep-118k,0,NVIDIA GeForce RTX 5090,GPU-67921d1c-ee8e-304f-b562-d6f87617c5a0,32607,30555,1633,0
2026-08-21T02:43:20.6535333+12:00,5090-deep-118k,1,NVIDIA GeForce RTX 4090,GPU-eed52936-813f-8d68-1654-bfb56cb42bc3,24564,23022,1117,0
2026-08-21T02:43:20.9818713+12:00,5090-deep-118k,0,NVIDIA GeForce RTX 5090,GPU-67921d1c-ee8e-304f-b562-d6f87617c5a0,32607,30560,1628,0
2026-08-21T02:43:20.9818713+12:00,5090-deep-118k,1,NVIDIA GeForce RTX 4090,GPU-eed52936-813f-8d68-1654-bfb56cb42bc3,24564,23022,1117,0
2026-08-21T02:43:21.2984663+12:00,5090-deep-118k,0,NVIDIA GeForce RTX 5090,GPU-67921d1c-ee8e-304f-b562-d6f87617c5a0,32607,30560,1628,0
2026-08-21T02:43:21.2984663+12:00,5090-deep-118k,1,NVIDIA GeForce RTX 4090,GPU-eed52936-813f-8d68-1654-bfb56cb42bc3,24564,23022,1117,0
2026-08-21T02:43:21.6361025+12:00,5090-deep-118k,0,NVIDIA GeForce RTX 5090,GPU-67921d1c-ee8e-304f-b562-d6f87617c5a0,32607,30560,1628,0
2026-08-21T02:43:21.6361025+12:00,5090-deep-118k,1,NVIDIA GeForce RTX 4090,GPU-eed52936-813f-8d68-1654-bfb56cb42bc3,24564,23022,1117,0
2026-08-21T02:43:21.9477635+12:00,5090-deep-118k,0,NVIDIA GeForce RTX 5090,GPU-67921d1c-ee8e-304f-b562-d6f87617c5a0,32607,30560,1628,0
2026-08-21T02:43:21.9477635+12:00,5090-deep-118k,1,NVIDIA GeForce RTX 4090,GPU-eed52936-813f-8d68-1654-bfb56cb42bc3,24564,23022,1117,0
2026-08-21T02:43:22.2742213+12:00,5090-deep-118k,0,NVIDIA GeForce RTX 5090,GPU-67921d1c-ee8e-304f-b562-d6f87617c5a0,32607,30560,1628,0
2026-08-21T02:43:22.2742213+12:00,5090-deep-118k,1,NVIDIA GeForce RTX 4090,GPU-eed52936-813f-8d68-1654-bfb56cb42bc3,24564,23022,1117,0
2026-08-21T02:43:22.5875816+12:00,5090-deep-118k,0,NVIDIA GeForce RTX 5090,GPU-67921d1c-ee8e-304f-b562-d6f87617c5a0,32607,30558,1630,0
2026-08-21T02:43:22.5875816+12:00,5090-deep-118k,1,NVIDIA GeForce RTX 4090,GPU-eed52936-813f-8d68-1654-bfb56cb42bc3,24564,23022,1117,0
2026-08-21T02:43:22.9141458+12:00,5090-deep-118k,0,NVIDIA GeForce RTX 5090,GPU-67921d1c-ee8e-304f-b562-d6f87617c5a0,32607,30554,1634,0
2026-08-21T02:43:22.9141458+12:00,5090-deep-118k,1,NVIDIA GeForce RTX 4090,GPU-eed52936-813f-8d68-1654-bfb56cb42bc3,24564,23022,1117,0
2026-08-21T02:43:23.2228287+12:00,5090-deep-118k,0,NVIDIA GeForce RTX 5090,GPU-67921d1c-ee8e-304f-b562-d6f87617c5a0,32607,30554,1634,0
2026-08-21T02:43:23.2228287+12:00,5090-deep-118k,1,NVIDIA GeForce RTX 4090,GPU-eed52936-813f-8d68-1654-bfb56cb42bc3,24564,23022,1117,0
2026-08-21T02:43:23.5504229+12:00,5090-deep-118k,0,NVIDIA GeForce RTX 5090,GPU-67921d1c-ee8e-304f-b562-d6f87617c5a0,32607,30554,1634,0
2026-08-21T02:43:23.5504229+12:00,5090-deep-118k,1,NVIDIA GeForce RTX 4090,GPU-eed52936-813f-8d68-1654-bfb56cb42bc3,24564,23022,1117,0
2026-08-21T02:43:23.8651513+12:00,5090-deep-118k,0,NVIDIA GeForce RTX 5090,GPU-67921d1c-ee8e-304f-b562-d6f87617c5a0,32607,30554,1634,0
2026-08-21T02:43:23.8651513+12:00,5090-deep-118k,1,NVIDIA GeForce RTX 4090,GPU-eed52936-813f-8d68-1654-bfb56cb42bc3,24564,23022,1117,0
2026-08-21T02:43:24.1894234+12:00,5090-deep-118k,0,NVIDIA GeForce RTX 5090,GPU-67921d1c-ee8e-304f-b562-d6f87617c5a0,32607,30554,1634,17
2026-08-21T02:43:24.1894234+12:00,5090-deep-118k,1,NVIDIA GeForce RTX 4090,GPU-eed52936-813f-8d68-1654-bfb56cb42bc3,24564,23022,1117,0
2026-08-21T02:43:24.5017816+12:00,5090-deep-118k,0,NVIDIA GeForce RTX 5090,GPU-67921d1c-ee8e-304f-b562-d6f87617c5a0,32607,30554,1634,17
2026-08-21T02:43:24.5017816+12:00,5090-deep-118k,1,NVIDIA GeForce RTX 4090,GPU-eed52936-813f-8d68-1654-bfb56cb42bc3,24564,23022,1117,0
2026-08-21T02:43:24.8289264+12:00,5090-deep-118k,0,NVIDIA GeForce RTX 5090,GPU-67921d1c-ee8e-304f-b562-d6f87617c5a0,32607,30558,1630,0
2026-08-21T02:43:24.8289264+12:00,5090-deep-118k,1,NVIDIA GeForce RTX 4090,GPU-eed52936-813f-8d68-1654-bfb56cb42bc3,24564,23022,1117,0
2026-08-21T02:43:25.1393817+12:00,5090-deep-118k,0,NVIDIA GeForce RTX 5090,GPU-67921d1c-ee8e-304f-b562-d6f87617c5a0,32607,30558,1630,0
2026-08-21T02:43:25.1393817+12:00,5090-deep-118k,1,NVIDIA GeForce RTX 4090,GPU-eed52936-813f-8d68-1654-bfb56cb42bc3,24564,23022,1117,0
2026-08-21T02:43:25.4655700+12:00,5090-deep-118k,0,NVIDIA GeForce RTX 5090,GPU-67921d1c-ee8e-304f-b562-d6f87617c5a0,32607,30558,1630,0
2026-08-21T02:43:25.4655700+12:00,5090-deep-118k,1,NVIDIA GeForce RTX 4090,GPU-eed52936-813f-8d68-1654-bfb56cb42bc3,24564,23022,1117,0
2026-08-21T02:43:25.7911287+12:00,5090-deep-118k,0,NVIDIA GeForce RTX 5090,GPU-67921d1c-ee8e-304f-b562-d6f87617c5a0,32607,30558,1630,0
2026-08-21T02:43:25.7911287+12:00,5090-deep-118k,1,NVIDIA GeForce RTX 4090,GPU-eed52936-813f-8d68-1654-bfb56cb42bc3,24564,23022,1117,0
2026-08-21T02:43:26.1007526+12:00,5090-deep-118k,0,NVIDIA GeForce RTX 5090,GPU-67921d1c-ee8e-304f-b562-d6f87617c5a0,32607,30558,1630,0
2026-08-21T02:43:26.1007526+12:00,5090-deep-118k,1,NVIDIA GeForce RTX 4090,GPU-eed52936-813f-8d68-1654-bfb56cb42bc3,24564,23022,1117,0
2026-08-21T02:43:26.4108205+12:00,5090-deep-118k,0,NVIDIA GeForce RTX 5090,GPU-67921d1c-ee8e-304f-b562-d6f87617c5a0,32607,30558,1630,0
2026-08-21T02:43:26.4108205+12:00,5090-deep-118k,1,NVIDIA GeForce RTX 4090,GPU-eed52936-813f-8d68-1654-bfb56cb42bc3,24564,23022,1117,0
2026-08-21T02:43:26.7416305+12:00,5090-deep-118k,0,NVIDIA GeForce RTX 5090,GPU-67921d1c-ee8e-304f-b562-d6f87617c5a0,32607,30558,1630,0
2026-08-21T02:43:26.7416305+12:00,5090-deep-118k,1,NVIDIA GeForce RTX 4090,GPU-eed52936-813f-8d68-1654-bfb56cb42bc3,24564,23022,1117,0
2026-08-21T02:43:27.0526806+12:00,5090-deep-118k,0,NVIDIA GeForce RTX 5090,GPU-67921d1c-ee8e-304f-b562-d6f87617c5a0,32607,30554,1634,0
2026-08-21T02:43:27.0526806+12:00,5090-deep-118k,1,NVIDIA GeForce RTX 4090,GPU-eed52936-813f-8d68-1654-bfb56cb42bc3,24564,23022,1117,0
2026-08-21T02:43:27.3796770+12:00,5090-deep-118k,0,NVIDIA GeForce RTX 5090,GPU-67921d1c-ee8e-304f-b562-d6f87617c5a0,32607,30554,1634,0
2026-08-21T02:43:27.3796770+12:00,5090-deep-118k,1,NVIDIA GeForce RTX 4090,GPU-eed52936-813f-8d68-1654-bfb56cb42bc3,24564,23022,1117,0
2026-08-21T02:43:27.7079309+12:00,5090-deep-118k,0,NVIDIA GeForce RTX 5090,GPU-67921d1c-ee8e-304f-b562-d6f87617c5a0,32607,30554,1634,0
2026-08-21T02:43:27.7079309+12:00,5090-deep-118k,1,NVIDIA GeForce RTX 4090,GPU-eed52936-813f-8d68-1654-bfb56cb42bc3,24564,23022,1117,0
2026-08-21T02:43:28.0190014+12:00,5090-deep-118k,0,NVIDIA GeForce RTX 5090,GPU-67921d1c-ee8e-304f-b562-d6f87617c5a0,32607,30554,1634,0
2026-08-21T02:43:28.0190014+12:00,5090-deep-118k,1,NVIDIA GeForce RTX 4090,GPU-eed52936-813f-8d68-1654-bfb56cb42bc3,24564,23022,1117,0
2026-08-21T02:43:28.3451908+12:00,5090-deep-118k,0,NVIDIA GeForce RTX 5090,GPU-67921d1c-ee8e-304f-b562-d6f87617c5a0,32607,30554,1634,0
2026-08-21T02:43:28.3451908+12:00,5090-deep-118k,1,NVIDIA GeForce RTX 4090,GPU-eed52936-813f-8d68-1654-bfb56cb42bc3,24564,23022,1117,0
2026-08-21T02:43:28.6580807+12:00,5090-deep-118k,0,NVIDIA GeForce RTX 5090,GPU-67921d1c-ee8e-304f-b562-d6f87617c5a0,32607,30554,1634,0
2026-08-21T02:43:28.6580807+12:00,5090-deep-118k,1,NVIDIA GeForce RTX 4090,GPU-eed52936-813f-8d68-1654-bfb56cb42bc3,24564,23022,1117,0
2026-08-21T02:43:28.9712589+12:00,5090-deep-118k,0,NVIDIA GeForce RTX 5090,GPU-67921d1c-ee8e-304f-b562-d6f87617c5a0,32607,30558,1630,0
2026-08-21T02:43:28.9712589+12:00,5090-deep-118k,1,NVIDIA GeForce RTX 4090,GPU-eed52936-813f-8d68-1654-bfb56cb42bc3,24564,23022,1117,0
2026-08-21T02:43:29.2954778+12:00,5090-deep-118k,0,NVIDIA GeForce RTX 5090,GPU-67921d1c-ee8e-304f-b562-d6f87617c5a0,32607,30558,1630,0
2026-08-21T02:43:29.2954778+12:00,5090-deep-118k,1,NVIDIA GeForce RTX 4090,GPU-eed52936-813f-8d68-1654-bfb56cb42bc3,24564,23022,1117,0
2026-08-21T02:43:29.6209908+12:00,5090-deep-118k,0,NVIDIA GeForce RTX 5090,GPU-67921d1c-ee8e-304f-b562-d6f87617c5a0,32607,30558,1630,0
2026-08-21T02:43:29.6209908+12:00,5090-deep-118k,1,NVIDIA GeForce RTX 4090,GPU-eed52936-813f-8d68-1654-bfb56cb42bc3,24564,23022,1117,0
2026-08-21T02:43:29.9480942+12:00,5090-deep-118k,0,NVIDIA GeForce RTX 5090,GPU-67921d1c-ee8e-304f-b562-d6f87617c5a0,32607,30558,1630,0
2026-08-21T02:43:29.9480942+12:00,5090-deep-118k,1,NVIDIA GeForce RTX 4090,GPU-eed52936-813f-8d68-1654-bfb56cb42bc3,24564,23022,1117,0
2026-08-21T02:43:30.2624606+12:00,5090-deep-118k,0,NVIDIA GeForce RTX 5090,GPU-67921d1c-ee8e-304f-b562-d6f87617c5a0,32607,30558,1630,0
2026-08-21T02:43:30.2624606+12:00,5090-deep-118k,1,NVIDIA GeForce RTX 4090,GPU-eed52936-813f-8d68-1654-bfb56cb42bc3,24564,23022,1117,0
2026-08-21T02:43:30.5903211+12:00,5090-deep-118k,0,NVIDIA GeForce RTX 5090,GPU-67921d1c-ee8e-304f-b562-d6f87617c5a0,32607,30558,1630,0
2026-08-21T02:43:30.5903211+12:00,5090-deep-118k,1,NVIDIA GeForce RTX 4090,GPU-eed52936-813f-8d68-1654-bfb56cb42bc3,24564,23022,1117,0
2026-08-21T02:43:30.9148765+12:00,5090-deep-118k,0,NVIDIA GeForce RTX 5090,GPU-67921d1c-ee8e-304f-b562-d6f87617c5a0,32607,30558,1630,0
2026-08-21T02:43:30.9148765+12:00,5090-deep-118k,1,NVIDIA GeForce RTX 4090,GPU-eed52936-813f-8d68-1654-bfb56cb42bc3,24564,23022,1117,0
2026-08-21T02:43:31.2425494+12:00,5090-deep-118k,0,NVIDIA GeForce RTX 5090,GPU-67921d1c-ee8e-304f-b562-d6f87617c5a0,32607,30558,1630,0
2026-08-21T02:43:31.2425494+12:00,5090-deep-118k,1,NVIDIA GeForce RTX 4090,GPU-eed52936-813f-8d68-1654-bfb56cb42bc3,24564,23022,1117,0
2026-08-21T02:43:31.5684989+12:00,5090-deep-118k,0,NVIDIA GeForce RTX 5090,GPU-67921d1c-ee8e-304f-b562-d6f87617c5a0,32607,30558,1630,0
2026-08-21T02:43:31.5684989+12:00,5090-deep-118k,1,NVIDIA GeForce RTX 4090,GPU-eed52936-813f-8d68-1654-bfb56cb42bc3,24564,23022,1117,0
2026-08-21T02:43:31.8949879+12:00,5090-deep-118k,0,NVIDIA GeForce RTX 5090,GPU-67921d1c-ee8e-304f-b562-d6f87617c5a0,32607,30554,1634,0
2026-08-21T02:43:31.8949879+12:00,5090-deep-118k,1,NVIDIA GeForce RTX 4090,GPU-eed52936-813f-8d68-1654-bfb56cb42bc3,24564,23022,1117,0
2026-08-21T02:43:32.2235084+12:00,5090-deep-118k,0,NVIDIA GeForce RTX 5090,GPU-67921d1c-ee8e-304f-b562-d6f87617c5a0,32607,30554,1634,0
2026-08-21T02:43:32.2235084+12:00,5090-deep-118k,1,NVIDIA GeForce RTX 4090,GPU-eed52936-813f-8d68-1654-bfb56cb42bc3,24564,23022,1117,0
2026-08-21T02:43:32.5356275+12:00,5090-deep-118k,0,NVIDIA GeForce RTX 5090,GPU-67921d1c-ee8e-304f-b562-d6f87617c5a0,32607,30554,1634,0
2026-08-21T02:43:32.5356275+12:00,5090-deep-118k,1,NVIDIA GeForce RTX 4090,GPU-eed52936-813f-8d68-1654-bfb56cb42bc3,24564,23022,1117,0
2026-08-21T02:43:32.8473410+12:00,5090-deep-118k,0,NVIDIA GeForce RTX 5090,GPU-67921d1c-ee8e-304f-b562-d6f87617c5a0,32607,30558,1630,0
2026-08-21T02:43:32.8473410+12:00,5090-deep-118k,1,NVIDIA GeForce RTX 4090,GPU-eed52936-813f-8d68-1654-bfb56cb42bc3,24564,23022,1117,0
2026-08-21T02:43:33.1782941+12:00,5090-deep-118k,0,NVIDIA GeForce RTX 5090,GPU-67921d1c-ee8e-304f-b562-d6f87617c5a0,32607,30558,1630,0
2026-08-21T02:43:33.1782941+12:00,5090-deep-118k,1,NVIDIA GeForce RTX 4090,GPU-eed52936-813f-8d68-1654-bfb56cb42bc3,24564,23022,1117,0
2026-08-21T02:43:33.4849264+12:00,5090-deep-118k,0,NVIDIA GeForce RTX 5090,GPU-67921d1c-ee8e-304f-b562-d6f87617c5a0,32607,30558,1630,0
2026-08-21T02:43:33.4849264+12:00,5090-deep-118k,1,NVIDIA GeForce RTX 4090,GPU-eed52936-813f-8d68-1654-bfb56cb42bc3,24564,23022,1117,0
2026-08-21T02:43:33.8103343+12:00,5090-deep-118k,0,NVIDIA GeForce RTX 5090,GPU-67921d1c-ee8e-304f-b562-d6f87617c5a0,32607,30558,1630,0
2026-08-21T02:43:33.8103343+12:00,5090-deep-118k,1,NVIDIA GeForce RTX 4090,GPU-eed52936-813f-8d68-1654-bfb56cb42bc3,24564,23022,1117,0
2026-08-21T02:43:34.1243755+12:00,5090-deep-118k,0,NVIDIA GeForce RTX 5090,GPU-67921d1c-ee8e-304f-b562-d6f87617c5a0,32607,30558,1630,0
2026-08-21T02:43:34.1243755+12:00,5090-deep-118k,1,NVIDIA GeForce RTX 4090,GPU-eed52936-813f-8d68-1654-bfb56cb42bc3,24564,23022,1117,0
2026-08-21T02:43:34.4529757+12:00,5090-deep-118k,0,NVIDIA GeForce RTX 5090,GPU-67921d1c-ee8e-304f-b562-d6f87617c5a0,32607,30558,1630,0
2026-08-21T02:43:34.4529757+12:00,5090-deep-118k,1,NVIDIA GeForce RTX 4090,GPU-eed52936-813f-8d68-1654-bfb56cb42bc3,24564,23022,1117,0
2026-08-21T02:43:34.7795211+12:00,5090-deep-118k,0,NVIDIA GeForce RTX 5090,GPU-67921d1c-ee8e-304f-b562-d6f87617c5a0,32607,30558,1630,0
2026-08-21T02:43:34.7795211+12:00,5090-deep-118k,1,NVIDIA GeForce RTX 4090,GPU-eed52936-813f-8d68-1654-bfb56cb42bc3,24564,23022,1117,0
2026-08-21T02:43:35.1052072+12:00,5090-deep-118k,0,NVIDIA GeForce RTX 5090,GPU-67921d1c-ee8e-304f-b562-d6f87617c5a0,32607,30554,1634,0
2026-08-21T02:43:35.1052072+12:00,5090-deep-118k,1,NVIDIA GeForce RTX 4090,GPU-eed52936-813f-8d68-1654-bfb56cb42bc3,24564,23022,1117,0
2026-08-21T02:43:35.4163675+12:00,5090-deep-118k,0,NVIDIA GeForce RTX 5090,GPU-67921d1c-ee8e-304f-b562-d6f87617c5a0,32607,30554,1634,0
2026-08-21T02:43:35.4163675+12:00,5090-deep-118k,1,NVIDIA GeForce RTX 4090,GPU-eed52936-813f-8d68-1654-bfb56cb42bc3,24564,23022,1117,0
2026-08-21T02:43:35.7281592+12:00,5090-deep-118k,0,NVIDIA GeForce RTX 5090,GPU-67921d1c-ee8e-304f-b562-d6f87617c5a0,32607,30554,1634,0
2026-08-21T02:43:35.7281592+12:00,5090-deep-118k,1,NVIDIA GeForce RTX 4090,GPU-eed52936-813f-8d68-1654-bfb56cb42bc3,24564,23022,1117,0
2026-08-21T02:43:36.0388042+12:00,5090-deep-118k,0,NVIDIA GeForce RTX 5090,GPU-67921d1c-ee8e-304f-b562-d6f87617c5a0,32607,30554,1634,0
2026-08-21T02:43:36.0388042+12:00,5090-deep-118k,1,NVIDIA GeForce RTX 4090,GPU-eed52936-813f-8d68-1654-bfb56cb42bc3,24564,23022,1117,0
2026-08-21T02:43:36.3655020+12:00,5090-deep-118k,0,NVIDIA GeForce RTX 5090,GPU-67921d1c-ee8e-304f-b562-d6f87617c5a0,32607,30554,1634,0
2026-08-21T02:43:36.3655020+12:00,5090-deep-118k,1,NVIDIA GeForce RTX 4090,GPU-eed52936-813f-8d68-1654-bfb56cb42bc3,24564,23022,1117,0
2026-08-21T02:43:36.6911237+12:00,5090-deep-118k,0,NVIDIA GeForce RTX 5090,GPU-67921d1c-ee8e-304f-b562-d6f87617c5a0,32607,30554,1634,0
2026-08-21T02:43:36.6911237+12:00,5090-deep-118k,1,NVIDIA GeForce RTX 4090,GPU-eed52936-813f-8d68-1654-bfb56cb42bc3,24564,23022,1117,0
2026-08-21T02:43:37.0183958+12:00,5090-deep-118k,0,NVIDIA GeForce RTX 5090,GPU-67921d1c-ee8e-304f-b562-d6f87617c5a0,32607,30558,1630,0
2026-08-21T02:43:37.0183958+12:00,5090-deep-118k,1,NVIDIA GeForce RTX 4090,GPU-eed52936-813f-8d68-1654-bfb56cb42bc3,24564,23022,1117,0
2026-08-21T02:43:37.3467008+12:00,5090-deep-118k,0,NVIDIA GeForce RTX 5090,GPU-67921d1c-ee8e-304f-b562-d6f87617c5a0,32607,30558,1630,0
2026-08-21T02:43:37.3467008+12:00,5090-deep-118k,1,NVIDIA GeForce RTX 4090,GPU-eed52936-813f-8d68-1654-bfb56cb42bc3,24564,23022,1117,0
2026-08-21T02:43:37.6569252+12:00,5090-deep-118k,0,NVIDIA GeForce RTX 5090,GPU-67921d1c-ee8e-304f-b562-d6f87617c5a0,32607,30558,1630,0
2026-08-21T02:43:37.6569252+12:00,5090-deep-118k,1,NVIDIA GeForce RTX 4090,GPU-eed52936-813f-8d68-1654-bfb56cb42bc3,24564,23022,1117,0
2026-08-21T02:43:37.9824828+12:00,5090-deep-118k,0,NVIDIA GeForce RTX 5090,GPU-67921d1c-ee8e-304f-b562-d6f87617c5a0,32607,30558,1630,0
2026-08-21T02:43:37.9824828+12:00,5090-deep-118k,1,NVIDIA GeForce RTX 4090,GPU-eed52936-813f-8d68-1654-bfb56cb42bc3,24564,23022,1117,0
2026-08-21T02:43:38.3109102+12:00,5090-deep-118k,0,NVIDIA GeForce RTX 5090,GPU-67921d1c-ee8e-304f-b562-d6f87617c5a0,32607,30558,1630,0
2026-08-21T02:43:38.3109102+12:00,5090-deep-118k,1,NVIDIA GeForce RTX 4090,GPU-eed52936-813f-8d68-1654-bfb56cb42bc3,24564,23022,1117,0
2026-08-21T02:43:38.6227043+12:00,5090-deep-118k,0,NVIDIA GeForce RTX 5090,GPU-67921d1c-ee8e-304f-b562-d6f87617c5a0,32607,30558,1630,0
2026-08-21T02:43:38.6227043+12:00,5090-deep-118k,1,NVIDIA GeForce RTX 4090,GPU-eed52936-813f-8d68-1654-bfb56cb42bc3,24564,23022,1117,0
2026-08-21T02:43:38.9469149+12:00,5090-deep-118k,0,NVIDIA GeForce RTX 5090,GPU-67921d1c-ee8e-304f-b562-d6f87617c5a0,32607,30558,1630,0
2026-08-21T02:43:38.9469149+12:00,5090-deep-118k,1,NVIDIA GeForce RTX 4090,GPU-eed52936-813f-8d68-1654-bfb56cb42bc3,24564,23022,1117,0
2026-08-21T02:43:39.2584062+12:00,5090-deep-118k,0,NVIDIA GeForce RTX 5090,GPU-67921d1c-ee8e-304f-b562-d6f87617c5a0,32607,30558,1630,0
2026-08-21T02:43:39.2584062+12:00,5090-deep-118k,1,NVIDIA GeForce RTX 4090,GPU-eed52936-813f-8d68-1654-bfb56cb42bc3,24564,23022,1117,0
2026-08-21T02:43:39.5999668+12:00,5090-deep-118k,0,NVIDIA GeForce RTX 5090,GPU-67921d1c-ee8e-304f-b562-d6f87617c5a0,32607,30558,1630,0
2026-08-21T02:43:39.5999668+12:00,5090-deep-118k,1,NVIDIA GeForce RTX 4090,GPU-eed52936-813f-8d68-1654-bfb56cb42bc3,24564,23022,1117,0
2026-08-21T02:43:39.9103591+12:00,5090-deep-118k,0,NVIDIA GeForce RTX 5090,GPU-67921d1c-ee8e-304f-b562-d6f87617c5a0,32607,30554,1634,0
2026-08-21T02:43:39.9103591+12:00,5090-deep-118k,1,NVIDIA GeForce RTX 4090,GPU-eed52936-813f-8d68-1654-bfb56cb42bc3,24564,23022,1117,0
2026-08-21T02:43:40.2403558+12:00,5090-deep-118k,0,NVIDIA GeForce RTX 5090,GPU-67921d1c-ee8e-304f-b562-d6f87617c5a0,32607,30554,1634,17
2026-08-21T02:43:40.2403558+12:00,5090-deep-118k,1,NVIDIA GeForce RTX 4090,GPU-eed52936-813f-8d68-1654-bfb56cb42bc3,24564,23022,1117,0
2026-08-21T02:43:40.5522666+12:00,5090-deep-118k,0,NVIDIA GeForce RTX 5090,GPU-67921d1c-ee8e-304f-b562-d6f87617c5a0,32607,30554,1634,17
2026-08-21T02:43:40.5522666+12:00,5090-deep-118k,1,NVIDIA GeForce RTX 4090,GPU-eed52936-813f-8d68-1654-bfb56cb42bc3,24564,23022,1117,0
2026-08-21T02:43:40.8676925+12:00,5090-deep-118k,0,NVIDIA GeForce RTX 5090,GPU-67921d1c-ee8e-304f-b562-d6f87617c5a0,32607,30558,1630,0
2026-08-21T02:43:40.8676925+12:00,5090-deep-118k,1,NVIDIA GeForce RTX 4090,GPU-eed52936-813f-8d68-1654-bfb56cb42bc3,24564,23022,1117,0
2026-08-21T02:43:41.1767052+12:00,5090-deep-118k,0,NVIDIA GeForce RTX 5090,GPU-67921d1c-ee8e-304f-b562-d6f87617c5a0,32607,30558,1630,0
2026-08-21T02:43:41.1767052+12:00,5090-deep-118k,1,NVIDIA GeForce RTX 4090,GPU-eed52936-813f-8d68-1654-bfb56cb42bc3,24564,23022,1117,0
2026-08-21T02:43:41.4894621+12:00,5090-deep-118k,0,NVIDIA GeForce RTX 5090,GPU-67921d1c-ee8e-304f-b562-d6f87617c5a0,32607,30558,1630,0
2026-08-21T02:43:41.4894621+12:00,5090-deep-118k,1,NVIDIA GeForce RTX 4090,GPU-eed52936-813f-8d68-1654-bfb56cb42bc3,24564,23022,1117,0
2026-08-21T02:43:41.8130003+12:00,5090-deep-118k,0,NVIDIA GeForce RTX 5090,GPU-67921d1c-ee8e-304f-b562-d6f87617c5a0,32607,30558,1630,0
2026-08-21T02:43:41.8130003+12:00,5090-deep-118k,1,NVIDIA GeForce RTX 4090,GPU-eed52936-813f-8d68-1654-bfb56cb42bc3,24564,23022,1117,0
2026-08-21T02:43:42.1412225+12:00,5090-deep-118k,0,NVIDIA GeForce RTX 5090,GPU-67921d1c-ee8e-304f-b562-d6f87617c5a0,32607,30558,1630,0
2026-08-21T02:43:42.1412225+12:00,5090-deep-118k,1,NVIDIA GeForce RTX 4090,GPU-eed52936-813f-8d68-1654-bfb56cb42bc3,24564,23022,1117,0
2026-08-21T02:43:42.4722499+12:00,5090-deep-118k,0,NVIDIA GeForce RTX 5090,GPU-67921d1c-ee8e-304f-b562-d6f87617c5a0,32607,30558,1630,0
2026-08-21T02:43:42.4722499+12:00,5090-deep-118k,1,NVIDIA GeForce RTX 4090,GPU-eed52936-813f-8d68-1654-bfb56cb42bc3,24564,23022,1117,0
2026-08-21T02:43:42.7983147+12:00,5090-deep-118k,0,NVIDIA GeForce RTX 5090,GPU-67921d1c-ee8e-304f-b562-d6f87617c5a0,32607,30558,1630,0
2026-08-21T02:43:42.7983147+12:00,5090-deep-118k,1,NVIDIA GeForce RTX 4090,GPU-eed52936-813f-8d68-1654-bfb56cb42bc3,24564,23022,1117,0
2026-08-21T02:43:43.1133707+12:00,5090-deep-118k,0,NVIDIA GeForce RTX 5090,GPU-67921d1c-ee8e-304f-b562-d6f87617c5a0,32607,30558,1630,0
2026-08-21T02:43:43.1133707+12:00,5090-deep-118k,1,NVIDIA GeForce RTX 4090,GPU-eed52936-813f-8d68-1654-bfb56cb42bc3,24564,23022,1117,0
2026-08-21T02:43:43.4404236+12:00,5090-deep-118k,0,NVIDIA GeForce RTX 5090,GPU-67921d1c-ee8e-304f-b562-d6f87617c5a0,32607,30558,1630,0
2026-08-21T02:43:43.4404236+12:00,5090-deep-118k,1,NVIDIA GeForce RTX 4090,GPU-eed52936-813f-8d68-1654-bfb56cb42bc3,24564,23022,1117,0
2026-08-21T02:43:43.7692688+12:00,5090-deep-118k,0,NVIDIA GeForce RTX 5090,GPU-67921d1c-ee8e-304f-b562-d6f87617c5a0,32607,30558,1630,0
2026-08-21T02:43:43.7692688+12:00,5090-deep-118k,1,NVIDIA GeForce RTX 4090,GPU-eed52936-813f-8d68-1654-bfb56cb42bc3,24564,23022,1117,0
2026-08-21T02:43:44.0838094+12:00,5090-deep-118k,0,NVIDIA GeForce RTX 5090,GPU-67921d1c-ee8e-304f-b562-d6f87617c5a0,32607,30554,1634,0
2026-08-21T02:43:44.0838094+12:00,5090-deep-118k,1,NVIDIA GeForce RTX 4090,GPU-eed52936-813f-8d68-1654-bfb56cb42bc3,24564,23022,1117,0
2026-08-21T02:43:44.3958038+12:00,5090-deep-118k,0,NVIDIA GeForce RTX 5090,GPU-67921d1c-ee8e-304f-b562-d6f87617c5a0,32607,30554,1634,0
2026-08-21T02:43:44.3958038+12:00,5090-deep-118k,1,NVIDIA GeForce RTX 4090,GPU-eed52936-813f-8d68-1654-bfb56cb42bc3,24564,23022,1117,0
2026-08-21T02:43:44.7251338+12:00,5090-deep-118k,0,NVIDIA GeForce RTX 5090,GPU-67921d1c-ee8e-304f-b562-d6f87617c5a0,32607,30558,1630,0
2026-08-21T02:43:44.7251338+12:00,5090-deep-118k,1,NVIDIA GeForce RTX 4090,GPU-eed52936-813f-8d68-1654-bfb56cb42bc3,24564,23022,1117,0
2026-08-21T02:43:45.0494705+12:00,5090-deep-118k,0,NVIDIA GeForce RTX 5090,GPU-67921d1c-ee8e-304f-b562-d6f87617c5a0,32607,30558,1630,0
2026-08-21T02:43:45.0494705+12:00,5090-deep-118k,1,NVIDIA GeForce RTX 4090,GPU-eed52936-813f-8d68-1654-bfb56cb42bc3,24564,23022,1117,0
2026-08-21T02:43:45.3611727+12:00,5090-deep-118k,0,NVIDIA GeForce RTX 5090,GPU-67921d1c-ee8e-304f-b562-d6f87617c5a0,32607,30558,1630,0
2026-08-21T02:43:45.3611727+12:00,5090-deep-118k,1,NVIDIA GeForce RTX 4090,GPU-eed52936-813f-8d68-1654-bfb56cb42bc3,24564,23022,1117,0
2026-08-21T02:43:45.6889224+12:00,5090-deep-118k,0,NVIDIA GeForce RTX 5090,GPU-67921d1c-ee8e-304f-b562-d6f87617c5a0,32607,30558,1630,0
2026-08-21T02:43:45.6889224+12:00,5090-deep-118k,1,NVIDIA GeForce RTX 4090,GPU-eed52936-813f-8d68-1654-bfb56cb42bc3,24564,23022,1117,0
2026-08-21T02:43:46.0134811+12:00,5090-deep-118k,0,NVIDIA GeForce RTX 5090,GPU-67921d1c-ee8e-304f-b562-d6f87617c5a0,32607,30558,1630,0
2026-08-21T02:43:46.0134811+12:00,5090-deep-118k,1,NVIDIA GeForce RTX 4090,GPU-eed52936-813f-8d68-1654-bfb56cb42bc3,24564,23022,1117,0
2026-08-21T02:43:46.3413409+12:00,5090-deep-118k,0,NVIDIA GeForce RTX 5090,GPU-67921d1c-ee8e-304f-b562-d6f87617c5a0,32607,30558,1630,0
2026-08-21T02:43:46.3413409+12:00,5090-deep-118k,1,NVIDIA GeForce RTX 4090,GPU-eed52936-813f-8d68-1654-bfb56cb42bc3,24564,23022,1117,0
2026-08-21T02:43:46.6554897+12:00,5090-deep-118k,0,NVIDIA GeForce RTX 5090,GPU-67921d1c-ee8e-304f-b562-d6f87617c5a0,32607,30558,1630,0
2026-08-21T02:43:46.6554897+12:00,5090-deep-118k,1,NVIDIA GeForce RTX 4090,GPU-eed52936-813f-8d68-1654-bfb56cb42bc3,24564,23022,1117,0
2026-08-21T02:43:46.9839239+12:00,5090-deep-118k,0,NVIDIA GeForce RTX 5090,GPU-67921d1c-ee8e-304f-b562-d6f87617c5a0,32607,30558,1630,0
2026-08-21T02:43:46.9839239+12:00,5090-deep-118k,1,NVIDIA GeForce RTX 4090,GPU-eed52936-813f-8d68-1654-bfb56cb42bc3,24564,23022,1117,0
2026-08-21T02:43:47.3099400+12:00,5090-deep-118k,0,NVIDIA GeForce RTX 5090,GPU-67921d1c-ee8e-304f-b562-d6f87617c5a0,32607,30558,1630,0
2026-08-21T02:43:47.3099400+12:00,5090-deep-118k,1,NVIDIA GeForce RTX 4090,GPU-eed52936-813f-8d68-1654-bfb56cb42bc3,24564,23022,1117,0
2026-08-21T02:43:47.6378952+12:00,5090-deep-118k,0,NVIDIA GeForce RTX 5090,GPU-67921d1c-ee8e-304f-b562-d6f87617c5a0,32607,30558,1630,0
2026-08-21T02:43:47.6378952+12:00,5090-deep-118k,1,NVIDIA GeForce RTX 4090,GPU-eed52936-813f-8d68-1654-bfb56cb42bc3,24564,23022,1117,0
2026-08-21T02:43:47.9484102+12:00,5090-deep-118k,0,NVIDIA GeForce RTX 5090,GPU-67921d1c-ee8e-304f-b562-d6f87617c5a0,32607,30554,1634,0
2026-08-21T02:43:47.9484102+12:00,5090-deep-118k,1,NVIDIA GeForce RTX 4090,GPU-eed52936-813f-8d68-1654-bfb56cb42bc3,24564,23022,1117,0
2026-08-21T02:43:48.2755043+12:00,5090-deep-118k,0,NVIDIA GeForce RTX 5090,GPU-67921d1c-ee8e-304f-b562-d6f87617c5a0,32607,30554,1634,0
2026-08-21T02:43:48.2755043+12:00,5090-deep-118k,1,NVIDIA GeForce RTX 4090,GPU-eed52936-813f-8d68-1654-bfb56cb42bc3,24564,23022,1117,0
2026-08-21T02:43:48.6008993+12:00,5090-deep-118k,0,NVIDIA GeForce RTX 5090,GPU-67921d1c-ee8e-304f-b562-d6f87617c5a0,32607,30554,1634,0
2026-08-21T02:43:48.6008993+12:00,5090-deep-118k,1,NVIDIA GeForce RTX 4090,GPU-eed52936-813f-8d68-1654-bfb56cb42bc3,24564,23022,1117,0
2026-08-21T02:43:48.9275715+12:00,5090-deep-118k,0,NVIDIA GeForce RTX 5090,GPU-67921d1c-ee8e-304f-b562-d6f87617c5a0,32607,30558,1630,0
2026-08-21T02:43:48.9275715+12:00,5090-deep-118k,1,NVIDIA GeForce RTX 4090,GPU-eed52936-813f-8d68-1654-bfb56cb42bc3,24564,23022,1117,0
2026-08-21T02:43:49.2391755+12:00,5090-deep-118k,0,NVIDIA GeForce RTX 5090,GPU-67921d1c-ee8e-304f-b562-d6f87617c5a0,32607,30558,1630,0
2026-08-21T02:43:49.2391755+12:00,5090-deep-118k,1,NVIDIA GeForce RTX 4090,GPU-eed52936-813f-8d68-1654-bfb56cb42bc3,24564,23022,1117,0
2026-08-21T02:43:49.5663214+12:00,5090-deep-118k,0,NVIDIA GeForce RTX 5090,GPU-67921d1c-ee8e-304f-b562-d6f87617c5a0,32607,30571,1617,0
2026-08-21T02:43:49.5663214+12:00,5090-deep-118k,1,NVIDIA GeForce RTX 4090,GPU-eed52936-813f-8d68-1654-bfb56cb42bc3,24564,23022,1117,0
2026-08-21T02:43:49.8918560+12:00,5090-deep-118k,0,NVIDIA GeForce RTX 5090,GPU-67921d1c-ee8e-304f-b562-d6f87617c5a0,32607,30571,1617,3
2026-08-21T02:43:49.8918560+12:00,5090-deep-118k,1,NVIDIA GeForce RTX 4090,GPU-eed52936-813f-8d68-1654-bfb56cb42bc3,24564,23022,1117,0
2026-08-21T02:43:50.2170333+12:00,5090-deep-118k,0,NVIDIA GeForce RTX 5090,GPU-67921d1c-ee8e-304f-b562-d6f87617c5a0,32607,30571,1617,0
2026-08-21T02:43:50.2170333+12:00,5090-deep-118k,1,NVIDIA GeForce RTX 4090,GPU-eed52936-813f-8d68-1654-bfb56cb42bc3,24564,23022,1117,0
2026-08-21T02:43:50.5272715+12:00,5090-deep-118k,0,NVIDIA GeForce RTX 5090,GPU-67921d1c-ee8e-304f-b562-d6f87617c5a0,32607,30571,1617,0
2026-08-21T02:43:50.5272715+12:00,5090-deep-118k,1,NVIDIA GeForce RTX 4090,GPU-eed52936-813f-8d68-1654-bfb56cb42bc3,24564,23022,1117,0
2026-08-21T02:43:50.8546433+12:00,5090-deep-118k,0,NVIDIA GeForce RTX 5090,GPU-67921d1c-ee8e-304f-b562-d6f87617c5a0,32607,30562,1626,0
2026-08-21T02:43:50.8546433+12:00,5090-deep-118k,1,NVIDIA GeForce RTX 4090,GPU-eed52936-813f-8d68-1654-bfb56cb42bc3,24564,23022,1117,0
2026-08-21T02:43:51.1700447+12:00,5090-deep-118k,0,NVIDIA GeForce RTX 5090,GPU-67921d1c-ee8e-304f-b562-d6f87617c5a0,32607,30562,1626,0
2026-08-21T02:43:51.1700447+12:00,5090-deep-118k,1,NVIDIA GeForce RTX 4090,GPU-eed52936-813f-8d68-1654-bfb56cb42bc3,24564,23022,1117,0
2026-08-21T02:43:51.4935536+12:00,5090-deep-118k,0,NVIDIA GeForce RTX 5090,GPU-67921d1c-ee8e-304f-b562-d6f87617c5a0,32607,30562,1626,0
2026-08-21T02:43:51.4935536+12:00,5090-deep-118k,1,NVIDIA GeForce RTX 4090,GPU-eed52936-813f-8d68-1654-bfb56cb42bc3,24564,23022,1117,0
2026-08-21T02:43:51.8201914+12:00,5090-deep-118k,0,NVIDIA GeForce RTX 5090,GPU-67921d1c-ee8e-304f-b562-d6f87617c5a0,32607,30560,1628,0
2026-08-21T02:43:51.8201914+12:00,5090-deep-118k,1,NVIDIA GeForce RTX 4090,GPU-eed52936-813f-8d68-1654-bfb56cb42bc3,24564,23022,1117,0
2026-08-21T02:43:52.1326094+12:00,5090-deep-118k,0,NVIDIA GeForce RTX 5090,GPU-67921d1c-ee8e-304f-b562-d6f87617c5a0,32607,30556,1632,0
2026-08-21T02:43:52.1326094+12:00,5090-deep-118k,1,NVIDIA GeForce RTX 4090,GPU-eed52936-813f-8d68-1654-bfb56cb42bc3,24564,23022,1117,0
2026-08-21T02:43:52.4597071+12:00,5090-deep-118k,0,NVIDIA GeForce RTX 5090,GPU-67921d1c-ee8e-304f-b562-d6f87617c5a0,32607,30556,1632,0
2026-08-21T02:43:52.4597071+12:00,5090-deep-118k,1,NVIDIA GeForce RTX 4090,GPU-eed52936-813f-8d68-1654-bfb56cb42bc3,24564,23022,1117,0
2026-08-21T02:43:52.7886102+12:00,5090-deep-118k,0,NVIDIA GeForce RTX 5090,GPU-67921d1c-ee8e-304f-b562-d6f87617c5a0,32607,30560,1628,0
2026-08-21T02:43:52.7886102+12:00,5090-deep-118k,1,NVIDIA GeForce RTX 4090,GPU-eed52936-813f-8d68-1654-bfb56cb42bc3,24564,23022,1117,0
2026-08-21T02:43:53.1153410+12:00,5090-deep-118k,0,NVIDIA GeForce RTX 5090,GPU-67921d1c-ee8e-304f-b562-d6f87617c5a0,32607,30560,1628,0
2026-08-21T02:43:53.1153410+12:00,5090-deep-118k,1,NVIDIA GeForce RTX 4090,GPU-eed52936-813f-8d68-1654-bfb56cb42bc3,24564,23022,1117,0
2026-08-21T02:43:53.4283899+12:00,5090-deep-118k,0,NVIDIA GeForce RTX 5090,GPU-67921d1c-ee8e-304f-b562-d6f87617c5a0,32607,30560,1628,0
2026-08-21T02:43:53.4283899+12:00,5090-deep-118k,1,NVIDIA GeForce RTX 4090,GPU-eed52936-813f-8d68-1654-bfb56cb42bc3,24564,23022,1117,0
2026-08-21T02:43:53.7384368+12:00,5090-deep-118k,0,NVIDIA GeForce RTX 5090,GPU-67921d1c-ee8e-304f-b562-d6f87617c5a0,32607,30560,1628,0
2026-08-21T02:43:53.7384368+12:00,5090-deep-118k,1,NVIDIA GeForce RTX 4090,GPU-eed52936-813f-8d68-1654-bfb56cb42bc3,24564,23022,1117,0
2026-08-21T02:43:54.0517540+12:00,5090-deep-118k,0,NVIDIA GeForce RTX 5090,GPU-67921d1c-ee8e-304f-b562-d6f87617c5a0,32607,30560,1628,0
2026-08-21T02:43:54.0517540+12:00,5090-deep-118k,1,NVIDIA GeForce RTX 4090,GPU-eed52936-813f-8d68-1654-bfb56cb42bc3,24564,23022,1117,0
2026-08-21T02:43:54.3788099+12:00,5090-deep-118k,0,NVIDIA GeForce RTX 5090,GPU-67921d1c-ee8e-304f-b562-d6f87617c5a0,32607,30560,1628,0
2026-08-21T02:43:54.3788099+12:00,5090-deep-118k,1,NVIDIA GeForce RTX 4090,GPU-eed52936-813f-8d68-1654-bfb56cb42bc3,24564,23022,1117,0
2026-08-21T02:43:54.6906545+12:00,5090-deep-118k,0,NVIDIA GeForce RTX 5090,GPU-67921d1c-ee8e-304f-b562-d6f87617c5a0,32607,30560,1628,0
2026-08-21T02:43:54.6906545+12:00,5090-deep-118k,1,NVIDIA GeForce RTX 4090,GPU-eed52936-813f-8d68-1654-bfb56cb42bc3,24564,23022,1117,0
2026-08-21T02:43:54.9998528+12:00,5090-deep-118k,0,NVIDIA GeForce RTX 5090,GPU-67921d1c-ee8e-304f-b562-d6f87617c5a0,32607,30560,1628,0
2026-08-21T02:43:54.9998528+12:00,5090-deep-118k,1,NVIDIA GeForce RTX 4090,GPU-eed52936-813f-8d68-1654-bfb56cb42bc3,24564,23022,1117,0
2026-08-21T02:43:55.3298830+12:00,5090-deep-118k,0,NVIDIA GeForce RTX 5090,GPU-67921d1c-ee8e-304f-b562-d6f87617c5a0,32607,30560,1628,0
2026-08-21T02:43:55.3298830+12:00,5090-deep-118k,1,NVIDIA GeForce RTX 4090,GPU-eed52936-813f-8d68-1654-bfb56cb42bc3,24564,23022,1117,0
2026-08-21T02:43:55.6592511+12:00,5090-deep-118k,0,NVIDIA GeForce RTX 5090,GPU-67921d1c-ee8e-304f-b562-d6f87617c5a0,32607,30560,1628,0
2026-08-21T02:43:55.6592511+12:00,5090-deep-118k,1,NVIDIA GeForce RTX 4090,GPU-eed52936-813f-8d68-1654-bfb56cb42bc3,24564,23022,1117,0
2026-08-21T02:43:55.9698335+12:00,5090-deep-118k,0,NVIDIA GeForce RTX 5090,GPU-67921d1c-ee8e-304f-b562-d6f87617c5a0,32607,30554,1634,0
2026-08-21T02:43:55.9698335+12:00,5090-deep-118k,1,NVIDIA GeForce RTX 4090,GPU-eed52936-813f-8d68-1654-bfb56cb42bc3,24564,23022,1117,0
2026-08-21T02:43:56.2813259+12:00,5090-deep-118k,0,NVIDIA GeForce RTX 5090,GPU-67921d1c-ee8e-304f-b562-d6f87617c5a0,32607,30554,1634,0
2026-08-21T02:43:56.2813259+12:00,5090-deep-118k,1,NVIDIA GeForce RTX 4090,GPU-eed52936-813f-8d68-1654-bfb56cb42bc3,24564,23022,1117,0
2026-08-21T02:43:56.5905840+12:00,5090-deep-118k,0,NVIDIA GeForce RTX 5090,GPU-67921d1c-ee8e-304f-b562-d6f87617c5a0,32607,30554,1634,0
2026-08-21T02:43:56.5905840+12:00,5090-deep-118k,1,NVIDIA GeForce RTX 4090,GPU-eed52936-813f-8d68-1654-bfb56cb42bc3,24564,23022,1117,0
2026-08-21T02:43:56.9201173+12:00,5090-deep-118k,0,NVIDIA GeForce RTX 5090,GPU-67921d1c-ee8e-304f-b562-d6f87617c5a0,32607,30558,1630,0
2026-08-21T02:43:56.9201173+12:00,5090-deep-118k,1,NVIDIA GeForce RTX 4090,GPU-eed52936-813f-8d68-1654-bfb56cb42bc3,24564,23022,1117,0
2026-08-21T02:43:57.2312963+12:00,5090-deep-118k,0,NVIDIA GeForce RTX 5090,GPU-67921d1c-ee8e-304f-b562-d6f87617c5a0,32607,30558,1630,0
2026-08-21T02:43:57.2312963+12:00,5090-deep-118k,1,NVIDIA GeForce RTX 4090,GPU-eed52936-813f-8d68-1654-bfb56cb42bc3,24564,23022,1117,0
2026-08-21T02:43:57.5444532+12:00,5090-deep-118k,0,NVIDIA GeForce RTX 5090,GPU-67921d1c-ee8e-304f-b562-d6f87617c5a0,32607,30558,1630,0
2026-08-21T02:43:57.5444532+12:00,5090-deep-118k,1,NVIDIA GeForce RTX 4090,GPU-eed52936-813f-8d68-1654-bfb56cb42bc3,24564,23022,1117,0
2026-08-21T02:43:57.8698290+12:00,5090-deep-118k,0,NVIDIA GeForce RTX 5090,GPU-67921d1c-ee8e-304f-b562-d6f87617c5a0,32607,30558,1630,0
2026-08-21T02:43:57.8698290+12:00,5090-deep-118k,1,NVIDIA GeForce RTX 4090,GPU-eed52936-813f-8d68-1654-bfb56cb42bc3,24564,23022,1117,0
2026-08-21T02:43:58.1799371+12:00,5090-deep-118k,0,NVIDIA GeForce RTX 5090,GPU-67921d1c-ee8e-304f-b562-d6f87617c5a0,32607,30558,1630,0
2026-08-21T02:43:58.1799371+12:00,5090-deep-118k,1,NVIDIA GeForce RTX 4090,GPU-eed52936-813f-8d68-1654-bfb56cb42bc3,24564,23022,1117,0
2026-08-21T02:43:58.4932015+12:00,5090-deep-118k,0,NVIDIA GeForce RTX 5090,GPU-67921d1c-ee8e-304f-b562-d6f87617c5a0,32607,30558,1630,0
2026-08-21T02:43:58.4932015+12:00,5090-deep-118k,1,NVIDIA GeForce RTX 4090,GPU-eed52936-813f-8d68-1654-bfb56cb42bc3,24564,23022,1117,0
2026-08-21T02:43:58.8209726+12:00,5090-deep-118k,0,NVIDIA GeForce RTX 5090,GPU-67921d1c-ee8e-304f-b562-d6f87617c5a0,32607,30558,1630,0
2026-08-21T02:43:58.8209726+12:00,5090-deep-118k,1,NVIDIA GeForce RTX 4090,GPU-eed52936-813f-8d68-1654-bfb56cb42bc3,24564,23022,1117,0
2026-08-21T02:43:59.1322000+12:00,5090-deep-118k,0,NVIDIA GeForce RTX 5090,GPU-67921d1c-ee8e-304f-b562-d6f87617c5a0,32607,30554,1634,0
2026-08-21T02:43:59.1322000+12:00,5090-deep-118k,1,NVIDIA GeForce RTX 4090,GPU-eed52936-813f-8d68-1654-bfb56cb42bc3,24564,23022,1117,0
2026-08-21T02:43:59.4429036+12:00,5090-deep-118k,0,NVIDIA GeForce RTX 5090,GPU-67921d1c-ee8e-304f-b562-d6f87617c5a0,32607,30554,1634,0
2026-08-21T02:43:59.4429036+12:00,5090-deep-118k,1,NVIDIA GeForce RTX 4090,GPU-eed52936-813f-8d68-1654-bfb56cb42bc3,24564,23022,1117,0
2026-08-21T02:43:59.7565428+12:00,5090-deep-118k,0,NVIDIA GeForce RTX 5090,GPU-67921d1c-ee8e-304f-b562-d6f87617c5a0,32607,30554,1634,0
2026-08-21T02:43:59.7565428+12:00,5090-deep-118k,1,NVIDIA GeForce RTX 4090,GPU-eed52936-813f-8d68-1654-bfb56cb42bc3,24564,23022,1117,0
2026-08-21T02:44:00.0820004+12:00,5090-deep-118k,0,NVIDIA GeForce RTX 5090,GPU-67921d1c-ee8e-304f-b562-d6f87617c5a0,32607,30554,1634,0
2026-08-21T02:44:00.0820004+12:00,5090-deep-118k,1,NVIDIA GeForce RTX 4090,GPU-eed52936-813f-8d68-1654-bfb56cb42bc3,24564,23022,1117,0
2026-08-21T02:44:00.3922508+12:00,5090-deep-118k,0,NVIDIA GeForce RTX 5090,GPU-67921d1c-ee8e-304f-b562-d6f87617c5a0,32607,30554,1634,0
2026-08-21T02:44:00.3922508+12:00,5090-deep-118k,1,NVIDIA GeForce RTX 4090,GPU-eed52936-813f-8d68-1654-bfb56cb42bc3,24564,23022,1117,0
2026-08-21T02:44:00.7184802+12:00,5090-deep-118k,0,NVIDIA GeForce RTX 5090,GPU-67921d1c-ee8e-304f-b562-d6f87617c5a0,32607,30554,1634,0
2026-08-21T02:44:00.7184802+12:00,5090-deep-118k,1,NVIDIA GeForce RTX 4090,GPU-eed52936-813f-8d68-1654-bfb56cb42bc3,24564,23022,1117,0
2026-08-21T02:44:01.0277274+12:00,5090-deep-118k,0,NVIDIA GeForce RTX 5090,GPU-67921d1c-ee8e-304f-b562-d6f87617c5a0,32607,30558,1630,0
2026-08-21T02:44:01.0277274+12:00,5090-deep-118k,1,NVIDIA GeForce RTX 4090,GPU-eed52936-813f-8d68-1654-bfb56cb42bc3,24564,23022,1117,0
2026-08-21T02:44:01.3560397+12:00,5090-deep-118k,0,NVIDIA GeForce RTX 5090,GPU-67921d1c-ee8e-304f-b562-d6f87617c5a0,32607,30558,1630,0
2026-08-21T02:44:01.3560397+12:00,5090-deep-118k,1,NVIDIA GeForce RTX 4090,GPU-eed52936-813f-8d68-1654-bfb56cb42bc3,24564,23022,1117,0
2026-08-21T02:44:01.6850633+12:00,5090-deep-118k,0,NVIDIA GeForce RTX 5090,GPU-67921d1c-ee8e-304f-b562-d6f87617c5a0,32607,30558,1630,0
2026-08-21T02:44:01.6850633+12:00,5090-deep-118k,1,NVIDIA GeForce RTX 4090,GPU-eed52936-813f-8d68-1654-bfb56cb42bc3,24564,23022,1117,0
2026-08-21T02:44:02.0104459+12:00,5090-deep-118k,0,NVIDIA GeForce RTX 5090,GPU-67921d1c-ee8e-304f-b562-d6f87617c5a0,32607,30558,1630,0
2026-08-21T02:44:02.0104459+12:00,5090-deep-118k,1,NVIDIA GeForce RTX 4090,GPU-eed52936-813f-8d68-1654-bfb56cb42bc3,24564,23022,1117,0
2026-08-21T02:44:02.3360960+12:00,5090-deep-118k,0,NVIDIA GeForce RTX 5090,GPU-67921d1c-ee8e-304f-b562-d6f87617c5a0,32607,30558,1630,0
2026-08-21T02:44:02.3360960+12:00,5090-deep-118k,1,NVIDIA GeForce RTX 4090,GPU-eed52936-813f-8d68-1654-bfb56cb42bc3,24564,23022,1117,0
2026-08-21T02:44:02.6654033+12:00,5090-deep-118k,0,NVIDIA GeForce RTX 5090,GPU-67921d1c-ee8e-304f-b562-d6f87617c5a0,32607,30558,1630,0
2026-08-21T02:44:02.6654033+12:00,5090-deep-118k,1,NVIDIA GeForce RTX 4090,GPU-eed52936-813f-8d68-1654-bfb56cb42bc3,24564,23022,1117,0
2026-08-21T02:44:02.9762788+12:00,5090-deep-118k,0,NVIDIA GeForce RTX 5090,GPU-67921d1c-ee8e-304f-b562-d6f87617c5a0,32607,30558,1630,0
2026-08-21T02:44:02.9762788+12:00,5090-deep-118k,1,NVIDIA GeForce RTX 4090,GPU-eed52936-813f-8d68-1654-bfb56cb42bc3,24564,23022,1117,0
2026-08-21T02:44:03.3032054+12:00,5090-deep-118k,0,NVIDIA GeForce RTX 5090,GPU-67921d1c-ee8e-304f-b562-d6f87617c5a0,32607,30558,1630,0
2026-08-21T02:44:03.3032054+12:00,5090-deep-118k,1,NVIDIA GeForce RTX 4090,GPU-eed52936-813f-8d68-1654-bfb56cb42bc3,24564,23022,1117,0
2026-08-21T02:44:03.6307301+12:00,5090-deep-118k,0,NVIDIA GeForce RTX 5090,GPU-67921d1c-ee8e-304f-b562-d6f87617c5a0,32607,30558,1630,0
2026-08-21T02:44:03.6307301+12:00,5090-deep-118k,1,NVIDIA GeForce RTX 4090,GPU-eed52936-813f-8d68-1654-bfb56cb42bc3,24564,23022,1117,0
2026-08-21T02:44:03.9571366+12:00,5090-deep-118k,0,NVIDIA GeForce RTX 5090,GPU-67921d1c-ee8e-304f-b562-d6f87617c5a0,32607,30554,1634,0
2026-08-21T02:44:03.9571366+12:00,5090-deep-118k,1,NVIDIA GeForce RTX 4090,GPU-eed52936-813f-8d68-1654-bfb56cb42bc3,24564,23022,1117,0
2026-08-21T02:44:04.2875952+12:00,5090-deep-118k,0,NVIDIA GeForce RTX 5090,GPU-67921d1c-ee8e-304f-b562-d6f87617c5a0,32607,30554,1634,0
2026-08-21T02:44:04.2875952+12:00,5090-deep-118k,1,NVIDIA GeForce RTX 4090,GPU-eed52936-813f-8d68-1654-bfb56cb42bc3,24564,23022,1117,0
2026-08-21T02:44:04.5962677+12:00,5090-deep-118k,0,NVIDIA GeForce RTX 5090,GPU-67921d1c-ee8e-304f-b562-d6f87617c5a0,32607,30554,1634,0
2026-08-21T02:44:04.5962677+12:00,5090-deep-118k,1,NVIDIA GeForce RTX 4090,GPU-eed52936-813f-8d68-1654-bfb56cb42bc3,24564,23022,1117,0
2026-08-21T02:44:04.9082136+12:00,5090-deep-118k,0,NVIDIA GeForce RTX 5090,GPU-67921d1c-ee8e-304f-b562-d6f87617c5a0,32607,30558,1630,0
2026-08-21T02:44:04.9082136+12:00,5090-deep-118k,1,NVIDIA GeForce RTX 4090,GPU-eed52936-813f-8d68-1654-bfb56cb42bc3,24564,23022,1117,0
2026-08-21T02:44:05.2334096+12:00,5090-deep-118k,0,NVIDIA GeForce RTX 5090,GPU-67921d1c-ee8e-304f-b562-d6f87617c5a0,32607,30558,1630,0
2026-08-21T02:44:05.2334096+12:00,5090-deep-118k,1,NVIDIA GeForce RTX 4090,GPU-eed52936-813f-8d68-1654-bfb56cb42bc3,24564,23022,1117,0
2026-08-21T02:44:05.5575937+12:00,5090-deep-118k,0,NVIDIA GeForce RTX 5090,GPU-67921d1c-ee8e-304f-b562-d6f87617c5a0,32607,30558,1630,0
2026-08-21T02:44:05.5575937+12:00,5090-deep-118k,1,NVIDIA GeForce RTX 4090,GPU-eed52936-813f-8d68-1654-bfb56cb42bc3,24564,23022,1117,0
2026-08-21T02:44:05.8866517+12:00,5090-deep-118k,0,NVIDIA GeForce RTX 5090,GPU-67921d1c-ee8e-304f-b562-d6f87617c5a0,32607,30558,1630,0
2026-08-21T02:44:05.8866517+12:00,5090-deep-118k,1,NVIDIA GeForce RTX 4090,GPU-eed52936-813f-8d68-1654-bfb56cb42bc3,24564,23022,1117,0
2026-08-21T02:44:06.2021869+12:00,5090-deep-118k,0,NVIDIA GeForce RTX 5090,GPU-67921d1c-ee8e-304f-b562-d6f87617c5a0,32607,30558,1630,0
2026-08-21T02:44:06.2021869+12:00,5090-deep-118k,1,NVIDIA GeForce RTX 4090,GPU-eed52936-813f-8d68-1654-bfb56cb42bc3,24564,23022,1117,0
2026-08-21T02:44:06.5133880+12:00,5090-deep-118k,0,NVIDIA GeForce RTX 5090,GPU-67921d1c-ee8e-304f-b562-d6f87617c5a0,32607,30558,1630,0
2026-08-21T02:44:06.5133880+12:00,5090-deep-118k,1,NVIDIA GeForce RTX 4090,GPU-eed52936-813f-8d68-1654-bfb56cb42bc3,24564,23022,1117,0
2026-08-21T02:44:06.8260515+12:00,5090-deep-118k,0,NVIDIA GeForce RTX 5090,GPU-67921d1c-ee8e-304f-b562-d6f87617c5a0,32607,30558,1630,0
2026-08-21T02:44:06.8260515+12:00,5090-deep-118k,1,NVIDIA GeForce RTX 4090,GPU-eed52936-813f-8d68-1654-bfb56cb42bc3,24564,23022,1117,0
2026-08-21T02:44:07.1537675+12:00,5090-deep-118k,0,NVIDIA GeForce RTX 5090,GPU-67921d1c-ee8e-304f-b562-d6f87617c5a0,32607,30554,1634,0
2026-08-21T02:44:07.1537675+12:00,5090-deep-118k,1,NVIDIA GeForce RTX 4090,GPU-eed52936-813f-8d68-1654-bfb56cb42bc3,24564,23022,1117,0
2026-08-21T02:44:07.4642588+12:00,5090-deep-118k,0,NVIDIA GeForce RTX 5090,GPU-67921d1c-ee8e-304f-b562-d6f87617c5a0,32607,30554,1634,0
2026-08-21T02:44:07.4642588+12:00,5090-deep-118k,1,NVIDIA GeForce RTX 4090,GPU-eed52936-813f-8d68-1654-bfb56cb42bc3,24564,23022,1117,0
2026-08-21T02:44:07.7908379+12:00,5090-deep-118k,0,NVIDIA GeForce RTX 5090,GPU-67921d1c-ee8e-304f-b562-d6f87617c5a0,32607,30554,1634,0
2026-08-21T02:44:07.7908379+12:00,5090-deep-118k,1,NVIDIA GeForce RTX 4090,GPU-eed52936-813f-8d68-1654-bfb56cb42bc3,24564,23022,1117,0
2026-08-21T02:44:08.1191525+12:00,5090-deep-118k,0,NVIDIA GeForce RTX 5090,GPU-67921d1c-ee8e-304f-b562-d6f87617c5a0,32607,30554,1634,0
2026-08-21T02:44:08.1191525+12:00,5090-deep-118k,1,NVIDIA GeForce RTX 4090,GPU-eed52936-813f-8d68-1654-bfb56cb42bc3,24564,23022,1117,0
2026-08-21T02:44:08.4304324+12:00,5090-deep-118k,0,NVIDIA GeForce RTX 5090,GPU-67921d1c-ee8e-304f-b562-d6f87617c5a0,32607,30554,1634,0
2026-08-21T02:44:08.4304324+12:00,5090-deep-118k,1,NVIDIA GeForce RTX 4090,GPU-eed52936-813f-8d68-1654-bfb56cb42bc3,24564,23022,1117,0
2026-08-21T02:44:08.7413754+12:00,5090-deep-118k,0,NVIDIA GeForce RTX 5090,GPU-67921d1c-ee8e-304f-b562-d6f87617c5a0,32607,30558,1630,0
2026-08-21T02:44:08.7413754+12:00,5090-deep-118k,1,NVIDIA GeForce RTX 4090,GPU-eed52936-813f-8d68-1654-bfb56cb42bc3,24564,23022,1117,0
2026-08-21T02:44:09.0671695+12:00,5090-deep-118k,0,NVIDIA GeForce RTX 5090,GPU-67921d1c-ee8e-304f-b562-d6f87617c5a0,32607,30558,1630,0
2026-08-21T02:44:09.0671695+12:00,5090-deep-118k,1,NVIDIA GeForce RTX 4090,GPU-eed52936-813f-8d68-1654-bfb56cb42bc3,24564,23022,1117,0
2026-08-21T02:44:09.3940157+12:00,5090-deep-118k,0,NVIDIA GeForce RTX 5090,GPU-67921d1c-ee8e-304f-b562-d6f87617c5a0,32607,30558,1630,0
2026-08-21T02:44:09.3940157+12:00,5090-deep-118k,1,NVIDIA GeForce RTX 4090,GPU-eed52936-813f-8d68-1654-bfb56cb42bc3,24564,23022,1117,0
2026-08-21T02:44:09.7201122+12:00,5090-deep-118k,0,NVIDIA GeForce RTX 5090,GPU-67921d1c-ee8e-304f-b562-d6f87617c5a0,32607,30558,1630,0
2026-08-21T02:44:09.7201122+12:00,5090-deep-118k,1,NVIDIA GeForce RTX 4090,GPU-eed52936-813f-8d68-1654-bfb56cb42bc3,24564,23022,1117,0
2026-08-21T02:44:10.0466071+12:00,5090-deep-118k,0,NVIDIA GeForce RTX 5090,GPU-67921d1c-ee8e-304f-b562-d6f87617c5a0,32607,30559,1629,0
2026-08-21T02:44:10.0466071+12:00,5090-deep-118k,1,NVIDIA GeForce RTX 4090,GPU-eed52936-813f-8d68-1654-bfb56cb42bc3,24564,23022,1117,0
2026-08-21T02:44:10.3572563+12:00,5090-deep-118k,0,NVIDIA GeForce RTX 5090,GPU-67921d1c-ee8e-304f-b562-d6f87617c5a0,32607,30559,1629,0
2026-08-21T02:44:10.3572563+12:00,5090-deep-118k,1,NVIDIA GeForce RTX 4090,GPU-eed52936-813f-8d68-1654-bfb56cb42bc3,24564,23022,1117,1
2026-08-21T02:44:10.6835365+12:00,5090-deep-118k,0,NVIDIA GeForce RTX 5090,GPU-67921d1c-ee8e-304f-b562-d6f87617c5a0,32607,30559,1629,0
2026-08-21T02:44:10.6835365+12:00,5090-deep-118k,1,NVIDIA GeForce RTX 4090,GPU-eed52936-813f-8d68-1654-bfb56cb42bc3,24564,23022,1117,0
2026-08-21T02:44:11.0075381+12:00,5090-deep-118k,0,NVIDIA GeForce RTX 5090,GPU-67921d1c-ee8e-304f-b562-d6f87617c5a0,32607,30559,1629,0
2026-08-21T02:44:11.0075381+12:00,5090-deep-118k,1,NVIDIA GeForce RTX 4090,GPU-eed52936-813f-8d68-1654-bfb56cb42bc3,24564,23022,1117,0
2026-08-21T02:44:11.3224489+12:00,5090-deep-118k,0,NVIDIA GeForce RTX 5090,GPU-67921d1c-ee8e-304f-b562-d6f87617c5a0,32607,30559,1629,0
2026-08-21T02:44:11.3224489+12:00,5090-deep-118k,1,NVIDIA GeForce RTX 4090,GPU-eed52936-813f-8d68-1654-bfb56cb42bc3,24564,23022,1117,0
2026-08-21T02:44:11.6501508+12:00,5090-deep-118k,0,NVIDIA GeForce RTX 5090,GPU-67921d1c-ee8e-304f-b562-d6f87617c5a0,32607,30559,1629,0
2026-08-21T02:44:11.6501508+12:00,5090-deep-118k,1,NVIDIA GeForce RTX 4090,GPU-eed52936-813f-8d68-1654-bfb56cb42bc3,24564,23022,1117,0
2026-08-21T02:44:11.9764106+12:00,5090-deep-118k,0,NVIDIA GeForce RTX 5090,GPU-67921d1c-ee8e-304f-b562-d6f87617c5a0,32607,30554,1634,0
2026-08-21T02:44:11.9764106+12:00,5090-deep-118k,1,NVIDIA GeForce RTX 4090,GPU-eed52936-813f-8d68-1654-bfb56cb42bc3,24564,23022,1117,0
2026-08-21T02:44:12.2888695+12:00,5090-deep-118k,0,NVIDIA GeForce RTX 5090,GPU-67921d1c-ee8e-304f-b562-d6f87617c5a0,32607,30561,1627,0
2026-08-21T02:44:12.2888695+12:00,5090-deep-118k,1,NVIDIA GeForce RTX 4090,GPU-eed52936-813f-8d68-1654-bfb56cb42bc3,24564,23022,1117,0
2026-08-21T02:44:12.6000443+12:00,5090-deep-118k,0,NVIDIA GeForce RTX 5090,GPU-67921d1c-ee8e-304f-b562-d6f87617c5a0,32607,30561,1627,0
2026-08-21T02:44:12.6000443+12:00,5090-deep-118k,1,NVIDIA GeForce RTX 4090,GPU-eed52936-813f-8d68-1654-bfb56cb42bc3,24564,23022,1117,0
2026-08-21T02:44:12.9124579+12:00,5090-deep-118k,0,NVIDIA GeForce RTX 5090,GPU-67921d1c-ee8e-304f-b562-d6f87617c5a0,32607,30566,1622,0
2026-08-21T02:44:12.9124579+12:00,5090-deep-118k,1,NVIDIA GeForce RTX 4090,GPU-eed52936-813f-8d68-1654-bfb56cb42bc3,24564,23022,1117,0
2026-08-21T02:44:13.2377877+12:00,5090-deep-118k,0,NVIDIA GeForce RTX 5090,GPU-67921d1c-ee8e-304f-b562-d6f87617c5a0,32607,30566,1622,0
2026-08-21T02:44:13.2377877+12:00,5090-deep-118k,1,NVIDIA GeForce RTX 4090,GPU-eed52936-813f-8d68-1654-bfb56cb42bc3,24564,23022,1117,0
2026-08-21T02:44:13.5577349+12:00,5090-deep-118k,0,NVIDIA GeForce RTX 5090,GPU-67921d1c-ee8e-304f-b562-d6f87617c5a0,32607,30566,1622,0
2026-08-21T02:44:13.5577349+12:00,5090-deep-118k,1,NVIDIA GeForce RTX 4090,GPU-eed52936-813f-8d68-1654-bfb56cb42bc3,24564,23022,1117,0
2026-08-21T02:44:13.8789848+12:00,5090-deep-118k,0,NVIDIA GeForce RTX 5090,GPU-67921d1c-ee8e-304f-b562-d6f87617c5a0,32607,30566,1622,0
2026-08-21T02:44:13.8789848+12:00,5090-deep-118k,1,NVIDIA GeForce RTX 4090,GPU-eed52936-813f-8d68-1654-bfb56cb42bc3,24564,23022,1117,0
2026-08-21T02:44:14.2044435+12:00,5090-deep-118k,0,NVIDIA GeForce RTX 5090,GPU-67921d1c-ee8e-304f-b562-d6f87617c5a0,32607,30566,1622,0
2026-08-21T02:44:14.2044435+12:00,5090-deep-118k,1,NVIDIA GeForce RTX 4090,GPU-eed52936-813f-8d68-1654-bfb56cb42bc3,24564,23022,1117,0
2026-08-21T02:44:14.5289324+12:00,5090-deep-118k,0,NVIDIA GeForce RTX 5090,GPU-67921d1c-ee8e-304f-b562-d6f87617c5a0,32607,30566,1622,0
2026-08-21T02:44:14.5289324+12:00,5090-deep-118k,1,NVIDIA GeForce RTX 4090,GPU-eed52936-813f-8d68-1654-bfb56cb42bc3,24564,23022,1117,0
2026-08-21T02:44:14.8557027+12:00,5090-deep-118k,0,NVIDIA GeForce RTX 5090,GPU-67921d1c-ee8e-304f-b562-d6f87617c5a0,32607,30566,1622,0
2026-08-21T02:44:14.8557027+12:00,5090-deep-118k,1,NVIDIA GeForce RTX 4090,GPU-eed52936-813f-8d68-1654-bfb56cb42bc3,24564,23022,1117,0
2026-08-21T02:44:15.1833651+12:00,5090-deep-118k,0,NVIDIA GeForce RTX 5090,GPU-67921d1c-ee8e-304f-b562-d6f87617c5a0,32607,30566,1622,0
2026-08-21T02:44:15.1833651+12:00,5090-deep-118k,1,NVIDIA GeForce RTX 4090,GPU-eed52936-813f-8d68-1654-bfb56cb42bc3,24564,23022,1117,0
2026-08-21T02:44:15.4964882+12:00,5090-deep-118k,0,NVIDIA GeForce RTX 5090,GPU-67921d1c-ee8e-304f-b562-d6f87617c5a0,32607,30566,1622,0
2026-08-21T02:44:15.4964882+12:00,5090-deep-118k,1,NVIDIA GeForce RTX 4090,GPU-eed52936-813f-8d68-1654-bfb56cb42bc3,24564,23022,1117,0
2026-08-21T02:44:15.8224802+12:00,5090-deep-118k,0,NVIDIA GeForce RTX 5090,GPU-67921d1c-ee8e-304f-b562-d6f87617c5a0,32607,30565,1623,0
2026-08-21T02:44:15.8224802+12:00,5090-deep-118k,1,NVIDIA GeForce RTX 4090,GPU-eed52936-813f-8d68-1654-bfb56cb42bc3,24564,23022,1117,0
2026-08-21T02:44:16.1477134+12:00,5090-deep-118k,0,NVIDIA GeForce RTX 5090,GPU-67921d1c-ee8e-304f-b562-d6f87617c5a0,32607,30561,1627,0
2026-08-21T02:44:16.1477134+12:00,5090-deep-118k,1,NVIDIA GeForce RTX 4090,GPU-eed52936-813f-8d68-1654-bfb56cb42bc3,24564,23022,1117,0
2026-08-21T02:44:16.4614677+12:00,5090-deep-118k,0,NVIDIA GeForce RTX 5090,GPU-67921d1c-ee8e-304f-b562-d6f87617c5a0,32607,30561,1627,0
2026-08-21T02:44:16.4614677+12:00,5090-deep-118k,1,NVIDIA GeForce RTX 4090,GPU-eed52936-813f-8d68-1654-bfb56cb42bc3,24564,23022,1117,0
2026-08-21T02:44:16.7859366+12:00,5090-deep-118k,0,NVIDIA GeForce RTX 5090,GPU-67921d1c-ee8e-304f-b562-d6f87617c5a0,32607,30566,1622,0
2026-08-21T02:44:16.7859366+12:00,5090-deep-118k,1,NVIDIA GeForce RTX 4090,GPU-eed52936-813f-8d68-1654-bfb56cb42bc3,24564,23022,1117,0
2026-08-21T02:44:17.0988883+12:00,5090-deep-118k,0,NVIDIA GeForce RTX 5090,GPU-67921d1c-ee8e-304f-b562-d6f87617c5a0,32607,30566,1622,0
2026-08-21T02:44:17.0988883+12:00,5090-deep-118k,1,NVIDIA GeForce RTX 4090,GPU-eed52936-813f-8d68-1654-bfb56cb42bc3,24564,23022,1117,0
2026-08-21T02:44:17.4256968+12:00,5090-deep-118k,0,NVIDIA GeForce RTX 5090,GPU-67921d1c-ee8e-304f-b562-d6f87617c5a0,32607,30566,1622,0
2026-08-21T02:44:17.4256968+12:00,5090-deep-118k,1,NVIDIA GeForce RTX 4090,GPU-eed52936-813f-8d68-1654-bfb56cb42bc3,24564,23022,1117,0
2026-08-21T02:44:17.7440409+12:00,5090-deep-118k,0,NVIDIA GeForce RTX 5090,GPU-67921d1c-ee8e-304f-b562-d6f87617c5a0,32607,30566,1622,0
2026-08-21T02:44:17.7440409+12:00,5090-deep-118k,1,NVIDIA GeForce RTX 4090,GPU-eed52936-813f-8d68-1654-bfb56cb42bc3,24564,23022,1117,0
2026-08-21T02:44:18.0624285+12:00,5090-deep-118k,0,NVIDIA GeForce RTX 5090,GPU-67921d1c-ee8e-304f-b562-d6f87617c5a0,32607,30566,1622,0
2026-08-21T02:44:18.0624285+12:00,5090-deep-118k,1,NVIDIA GeForce RTX 4090,GPU-eed52936-813f-8d68-1654-bfb56cb42bc3,24564,23022,1117,0
2026-08-21T02:44:18.3896094+12:00,5090-deep-118k,0,NVIDIA GeForce RTX 5090,GPU-67921d1c-ee8e-304f-b562-d6f87617c5a0,32607,30566,1622,0
2026-08-21T02:44:18.3896094+12:00,5090-deep-118k,1,NVIDIA GeForce RTX 4090,GPU-eed52936-813f-8d68-1654-bfb56cb42bc3,24564,23022,1117,0
2026-08-21T02:44:18.7009200+12:00,5090-deep-118k,0,NVIDIA GeForce RTX 5090,GPU-67921d1c-ee8e-304f-b562-d6f87617c5a0,32607,30566,1622,0
2026-08-21T02:44:18.7009200+12:00,5090-deep-118k,1,NVIDIA GeForce RTX 4090,GPU-eed52936-813f-8d68-1654-bfb56cb42bc3,24564,23022,1117,0
2026-08-21T02:44:19.0136366+12:00,5090-deep-118k,0,NVIDIA GeForce RTX 5090,GPU-67921d1c-ee8e-304f-b562-d6f87617c5a0,32607,30566,1622,0
2026-08-21T02:44:19.0136366+12:00,5090-deep-118k,1,NVIDIA GeForce RTX 4090,GPU-eed52936-813f-8d68-1654-bfb56cb42bc3,24564,23022,1117,0
2026-08-21T02:44:19.3399916+12:00,5090-deep-118k,0,NVIDIA GeForce RTX 5090,GPU-67921d1c-ee8e-304f-b562-d6f87617c5a0,32607,30566,1622,0
2026-08-21T02:44:19.3399916+12:00,5090-deep-118k,1,NVIDIA GeForce RTX 4090,GPU-eed52936-813f-8d68-1654-bfb56cb42bc3,24564,23022,1117,0
2026-08-21T02:44:19.6526987+12:00,5090-deep-118k,0,NVIDIA GeForce RTX 5090,GPU-67921d1c-ee8e-304f-b562-d6f87617c5a0,32607,30566,1622,0
2026-08-21T02:44:19.6526987+12:00,5090-deep-118k,1,NVIDIA GeForce RTX 4090,GPU-eed52936-813f-8d68-1654-bfb56cb42bc3,24564,23022,1117,0
2026-08-21T02:44:19.9630222+12:00,5090-deep-118k,0,NVIDIA GeForce RTX 5090,GPU-67921d1c-ee8e-304f-b562-d6f87617c5a0,32607,30561,1627,0
2026-08-21T02:44:19.9630222+12:00,5090-deep-118k,1,NVIDIA GeForce RTX 4090,GPU-eed52936-813f-8d68-1654-bfb56cb42bc3,24564,23022,1117,0
2026-08-21T02:44:20.2732642+12:00,5090-deep-118k,0,NVIDIA GeForce RTX 5090,GPU-67921d1c-ee8e-304f-b562-d6f87617c5a0,32607,30561,1627,0
2026-08-21T02:44:20.2732642+12:00,5090-deep-118k,1,NVIDIA GeForce RTX 4090,GPU-eed52936-813f-8d68-1654-bfb56cb42bc3,24564,23022,1117,0
2026-08-21T02:44:20.5877250+12:00,5090-deep-118k,0,NVIDIA GeForce RTX 5090,GPU-67921d1c-ee8e-304f-b562-d6f87617c5a0,32607,30561,1627,0
2026-08-21T02:44:20.5877250+12:00,5090-deep-118k,1,NVIDIA GeForce RTX 4090,GPU-eed52936-813f-8d68-1654-bfb56cb42bc3,24564,23022,1117,0
2026-08-21T02:44:20.8985853+12:00,5090-deep-118k,0,NVIDIA GeForce RTX 5090,GPU-67921d1c-ee8e-304f-b562-d6f87617c5a0,32607,30566,1622,0
2026-08-21T02:44:20.8985853+12:00,5090-deep-118k,1,NVIDIA GeForce RTX 4090,GPU-eed52936-813f-8d68-1654-bfb56cb42bc3,24564,23022,1117,0
2026-08-21T02:44:21.2262704+12:00,5090-deep-118k,0,NVIDIA GeForce RTX 5090,GPU-67921d1c-ee8e-304f-b562-d6f87617c5a0,32607,30566,1622,0
2026-08-21T02:44:21.2262704+12:00,5090-deep-118k,1,NVIDIA GeForce RTX 4090,GPU-eed52936-813f-8d68-1654-bfb56cb42bc3,24564,23022,1117,0
2026-08-21T02:44:21.5330188+12:00,5090-deep-118k,0,NVIDIA GeForce RTX 5090,GPU-67921d1c-ee8e-304f-b562-d6f87617c5a0,32607,30566,1622,0
2026-08-21T02:44:21.5330188+12:00,5090-deep-118k,1,NVIDIA GeForce RTX 4090,GPU-eed52936-813f-8d68-1654-bfb56cb42bc3,24564,23022,1117,0
2026-08-21T02:44:21.8604306+12:00,5090-deep-118k,0,NVIDIA GeForce RTX 5090,GPU-67921d1c-ee8e-304f-b562-d6f87617c5a0,32607,30566,1622,0
2026-08-21T02:44:21.8604306+12:00,5090-deep-118k,1,NVIDIA GeForce RTX 4090,GPU-eed52936-813f-8d68-1654-bfb56cb42bc3,24564,23022,1117,0
2026-08-21T02:44:22.1786501+12:00,5090-deep-118k,0,NVIDIA GeForce RTX 5090,GPU-67921d1c-ee8e-304f-b562-d6f87617c5a0,32607,30566,1622,0
2026-08-21T02:44:22.1786501+12:00,5090-deep-118k,1,NVIDIA GeForce RTX 4090,GPU-eed52936-813f-8d68-1654-bfb56cb42bc3,24564,23022,1117,0
2026-08-21T02:44:22.5159125+12:00,5090-deep-118k,0,NVIDIA GeForce RTX 5090,GPU-67921d1c-ee8e-304f-b562-d6f87617c5a0,32607,30579,1609,0
2026-08-21T02:44:22.5159125+12:00,5090-deep-118k,1,NVIDIA GeForce RTX 4090,GPU-eed52936-813f-8d68-1654-bfb56cb42bc3,24564,23022,1117,0
2026-08-21T02:44:22.8455251+12:00,5090-deep-118k,0,NVIDIA GeForce RTX 5090,GPU-67921d1c-ee8e-304f-b562-d6f87617c5a0,32607,30579,1609,1
2026-08-21T02:44:22.8455251+12:00,5090-deep-118k,1,NVIDIA GeForce RTX 4090,GPU-eed52936-813f-8d68-1654-bfb56cb42bc3,24564,23022,1117,0
2026-08-21T02:44:23.1541424+12:00,5090-deep-118k,0,NVIDIA GeForce RTX 5090,GPU-67921d1c-ee8e-304f-b562-d6f87617c5a0,32607,30579,1609,0
2026-08-21T02:44:23.1541424+12:00,5090-deep-118k,1,NVIDIA GeForce RTX 4090,GPU-eed52936-813f-8d68-1654-bfb56cb42bc3,24564,23022,1117,0
2026-08-21T02:44:23.4648725+12:00,5090-deep-118k,0,NVIDIA GeForce RTX 5090,GPU-67921d1c-ee8e-304f-b562-d6f87617c5a0,32607,30579,1609,0
2026-08-21T02:44:23.4648725+12:00,5090-deep-118k,1,NVIDIA GeForce RTX 4090,GPU-eed52936-813f-8d68-1654-bfb56cb42bc3,24564,23022,1117,0
2026-08-21T02:44:23.7905788+12:00,5090-deep-118k,0,NVIDIA GeForce RTX 5090,GPU-67921d1c-ee8e-304f-b562-d6f87617c5a0,32607,30575,1613,0
2026-08-21T02:44:23.7905788+12:00,5090-deep-118k,1,NVIDIA GeForce RTX 4090,GPU-eed52936-813f-8d68-1654-bfb56cb42bc3,24564,23022,1117,0
2026-08-21T02:44:24.1016479+12:00,5090-deep-118k,0,NVIDIA GeForce RTX 5090,GPU-67921d1c-ee8e-304f-b562-d6f87617c5a0,32607,30563,1625,0
2026-08-21T02:44:24.1016479+12:00,5090-deep-118k,1,NVIDIA GeForce RTX 4090,GPU-eed52936-813f-8d68-1654-bfb56cb42bc3,24564,23022,1117,0
2026-08-21T02:44:24.4281130+12:00,5090-deep-118k,0,NVIDIA GeForce RTX 5090,GPU-67921d1c-ee8e-304f-b562-d6f87617c5a0,32607,30563,1625,0
2026-08-21T02:44:24.4281130+12:00,5090-deep-118k,1,NVIDIA GeForce RTX 4090,GPU-eed52936-813f-8d68-1654-bfb56cb42bc3,24564,23022,1117,0
2026-08-21T02:44:24.7566357+12:00,5090-deep-118k,0,NVIDIA GeForce RTX 5090,GPU-67921d1c-ee8e-304f-b562-d6f87617c5a0,32607,30568,1620,0
2026-08-21T02:44:24.7566357+12:00,5090-deep-118k,1,NVIDIA GeForce RTX 4090,GPU-eed52936-813f-8d68-1654-bfb56cb42bc3,24564,23022,1117,0
2026-08-21T02:44:25.0825599+12:00,5090-deep-118k,0,NVIDIA GeForce RTX 5090,GPU-67921d1c-ee8e-304f-b562-d6f87617c5a0,32607,30568,1620,0
2026-08-21T02:44:25.0825599+12:00,5090-deep-118k,1,NVIDIA GeForce RTX 4090,GPU-eed52936-813f-8d68-1654-bfb56cb42bc3,24564,23022,1117,0
2026-08-21T02:44:25.3938943+12:00,5090-deep-118k,0,NVIDIA GeForce RTX 5090,GPU-67921d1c-ee8e-304f-b562-d6f87617c5a0,32607,30568,1620,0
2026-08-21T02:44:25.3938943+12:00,5090-deep-118k,1,NVIDIA GeForce RTX 4090,GPU-eed52936-813f-8d68-1654-bfb56cb42bc3,24564,23022,1117,0
2026-08-21T02:44:25.7056770+12:00,5090-deep-118k,0,NVIDIA GeForce RTX 5090,GPU-67921d1c-ee8e-304f-b562-d6f87617c5a0,32607,30568,1620,0
2026-08-21T02:44:25.7056770+12:00,5090-deep-118k,1,NVIDIA GeForce RTX 4090,GPU-eed52936-813f-8d68-1654-bfb56cb42bc3,24564,23022,1117,0
2026-08-21T02:44:26.0317205+12:00,5090-deep-118k,0,NVIDIA GeForce RTX 5090,GPU-67921d1c-ee8e-304f-b562-d6f87617c5a0,32607,30568,1620,0
2026-08-21T02:44:26.0317205+12:00,5090-deep-118k,1,NVIDIA GeForce RTX 4090,GPU-eed52936-813f-8d68-1654-bfb56cb42bc3,24564,23022,1117,0
2026-08-21T02:44:26.3579440+12:00,5090-deep-118k,0,NVIDIA GeForce RTX 5090,GPU-67921d1c-ee8e-304f-b562-d6f87617c5a0,32607,30568,1620,0
2026-08-21T02:44:26.3579440+12:00,5090-deep-118k,1,NVIDIA GeForce RTX 4090,GPU-eed52936-813f-8d68-1654-bfb56cb42bc3,24564,23022,1117,0
2026-08-21T02:44:26.6724026+12:00,5090-deep-118k,0,NVIDIA GeForce RTX 5090,GPU-67921d1c-ee8e-304f-b562-d6f87617c5a0,32607,30568,1620,0
2026-08-21T02:44:26.6724026+12:00,5090-deep-118k,1,NVIDIA GeForce RTX 4090,GPU-eed52936-813f-8d68-1654-bfb56cb42bc3,24564,23022,1117,0
2026-08-21T02:44:26.9819089+12:00,5090-deep-118k,0,NVIDIA GeForce RTX 5090,GPU-67921d1c-ee8e-304f-b562-d6f87617c5a0,32607,30568,1620,0
2026-08-21T02:44:26.9819089+12:00,5090-deep-118k,1,NVIDIA GeForce RTX 4090,GPU-eed52936-813f-8d68-1654-bfb56cb42bc3,24564,23022,1117,0
2026-08-21T02:44:27.3083776+12:00,5090-deep-118k,0,NVIDIA GeForce RTX 5090,GPU-67921d1c-ee8e-304f-b562-d6f87617c5a0,32607,30568,1620,0
2026-08-21T02:44:27.3083776+12:00,5090-deep-118k,1,NVIDIA GeForce RTX 4090,GPU-eed52936-813f-8d68-1654-bfb56cb42bc3,24564,23022,1117,0
2026-08-21T02:44:27.6346382+12:00,5090-deep-118k,0,NVIDIA GeForce RTX 5090,GPU-67921d1c-ee8e-304f-b562-d6f87617c5a0,32607,30566,1622,0
2026-08-21T02:44:27.6346382+12:00,5090-deep-118k,1,NVIDIA GeForce RTX 4090,GPU-eed52936-813f-8d68-1654-bfb56cb42bc3,24564,23022,1117,0
2026-08-21T02:44:27.9480424+12:00,5090-deep-118k,0,NVIDIA GeForce RTX 5090,GPU-67921d1c-ee8e-304f-b562-d6f87617c5a0,32607,30561,1627,0
2026-08-21T02:44:27.9480424+12:00,5090-deep-118k,1,NVIDIA GeForce RTX 4090,GPU-eed52936-813f-8d68-1654-bfb56cb42bc3,24564,23022,1117,0
2026-08-21T02:44:28.2749801+12:00,5090-deep-118k,0,NVIDIA GeForce RTX 5090,GPU-67921d1c-ee8e-304f-b562-d6f87617c5a0,32607,30561,1627,0
2026-08-21T02:44:28.2749801+12:00,5090-deep-118k,1,NVIDIA GeForce RTX 4090,GPU-eed52936-813f-8d68-1654-bfb56cb42bc3,24564,23022,1117,0
2026-08-21T02:44:28.5890032+12:00,5090-deep-118k,0,NVIDIA GeForce RTX 5090,GPU-67921d1c-ee8e-304f-b562-d6f87617c5a0,32607,30561,1627,0
2026-08-21T02:44:28.5890032+12:00,5090-deep-118k,1,NVIDIA GeForce RTX 4090,GPU-eed52936-813f-8d68-1654-bfb56cb42bc3,24564,23022,1117,0
2026-08-21T02:44:28.8993425+12:00,5090-deep-118k,0,NVIDIA GeForce RTX 5090,GPU-67921d1c-ee8e-304f-b562-d6f87617c5a0,32607,30566,1622,0
2026-08-21T02:44:28.8993425+12:00,5090-deep-118k,1,NVIDIA GeForce RTX 4090,GPU-eed52936-813f-8d68-1654-bfb56cb42bc3,24564,23022,1117,0
2026-08-21T02:44:29.2258852+12:00,5090-deep-118k,0,NVIDIA GeForce RTX 5090,GPU-67921d1c-ee8e-304f-b562-d6f87617c5a0,32607,30566,1622,0
2026-08-21T02:44:29.2258852+12:00,5090-deep-118k,1,NVIDIA GeForce RTX 4090,GPU-eed52936-813f-8d68-1654-bfb56cb42bc3,24564,23022,1117,0
2026-08-21T02:44:29.5376707+12:00,5090-deep-118k,0,NVIDIA GeForce RTX 5090,GPU-67921d1c-ee8e-304f-b562-d6f87617c5a0,32607,30566,1622,0
2026-08-21T02:44:29.5376707+12:00,5090-deep-118k,1,NVIDIA GeForce RTX 4090,GPU-eed52936-813f-8d68-1654-bfb56cb42bc3,24564,23022,1117,0
2026-08-21T02:44:29.8491822+12:00,5090-deep-118k,0,NVIDIA GeForce RTX 5090,GPU-67921d1c-ee8e-304f-b562-d6f87617c5a0,32607,30566,1622,0
2026-08-21T02:44:29.8491822+12:00,5090-deep-118k,1,NVIDIA GeForce RTX 4090,GPU-eed52936-813f-8d68-1654-bfb56cb42bc3,24564,23022,1117,0
2026-08-21T02:44:30.1795803+12:00,5090-deep-118k,0,NVIDIA GeForce RTX 5090,GPU-67921d1c-ee8e-304f-b562-d6f87617c5a0,32607,30566,1622,0
2026-08-21T02:44:30.1795803+12:00,5090-deep-118k,1,NVIDIA GeForce RTX 4090,GPU-eed52936-813f-8d68-1654-bfb56cb42bc3,24564,23022,1117,0
2026-08-21T02:44:30.5084942+12:00,5090-deep-118k,0,NVIDIA GeForce RTX 5090,GPU-67921d1c-ee8e-304f-b562-d6f87617c5a0,32607,30566,1622,0
2026-08-21T02:44:30.5084942+12:00,5090-deep-118k,1,NVIDIA GeForce RTX 4090,GPU-eed52936-813f-8d68-1654-bfb56cb42bc3,24564,23022,1117,0
2026-08-21T02:44:30.8186899+12:00,5090-deep-118k,0,NVIDIA GeForce RTX 5090,GPU-67921d1c-ee8e-304f-b562-d6f87617c5a0,32607,30566,1622,0
2026-08-21T02:44:30.8186899+12:00,5090-deep-118k,1,NVIDIA GeForce RTX 4090,GPU-eed52936-813f-8d68-1654-bfb56cb42bc3,24564,23022,1117,0
2026-08-21T02:44:31.1286890+12:00,5090-deep-118k,0,NVIDIA GeForce RTX 5090,GPU-67921d1c-ee8e-304f-b562-d6f87617c5a0,32607,30566,1622,0
2026-08-21T02:44:31.1286890+12:00,5090-deep-118k,1,NVIDIA GeForce RTX 4090,GPU-eed52936-813f-8d68-1654-bfb56cb42bc3,24564,23022,1117,0
2026-08-21T02:44:31.4548326+12:00,5090-deep-118k,0,NVIDIA GeForce RTX 5090,GPU-67921d1c-ee8e-304f-b562-d6f87617c5a0,32607,30566,1622,0
2026-08-21T02:44:31.4548326+12:00,5090-deep-118k,1,NVIDIA GeForce RTX 4090,GPU-eed52936-813f-8d68-1654-bfb56cb42bc3,24564,23022,1117,0
2026-08-21T02:44:31.7654254+12:00,5090-deep-118k,0,NVIDIA GeForce RTX 5090,GPU-67921d1c-ee8e-304f-b562-d6f87617c5a0,32607,30566,1622,0
2026-08-21T02:44:31.7654254+12:00,5090-deep-118k,1,NVIDIA GeForce RTX 4090,GPU-eed52936-813f-8d68-1654-bfb56cb42bc3,24564,23022,1117,0
2026-08-21T02:44:32.0921922+12:00,5090-deep-118k,0,NVIDIA GeForce RTX 5090,GPU-67921d1c-ee8e-304f-b562-d6f87617c5a0,32607,30561,1627,0
2026-08-21T02:44:32.0921922+12:00,5090-deep-118k,1,NVIDIA GeForce RTX 4090,GPU-eed52936-813f-8d68-1654-bfb56cb42bc3,24564,23022,1117,0
2026-08-21T02:44:32.4213142+12:00,5090-deep-118k,0,NVIDIA GeForce RTX 5090,GPU-67921d1c-ee8e-304f-b562-d6f87617c5a0,32607,30561,1627,0
2026-08-21T02:44:32.4213142+12:00,5090-deep-118k,1,NVIDIA GeForce RTX 4090,GPU-eed52936-813f-8d68-1654-bfb56cb42bc3,24564,23022,1117,0
2026-08-21T02:44:32.7493043+12:00,5090-deep-118k,0,NVIDIA GeForce RTX 5090,GPU-67921d1c-ee8e-304f-b562-d6f87617c5a0,32607,30566,1622,0
2026-08-21T02:44:32.7493043+12:00,5090-deep-118k,1,NVIDIA GeForce RTX 4090,GPU-eed52936-813f-8d68-1654-bfb56cb42bc3,24564,23022,1117,0
2026-08-21T02:44:33.0608932+12:00,5090-deep-118k,0,NVIDIA GeForce RTX 5090,GPU-67921d1c-ee8e-304f-b562-d6f87617c5a0,32607,30566,1622,0
2026-08-21T02:44:33.0608932+12:00,5090-deep-118k,1,NVIDIA GeForce RTX 4090,GPU-eed52936-813f-8d68-1654-bfb56cb42bc3,24564,23022,1117,0
2026-08-21T02:44:33.3739020+12:00,5090-deep-118k,0,NVIDIA GeForce RTX 5090,GPU-67921d1c-ee8e-304f-b562-d6f87617c5a0,32607,30566,1622,0
2026-08-21T02:44:33.3739020+12:00,5090-deep-118k,1,NVIDIA GeForce RTX 4090,GPU-eed52936-813f-8d68-1654-bfb56cb42bc3,24564,23022,1117,0
2026-08-21T02:44:33.6997065+12:00,5090-deep-118k,0,NVIDIA GeForce RTX 5090,GPU-67921d1c-ee8e-304f-b562-d6f87617c5a0,32607,30566,1622,0
2026-08-21T02:44:33.6997065+12:00,5090-deep-118k,1,NVIDIA GeForce RTX 4090,GPU-eed52936-813f-8d68-1654-bfb56cb42bc3,24564,23022,1117,0
2026-08-21T02:44:34.0264627+12:00,5090-deep-118k,0,NVIDIA GeForce RTX 5090,GPU-67921d1c-ee8e-304f-b562-d6f87617c5a0,32607,30566,1622,0
2026-08-21T02:44:34.0264627+12:00,5090-deep-118k,1,NVIDIA GeForce RTX 4090,GPU-eed52936-813f-8d68-1654-bfb56cb42bc3,24564,23022,1117,0
2026-08-21T02:44:34.3526925+12:00,5090-deep-118k,0,NVIDIA GeForce RTX 5090,GPU-67921d1c-ee8e-304f-b562-d6f87617c5a0,32607,30566,1622,0
2026-08-21T02:44:34.3526925+12:00,5090-deep-118k,1,NVIDIA GeForce RTX 4090,GPU-eed52936-813f-8d68-1654-bfb56cb42bc3,24564,23022,1117,0
2026-08-21T02:44:34.6791381+12:00,5090-deep-118k,0,NVIDIA GeForce RTX 5090,GPU-67921d1c-ee8e-304f-b562-d6f87617c5a0,32607,30566,1622,0
2026-08-21T02:44:34.6791381+12:00,5090-deep-118k,1,NVIDIA GeForce RTX 4090,GPU-eed52936-813f-8d68-1654-bfb56cb42bc3,24564,23022,1117,0
2026-08-21T02:44:34.9903270+12:00,5090-deep-118k,0,NVIDIA GeForce RTX 5090,GPU-67921d1c-ee8e-304f-b562-d6f87617c5a0,32607,30566,1622,0
2026-08-21T02:44:34.9903270+12:00,5090-deep-118k,1,NVIDIA GeForce RTX 4090,GPU-eed52936-813f-8d68-1654-bfb56cb42bc3,24564,23022,1117,0
2026-08-21T02:44:35.3180870+12:00,5090-deep-118k,0,NVIDIA GeForce RTX 5090,GPU-67921d1c-ee8e-304f-b562-d6f87617c5a0,32607,30566,1622,0
2026-08-21T02:44:35.3180870+12:00,5090-deep-118k,1,NVIDIA GeForce RTX 4090,GPU-eed52936-813f-8d68-1654-bfb56cb42bc3,24564,23022,1117,0
2026-08-21T02:44:35.6310181+12:00,5090-deep-118k,0,NVIDIA GeForce RTX 5090,GPU-67921d1c-ee8e-304f-b562-d6f87617c5a0,32607,30566,1622,0
2026-08-21T02:44:35.6310181+12:00,5090-deep-118k,1,NVIDIA GeForce RTX 4090,GPU-eed52936-813f-8d68-1654-bfb56cb42bc3,24564,23022,1117,0
2026-08-21T02:44:35.9553127+12:00,5090-deep-118k,0,NVIDIA GeForce RTX 5090,GPU-67921d1c-ee8e-304f-b562-d6f87617c5a0,32607,30561,1627,0
2026-08-21T02:44:35.9553127+12:00,5090-deep-118k,1,NVIDIA GeForce RTX 4090,GPU-eed52936-813f-8d68-1654-bfb56cb42bc3,24564,23022,1117,0
2026-08-21T02:44:36.2813632+12:00,5090-deep-118k,0,NVIDIA GeForce RTX 5090,GPU-67921d1c-ee8e-304f-b562-d6f87617c5a0,32607,30561,1627,0
2026-08-21T02:44:36.2813632+12:00,5090-deep-118k,1,NVIDIA GeForce RTX 4090,GPU-eed52936-813f-8d68-1654-bfb56cb42bc3,24564,23022,1117,0
2026-08-21T02:44:36.5947715+12:00,5090-deep-118k,0,NVIDIA GeForce RTX 5090,GPU-67921d1c-ee8e-304f-b562-d6f87617c5a0,32607,30561,1627,0
2026-08-21T02:44:36.5947715+12:00,5090-deep-118k,1,NVIDIA GeForce RTX 4090,GPU-eed52936-813f-8d68-1654-bfb56cb42bc3,24564,23022,1117,0
2026-08-21T02:44:36.9040880+12:00,5090-deep-118k,0,NVIDIA GeForce RTX 5090,GPU-67921d1c-ee8e-304f-b562-d6f87617c5a0,32607,30566,1622,0
2026-08-21T02:44:36.9040880+12:00,5090-deep-118k,1,NVIDIA GeForce RTX 4090,GPU-eed52936-813f-8d68-1654-bfb56cb42bc3,24564,23022,1117,0
2026-08-21T02:44:37.2306961+12:00,5090-deep-118k,0,NVIDIA GeForce RTX 5090,GPU-67921d1c-ee8e-304f-b562-d6f87617c5a0,32607,30566,1622,0
2026-08-21T02:44:37.2306961+12:00,5090-deep-118k,1,NVIDIA GeForce RTX 4090,GPU-eed52936-813f-8d68-1654-bfb56cb42bc3,24564,23022,1117,0
2026-08-21T02:44:37.5417298+12:00,5090-deep-118k,0,NVIDIA GeForce RTX 5090,GPU-67921d1c-ee8e-304f-b562-d6f87617c5a0,32607,30566,1622,0
2026-08-21T02:44:37.5417298+12:00,5090-deep-118k,1,NVIDIA GeForce RTX 4090,GPU-eed52936-813f-8d68-1654-bfb56cb42bc3,24564,23022,1117,0
2026-08-21T02:44:37.8697547+12:00,5090-deep-118k,0,NVIDIA GeForce RTX 5090,GPU-67921d1c-ee8e-304f-b562-d6f87617c5a0,32607,30566,1622,0
2026-08-21T02:44:37.8697547+12:00,5090-deep-118k,1,NVIDIA GeForce RTX 4090,GPU-eed52936-813f-8d68-1654-bfb56cb42bc3,24564,23022,1117,0
2026-08-21T02:44:38.1977600+12:00,5090-deep-118k,0,NVIDIA GeForce RTX 5090,GPU-67921d1c-ee8e-304f-b562-d6f87617c5a0,32607,30566,1622,0
2026-08-21T02:44:38.1977600+12:00,5090-deep-118k,1,NVIDIA GeForce RTX 4090,GPU-eed52936-813f-8d68-1654-bfb56cb42bc3,24564,23022,1117,0
2026-08-21T02:44:38.5076280+12:00,5090-deep-118k,0,NVIDIA GeForce RTX 5090,GPU-67921d1c-ee8e-304f-b562-d6f87617c5a0,32607,30566,1622,0
2026-08-21T02:44:38.5076280+12:00,5090-deep-118k,1,NVIDIA GeForce RTX 4090,GPU-eed52936-813f-8d68-1654-bfb56cb42bc3,24564,23022,1117,0
2026-08-21T02:44:38.8329523+12:00,5090-deep-118k,0,NVIDIA GeForce RTX 5090,GPU-67921d1c-ee8e-304f-b562-d6f87617c5a0,32607,30565,1623,0
2026-08-21T02:44:38.8329523+12:00,5090-deep-118k,1,NVIDIA GeForce RTX 4090,GPU-eed52936-813f-8d68-1654-bfb56cb42bc3,24564,23022,1117,0
2026-08-21T02:44:39.1597759+12:00,5090-deep-118k,0,NVIDIA GeForce RTX 5090,GPU-67921d1c-ee8e-304f-b562-d6f87617c5a0,32607,30561,1627,0
2026-08-21T02:44:39.1597759+12:00,5090-deep-118k,1,NVIDIA GeForce RTX 4090,GPU-eed52936-813f-8d68-1654-bfb56cb42bc3,24564,23022,1117,0
2026-08-21T02:44:39.4735419+12:00,5090-deep-118k,0,NVIDIA GeForce RTX 5090,GPU-67921d1c-ee8e-304f-b562-d6f87617c5a0,32607,30561,1627,0
2026-08-21T02:44:39.4735419+12:00,5090-deep-118k,1,NVIDIA GeForce RTX 4090,GPU-eed52936-813f-8d68-1654-bfb56cb42bc3,24564,23022,1117,0
2026-08-21T02:44:39.7984913+12:00,5090-deep-118k,0,NVIDIA GeForce RTX 5090,GPU-67921d1c-ee8e-304f-b562-d6f87617c5a0,32607,30561,1627,0
2026-08-21T02:44:39.7984913+12:00,5090-deep-118k,1,NVIDIA GeForce RTX 4090,GPU-eed52936-813f-8d68-1654-bfb56cb42bc3,24564,23022,1117,0
2026-08-21T02:44:40.1240080+12:00,5090-deep-118k,0,NVIDIA GeForce RTX 5090,GPU-67921d1c-ee8e-304f-b562-d6f87617c5a0,32607,30561,1627,0
2026-08-21T02:44:40.1240080+12:00,5090-deep-118k,1,NVIDIA GeForce RTX 4090,GPU-eed52936-813f-8d68-1654-bfb56cb42bc3,24564,23022,1117,0
2026-08-21T02:44:40.4525014+12:00,5090-deep-118k,0,NVIDIA GeForce RTX 5090,GPU-67921d1c-ee8e-304f-b562-d6f87617c5a0,32607,30561,1627,0
2026-08-21T02:44:40.4525014+12:00,5090-deep-118k,1,NVIDIA GeForce RTX 4090,GPU-eed52936-813f-8d68-1654-bfb56cb42bc3,24564,23022,1117,0
2026-08-21T02:44:40.7650592+12:00,5090-deep-118k,0,NVIDIA GeForce RTX 5090,GPU-67921d1c-ee8e-304f-b562-d6f87617c5a0,32607,30566,1622,0
2026-08-21T02:44:40.7650592+12:00,5090-deep-118k,1,NVIDIA GeForce RTX 4090,GPU-eed52936-813f-8d68-1654-bfb56cb42bc3,24564,23022,1117,0
2026-08-21T02:44:41.0914067+12:00,5090-deep-118k,0,NVIDIA GeForce RTX 5090,GPU-67921d1c-ee8e-304f-b562-d6f87617c5a0,32607,30566,1622,0
2026-08-21T02:44:41.0914067+12:00,5090-deep-118k,1,NVIDIA GeForce RTX 4090,GPU-eed52936-813f-8d68-1654-bfb56cb42bc3,24564,23022,1117,0
2026-08-21T02:44:41.4168890+12:00,5090-deep-118k,0,NVIDIA GeForce RTX 5090,GPU-67921d1c-ee8e-304f-b562-d6f87617c5a0,32607,30566,1622,0
2026-08-21T02:44:41.4168890+12:00,5090-deep-118k,1,NVIDIA GeForce RTX 4090,GPU-eed52936-813f-8d68-1654-bfb56cb42bc3,24564,23022,1117,0
2026-08-21T02:44:41.7424782+12:00,5090-deep-118k,0,NVIDIA GeForce RTX 5090,GPU-67921d1c-ee8e-304f-b562-d6f87617c5a0,32607,30566,1622,0
2026-08-21T02:44:41.7424782+12:00,5090-deep-118k,1,NVIDIA GeForce RTX 4090,GPU-eed52936-813f-8d68-1654-bfb56cb42bc3,24564,23022,1117,0
2026-08-21T02:44:42.0546892+12:00,5090-deep-118k,0,NVIDIA GeForce RTX 5090,GPU-67921d1c-ee8e-304f-b562-d6f87617c5a0,32607,30566,1622,0
2026-08-21T02:44:42.0546892+12:00,5090-deep-118k,1,NVIDIA GeForce RTX 4090,GPU-eed52936-813f-8d68-1654-bfb56cb42bc3,24564,23022,1117,0
2026-08-21T02:44:42.3658597+12:00,5090-deep-118k,0,NVIDIA GeForce RTX 5090,GPU-67921d1c-ee8e-304f-b562-d6f87617c5a0,32607,30566,1622,0
2026-08-21T02:44:42.3658597+12:00,5090-deep-118k,1,NVIDIA GeForce RTX 4090,GPU-eed52936-813f-8d68-1654-bfb56cb42bc3,24564,23022,1117,0
2026-08-21T02:44:42.6917999+12:00,5090-deep-118k,0,NVIDIA GeForce RTX 5090,GPU-67921d1c-ee8e-304f-b562-d6f87617c5a0,32607,30566,1622,0
2026-08-21T02:44:42.6917999+12:00,5090-deep-118k,1,NVIDIA GeForce RTX 4090,GPU-eed52936-813f-8d68-1654-bfb56cb42bc3,24564,23022,1117,0
2026-08-21T02:44:43.0163161+12:00,5090-deep-118k,0,NVIDIA GeForce RTX 5090,GPU-67921d1c-ee8e-304f-b562-d6f87617c5a0,32607,30561,1627,0
2026-08-21T02:44:43.0163161+12:00,5090-deep-118k,1,NVIDIA GeForce RTX 4090,GPU-eed52936-813f-8d68-1654-bfb56cb42bc3,24564,23022,1117,0
2026-08-21T02:44:43.3300120+12:00,5090-deep-118k,0,NVIDIA GeForce RTX 5090,GPU-67921d1c-ee8e-304f-b562-d6f87617c5a0,32607,30561,1627,0
2026-08-21T02:44:43.3300120+12:00,5090-deep-118k,1,NVIDIA GeForce RTX 4090,GPU-eed52936-813f-8d68-1654-bfb56cb42bc3,24564,23022,1117,0
2026-08-21T02:44:43.6601375+12:00,5090-deep-118k,0,NVIDIA GeForce RTX 5090,GPU-67921d1c-ee8e-304f-b562-d6f87617c5a0,32607,30561,1627,0
2026-08-21T02:44:43.6601375+12:00,5090-deep-118k,1,NVIDIA GeForce RTX 4090,GPU-eed52936-813f-8d68-1654-bfb56cb42bc3,24564,23022,1117,0
2026-08-21T02:44:43.9841048+12:00,5090-deep-118k,0,NVIDIA GeForce RTX 5090,GPU-67921d1c-ee8e-304f-b562-d6f87617c5a0,32607,30561,1627,0
2026-08-21T02:44:43.9841048+12:00,5090-deep-118k,1,NVIDIA GeForce RTX 4090,GPU-eed52936-813f-8d68-1654-bfb56cb42bc3,24564,23022,1117,0
2026-08-21T02:44:44.2965844+12:00,5090-deep-118k,0,NVIDIA GeForce RTX 5090,GPU-67921d1c-ee8e-304f-b562-d6f87617c5a0,32607,30561,1627,0
2026-08-21T02:44:44.2965844+12:00,5090-deep-118k,1,NVIDIA GeForce RTX 4090,GPU-eed52936-813f-8d68-1654-bfb56cb42bc3,24564,23022,1117,0
2026-08-21T02:44:44.6251685+12:00,5090-deep-118k,0,NVIDIA GeForce RTX 5090,GPU-67921d1c-ee8e-304f-b562-d6f87617c5a0,32607,30561,1627,0
2026-08-21T02:44:44.6251685+12:00,5090-deep-118k,1,NVIDIA GeForce RTX 4090,GPU-eed52936-813f-8d68-1654-bfb56cb42bc3,24564,23022,1117,0
2026-08-21T02:44:44.9335794+12:00,5090-deep-118k,0,NVIDIA GeForce RTX 5090,GPU-67921d1c-ee8e-304f-b562-d6f87617c5a0,32607,30566,1622,0
2026-08-21T02:44:44.9335794+12:00,5090-deep-118k,1,NVIDIA GeForce RTX 4090,GPU-eed52936-813f-8d68-1654-bfb56cb42bc3,24564,23022,1117,0
2026-08-21T02:44:45.2454853+12:00,5090-deep-118k,0,NVIDIA GeForce RTX 5090,GPU-67921d1c-ee8e-304f-b562-d6f87617c5a0,32607,30566,1622,0
2026-08-21T02:44:45.2454853+12:00,5090-deep-118k,1,NVIDIA GeForce RTX 4090,GPU-eed52936-813f-8d68-1654-bfb56cb42bc3,24564,23022,1117,0
2026-08-21T02:44:45.5711658+12:00,5090-deep-118k,0,NVIDIA GeForce RTX 5090,GPU-67921d1c-ee8e-304f-b562-d6f87617c5a0,32607,30566,1622,0
2026-08-21T02:44:45.5711658+12:00,5090-deep-118k,1,NVIDIA GeForce RTX 4090,GPU-eed52936-813f-8d68-1654-bfb56cb42bc3,24564,23022,1117,0
2026-08-21T02:44:45.8986146+12:00,5090-deep-118k,0,NVIDIA GeForce RTX 5090,GPU-67921d1c-ee8e-304f-b562-d6f87617c5a0,32607,30566,1622,0
2026-08-21T02:44:45.8986146+12:00,5090-deep-118k,1,NVIDIA GeForce RTX 4090,GPU-eed52936-813f-8d68-1654-bfb56cb42bc3,24564,23022,1117,0
2026-08-21T02:44:46.2251612+12:00,5090-deep-118k,0,NVIDIA GeForce RTX 5090,GPU-67921d1c-ee8e-304f-b562-d6f87617c5a0,32607,30566,1622,0
2026-08-21T02:44:46.2251612+12:00,5090-deep-118k,1,NVIDIA GeForce RTX 4090,GPU-eed52936-813f-8d68-1654-bfb56cb42bc3,24564,23022,1117,0
2026-08-21T02:44:46.5537144+12:00,5090-deep-118k,0,NVIDIA GeForce RTX 5090,GPU-67921d1c-ee8e-304f-b562-d6f87617c5a0,32607,30566,1622,0
2026-08-21T02:44:46.5537144+12:00,5090-deep-118k,1,NVIDIA GeForce RTX 4090,GPU-eed52936-813f-8d68-1654-bfb56cb42bc3,24564,23022,1117,0
2026-08-21T02:44:46.8652135+12:00,5090-deep-118k,0,NVIDIA GeForce RTX 5090,GPU-67921d1c-ee8e-304f-b562-d6f87617c5a0,32607,30566,1622,0
2026-08-21T02:44:46.8652135+12:00,5090-deep-118k,1,NVIDIA GeForce RTX 4090,GPU-eed52936-813f-8d68-1654-bfb56cb42bc3,24564,23022,1117,0
2026-08-21T02:44:47.1915539+12:00,5090-deep-118k,0,NVIDIA GeForce RTX 5090,GPU-67921d1c-ee8e-304f-b562-d6f87617c5a0,32607,30566,1622,0
2026-08-21T02:44:47.1915539+12:00,5090-deep-118k,1,NVIDIA GeForce RTX 4090,GPU-eed52936-813f-8d68-1654-bfb56cb42bc3,24564,23022,1117,0
2026-08-21T02:44:47.5041820+12:00,5090-deep-118k,0,NVIDIA GeForce RTX 5090,GPU-67921d1c-ee8e-304f-b562-d6f87617c5a0,32607,30566,1622,0
2026-08-21T02:44:47.5041820+12:00,5090-deep-118k,1,NVIDIA GeForce RTX 4090,GPU-eed52936-813f-8d68-1654-bfb56cb42bc3,24564,23022,1117,0
2026-08-21T02:44:47.8313967+12:00,5090-deep-118k,0,NVIDIA GeForce RTX 5090,GPU-67921d1c-ee8e-304f-b562-d6f87617c5a0,32607,30565,1623,0
2026-08-21T02:44:47.8313967+12:00,5090-deep-118k,1,NVIDIA GeForce RTX 4090,GPU-eed52936-813f-8d68-1654-bfb56cb42bc3,24564,23022,1117,0
2026-08-21T02:44:48.1584799+12:00,5090-deep-118k,0,NVIDIA GeForce RTX 5090,GPU-67921d1c-ee8e-304f-b562-d6f87617c5a0,32607,30561,1627,0
2026-08-21T02:44:48.1584799+12:00,5090-deep-118k,1,NVIDIA GeForce RTX 4090,GPU-eed52936-813f-8d68-1654-bfb56cb42bc3,24564,23022,1117,0
2026-08-21T02:44:48.4861794+12:00,5090-deep-118k,0,NVIDIA GeForce RTX 5090,GPU-67921d1c-ee8e-304f-b562-d6f87617c5a0,32607,30561,1627,0
2026-08-21T02:44:48.4861794+12:00,5090-deep-118k,1,NVIDIA GeForce RTX 4090,GPU-eed52936-813f-8d68-1654-bfb56cb42bc3,24564,23022,1117,0
2026-08-21T02:44:48.8131231+12:00,5090-deep-118k,0,NVIDIA GeForce RTX 5090,GPU-67921d1c-ee8e-304f-b562-d6f87617c5a0,32607,30566,1622,0
2026-08-21T02:44:48.8131231+12:00,5090-deep-118k,1,NVIDIA GeForce RTX 4090,GPU-eed52936-813f-8d68-1654-bfb56cb42bc3,24564,23022,1117,0
2026-08-21T02:44:49.1415982+12:00,5090-deep-118k,0,NVIDIA GeForce RTX 5090,GPU-67921d1c-ee8e-304f-b562-d6f87617c5a0,32607,30566,1622,0
2026-08-21T02:44:49.1415982+12:00,5090-deep-118k,1,NVIDIA GeForce RTX 4090,GPU-eed52936-813f-8d68-1654-bfb56cb42bc3,24564,23022,1117,0
2026-08-21T02:44:49.4692286+12:00,5090-deep-118k,0,NVIDIA GeForce RTX 5090,GPU-67921d1c-ee8e-304f-b562-d6f87617c5a0,32607,30566,1622,0
2026-08-21T02:44:49.4692286+12:00,5090-deep-118k,1,NVIDIA GeForce RTX 4090,GPU-eed52936-813f-8d68-1654-bfb56cb42bc3,24564,23022,1117,0
2026-08-21T02:44:49.7777609+12:00,5090-deep-118k,0,NVIDIA GeForce RTX 5090,GPU-67921d1c-ee8e-304f-b562-d6f87617c5a0,32607,30566,1622,0
2026-08-21T02:44:49.7777609+12:00,5090-deep-118k,1,NVIDIA GeForce RTX 4090,GPU-eed52936-813f-8d68-1654-bfb56cb42bc3,24564,23022,1117,0
2026-08-21T02:44:50.0900914+12:00,5090-deep-118k,0,NVIDIA GeForce RTX 5090,GPU-67921d1c-ee8e-304f-b562-d6f87617c5a0,32607,30566,1622,0
2026-08-21T02:44:50.0900914+12:00,5090-deep-118k,1,NVIDIA GeForce RTX 4090,GPU-eed52936-813f-8d68-1654-bfb56cb42bc3,24564,23022,1117,0
2026-08-21T02:44:50.4169192+12:00,5090-deep-118k,0,NVIDIA GeForce RTX 5090,GPU-67921d1c-ee8e-304f-b562-d6f87617c5a0,32607,30566,1622,0
2026-08-21T02:44:50.4169192+12:00,5090-deep-118k,1,NVIDIA GeForce RTX 4090,GPU-eed52936-813f-8d68-1654-bfb56cb42bc3,24564,23022,1117,0
2026-08-21T02:44:50.7428328+12:00,5090-deep-118k,0,NVIDIA GeForce RTX 5090,GPU-67921d1c-ee8e-304f-b562-d6f87617c5a0,32607,30566,1622,0
2026-08-21T02:44:50.7428328+12:00,5090-deep-118k,1,NVIDIA GeForce RTX 4090,GPU-eed52936-813f-8d68-1654-bfb56cb42bc3,24564,23022,1117,0
2026-08-21T02:44:51.0542100+12:00,5090-deep-118k,0,NVIDIA GeForce RTX 5090,GPU-67921d1c-ee8e-304f-b562-d6f87617c5a0,32607,30561,1627,0
2026-08-21T02:44:51.0542100+12:00,5090-deep-118k,1,NVIDIA GeForce RTX 4090,GPU-eed52936-813f-8d68-1654-bfb56cb42bc3,24564,23022,1117,0
