timestamp,phase,gpu_index,name,uuid,total_mib,used_mib,free_mib,utilization_gpu
2026-08-21T02:35:07.8852627+12:00,126976-sustained,0,NVIDIA GeForce RTX 5090,GPU-67921d1c-ee8e-304f-b562-d6f87617c5a0,32607,30668,1520,1
2026-08-21T02:35:07.8852627+12:00,126976-sustained,1,NVIDIA GeForce RTX 4090,GPU-eed52936-813f-8d68-1654-bfb56cb42bc3,24564,22901,1238,0
2026-08-21T02:35:08.2194377+12:00,126976-sustained,0,NVIDIA GeForce RTX 5090,GPU-67921d1c-ee8e-304f-b562-d6f87617c5a0,32607,30670,1518,2
2026-08-21T02:35:08.2194377+12:00,126976-sustained,1,NVIDIA GeForce RTX 4090,GPU-eed52936-813f-8d68-1654-bfb56cb42bc3,24564,22901,1238,0
2026-08-21T02:35:08.5452333+12:00,126976-sustained,0,NVIDIA GeForce RTX 5090,GPU-67921d1c-ee8e-304f-b562-d6f87617c5a0,32607,30681,1507,10
2026-08-21T02:35:08.5452333+12:00,126976-sustained,1,NVIDIA GeForce RTX 4090,GPU-eed52936-813f-8d68-1654-bfb56cb42bc3,24564,22901,1238,0
2026-08-21T02:35:08.8703972+12:00,126976-sustained,0,NVIDIA GeForce RTX 5090,GPU-67921d1c-ee8e-304f-b562-d6f87617c5a0,32607,30678,1510,10
2026-08-21T02:35:08.8703972+12:00,126976-sustained,1,NVIDIA GeForce RTX 4090,GPU-eed52936-813f-8d68-1654-bfb56cb42bc3,24564,22901,1238,0
2026-08-21T02:35:09.1815782+12:00,126976-sustained,0,NVIDIA GeForce RTX 5090,GPU-67921d1c-ee8e-304f-b562-d6f87617c5a0,32607,30679,1509,1
2026-08-21T02:35:09.1815782+12:00,126976-sustained,1,NVIDIA GeForce RTX 4090,GPU-eed52936-813f-8d68-1654-bfb56cb42bc3,24564,22901,1238,0
2026-08-21T02:35:09.4959620+12:00,126976-sustained,0,NVIDIA GeForce RTX 5090,GPU-67921d1c-ee8e-304f-b562-d6f87617c5a0,32607,30679,1509,34
2026-08-21T02:35:09.4959620+12:00,126976-sustained,1,NVIDIA GeForce RTX 4090,GPU-eed52936-813f-8d68-1654-bfb56cb42bc3,24564,22901,1238,0
2026-08-21T02:35:09.8122874+12:00,126976-sustained,0,NVIDIA GeForce RTX 5090,GPU-67921d1c-ee8e-304f-b562-d6f87617c5a0,32607,30677,1511,34
2026-08-21T02:35:09.8122874+12:00,126976-sustained,1,NVIDIA GeForce RTX 4090,GPU-eed52936-813f-8d68-1654-bfb56cb42bc3,24564,22901,1238,0
2026-08-21T02:35:10.1323798+12:00,126976-sustained,0,NVIDIA GeForce RTX 5090,GPU-67921d1c-ee8e-304f-b562-d6f87617c5a0,32607,30677,1511,21
2026-08-21T02:35:10.1323798+12:00,126976-sustained,1,NVIDIA GeForce RTX 4090,GPU-eed52936-813f-8d68-1654-bfb56cb42bc3,24564,22901,1238,0
2026-08-21T02:35:10.4443202+12:00,126976-sustained,0,NVIDIA GeForce RTX 5090,GPU-67921d1c-ee8e-304f-b562-d6f87617c5a0,32607,30677,1511,4
2026-08-21T02:35:10.4443202+12:00,126976-sustained,1,NVIDIA GeForce RTX 4090,GPU-eed52936-813f-8d68-1654-bfb56cb42bc3,24564,22901,1238,0
2026-08-21T02:35:10.7725383+12:00,126976-sustained,0,NVIDIA GeForce RTX 5090,GPU-67921d1c-ee8e-304f-b562-d6f87617c5a0,32607,30674,1514,4
2026-08-21T02:35:10.7725383+12:00,126976-sustained,1,NVIDIA GeForce RTX 4090,GPU-eed52936-813f-8d68-1654-bfb56cb42bc3,24564,22901,1238,0
2026-08-21T02:35:11.0985742+12:00,126976-sustained,0,NVIDIA GeForce RTX 5090,GPU-67921d1c-ee8e-304f-b562-d6f87617c5a0,32607,30666,1522,2
2026-08-21T02:35:11.0985742+12:00,126976-sustained,1,NVIDIA GeForce RTX 4090,GPU-eed52936-813f-8d68-1654-bfb56cb42bc3,24564,22901,1238,0
2026-08-21T02:35:11.4239712+12:00,126976-sustained,0,NVIDIA GeForce RTX 5090,GPU-67921d1c-ee8e-304f-b562-d6f87617c5a0,32607,30666,1522,2
2026-08-21T02:35:11.4239712+12:00,126976-sustained,1,NVIDIA GeForce RTX 4090,GPU-eed52936-813f-8d68-1654-bfb56cb42bc3,24564,22901,1238,0
2026-08-21T02:35:11.7514786+12:00,126976-sustained,0,NVIDIA GeForce RTX 5090,GPU-67921d1c-ee8e-304f-b562-d6f87617c5a0,32607,30666,1522,2
2026-08-21T02:35:11.7514786+12:00,126976-sustained,1,NVIDIA GeForce RTX 4090,GPU-eed52936-813f-8d68-1654-bfb56cb42bc3,24564,22901,1238,0
2026-08-21T02:35:12.0790875+12:00,126976-sustained,0,NVIDIA GeForce RTX 5090,GPU-67921d1c-ee8e-304f-b562-d6f87617c5a0,32607,30671,1517,1
2026-08-21T02:35:12.0790875+12:00,126976-sustained,1,NVIDIA GeForce RTX 4090,GPU-eed52936-813f-8d68-1654-bfb56cb42bc3,24564,22901,1238,0
2026-08-21T02:35:12.4103101+12:00,126976-sustained,0,NVIDIA GeForce RTX 5090,GPU-67921d1c-ee8e-304f-b562-d6f87617c5a0,32607,30671,1517,1
2026-08-21T02:35:12.4103101+12:00,126976-sustained,1,NVIDIA GeForce RTX 4090,GPU-eed52936-813f-8d68-1654-bfb56cb42bc3,24564,22901,1238,0
2026-08-21T02:35:12.7364813+12:00,126976-sustained,0,NVIDIA GeForce RTX 5090,GPU-67921d1c-ee8e-304f-b562-d6f87617c5a0,32607,30671,1517,11
2026-08-21T02:35:12.7364813+12:00,126976-sustained,1,NVIDIA GeForce RTX 4090,GPU-eed52936-813f-8d68-1654-bfb56cb42bc3,24564,22901,1238,0
2026-08-21T02:35:13.0616050+12:00,126976-sustained,0,NVIDIA GeForce RTX 5090,GPU-67921d1c-ee8e-304f-b562-d6f87617c5a0,32607,30672,1516,2
2026-08-21T02:35:13.0616050+12:00,126976-sustained,1,NVIDIA GeForce RTX 4090,GPU-eed52936-813f-8d68-1654-bfb56cb42bc3,24564,22901,1238,0
2026-08-21T02:35:13.3716423+12:00,126976-sustained,0,NVIDIA GeForce RTX 5090,GPU-67921d1c-ee8e-304f-b562-d6f87617c5a0,32607,30672,1516,2
2026-08-21T02:35:13.3716423+12:00,126976-sustained,1,NVIDIA GeForce RTX 4090,GPU-eed52936-813f-8d68-1654-bfb56cb42bc3,24564,22901,1238,0
2026-08-21T02:35:13.6999594+12:00,126976-sustained,0,NVIDIA GeForce RTX 5090,GPU-67921d1c-ee8e-304f-b562-d6f87617c5a0,32607,30672,1516,1
2026-08-21T02:35:13.6999594+12:00,126976-sustained,1,NVIDIA GeForce RTX 4090,GPU-eed52936-813f-8d68-1654-bfb56cb42bc3,24564,22901,1238,0
2026-08-21T02:35:14.0401289+12:00,126976-sustained,0,NVIDIA GeForce RTX 5090,GPU-67921d1c-ee8e-304f-b562-d6f87617c5a0,32607,30680,1508,3
2026-08-21T02:35:14.0401289+12:00,126976-sustained,1,NVIDIA GeForce RTX 4090,GPU-eed52936-813f-8d68-1654-bfb56cb42bc3,24564,22901,1238,0
2026-08-21T02:35:14.3505424+12:00,126976-sustained,0,NVIDIA GeForce RTX 5090,GPU-67921d1c-ee8e-304f-b562-d6f87617c5a0,32607,30687,1501,3
2026-08-21T02:35:14.3505424+12:00,126976-sustained,1,NVIDIA GeForce RTX 4090,GPU-eed52936-813f-8d68-1654-bfb56cb42bc3,24564,22901,1238,0
2026-08-21T02:35:14.6633279+12:00,126976-sustained,0,NVIDIA GeForce RTX 5090,GPU-67921d1c-ee8e-304f-b562-d6f87617c5a0,32607,30687,1501,17
2026-08-21T02:35:14.6633279+12:00,126976-sustained,1,NVIDIA GeForce RTX 4090,GPU-eed52936-813f-8d68-1654-bfb56cb42bc3,24564,22901,1238,0
2026-08-21T02:35:14.9900225+12:00,126976-sustained,0,NVIDIA GeForce RTX 5090,GPU-67921d1c-ee8e-304f-b562-d6f87617c5a0,32607,30687,1501,1
2026-08-21T02:35:14.9900225+12:00,126976-sustained,1,NVIDIA GeForce RTX 4090,GPU-eed52936-813f-8d68-1654-bfb56cb42bc3,24564,22901,1238,0
2026-08-21T02:35:15.3182158+12:00,126976-sustained,0,NVIDIA GeForce RTX 5090,GPU-67921d1c-ee8e-304f-b562-d6f87617c5a0,32607,30687,1501,1
2026-08-21T02:35:15.3182158+12:00,126976-sustained,1,NVIDIA GeForce RTX 4090,GPU-eed52936-813f-8d68-1654-bfb56cb42bc3,24564,22901,1238,0
2026-08-21T02:35:15.6279688+12:00,126976-sustained,0,NVIDIA GeForce RTX 5090,GPU-67921d1c-ee8e-304f-b562-d6f87617c5a0,32607,30687,1501,2
2026-08-21T02:35:15.6279688+12:00,126976-sustained,1,NVIDIA GeForce RTX 4090,GPU-eed52936-813f-8d68-1654-bfb56cb42bc3,24564,22901,1238,0
2026-08-21T02:35:15.9564778+12:00,126976-sustained,0,NVIDIA GeForce RTX 5090,GPU-67921d1c-ee8e-304f-b562-d6f87617c5a0,32607,30688,1500,2
2026-08-21T02:35:15.9564778+12:00,126976-sustained,1,NVIDIA GeForce RTX 4090,GPU-eed52936-813f-8d68-1654-bfb56cb42bc3,24564,22901,1238,0
2026-08-21T02:35:16.2841288+12:00,126976-sustained,0,NVIDIA GeForce RTX 5090,GPU-67921d1c-ee8e-304f-b562-d6f87617c5a0,32607,30687,1501,2
2026-08-21T02:35:16.2841288+12:00,126976-sustained,1,NVIDIA GeForce RTX 4090,GPU-eed52936-813f-8d68-1654-bfb56cb42bc3,24564,22901,1238,0
2026-08-21T02:35:16.5976259+12:00,126976-sustained,0,NVIDIA GeForce RTX 5090,GPU-67921d1c-ee8e-304f-b562-d6f87617c5a0,32607,30687,1501,10
2026-08-21T02:35:16.5976259+12:00,126976-sustained,1,NVIDIA GeForce RTX 4090,GPU-eed52936-813f-8d68-1654-bfb56cb42bc3,24564,22901,1238,0
2026-08-21T02:35:16.9079370+12:00,126976-sustained,0,NVIDIA GeForce RTX 5090,GPU-67921d1c-ee8e-304f-b562-d6f87617c5a0,32607,30687,1501,10
2026-08-21T02:35:16.9079370+12:00,126976-sustained,1,NVIDIA GeForce RTX 4090,GPU-eed52936-813f-8d68-1654-bfb56cb42bc3,24564,22901,1238,0
2026-08-21T02:35:17.2344672+12:00,126976-sustained,0,NVIDIA GeForce RTX 5090,GPU-67921d1c-ee8e-304f-b562-d6f87617c5a0,32607,30687,1501,1
2026-08-21T02:35:17.2344672+12:00,126976-sustained,1,NVIDIA GeForce RTX 4090,GPU-eed52936-813f-8d68-1654-bfb56cb42bc3,24564,22901,1238,0
2026-08-21T02:35:17.5621979+12:00,126976-sustained,0,NVIDIA GeForce RTX 5090,GPU-67921d1c-ee8e-304f-b562-d6f87617c5a0,32607,30687,1501,2
2026-08-21T02:35:17.5621979+12:00,126976-sustained,1,NVIDIA GeForce RTX 4090,GPU-eed52936-813f-8d68-1654-bfb56cb42bc3,24564,22901,1238,0
2026-08-21T02:35:17.8891025+12:00,126976-sustained,0,NVIDIA GeForce RTX 5090,GPU-67921d1c-ee8e-304f-b562-d6f87617c5a0,32607,30687,1501,2
2026-08-21T02:35:17.8891025+12:00,126976-sustained,1,NVIDIA GeForce RTX 4090,GPU-eed52936-813f-8d68-1654-bfb56cb42bc3,24564,22901,1238,0
2026-08-21T02:35:18.2161107+12:00,126976-sustained,0,NVIDIA GeForce RTX 5090,GPU-67921d1c-ee8e-304f-b562-d6f87617c5a0,32607,30677,1511,2
2026-08-21T02:35:18.2161107+12:00,126976-sustained,1,NVIDIA GeForce RTX 4090,GPU-eed52936-813f-8d68-1654-bfb56cb42bc3,24564,22901,1238,0
2026-08-21T02:35:18.5419675+12:00,126976-sustained,0,NVIDIA GeForce RTX 5090,GPU-67921d1c-ee8e-304f-b562-d6f87617c5a0,32607,30677,1511,1
2026-08-21T02:35:18.5419675+12:00,126976-sustained,1,NVIDIA GeForce RTX 4090,GPU-eed52936-813f-8d68-1654-bfb56cb42bc3,24564,22901,1238,0
2026-08-21T02:35:18.8708526+12:00,126976-sustained,0,NVIDIA GeForce RTX 5090,GPU-67921d1c-ee8e-304f-b562-d6f87617c5a0,32607,30677,1511,1
2026-08-21T02:35:18.8708526+12:00,126976-sustained,1,NVIDIA GeForce RTX 4090,GPU-eed52936-813f-8d68-1654-bfb56cb42bc3,24564,22901,1238,0
2026-08-21T02:35:19.1992988+12:00,126976-sustained,0,NVIDIA GeForce RTX 5090,GPU-67921d1c-ee8e-304f-b562-d6f87617c5a0,32607,30677,1511,1
2026-08-21T02:35:19.1992988+12:00,126976-sustained,1,NVIDIA GeForce RTX 4090,GPU-eed52936-813f-8d68-1654-bfb56cb42bc3,24564,22901,1238,0
2026-08-21T02:35:19.5106082+12:00,126976-sustained,0,NVIDIA GeForce RTX 5090,GPU-67921d1c-ee8e-304f-b562-d6f87617c5a0,32607,30663,1525,1
2026-08-21T02:35:19.5106082+12:00,126976-sustained,1,NVIDIA GeForce RTX 4090,GPU-eed52936-813f-8d68-1654-bfb56cb42bc3,24564,22901,1238,0
2026-08-21T02:35:19.8371409+12:00,126976-sustained,0,NVIDIA GeForce RTX 5090,GPU-67921d1c-ee8e-304f-b562-d6f87617c5a0,32607,30663,1525,1
2026-08-21T02:35:19.8371409+12:00,126976-sustained,1,NVIDIA GeForce RTX 4090,GPU-eed52936-813f-8d68-1654-bfb56cb42bc3,24564,22901,1238,0
2026-08-21T02:35:20.1749285+12:00,126976-sustained,0,NVIDIA GeForce RTX 5090,GPU-67921d1c-ee8e-304f-b562-d6f87617c5a0,32607,30667,1521,1
2026-08-21T02:35:20.1749285+12:00,126976-sustained,1,NVIDIA GeForce RTX 4090,GPU-eed52936-813f-8d68-1654-bfb56cb42bc3,24564,22901,1238,0
2026-08-21T02:35:20.5106415+12:00,126976-sustained,0,NVIDIA GeForce RTX 5090,GPU-67921d1c-ee8e-304f-b562-d6f87617c5a0,32607,30667,1521,11
2026-08-21T02:35:20.5106415+12:00,126976-sustained,1,NVIDIA GeForce RTX 4090,GPU-eed52936-813f-8d68-1654-bfb56cb42bc3,24564,22901,1238,0
2026-08-21T02:35:20.8212865+12:00,126976-sustained,0,NVIDIA GeForce RTX 5090,GPU-67921d1c-ee8e-304f-b562-d6f87617c5a0,32607,30667,1521,11
2026-08-21T02:35:20.8212865+12:00,126976-sustained,1,NVIDIA GeForce RTX 4090,GPU-eed52936-813f-8d68-1654-bfb56cb42bc3,24564,22901,1238,0
2026-08-21T02:35:21.1490261+12:00,126976-sustained,0,NVIDIA GeForce RTX 5090,GPU-67921d1c-ee8e-304f-b562-d6f87617c5a0,32607,30667,1521,2
2026-08-21T02:35:21.1490261+12:00,126976-sustained,1,NVIDIA GeForce RTX 4090,GPU-eed52936-813f-8d68-1654-bfb56cb42bc3,24564,22901,1238,0
2026-08-21T02:35:21.4830561+12:00,126976-sustained,0,NVIDIA GeForce RTX 5090,GPU-67921d1c-ee8e-304f-b562-d6f87617c5a0,32607,30667,1521,2
2026-08-21T02:35:21.4830561+12:00,126976-sustained,1,NVIDIA GeForce RTX 4090,GPU-eed52936-813f-8d68-1654-bfb56cb42bc3,24564,22901,1238,0
2026-08-21T02:35:21.8200258+12:00,126976-sustained,0,NVIDIA GeForce RTX 5090,GPU-67921d1c-ee8e-304f-b562-d6f87617c5a0,32607,30667,1521,2
2026-08-21T02:35:21.8200258+12:00,126976-sustained,1,NVIDIA GeForce RTX 4090,GPU-eed52936-813f-8d68-1654-bfb56cb42bc3,24564,22901,1238,0
2026-08-21T02:35:22.1309321+12:00,126976-sustained,0,NVIDIA GeForce RTX 5090,GPU-67921d1c-ee8e-304f-b562-d6f87617c5a0,32607,30665,1523,1
2026-08-21T02:35:22.1309321+12:00,126976-sustained,1,NVIDIA GeForce RTX 4090,GPU-eed52936-813f-8d68-1654-bfb56cb42bc3,24564,22901,1238,0
2026-08-21T02:35:22.4576079+12:00,126976-sustained,0,NVIDIA GeForce RTX 5090,GPU-67921d1c-ee8e-304f-b562-d6f87617c5a0,32607,30661,1527,1
2026-08-21T02:35:22.4576079+12:00,126976-sustained,1,NVIDIA GeForce RTX 4090,GPU-eed52936-813f-8d68-1654-bfb56cb42bc3,24564,22901,1238,0
2026-08-21T02:35:22.7832568+12:00,126976-sustained,0,NVIDIA GeForce RTX 5090,GPU-67921d1c-ee8e-304f-b562-d6f87617c5a0,32607,30661,1527,1
2026-08-21T02:35:22.7832568+12:00,126976-sustained,1,NVIDIA GeForce RTX 4090,GPU-eed52936-813f-8d68-1654-bfb56cb42bc3,24564,22901,1238,0
2026-08-21T02:35:23.0938427+12:00,126976-sustained,0,NVIDIA GeForce RTX 5090,GPU-67921d1c-ee8e-304f-b562-d6f87617c5a0,32607,30661,1527,1
2026-08-21T02:35:23.0938427+12:00,126976-sustained,1,NVIDIA GeForce RTX 4090,GPU-eed52936-813f-8d68-1654-bfb56cb42bc3,24564,22901,1238,0
2026-08-21T02:35:23.4220554+12:00,126976-sustained,0,NVIDIA GeForce RTX 5090,GPU-67921d1c-ee8e-304f-b562-d6f87617c5a0,32607,30661,1527,1
2026-08-21T02:35:23.4220554+12:00,126976-sustained,1,NVIDIA GeForce RTX 4090,GPU-eed52936-813f-8d68-1654-bfb56cb42bc3,24564,22901,1238,0
2026-08-21T02:35:23.7476679+12:00,126976-sustained,0,NVIDIA GeForce RTX 5090,GPU-67921d1c-ee8e-304f-b562-d6f87617c5a0,32607,30661,1527,1
2026-08-21T02:35:23.7476679+12:00,126976-sustained,1,NVIDIA GeForce RTX 4090,GPU-eed52936-813f-8d68-1654-bfb56cb42bc3,24564,22901,1238,0
2026-08-21T02:35:24.0771601+12:00,126976-sustained,0,NVIDIA GeForce RTX 5090,GPU-67921d1c-ee8e-304f-b562-d6f87617c5a0,32607,30671,1517,1
2026-08-21T02:35:24.0771601+12:00,126976-sustained,1,NVIDIA GeForce RTX 4090,GPU-eed52936-813f-8d68-1654-bfb56cb42bc3,24564,22901,1238,0
2026-08-21T02:35:24.3876097+12:00,126976-sustained,0,NVIDIA GeForce RTX 5090,GPU-67921d1c-ee8e-304f-b562-d6f87617c5a0,32607,30672,1516,1
2026-08-21T02:35:24.3876097+12:00,126976-sustained,1,NVIDIA GeForce RTX 4090,GPU-eed52936-813f-8d68-1654-bfb56cb42bc3,24564,22901,1238,0
2026-08-21T02:35:24.7006908+12:00,126976-sustained,0,NVIDIA GeForce RTX 5090,GPU-67921d1c-ee8e-304f-b562-d6f87617c5a0,32607,30672,1516,36
2026-08-21T02:35:24.7006908+12:00,126976-sustained,1,NVIDIA GeForce RTX 4090,GPU-eed52936-813f-8d68-1654-bfb56cb42bc3,24564,22901,1238,0
2026-08-21T02:35:25.0261307+12:00,126976-sustained,0,NVIDIA GeForce RTX 5090,GPU-67921d1c-ee8e-304f-b562-d6f87617c5a0,32607,30707,1481,3
2026-08-21T02:35:25.0261307+12:00,126976-sustained,1,NVIDIA GeForce RTX 4090,GPU-eed52936-813f-8d68-1654-bfb56cb42bc3,24564,22901,1238,0
2026-08-21T02:35:25.3550816+12:00,126976-sustained,0,NVIDIA GeForce RTX 5090,GPU-67921d1c-ee8e-304f-b562-d6f87617c5a0,32607,30802,1386,3
2026-08-21T02:35:25.3550816+12:00,126976-sustained,1,NVIDIA GeForce RTX 4090,GPU-eed52936-813f-8d68-1654-bfb56cb42bc3,24564,22901,1238,0
2026-08-21T02:35:25.6821898+12:00,126976-sustained,0,NVIDIA GeForce RTX 5090,GPU-67921d1c-ee8e-304f-b562-d6f87617c5a0,32607,30807,1381,14
2026-08-21T02:35:25.6821898+12:00,126976-sustained,1,NVIDIA GeForce RTX 4090,GPU-eed52936-813f-8d68-1654-bfb56cb42bc3,24564,22901,1238,0
2026-08-21T02:35:26.0124390+12:00,126976-sustained,0,NVIDIA GeForce RTX 5090,GPU-67921d1c-ee8e-304f-b562-d6f87617c5a0,32607,30807,1381,27
2026-08-21T02:35:26.0124390+12:00,126976-sustained,1,NVIDIA GeForce RTX 4090,GPU-eed52936-813f-8d68-1654-bfb56cb42bc3,24564,22901,1238,0
2026-08-21T02:35:26.3229158+12:00,126976-sustained,0,NVIDIA GeForce RTX 5090,GPU-67921d1c-ee8e-304f-b562-d6f87617c5a0,32607,30807,1381,27
2026-08-21T02:35:26.3229158+12:00,126976-sustained,1,NVIDIA GeForce RTX 4090,GPU-eed52936-813f-8d68-1654-bfb56cb42bc3,24564,22901,1238,0
2026-08-21T02:35:26.6317385+12:00,126976-sustained,0,NVIDIA GeForce RTX 5090,GPU-67921d1c-ee8e-304f-b562-d6f87617c5a0,32607,30806,1382,27
2026-08-21T02:35:26.6317385+12:00,126976-sustained,1,NVIDIA GeForce RTX 4090,GPU-eed52936-813f-8d68-1654-bfb56cb42bc3,24564,22901,1238,0
2026-08-21T02:35:26.9600395+12:00,126976-sustained,0,NVIDIA GeForce RTX 5090,GPU-67921d1c-ee8e-304f-b562-d6f87617c5a0,32607,30822,1366,30
2026-08-21T02:35:26.9600395+12:00,126976-sustained,1,NVIDIA GeForce RTX 4090,GPU-eed52936-813f-8d68-1654-bfb56cb42bc3,24564,22901,1238,0
2026-08-21T02:35:27.2862112+12:00,126976-sustained,0,NVIDIA GeForce RTX 5090,GPU-67921d1c-ee8e-304f-b562-d6f87617c5a0,32607,30809,1379,30
2026-08-21T02:35:27.2862112+12:00,126976-sustained,1,NVIDIA GeForce RTX 4090,GPU-eed52936-813f-8d68-1654-bfb56cb42bc3,24564,22901,1238,0
2026-08-21T02:35:27.5991783+12:00,126976-sustained,0,NVIDIA GeForce RTX 5090,GPU-67921d1c-ee8e-304f-b562-d6f87617c5a0,32607,30802,1386,27
2026-08-21T02:35:27.5991783+12:00,126976-sustained,1,NVIDIA GeForce RTX 4090,GPU-eed52936-813f-8d68-1654-bfb56cb42bc3,24564,22901,1238,0
2026-08-21T02:35:27.9102783+12:00,126976-sustained,0,NVIDIA GeForce RTX 5090,GPU-67921d1c-ee8e-304f-b562-d6f87617c5a0,32607,30798,1390,27
2026-08-21T02:35:27.9102783+12:00,126976-sustained,1,NVIDIA GeForce RTX 4090,GPU-eed52936-813f-8d68-1654-bfb56cb42bc3,24564,22901,1238,0
2026-08-21T02:35:28.2228705+12:00,126976-sustained,0,NVIDIA GeForce RTX 5090,GPU-67921d1c-ee8e-304f-b562-d6f87617c5a0,32607,30797,1391,27
2026-08-21T02:35:28.2228705+12:00,126976-sustained,1,NVIDIA GeForce RTX 4090,GPU-eed52936-813f-8d68-1654-bfb56cb42bc3,24564,22901,1238,0
2026-08-21T02:35:28.5313686+12:00,126976-sustained,0,NVIDIA GeForce RTX 5090,GPU-67921d1c-ee8e-304f-b562-d6f87617c5a0,32607,30782,1406,28
2026-08-21T02:35:28.5313686+12:00,126976-sustained,1,NVIDIA GeForce RTX 4090,GPU-eed52936-813f-8d68-1654-bfb56cb42bc3,24564,22901,1238,0
2026-08-21T02:35:28.8595581+12:00,126976-sustained,0,NVIDIA GeForce RTX 5090,GPU-67921d1c-ee8e-304f-b562-d6f87617c5a0,32607,30759,1429,28
2026-08-21T02:35:28.8595581+12:00,126976-sustained,1,NVIDIA GeForce RTX 4090,GPU-eed52936-813f-8d68-1654-bfb56cb42bc3,24564,22901,1238,0
2026-08-21T02:35:29.1843924+12:00,126976-sustained,0,NVIDIA GeForce RTX 5090,GPU-67921d1c-ee8e-304f-b562-d6f87617c5a0,32607,30762,1426,27
2026-08-21T02:35:29.1843924+12:00,126976-sustained,1,NVIDIA GeForce RTX 4090,GPU-eed52936-813f-8d68-1654-bfb56cb42bc3,24564,22901,1238,0
2026-08-21T02:35:29.5089805+12:00,126976-sustained,0,NVIDIA GeForce RTX 5090,GPU-67921d1c-ee8e-304f-b562-d6f87617c5a0,32607,30762,1426,26
2026-08-21T02:35:29.5089805+12:00,126976-sustained,1,NVIDIA GeForce RTX 4090,GPU-eed52936-813f-8d68-1654-bfb56cb42bc3,24564,22901,1238,0
2026-08-21T02:35:29.8389626+12:00,126976-sustained,0,NVIDIA GeForce RTX 5090,GPU-67921d1c-ee8e-304f-b562-d6f87617c5a0,32607,30762,1426,26
2026-08-21T02:35:29.8389626+12:00,126976-sustained,1,NVIDIA GeForce RTX 4090,GPU-eed52936-813f-8d68-1654-bfb56cb42bc3,24564,22901,1238,0
2026-08-21T02:35:30.1699360+12:00,126976-sustained,0,NVIDIA GeForce RTX 5090,GPU-67921d1c-ee8e-304f-b562-d6f87617c5a0,32607,30750,1438,26
2026-08-21T02:35:30.1699360+12:00,126976-sustained,1,NVIDIA GeForce RTX 4090,GPU-eed52936-813f-8d68-1654-bfb56cb42bc3,24564,22901,1238,0
2026-08-21T02:35:30.5081997+12:00,126976-sustained,0,NVIDIA GeForce RTX 5090,GPU-67921d1c-ee8e-304f-b562-d6f87617c5a0,32607,30730,1458,27
2026-08-21T02:35:30.5081997+12:00,126976-sustained,1,NVIDIA GeForce RTX 4090,GPU-eed52936-813f-8d68-1654-bfb56cb42bc3,24564,22901,1238,0
2026-08-21T02:35:30.8323543+12:00,126976-sustained,0,NVIDIA GeForce RTX 5090,GPU-67921d1c-ee8e-304f-b562-d6f87617c5a0,32607,30701,1487,27
2026-08-21T02:35:30.8323543+12:00,126976-sustained,1,NVIDIA GeForce RTX 4090,GPU-eed52936-813f-8d68-1654-bfb56cb42bc3,24564,22901,1238,0
2026-08-21T02:35:31.1618607+12:00,126976-sustained,0,NVIDIA GeForce RTX 5090,GPU-67921d1c-ee8e-304f-b562-d6f87617c5a0,32607,30700,1488,26
2026-08-21T02:35:31.1618607+12:00,126976-sustained,1,NVIDIA GeForce RTX 4090,GPU-eed52936-813f-8d68-1654-bfb56cb42bc3,24564,22901,1238,0
2026-08-21T02:35:31.4843841+12:00,126976-sustained,0,NVIDIA GeForce RTX 5090,GPU-67921d1c-ee8e-304f-b562-d6f87617c5a0,32607,30731,1457,27
2026-08-21T02:35:31.4843841+12:00,126976-sustained,1,NVIDIA GeForce RTX 4090,GPU-eed52936-813f-8d68-1654-bfb56cb42bc3,24564,22901,1238,0
2026-08-21T02:35:31.8109598+12:00,126976-sustained,0,NVIDIA GeForce RTX 5090,GPU-67921d1c-ee8e-304f-b562-d6f87617c5a0,32607,30736,1452,27
2026-08-21T02:35:31.8109598+12:00,126976-sustained,1,NVIDIA GeForce RTX 4090,GPU-eed52936-813f-8d68-1654-bfb56cb42bc3,24564,22901,1238,0
2026-08-21T02:35:32.1224512+12:00,126976-sustained,0,NVIDIA GeForce RTX 5090,GPU-67921d1c-ee8e-304f-b562-d6f87617c5a0,32607,30747,1441,30
2026-08-21T02:35:32.1224512+12:00,126976-sustained,1,NVIDIA GeForce RTX 4090,GPU-eed52936-813f-8d68-1654-bfb56cb42bc3,24564,22901,1238,0
2026-08-21T02:35:32.4325810+12:00,126976-sustained,0,NVIDIA GeForce RTX 5090,GPU-67921d1c-ee8e-304f-b562-d6f87617c5a0,32607,30741,1447,27
2026-08-21T02:35:32.4325810+12:00,126976-sustained,1,NVIDIA GeForce RTX 4090,GPU-eed52936-813f-8d68-1654-bfb56cb42bc3,24564,22901,1238,0
2026-08-21T02:35:32.7438153+12:00,126976-sustained,0,NVIDIA GeForce RTX 5090,GPU-67921d1c-ee8e-304f-b562-d6f87617c5a0,32607,30741,1447,27
2026-08-21T02:35:32.7438153+12:00,126976-sustained,1,NVIDIA GeForce RTX 4090,GPU-eed52936-813f-8d68-1654-bfb56cb42bc3,24564,22901,1238,0
2026-08-21T02:35:33.0531457+12:00,126976-sustained,0,NVIDIA GeForce RTX 5090,GPU-67921d1c-ee8e-304f-b562-d6f87617c5a0,32607,30743,1445,26
2026-08-21T02:35:33.0531457+12:00,126976-sustained,1,NVIDIA GeForce RTX 4090,GPU-eed52936-813f-8d68-1654-bfb56cb42bc3,24564,22901,1238,0
2026-08-21T02:35:33.3781688+12:00,126976-sustained,0,NVIDIA GeForce RTX 5090,GPU-67921d1c-ee8e-304f-b562-d6f87617c5a0,32607,30743,1445,26
2026-08-21T02:35:33.3781688+12:00,126976-sustained,1,NVIDIA GeForce RTX 4090,GPU-eed52936-813f-8d68-1654-bfb56cb42bc3,24564,22901,1238,0
2026-08-21T02:35:33.6888169+12:00,126976-sustained,0,NVIDIA GeForce RTX 5090,GPU-67921d1c-ee8e-304f-b562-d6f87617c5a0,32607,30740,1448,31
2026-08-21T02:35:33.6888169+12:00,126976-sustained,1,NVIDIA GeForce RTX 4090,GPU-eed52936-813f-8d68-1654-bfb56cb42bc3,24564,22901,1238,0
2026-08-21T02:35:34.0016281+12:00,126976-sustained,0,NVIDIA GeForce RTX 5090,GPU-67921d1c-ee8e-304f-b562-d6f87617c5a0,32607,30735,1453,27
2026-08-21T02:35:34.0016281+12:00,126976-sustained,1,NVIDIA GeForce RTX 4090,GPU-eed52936-813f-8d68-1654-bfb56cb42bc3,24564,22901,1238,0
2026-08-21T02:35:34.3114536+12:00,126976-sustained,0,NVIDIA GeForce RTX 5090,GPU-67921d1c-ee8e-304f-b562-d6f87617c5a0,32607,30744,1444,27
2026-08-21T02:35:34.3114536+12:00,126976-sustained,1,NVIDIA GeForce RTX 4090,GPU-eed52936-813f-8d68-1654-bfb56cb42bc3,24564,22901,1238,0
2026-08-21T02:35:34.6262749+12:00,126976-sustained,0,NVIDIA GeForce RTX 5090,GPU-67921d1c-ee8e-304f-b562-d6f87617c5a0,32607,30744,1444,26
2026-08-21T02:35:34.6262749+12:00,126976-sustained,1,NVIDIA GeForce RTX 4090,GPU-eed52936-813f-8d68-1654-bfb56cb42bc3,24564,22901,1238,0
2026-08-21T02:35:34.9362158+12:00,126976-sustained,0,NVIDIA GeForce RTX 5090,GPU-67921d1c-ee8e-304f-b562-d6f87617c5a0,32607,30743,1445,27
2026-08-21T02:35:34.9362158+12:00,126976-sustained,1,NVIDIA GeForce RTX 4090,GPU-eed52936-813f-8d68-1654-bfb56cb42bc3,24564,22901,1238,0
2026-08-21T02:35:35.2648156+12:00,126976-sustained,0,NVIDIA GeForce RTX 5090,GPU-67921d1c-ee8e-304f-b562-d6f87617c5a0,32607,30731,1457,27
2026-08-21T02:35:35.2648156+12:00,126976-sustained,1,NVIDIA GeForce RTX 4090,GPU-eed52936-813f-8d68-1654-bfb56cb42bc3,24564,22901,1238,0
2026-08-21T02:35:35.5745501+12:00,126976-sustained,0,NVIDIA GeForce RTX 5090,GPU-67921d1c-ee8e-304f-b562-d6f87617c5a0,32607,30751,1437,30
2026-08-21T02:35:35.5745501+12:00,126976-sustained,1,NVIDIA GeForce RTX 4090,GPU-eed52936-813f-8d68-1654-bfb56cb42bc3,24564,22901,1238,0
2026-08-21T02:35:35.9029367+12:00,126976-sustained,0,NVIDIA GeForce RTX 5090,GPU-67921d1c-ee8e-304f-b562-d6f87617c5a0,32607,30801,1387,30
2026-08-21T02:35:35.9029367+12:00,126976-sustained,1,NVIDIA GeForce RTX 4090,GPU-eed52936-813f-8d68-1654-bfb56cb42bc3,24564,22901,1238,0
2026-08-21T02:35:36.2109297+12:00,126976-sustained,0,NVIDIA GeForce RTX 5090,GPU-67921d1c-ee8e-304f-b562-d6f87617c5a0,32607,30798,1390,2
2026-08-21T02:35:36.2109297+12:00,126976-sustained,1,NVIDIA GeForce RTX 4090,GPU-eed52936-813f-8d68-1654-bfb56cb42bc3,24564,22901,1238,0
2026-08-21T02:35:36.5213617+12:00,126976-sustained,0,NVIDIA GeForce RTX 5090,GPU-67921d1c-ee8e-304f-b562-d6f87617c5a0,32607,30798,1390,6
2026-08-21T02:35:36.5213617+12:00,126976-sustained,1,NVIDIA GeForce RTX 4090,GPU-eed52936-813f-8d68-1654-bfb56cb42bc3,24564,22901,1238,0
2026-08-21T02:35:36.8330562+12:00,126976-sustained,0,NVIDIA GeForce RTX 5090,GPU-67921d1c-ee8e-304f-b562-d6f87617c5a0,32607,30798,1390,6
2026-08-21T02:35:36.8330562+12:00,126976-sustained,1,NVIDIA GeForce RTX 4090,GPU-eed52936-813f-8d68-1654-bfb56cb42bc3,24564,22901,1238,0
2026-08-21T02:35:37.1586771+12:00,126976-sustained,0,NVIDIA GeForce RTX 5090,GPU-67921d1c-ee8e-304f-b562-d6f87617c5a0,32607,30798,1390,1
2026-08-21T02:35:37.1586771+12:00,126976-sustained,1,NVIDIA GeForce RTX 4090,GPU-eed52936-813f-8d68-1654-bfb56cb42bc3,24564,22901,1238,0
2026-08-21T02:35:37.4845455+12:00,126976-sustained,0,NVIDIA GeForce RTX 5090,GPU-67921d1c-ee8e-304f-b562-d6f87617c5a0,32607,30795,1393,1
2026-08-21T02:35:37.4845455+12:00,126976-sustained,1,NVIDIA GeForce RTX 4090,GPU-eed52936-813f-8d68-1654-bfb56cb42bc3,24564,22901,1238,0
2026-08-21T02:35:37.8128644+12:00,126976-sustained,0,NVIDIA GeForce RTX 5090,GPU-67921d1c-ee8e-304f-b562-d6f87617c5a0,32607,30788,1400,1
2026-08-21T02:35:37.8128644+12:00,126976-sustained,1,NVIDIA GeForce RTX 4090,GPU-eed52936-813f-8d68-1654-bfb56cb42bc3,24564,22901,1238,0
2026-08-21T02:35:38.1246329+12:00,126976-sustained,0,NVIDIA GeForce RTX 5090,GPU-67921d1c-ee8e-304f-b562-d6f87617c5a0,32607,30788,1400,1
2026-08-21T02:35:38.1246329+12:00,126976-sustained,1,NVIDIA GeForce RTX 4090,GPU-eed52936-813f-8d68-1654-bfb56cb42bc3,24564,22901,1238,0
2026-08-21T02:35:38.4538376+12:00,126976-sustained,0,NVIDIA GeForce RTX 5090,GPU-67921d1c-ee8e-304f-b562-d6f87617c5a0,32607,30782,1406,1
2026-08-21T02:35:38.4538376+12:00,126976-sustained,1,NVIDIA GeForce RTX 4090,GPU-eed52936-813f-8d68-1654-bfb56cb42bc3,24564,22901,1238,0
2026-08-21T02:35:38.7790755+12:00,126976-sustained,0,NVIDIA GeForce RTX 5090,GPU-67921d1c-ee8e-304f-b562-d6f87617c5a0,32607,30792,1396,1
2026-08-21T02:35:38.7790755+12:00,126976-sustained,1,NVIDIA GeForce RTX 4090,GPU-eed52936-813f-8d68-1654-bfb56cb42bc3,24564,22901,1238,0
2026-08-21T02:35:39.1073435+12:00,126976-sustained,0,NVIDIA GeForce RTX 5090,GPU-67921d1c-ee8e-304f-b562-d6f87617c5a0,32607,30792,1396,7
2026-08-21T02:35:39.1073435+12:00,126976-sustained,1,NVIDIA GeForce RTX 4090,GPU-eed52936-813f-8d68-1654-bfb56cb42bc3,24564,22901,1238,0
2026-08-21T02:35:39.4340108+12:00,126976-sustained,0,NVIDIA GeForce RTX 5090,GPU-67921d1c-ee8e-304f-b562-d6f87617c5a0,32607,30792,1396,3
2026-08-21T02:35:39.4340108+12:00,126976-sustained,1,NVIDIA GeForce RTX 4090,GPU-eed52936-813f-8d68-1654-bfb56cb42bc3,24564,22901,1238,0
2026-08-21T02:35:39.7608579+12:00,126976-sustained,0,NVIDIA GeForce RTX 5090,GPU-67921d1c-ee8e-304f-b562-d6f87617c5a0,32607,30792,1396,3
2026-08-21T02:35:39.7608579+12:00,126976-sustained,1,NVIDIA GeForce RTX 4090,GPU-eed52936-813f-8d68-1654-bfb56cb42bc3,24564,22901,1238,0
2026-08-21T02:35:40.0871611+12:00,126976-sustained,0,NVIDIA GeForce RTX 5090,GPU-67921d1c-ee8e-304f-b562-d6f87617c5a0,32607,30798,1390,1
2026-08-21T02:35:40.0871611+12:00,126976-sustained,1,NVIDIA GeForce RTX 4090,GPU-eed52936-813f-8d68-1654-bfb56cb42bc3,24564,22901,1238,0
2026-08-21T02:35:40.4131573+12:00,126976-sustained,0,NVIDIA GeForce RTX 5090,GPU-67921d1c-ee8e-304f-b562-d6f87617c5a0,32607,30797,1391,1
2026-08-21T02:35:40.4131573+12:00,126976-sustained,1,NVIDIA GeForce RTX 4090,GPU-eed52936-813f-8d68-1654-bfb56cb42bc3,24564,22901,1238,0
2026-08-21T02:35:40.7386466+12:00,126976-sustained,0,NVIDIA GeForce RTX 5090,GPU-67921d1c-ee8e-304f-b562-d6f87617c5a0,32607,30797,1391,7
2026-08-21T02:35:40.7386466+12:00,126976-sustained,1,NVIDIA GeForce RTX 4090,GPU-eed52936-813f-8d68-1654-bfb56cb42bc3,24564,22901,1238,0
2026-08-21T02:35:41.0706366+12:00,126976-sustained,0,NVIDIA GeForce RTX 5090,GPU-67921d1c-ee8e-304f-b562-d6f87617c5a0,32607,30794,1394,1
2026-08-21T02:35:41.0706366+12:00,126976-sustained,1,NVIDIA GeForce RTX 4090,GPU-eed52936-813f-8d68-1654-bfb56cb42bc3,24564,22901,1238,0
2026-08-21T02:35:41.3954459+12:00,126976-sustained,0,NVIDIA GeForce RTX 5090,GPU-67921d1c-ee8e-304f-b562-d6f87617c5a0,32607,30794,1394,1
2026-08-21T02:35:41.3954459+12:00,126976-sustained,1,NVIDIA GeForce RTX 4090,GPU-eed52936-813f-8d68-1654-bfb56cb42bc3,24564,22901,1238,0
2026-08-21T02:35:41.7223243+12:00,126976-sustained,0,NVIDIA GeForce RTX 5090,GPU-67921d1c-ee8e-304f-b562-d6f87617c5a0,32607,30788,1400,2
2026-08-21T02:35:41.7223243+12:00,126976-sustained,1,NVIDIA GeForce RTX 4090,GPU-eed52936-813f-8d68-1654-bfb56cb42bc3,24564,22901,1238,0
2026-08-21T02:35:42.0478576+12:00,126976-sustained,0,NVIDIA GeForce RTX 5090,GPU-67921d1c-ee8e-304f-b562-d6f87617c5a0,32607,30783,1405,1
2026-08-21T02:35:42.0478576+12:00,126976-sustained,1,NVIDIA GeForce RTX 4090,GPU-eed52936-813f-8d68-1654-bfb56cb42bc3,24564,22901,1238,0
2026-08-21T02:35:42.3750493+12:00,126976-sustained,0,NVIDIA GeForce RTX 5090,GPU-67921d1c-ee8e-304f-b562-d6f87617c5a0,32607,30782,1406,1
2026-08-21T02:35:42.3750493+12:00,126976-sustained,1,NVIDIA GeForce RTX 4090,GPU-eed52936-813f-8d68-1654-bfb56cb42bc3,24564,22901,1238,0
2026-08-21T02:35:42.7056734+12:00,126976-sustained,0,NVIDIA GeForce RTX 5090,GPU-67921d1c-ee8e-304f-b562-d6f87617c5a0,32607,30820,1368,2
2026-08-21T02:35:42.7056734+12:00,126976-sustained,1,NVIDIA GeForce RTX 4090,GPU-eed52936-813f-8d68-1654-bfb56cb42bc3,24564,22901,1238,0
2026-08-21T02:35:43.0333257+12:00,126976-sustained,0,NVIDIA GeForce RTX 5090,GPU-67921d1c-ee8e-304f-b562-d6f87617c5a0,32607,30893,1295,62
2026-08-21T02:35:43.0333257+12:00,126976-sustained,1,NVIDIA GeForce RTX 4090,GPU-eed52936-813f-8d68-1654-bfb56cb42bc3,24564,22901,1238,0
2026-08-21T02:35:43.3470020+12:00,126976-sustained,0,NVIDIA GeForce RTX 5090,GPU-67921d1c-ee8e-304f-b562-d6f87617c5a0,32607,30893,1295,62
2026-08-21T02:35:43.3470020+12:00,126976-sustained,1,NVIDIA GeForce RTX 4090,GPU-eed52936-813f-8d68-1654-bfb56cb42bc3,24564,22901,1238,0
2026-08-21T02:35:43.6607389+12:00,126976-sustained,0,NVIDIA GeForce RTX 5090,GPU-67921d1c-ee8e-304f-b562-d6f87617c5a0,32607,30893,1295,89
2026-08-21T02:35:43.6607389+12:00,126976-sustained,1,NVIDIA GeForce RTX 4090,GPU-eed52936-813f-8d68-1654-bfb56cb42bc3,24564,22901,1238,0
2026-08-21T02:35:43.9771252+12:00,126976-sustained,0,NVIDIA GeForce RTX 5090,GPU-67921d1c-ee8e-304f-b562-d6f87617c5a0,32607,30887,1301,91
2026-08-21T02:35:43.9771252+12:00,126976-sustained,1,NVIDIA GeForce RTX 4090,GPU-eed52936-813f-8d68-1654-bfb56cb42bc3,24564,22901,1238,0
2026-08-21T02:35:44.2905434+12:00,126976-sustained,0,NVIDIA GeForce RTX 5090,GPU-67921d1c-ee8e-304f-b562-d6f87617c5a0,32607,30906,1282,91
2026-08-21T02:35:44.2905434+12:00,126976-sustained,1,NVIDIA GeForce RTX 4090,GPU-eed52936-813f-8d68-1654-bfb56cb42bc3,24564,22901,1238,0
2026-08-21T02:35:44.6074821+12:00,126976-sustained,0,NVIDIA GeForce RTX 5090,GPU-67921d1c-ee8e-304f-b562-d6f87617c5a0,32607,30906,1282,90
2026-08-21T02:35:44.6074821+12:00,126976-sustained,1,NVIDIA GeForce RTX 4090,GPU-eed52936-813f-8d68-1654-bfb56cb42bc3,24564,22901,1238,0
2026-08-21T02:35:44.9235693+12:00,126976-sustained,0,NVIDIA GeForce RTX 5090,GPU-67921d1c-ee8e-304f-b562-d6f87617c5a0,32607,30906,1282,90
2026-08-21T02:35:44.9235693+12:00,126976-sustained,1,NVIDIA GeForce RTX 4090,GPU-eed52936-813f-8d68-1654-bfb56cb42bc3,24564,22901,1238,0
2026-08-21T02:35:45.2360599+12:00,126976-sustained,0,NVIDIA GeForce RTX 5090,GPU-67921d1c-ee8e-304f-b562-d6f87617c5a0,32607,30879,1309,90
2026-08-21T02:35:45.2360599+12:00,126976-sustained,1,NVIDIA GeForce RTX 4090,GPU-eed52936-813f-8d68-1654-bfb56cb42bc3,24564,22901,1238,0
2026-08-21T02:35:45.5551998+12:00,126976-sustained,0,NVIDIA GeForce RTX 5090,GPU-67921d1c-ee8e-304f-b562-d6f87617c5a0,32607,30879,1309,92
2026-08-21T02:35:45.5551998+12:00,126976-sustained,1,NVIDIA GeForce RTX 4090,GPU-eed52936-813f-8d68-1654-bfb56cb42bc3,24564,22901,1238,0
2026-08-21T02:35:45.8791026+12:00,126976-sustained,0,NVIDIA GeForce RTX 5090,GPU-67921d1c-ee8e-304f-b562-d6f87617c5a0,32607,30879,1309,92
2026-08-21T02:35:45.8791026+12:00,126976-sustained,1,NVIDIA GeForce RTX 4090,GPU-eed52936-813f-8d68-1654-bfb56cb42bc3,24564,22901,1238,0
2026-08-21T02:35:46.2069517+12:00,126976-sustained,0,NVIDIA GeForce RTX 5090,GPU-67921d1c-ee8e-304f-b562-d6f87617c5a0,32607,30867,1321,91
2026-08-21T02:35:46.2069517+12:00,126976-sustained,1,NVIDIA GeForce RTX 4090,GPU-eed52936-813f-8d68-1654-bfb56cb42bc3,24564,22901,1238,0
2026-08-21T02:35:46.5194794+12:00,126976-sustained,0,NVIDIA GeForce RTX 5090,GPU-67921d1c-ee8e-304f-b562-d6f87617c5a0,32607,30863,1325,91
2026-08-21T02:35:46.5194794+12:00,126976-sustained,1,NVIDIA GeForce RTX 4090,GPU-eed52936-813f-8d68-1654-bfb56cb42bc3,24564,22901,1238,0
2026-08-21T02:35:46.8497455+12:00,126976-sustained,0,NVIDIA GeForce RTX 5090,GPU-67921d1c-ee8e-304f-b562-d6f87617c5a0,32607,30863,1325,91
2026-08-21T02:35:46.8497455+12:00,126976-sustained,1,NVIDIA GeForce RTX 4090,GPU-eed52936-813f-8d68-1654-bfb56cb42bc3,24564,22901,1238,0
2026-08-21T02:35:47.1643238+12:00,126976-sustained,0,NVIDIA GeForce RTX 5090,GPU-67921d1c-ee8e-304f-b562-d6f87617c5a0,32607,30863,1325,91
2026-08-21T02:35:47.1643238+12:00,126976-sustained,1,NVIDIA GeForce RTX 4090,GPU-eed52936-813f-8d68-1654-bfb56cb42bc3,24564,22901,1238,0
2026-08-21T02:35:47.4733444+12:00,126976-sustained,0,NVIDIA GeForce RTX 5090,GPU-67921d1c-ee8e-304f-b562-d6f87617c5a0,32607,30863,1325,90
2026-08-21T02:35:47.4733444+12:00,126976-sustained,1,NVIDIA GeForce RTX 4090,GPU-eed52936-813f-8d68-1654-bfb56cb42bc3,24564,22901,1238,0
2026-08-21T02:35:47.7851350+12:00,126976-sustained,0,NVIDIA GeForce RTX 5090,GPU-67921d1c-ee8e-304f-b562-d6f87617c5a0,32607,30863,1325,90
2026-08-21T02:35:47.7851350+12:00,126976-sustained,1,NVIDIA GeForce RTX 4090,GPU-eed52936-813f-8d68-1654-bfb56cb42bc3,24564,22901,1238,0
2026-08-21T02:35:48.0977286+12:00,126976-sustained,0,NVIDIA GeForce RTX 5090,GPU-67921d1c-ee8e-304f-b562-d6f87617c5a0,32607,30869,1319,92
2026-08-21T02:35:48.0977286+12:00,126976-sustained,1,NVIDIA GeForce RTX 4090,GPU-eed52936-813f-8d68-1654-bfb56cb42bc3,24564,22901,1238,0
2026-08-21T02:35:48.4278447+12:00,126976-sustained,0,NVIDIA GeForce RTX 5090,GPU-67921d1c-ee8e-304f-b562-d6f87617c5a0,32607,30869,1319,92
2026-08-21T02:35:48.4278447+12:00,126976-sustained,1,NVIDIA GeForce RTX 4090,GPU-eed52936-813f-8d68-1654-bfb56cb42bc3,24564,22901,1238,0
2026-08-21T02:35:48.7580246+12:00,126976-sustained,0,NVIDIA GeForce RTX 5090,GPU-67921d1c-ee8e-304f-b562-d6f87617c5a0,32607,30869,1319,92
2026-08-21T02:35:48.7580246+12:00,126976-sustained,1,NVIDIA GeForce RTX 4090,GPU-eed52936-813f-8d68-1654-bfb56cb42bc3,24564,22901,1238,0
2026-08-21T02:35:49.0729939+12:00,126976-sustained,0,NVIDIA GeForce RTX 5090,GPU-67921d1c-ee8e-304f-b562-d6f87617c5a0,32607,30869,1319,92
2026-08-21T02:35:49.0729939+12:00,126976-sustained,1,NVIDIA GeForce RTX 4090,GPU-eed52936-813f-8d68-1654-bfb56cb42bc3,24564,22901,1238,0
2026-08-21T02:35:49.3830773+12:00,126976-sustained,0,NVIDIA GeForce RTX 5090,GPU-67921d1c-ee8e-304f-b562-d6f87617c5a0,32607,30860,1328,92
2026-08-21T02:35:49.3830773+12:00,126976-sustained,1,NVIDIA GeForce RTX 4090,GPU-eed52936-813f-8d68-1654-bfb56cb42bc3,24564,22901,1238,0
2026-08-21T02:35:49.6966141+12:00,126976-sustained,0,NVIDIA GeForce RTX 5090,GPU-67921d1c-ee8e-304f-b562-d6f87617c5a0,32607,30860,1328,91
2026-08-21T02:35:49.6966141+12:00,126976-sustained,1,NVIDIA GeForce RTX 4090,GPU-eed52936-813f-8d68-1654-bfb56cb42bc3,24564,22901,1238,0
2026-08-21T02:35:50.0067350+12:00,126976-sustained,0,NVIDIA GeForce RTX 5090,GPU-67921d1c-ee8e-304f-b562-d6f87617c5a0,32607,30860,1328,92
2026-08-21T02:35:50.0067350+12:00,126976-sustained,1,NVIDIA GeForce RTX 4090,GPU-eed52936-813f-8d68-1654-bfb56cb42bc3,24564,22901,1238,0
2026-08-21T02:35:50.3353499+12:00,126976-sustained,0,NVIDIA GeForce RTX 5090,GPU-67921d1c-ee8e-304f-b562-d6f87617c5a0,32607,30860,1328,92
2026-08-21T02:35:50.3353499+12:00,126976-sustained,1,NVIDIA GeForce RTX 4090,GPU-eed52936-813f-8d68-1654-bfb56cb42bc3,24564,22901,1238,0
2026-08-21T02:35:50.6611565+12:00,126976-sustained,0,NVIDIA GeForce RTX 5090,GPU-67921d1c-ee8e-304f-b562-d6f87617c5a0,32607,30877,1311,89
2026-08-21T02:35:50.6611565+12:00,126976-sustained,1,NVIDIA GeForce RTX 4090,GPU-eed52936-813f-8d68-1654-bfb56cb42bc3,24564,22901,1238,0
2026-08-21T02:35:50.9743201+12:00,126976-sustained,0,NVIDIA GeForce RTX 5090,GPU-67921d1c-ee8e-304f-b562-d6f87617c5a0,32607,30877,1311,91
2026-08-21T02:35:50.9743201+12:00,126976-sustained,1,NVIDIA GeForce RTX 4090,GPU-eed52936-813f-8d68-1654-bfb56cb42bc3,24564,22901,1238,0
2026-08-21T02:35:51.2867455+12:00,126976-sustained,0,NVIDIA GeForce RTX 5090,GPU-67921d1c-ee8e-304f-b562-d6f87617c5a0,32607,30877,1311,91
2026-08-21T02:35:51.2867455+12:00,126976-sustained,1,NVIDIA GeForce RTX 4090,GPU-eed52936-813f-8d68-1654-bfb56cb42bc3,24564,22901,1238,0
2026-08-21T02:35:51.6142801+12:00,126976-sustained,0,NVIDIA GeForce RTX 5090,GPU-67921d1c-ee8e-304f-b562-d6f87617c5a0,32607,30877,1311,91
2026-08-21T02:35:51.6142801+12:00,126976-sustained,1,NVIDIA GeForce RTX 4090,GPU-eed52936-813f-8d68-1654-bfb56cb42bc3,24564,22901,1238,0
2026-08-21T02:35:51.9292211+12:00,126976-sustained,0,NVIDIA GeForce RTX 5090,GPU-67921d1c-ee8e-304f-b562-d6f87617c5a0,32607,30877,1311,92
2026-08-21T02:35:51.9292211+12:00,126976-sustained,1,NVIDIA GeForce RTX 4090,GPU-eed52936-813f-8d68-1654-bfb56cb42bc3,24564,22901,1238,0
2026-08-21T02:35:52.2448504+12:00,126976-sustained,0,NVIDIA GeForce RTX 5090,GPU-67921d1c-ee8e-304f-b562-d6f87617c5a0,32607,30867,1321,92
2026-08-21T02:35:52.2448504+12:00,126976-sustained,1,NVIDIA GeForce RTX 4090,GPU-eed52936-813f-8d68-1654-bfb56cb42bc3,24564,22901,1238,0
2026-08-21T02:35:52.5597261+12:00,126976-sustained,0,NVIDIA GeForce RTX 5090,GPU-67921d1c-ee8e-304f-b562-d6f87617c5a0,32607,30867,1321,91
2026-08-21T02:35:52.5597261+12:00,126976-sustained,1,NVIDIA GeForce RTX 4090,GPU-eed52936-813f-8d68-1654-bfb56cb42bc3,24564,22901,1238,0
2026-08-21T02:35:52.8753246+12:00,126976-sustained,0,NVIDIA GeForce RTX 5090,GPU-67921d1c-ee8e-304f-b562-d6f87617c5a0,32607,30867,1321,91
2026-08-21T02:35:52.8753246+12:00,126976-sustained,1,NVIDIA GeForce RTX 4090,GPU-eed52936-813f-8d68-1654-bfb56cb42bc3,24564,22901,1238,0
2026-08-21T02:35:53.2043971+12:00,126976-sustained,0,NVIDIA GeForce RTX 5090,GPU-67921d1c-ee8e-304f-b562-d6f87617c5a0,32607,30868,1320,91
2026-08-21T02:35:53.2043971+12:00,126976-sustained,1,NVIDIA GeForce RTX 4090,GPU-eed52936-813f-8d68-1654-bfb56cb42bc3,24564,22901,1238,0
2026-08-21T02:35:53.5181085+12:00,126976-sustained,0,NVIDIA GeForce RTX 5090,GPU-67921d1c-ee8e-304f-b562-d6f87617c5a0,32607,30911,1277,93
2026-08-21T02:35:53.5181085+12:00,126976-sustained,1,NVIDIA GeForce RTX 4090,GPU-eed52936-813f-8d68-1654-bfb56cb42bc3,24564,22901,1238,0
2026-08-21T02:35:53.8328345+12:00,126976-sustained,0,NVIDIA GeForce RTX 5090,GPU-67921d1c-ee8e-304f-b562-d6f87617c5a0,32607,30911,1277,93
2026-08-21T02:35:53.8328345+12:00,126976-sustained,1,NVIDIA GeForce RTX 4090,GPU-eed52936-813f-8d68-1654-bfb56cb42bc3,24564,22901,1238,0
2026-08-21T02:35:54.1461114+12:00,126976-sustained,0,NVIDIA GeForce RTX 5090,GPU-67921d1c-ee8e-304f-b562-d6f87617c5a0,32607,30911,1277,91
2026-08-21T02:35:54.1461114+12:00,126976-sustained,1,NVIDIA GeForce RTX 4090,GPU-eed52936-813f-8d68-1654-bfb56cb42bc3,24564,22901,1238,0
2026-08-21T02:35:54.4729539+12:00,126976-sustained,0,NVIDIA GeForce RTX 5090,GPU-67921d1c-ee8e-304f-b562-d6f87617c5a0,32607,30911,1277,93
2026-08-21T02:35:54.4729539+12:00,126976-sustained,1,NVIDIA GeForce RTX 4090,GPU-eed52936-813f-8d68-1654-bfb56cb42bc3,24564,22901,1238,0
2026-08-21T02:35:54.7877814+12:00,126976-sustained,0,NVIDIA GeForce RTX 5090,GPU-67921d1c-ee8e-304f-b562-d6f87617c5a0,32607,30911,1277,93
2026-08-21T02:35:54.7877814+12:00,126976-sustained,1,NVIDIA GeForce RTX 4090,GPU-eed52936-813f-8d68-1654-bfb56cb42bc3,24564,22901,1238,0
2026-08-21T02:35:55.1031658+12:00,126976-sustained,0,NVIDIA GeForce RTX 5090,GPU-67921d1c-ee8e-304f-b562-d6f87617c5a0,32607,30907,1281,90
2026-08-21T02:35:55.1031658+12:00,126976-sustained,1,NVIDIA GeForce RTX 4090,GPU-eed52936-813f-8d68-1654-bfb56cb42bc3,24564,22901,1238,0
2026-08-21T02:35:55.4371774+12:00,126976-sustained,0,NVIDIA GeForce RTX 5090,GPU-67921d1c-ee8e-304f-b562-d6f87617c5a0,32607,30894,1294,91
2026-08-21T02:35:55.4371774+12:00,126976-sustained,1,NVIDIA GeForce RTX 4090,GPU-eed52936-813f-8d68-1654-bfb56cb42bc3,24564,22901,1238,0
2026-08-21T02:35:55.7456864+12:00,126976-sustained,0,NVIDIA GeForce RTX 5090,GPU-67921d1c-ee8e-304f-b562-d6f87617c5a0,32607,30887,1301,91
2026-08-21T02:35:55.7456864+12:00,126976-sustained,1,NVIDIA GeForce RTX 4090,GPU-eed52936-813f-8d68-1654-bfb56cb42bc3,24564,22901,1238,0
2026-08-21T02:35:56.0576931+12:00,126976-sustained,0,NVIDIA GeForce RTX 5090,GPU-67921d1c-ee8e-304f-b562-d6f87617c5a0,32607,30893,1295,93
2026-08-21T02:35:56.0576931+12:00,126976-sustained,1,NVIDIA GeForce RTX 4090,GPU-eed52936-813f-8d68-1654-bfb56cb42bc3,24564,22901,1238,0
2026-08-21T02:35:56.3856888+12:00,126976-sustained,0,NVIDIA GeForce RTX 5090,GPU-67921d1c-ee8e-304f-b562-d6f87617c5a0,32607,30893,1295,93
2026-08-21T02:35:56.3856888+12:00,126976-sustained,1,NVIDIA GeForce RTX 4090,GPU-eed52936-813f-8d68-1654-bfb56cb42bc3,24564,22901,1238,0
2026-08-21T02:35:56.7157952+12:00,126976-sustained,0,NVIDIA GeForce RTX 5090,GPU-67921d1c-ee8e-304f-b562-d6f87617c5a0,32607,30893,1295,91
2026-08-21T02:35:56.7157952+12:00,126976-sustained,1,NVIDIA GeForce RTX 4090,GPU-eed52936-813f-8d68-1654-bfb56cb42bc3,24564,22901,1238,0
2026-08-21T02:35:57.0291722+12:00,126976-sustained,0,NVIDIA GeForce RTX 5090,GPU-67921d1c-ee8e-304f-b562-d6f87617c5a0,32607,30894,1294,93
2026-08-21T02:35:57.0291722+12:00,126976-sustained,1,NVIDIA GeForce RTX 4090,GPU-eed52936-813f-8d68-1654-bfb56cb42bc3,24564,22901,1238,0
2026-08-21T02:35:57.3580219+12:00,126976-sustained,0,NVIDIA GeForce RTX 5090,GPU-67921d1c-ee8e-304f-b562-d6f87617c5a0,32607,30894,1294,93
2026-08-21T02:35:57.3580219+12:00,126976-sustained,1,NVIDIA GeForce RTX 4090,GPU-eed52936-813f-8d68-1654-bfb56cb42bc3,24564,22901,1238,0
2026-08-21T02:35:57.6736481+12:00,126976-sustained,0,NVIDIA GeForce RTX 5090,GPU-67921d1c-ee8e-304f-b562-d6f87617c5a0,32607,30894,1294,90
2026-08-21T02:35:57.6736481+12:00,126976-sustained,1,NVIDIA GeForce RTX 4090,GPU-eed52936-813f-8d68-1654-bfb56cb42bc3,24564,22901,1238,0
2026-08-21T02:35:57.9879820+12:00,126976-sustained,0,NVIDIA GeForce RTX 5090,GPU-67921d1c-ee8e-304f-b562-d6f87617c5a0,32607,30894,1294,86
2026-08-21T02:35:57.9879820+12:00,126976-sustained,1,NVIDIA GeForce RTX 4090,GPU-eed52936-813f-8d68-1654-bfb56cb42bc3,24564,22901,1238,0
2026-08-21T02:35:58.3037289+12:00,126976-sustained,0,NVIDIA GeForce RTX 5090,GPU-67921d1c-ee8e-304f-b562-d6f87617c5a0,32607,30894,1294,86
2026-08-21T02:35:58.3037289+12:00,126976-sustained,1,NVIDIA GeForce RTX 4090,GPU-eed52936-813f-8d68-1654-bfb56cb42bc3,24564,22901,1238,0
2026-08-21T02:35:58.6335235+12:00,126976-sustained,0,NVIDIA GeForce RTX 5090,GPU-67921d1c-ee8e-304f-b562-d6f87617c5a0,32607,30894,1294,92
2026-08-21T02:35:58.6335235+12:00,126976-sustained,1,NVIDIA GeForce RTX 4090,GPU-eed52936-813f-8d68-1654-bfb56cb42bc3,24564,22901,1238,0
2026-08-21T02:35:58.9481559+12:00,126976-sustained,0,NVIDIA GeForce RTX 5090,GPU-67921d1c-ee8e-304f-b562-d6f87617c5a0,32607,30874,1314,91
2026-08-21T02:35:58.9481559+12:00,126976-sustained,1,NVIDIA GeForce RTX 4090,GPU-eed52936-813f-8d68-1654-bfb56cb42bc3,24564,22901,1238,0
2026-08-21T02:35:59.2603432+12:00,126976-sustained,0,NVIDIA GeForce RTX 5090,GPU-67921d1c-ee8e-304f-b562-d6f87617c5a0,32607,30874,1314,91
2026-08-21T02:35:59.2603432+12:00,126976-sustained,1,NVIDIA GeForce RTX 4090,GPU-eed52936-813f-8d68-1654-bfb56cb42bc3,24564,22901,1238,0
2026-08-21T02:35:59.5751554+12:00,126976-sustained,0,NVIDIA GeForce RTX 5090,GPU-67921d1c-ee8e-304f-b562-d6f87617c5a0,32607,30874,1314,93
2026-08-21T02:35:59.5751554+12:00,126976-sustained,1,NVIDIA GeForce RTX 4090,GPU-eed52936-813f-8d68-1654-bfb56cb42bc3,24564,22901,1238,0
2026-08-21T02:35:59.8931359+12:00,126976-sustained,0,NVIDIA GeForce RTX 5090,GPU-67921d1c-ee8e-304f-b562-d6f87617c5a0,32607,30874,1314,93
2026-08-21T02:35:59.8931359+12:00,126976-sustained,1,NVIDIA GeForce RTX 4090,GPU-eed52936-813f-8d68-1654-bfb56cb42bc3,24564,22901,1238,0
2026-08-21T02:36:00.2242665+12:00,126976-sustained,0,NVIDIA GeForce RTX 5090,GPU-67921d1c-ee8e-304f-b562-d6f87617c5a0,32607,30868,1320,87
2026-08-21T02:36:00.2242665+12:00,126976-sustained,1,NVIDIA GeForce RTX 4090,GPU-eed52936-813f-8d68-1654-bfb56cb42bc3,24564,22901,1238,0
2026-08-21T02:36:00.5368233+12:00,126976-sustained,0,NVIDIA GeForce RTX 5090,GPU-67921d1c-ee8e-304f-b562-d6f87617c5a0,32607,30868,1320,92
2026-08-21T02:36:00.5368233+12:00,126976-sustained,1,NVIDIA GeForce RTX 4090,GPU-eed52936-813f-8d68-1654-bfb56cb42bc3,24564,22901,1238,0
2026-08-21T02:36:00.8632823+12:00,126976-sustained,0,NVIDIA GeForce RTX 5090,GPU-67921d1c-ee8e-304f-b562-d6f87617c5a0,32607,30868,1320,92
2026-08-21T02:36:00.8632823+12:00,126976-sustained,1,NVIDIA GeForce RTX 4090,GPU-eed52936-813f-8d68-1654-bfb56cb42bc3,24564,22901,1238,0
2026-08-21T02:36:01.1803785+12:00,126976-sustained,0,NVIDIA GeForce RTX 5090,GPU-67921d1c-ee8e-304f-b562-d6f87617c5a0,32607,30873,1315,1
2026-08-21T02:36:01.1803785+12:00,126976-sustained,1,NVIDIA GeForce RTX 4090,GPU-eed52936-813f-8d68-1654-bfb56cb42bc3,24564,22901,1238,97
2026-08-21T02:36:01.4886442+12:00,126976-sustained,0,NVIDIA GeForce RTX 5090,GPU-67921d1c-ee8e-304f-b562-d6f87617c5a0,32607,30883,1305,1
2026-08-21T02:36:01.4886442+12:00,126976-sustained,1,NVIDIA GeForce RTX 4090,GPU-eed52936-813f-8d68-1654-bfb56cb42bc3,24564,22901,1238,97
2026-08-21T02:36:01.8138964+12:00,126976-sustained,0,NVIDIA GeForce RTX 5090,GPU-67921d1c-ee8e-304f-b562-d6f87617c5a0,32607,30897,1291,1
2026-08-21T02:36:01.8138964+12:00,126976-sustained,1,NVIDIA GeForce RTX 4090,GPU-eed52936-813f-8d68-1654-bfb56cb42bc3,24564,22901,1238,92
2026-08-21T02:36:02.1255432+12:00,126976-sustained,0,NVIDIA GeForce RTX 5090,GPU-67921d1c-ee8e-304f-b562-d6f87617c5a0,32607,30919,1269,6
2026-08-21T02:36:02.1255432+12:00,126976-sustained,1,NVIDIA GeForce RTX 4090,GPU-eed52936-813f-8d68-1654-bfb56cb42bc3,24564,22901,1238,93
2026-08-21T02:36:02.4373682+12:00,126976-sustained,0,NVIDIA GeForce RTX 5090,GPU-67921d1c-ee8e-304f-b562-d6f87617c5a0,32607,30919,1269,1
2026-08-21T02:36:02.4373682+12:00,126976-sustained,1,NVIDIA GeForce RTX 4090,GPU-eed52936-813f-8d68-1654-bfb56cb42bc3,24564,22901,1238,93
2026-08-21T02:36:02.7637195+12:00,126976-sustained,0,NVIDIA GeForce RTX 5090,GPU-67921d1c-ee8e-304f-b562-d6f87617c5a0,32607,30919,1269,1
2026-08-21T02:36:02.7637195+12:00,126976-sustained,1,NVIDIA GeForce RTX 4090,GPU-eed52936-813f-8d68-1654-bfb56cb42bc3,24564,22901,1238,80
2026-08-21T02:36:03.0762398+12:00,126976-sustained,0,NVIDIA GeForce RTX 5090,GPU-67921d1c-ee8e-304f-b562-d6f87617c5a0,32607,30908,1280,1
2026-08-21T02:36:03.0762398+12:00,126976-sustained,1,NVIDIA GeForce RTX 4090,GPU-eed52936-813f-8d68-1654-bfb56cb42bc3,24564,22901,1238,92
2026-08-21T02:36:03.3876020+12:00,126976-sustained,0,NVIDIA GeForce RTX 5090,GPU-67921d1c-ee8e-304f-b562-d6f87617c5a0,32607,30898,1290,1
2026-08-21T02:36:03.3876020+12:00,126976-sustained,1,NVIDIA GeForce RTX 4090,GPU-eed52936-813f-8d68-1654-bfb56cb42bc3,24564,22901,1238,92
2026-08-21T02:36:03.7001379+12:00,126976-sustained,0,NVIDIA GeForce RTX 5090,GPU-67921d1c-ee8e-304f-b562-d6f87617c5a0,32607,30893,1295,1
2026-08-21T02:36:03.7001379+12:00,126976-sustained,1,NVIDIA GeForce RTX 4090,GPU-eed52936-813f-8d68-1654-bfb56cb42bc3,24564,22901,1238,94
2026-08-21T02:36:04.0271673+12:00,126976-sustained,0,NVIDIA GeForce RTX 5090,GPU-67921d1c-ee8e-304f-b562-d6f87617c5a0,32607,30899,1289,1
2026-08-21T02:36:04.0271673+12:00,126976-sustained,1,NVIDIA GeForce RTX 4090,GPU-eed52936-813f-8d68-1654-bfb56cb42bc3,24564,22901,1238,94
2026-08-21T02:36:04.3378952+12:00,126976-sustained,0,NVIDIA GeForce RTX 5090,GPU-67921d1c-ee8e-304f-b562-d6f87617c5a0,32607,30898,1290,1
2026-08-21T02:36:04.3378952+12:00,126976-sustained,1,NVIDIA GeForce RTX 4090,GPU-eed52936-813f-8d68-1654-bfb56cb42bc3,24564,22901,1238,92
2026-08-21T02:36:04.6677185+12:00,126976-sustained,0,NVIDIA GeForce RTX 5090,GPU-67921d1c-ee8e-304f-b562-d6f87617c5a0,32607,30898,1290,7
2026-08-21T02:36:04.6677185+12:00,126976-sustained,1,NVIDIA GeForce RTX 4090,GPU-eed52936-813f-8d68-1654-bfb56cb42bc3,24564,22901,1238,94
2026-08-21T02:36:04.9767734+12:00,126976-sustained,0,NVIDIA GeForce RTX 5090,GPU-67921d1c-ee8e-304f-b562-d6f87617c5a0,32607,30899,1289,1
2026-08-21T02:36:04.9767734+12:00,126976-sustained,1,NVIDIA GeForce RTX 4090,GPU-eed52936-813f-8d68-1654-bfb56cb42bc3,24564,22901,1238,94
2026-08-21T02:36:05.3043053+12:00,126976-sustained,0,NVIDIA GeForce RTX 5090,GPU-67921d1c-ee8e-304f-b562-d6f87617c5a0,32607,30899,1289,1
2026-08-21T02:36:05.3043053+12:00,126976-sustained,1,NVIDIA GeForce RTX 4090,GPU-eed52936-813f-8d68-1654-bfb56cb42bc3,24564,22901,1238,87
2026-08-21T02:36:05.6172117+12:00,126976-sustained,0,NVIDIA GeForce RTX 5090,GPU-67921d1c-ee8e-304f-b562-d6f87617c5a0,32607,30899,1289,2
2026-08-21T02:36:05.6172117+12:00,126976-sustained,1,NVIDIA GeForce RTX 4090,GPU-eed52936-813f-8d68-1654-bfb56cb42bc3,24564,22901,1238,92
2026-08-21T02:36:05.9434850+12:00,126976-sustained,0,NVIDIA GeForce RTX 5090,GPU-67921d1c-ee8e-304f-b562-d6f87617c5a0,32607,30899,1289,15
2026-08-21T02:36:05.9434850+12:00,126976-sustained,1,NVIDIA GeForce RTX 4090,GPU-eed52936-813f-8d68-1654-bfb56cb42bc3,24564,22901,1238,92
2026-08-21T02:36:06.2547497+12:00,126976-sustained,0,NVIDIA GeForce RTX 5090,GPU-67921d1c-ee8e-304f-b562-d6f87617c5a0,32607,30897,1291,15
2026-08-21T02:36:06.2547497+12:00,126976-sustained,1,NVIDIA GeForce RTX 4090,GPU-eed52936-813f-8d68-1654-bfb56cb42bc3,24564,22901,1238,94
2026-08-21T02:36:06.5672685+12:00,126976-sustained,0,NVIDIA GeForce RTX 5090,GPU-67921d1c-ee8e-304f-b562-d6f87617c5a0,32607,30891,1297,1
2026-08-21T02:36:06.5672685+12:00,126976-sustained,1,NVIDIA GeForce RTX 4090,GPU-eed52936-813f-8d68-1654-bfb56cb42bc3,24564,22901,1238,94
2026-08-21T02:36:06.8756373+12:00,126976-sustained,0,NVIDIA GeForce RTX 5090,GPU-67921d1c-ee8e-304f-b562-d6f87617c5a0,32607,30883,1305,1
2026-08-21T02:36:06.8756373+12:00,126976-sustained,1,NVIDIA GeForce RTX 4090,GPU-eed52936-813f-8d68-1654-bfb56cb42bc3,24564,22901,1238,91
2026-08-21T02:36:07.2058498+12:00,126976-sustained,0,NVIDIA GeForce RTX 5090,GPU-67921d1c-ee8e-304f-b562-d6f87617c5a0,32607,30863,1325,1
2026-08-21T02:36:07.2058498+12:00,126976-sustained,1,NVIDIA GeForce RTX 4090,GPU-eed52936-813f-8d68-1654-bfb56cb42bc3,24564,22901,1238,93
2026-08-21T02:36:07.5320222+12:00,126976-sustained,0,NVIDIA GeForce RTX 5090,GPU-67921d1c-ee8e-304f-b562-d6f87617c5a0,32607,30859,1329,2
2026-08-21T02:36:07.5320222+12:00,126976-sustained,1,NVIDIA GeForce RTX 4090,GPU-eed52936-813f-8d68-1654-bfb56cb42bc3,24564,22901,1238,93
2026-08-21T02:36:07.8438507+12:00,126976-sustained,0,NVIDIA GeForce RTX 5090,GPU-67921d1c-ee8e-304f-b562-d6f87617c5a0,32607,30859,1329,2
2026-08-21T02:36:07.8438507+12:00,126976-sustained,1,NVIDIA GeForce RTX 4090,GPU-eed52936-813f-8d68-1654-bfb56cb42bc3,24564,22901,1238,93
2026-08-21T02:36:08.1767580+12:00,126976-sustained,0,NVIDIA GeForce RTX 5090,GPU-67921d1c-ee8e-304f-b562-d6f87617c5a0,32607,30865,1323,3
2026-08-21T02:36:08.1767580+12:00,126976-sustained,1,NVIDIA GeForce RTX 4090,GPU-eed52936-813f-8d68-1654-bfb56cb42bc3,24564,22901,1238,94
2026-08-21T02:36:08.4938326+12:00,126976-sustained,0,NVIDIA GeForce RTX 5090,GPU-67921d1c-ee8e-304f-b562-d6f87617c5a0,32607,30865,1323,11
2026-08-21T02:36:08.4938326+12:00,126976-sustained,1,NVIDIA GeForce RTX 4090,GPU-eed52936-813f-8d68-1654-bfb56cb42bc3,24564,22901,1238,94
2026-08-21T02:36:08.8033553+12:00,126976-sustained,0,NVIDIA GeForce RTX 5090,GPU-67921d1c-ee8e-304f-b562-d6f87617c5a0,32607,30865,1323,11
2026-08-21T02:36:08.8033553+12:00,126976-sustained,1,NVIDIA GeForce RTX 4090,GPU-eed52936-813f-8d68-1654-bfb56cb42bc3,24564,22901,1238,93
2026-08-21T02:36:09.1154094+12:00,126976-sustained,0,NVIDIA GeForce RTX 5090,GPU-67921d1c-ee8e-304f-b562-d6f87617c5a0,32607,30866,1322,2
2026-08-21T02:36:09.1154094+12:00,126976-sustained,1,NVIDIA GeForce RTX 4090,GPU-eed52936-813f-8d68-1654-bfb56cb42bc3,24564,22901,1238,93
2026-08-21T02:36:09.4286278+12:00,126976-sustained,0,NVIDIA GeForce RTX 5090,GPU-67921d1c-ee8e-304f-b562-d6f87617c5a0,32607,30865,1323,3
2026-08-21T02:36:09.4286278+12:00,126976-sustained,1,NVIDIA GeForce RTX 4090,GPU-eed52936-813f-8d68-1654-bfb56cb42bc3,24564,22901,1238,93
2026-08-21T02:36:09.7391447+12:00,126976-sustained,0,NVIDIA GeForce RTX 5090,GPU-67921d1c-ee8e-304f-b562-d6f87617c5a0,32607,30865,1323,3
2026-08-21T02:36:09.7391447+12:00,126976-sustained,1,NVIDIA GeForce RTX 4090,GPU-eed52936-813f-8d68-1654-bfb56cb42bc3,24564,22901,1238,92
2026-08-21T02:36:10.0512342+12:00,126976-sustained,0,NVIDIA GeForce RTX 5090,GPU-67921d1c-ee8e-304f-b562-d6f87617c5a0,32607,30865,1323,2
2026-08-21T02:36:10.0512342+12:00,126976-sustained,1,NVIDIA GeForce RTX 4090,GPU-eed52936-813f-8d68-1654-bfb56cb42bc3,24564,22901,1238,92
2026-08-21T02:36:10.3615084+12:00,126976-sustained,0,NVIDIA GeForce RTX 5090,GPU-67921d1c-ee8e-304f-b562-d6f87617c5a0,32607,30865,1323,2
2026-08-21T02:36:10.3615084+12:00,126976-sustained,1,NVIDIA GeForce RTX 4090,GPU-eed52936-813f-8d68-1654-bfb56cb42bc3,24564,22901,1238,94
2026-08-21T02:36:10.6728523+12:00,126976-sustained,0,NVIDIA GeForce RTX 5090,GPU-67921d1c-ee8e-304f-b562-d6f87617c5a0,32607,30865,1323,2
2026-08-21T02:36:10.6728523+12:00,126976-sustained,1,NVIDIA GeForce RTX 4090,GPU-eed52936-813f-8d68-1654-bfb56cb42bc3,24564,22901,1238,94
2026-08-21T02:36:10.9862562+12:00,126976-sustained,0,NVIDIA GeForce RTX 5090,GPU-67921d1c-ee8e-304f-b562-d6f87617c5a0,32607,30863,1325,1
2026-08-21T02:36:10.9862562+12:00,126976-sustained,1,NVIDIA GeForce RTX 4090,GPU-eed52936-813f-8d68-1654-bfb56cb42bc3,24564,22901,1238,94
2026-08-21T02:36:11.2980430+12:00,126976-sustained,0,NVIDIA GeForce RTX 5090,GPU-67921d1c-ee8e-304f-b562-d6f87617c5a0,32607,30859,1329,1
2026-08-21T02:36:11.2980430+12:00,126976-sustained,1,NVIDIA GeForce RTX 4090,GPU-eed52936-813f-8d68-1654-bfb56cb42bc3,24564,22901,1238,93
2026-08-21T02:36:11.6115868+12:00,126976-sustained,0,NVIDIA GeForce RTX 5090,GPU-67921d1c-ee8e-304f-b562-d6f87617c5a0,32607,30859,1329,2
2026-08-21T02:36:11.6115868+12:00,126976-sustained,1,NVIDIA GeForce RTX 4090,GPU-eed52936-813f-8d68-1654-bfb56cb42bc3,24564,22901,1238,94
2026-08-21T02:36:11.9243927+12:00,126976-sustained,0,NVIDIA GeForce RTX 5090,GPU-67921d1c-ee8e-304f-b562-d6f87617c5a0,32607,30859,1329,2
2026-08-21T02:36:11.9243927+12:00,126976-sustained,1,NVIDIA GeForce RTX 4090,GPU-eed52936-813f-8d68-1654-bfb56cb42bc3,24564,22901,1238,94
2026-08-21T02:36:12.2480217+12:00,126976-sustained,0,NVIDIA GeForce RTX 5090,GPU-67921d1c-ee8e-304f-b562-d6f87617c5a0,32607,30865,1323,2
2026-08-21T02:36:12.2480217+12:00,126976-sustained,1,NVIDIA GeForce RTX 4090,GPU-eed52936-813f-8d68-1654-bfb56cb42bc3,24564,22901,1238,92
2026-08-21T02:36:12.5588748+12:00,126976-sustained,0,NVIDIA GeForce RTX 5090,GPU-67921d1c-ee8e-304f-b562-d6f87617c5a0,32607,30865,1323,12
2026-08-21T02:36:12.5588748+12:00,126976-sustained,1,NVIDIA GeForce RTX 4090,GPU-eed52936-813f-8d68-1654-bfb56cb42bc3,24564,22901,1238,92
2026-08-21T02:36:12.8732733+12:00,126976-sustained,0,NVIDIA GeForce RTX 5090,GPU-67921d1c-ee8e-304f-b562-d6f87617c5a0,32607,30865,1323,12
2026-08-21T02:36:12.8732733+12:00,126976-sustained,1,NVIDIA GeForce RTX 4090,GPU-eed52936-813f-8d68-1654-bfb56cb42bc3,24564,22901,1238,94
2026-08-21T02:36:13.2020375+12:00,126976-sustained,0,NVIDIA GeForce RTX 5090,GPU-67921d1c-ee8e-304f-b562-d6f87617c5a0,32607,30866,1322,1
2026-08-21T02:36:13.2020375+12:00,126976-sustained,1,NVIDIA GeForce RTX 4090,GPU-eed52936-813f-8d68-1654-bfb56cb42bc3,24564,22901,1238,94
2026-08-21T02:36:13.5153753+12:00,126976-sustained,0,NVIDIA GeForce RTX 5090,GPU-67921d1c-ee8e-304f-b562-d6f87617c5a0,32607,30877,1311,25
2026-08-21T02:36:13.5153753+12:00,126976-sustained,1,NVIDIA GeForce RTX 4090,GPU-eed52936-813f-8d68-1654-bfb56cb42bc3,24564,22901,1238,94
2026-08-21T02:36:13.8245815+12:00,126976-sustained,0,NVIDIA GeForce RTX 5090,GPU-67921d1c-ee8e-304f-b562-d6f87617c5a0,32607,30877,1311,25
2026-08-21T02:36:13.8245815+12:00,126976-sustained,1,NVIDIA GeForce RTX 4090,GPU-eed52936-813f-8d68-1654-bfb56cb42bc3,24564,22901,1238,90
2026-08-21T02:36:14.1357355+12:00,126976-sustained,0,NVIDIA GeForce RTX 5090,GPU-67921d1c-ee8e-304f-b562-d6f87617c5a0,32607,30877,1311,1
2026-08-21T02:36:14.1357355+12:00,126976-sustained,1,NVIDIA GeForce RTX 4090,GPU-eed52936-813f-8d68-1654-bfb56cb42bc3,24564,22901,1238,94
2026-08-21T02:36:14.4452233+12:00,126976-sustained,0,NVIDIA GeForce RTX 5090,GPU-67921d1c-ee8e-304f-b562-d6f87617c5a0,32607,30877,1311,3
2026-08-21T02:36:14.4452233+12:00,126976-sustained,1,NVIDIA GeForce RTX 4090,GPU-eed52936-813f-8d68-1654-bfb56cb42bc3,24564,22901,1238,94
2026-08-21T02:36:14.7728771+12:00,126976-sustained,0,NVIDIA GeForce RTX 5090,GPU-67921d1c-ee8e-304f-b562-d6f87617c5a0,32607,30877,1311,3
2026-08-21T02:36:14.7728771+12:00,126976-sustained,1,NVIDIA GeForce RTX 4090,GPU-eed52936-813f-8d68-1654-bfb56cb42bc3,24564,22901,1238,93
2026-08-21T02:36:15.0855728+12:00,126976-sustained,0,NVIDIA GeForce RTX 5090,GPU-67921d1c-ee8e-304f-b562-d6f87617c5a0,32607,30883,1305,2
2026-08-21T02:36:15.0855728+12:00,126976-sustained,1,NVIDIA GeForce RTX 4090,GPU-eed52936-813f-8d68-1654-bfb56cb42bc3,24564,22901,1238,93
2026-08-21T02:36:15.3983661+12:00,126976-sustained,0,NVIDIA GeForce RTX 5090,GPU-67921d1c-ee8e-304f-b562-d6f87617c5a0,32607,30883,1305,2
2026-08-21T02:36:15.3983661+12:00,126976-sustained,1,NVIDIA GeForce RTX 4090,GPU-eed52936-813f-8d68-1654-bfb56cb42bc3,24564,22901,1238,93
2026-08-21T02:36:15.7643302+12:00,126976-sustained,0,NVIDIA GeForce RTX 5090,GPU-67921d1c-ee8e-304f-b562-d6f87617c5a0,32607,30920,1268,2
2026-08-21T02:36:15.7643302+12:00,126976-sustained,1,NVIDIA GeForce RTX 4090,GPU-eed52936-813f-8d68-1654-bfb56cb42bc3,24564,22901,1238,92
2026-08-21T02:36:16.0828601+12:00,126976-sustained,0,NVIDIA GeForce RTX 5090,GPU-67921d1c-ee8e-304f-b562-d6f87617c5a0,32607,30920,1268,1
2026-08-21T02:36:16.0828601+12:00,126976-sustained,1,NVIDIA GeForce RTX 4090,GPU-eed52936-813f-8d68-1654-bfb56cb42bc3,24564,22901,1238,93
2026-08-21T02:36:16.3950214+12:00,126976-sustained,0,NVIDIA GeForce RTX 5090,GPU-67921d1c-ee8e-304f-b562-d6f87617c5a0,32607,30915,1273,1
2026-08-21T02:36:16.3950214+12:00,126976-sustained,1,NVIDIA GeForce RTX 4090,GPU-eed52936-813f-8d68-1654-bfb56cb42bc3,24564,22901,1238,93
2026-08-21T02:36:16.7070697+12:00,126976-sustained,0,NVIDIA GeForce RTX 5090,GPU-67921d1c-ee8e-304f-b562-d6f87617c5a0,32607,30915,1273,10
2026-08-21T02:36:16.7070697+12:00,126976-sustained,1,NVIDIA GeForce RTX 4090,GPU-eed52936-813f-8d68-1654-bfb56cb42bc3,24564,22901,1238,94
2026-08-21T02:36:17.0172056+12:00,126976-sustained,0,NVIDIA GeForce RTX 5090,GPU-67921d1c-ee8e-304f-b562-d6f87617c5a0,32607,30914,1274,1
2026-08-21T02:36:17.0172056+12:00,126976-sustained,1,NVIDIA GeForce RTX 4090,GPU-eed52936-813f-8d68-1654-bfb56cb42bc3,24564,22901,1238,94
2026-08-21T02:36:17.3293538+12:00,126976-sustained,0,NVIDIA GeForce RTX 5090,GPU-67921d1c-ee8e-304f-b562-d6f87617c5a0,32607,30907,1281,1
2026-08-21T02:36:17.3293538+12:00,126976-sustained,1,NVIDIA GeForce RTX 4090,GPU-eed52936-813f-8d68-1654-bfb56cb42bc3,24564,22901,1238,92
2026-08-21T02:36:17.6440133+12:00,126976-sustained,0,NVIDIA GeForce RTX 5090,GPU-67921d1c-ee8e-304f-b562-d6f87617c5a0,32607,30907,1281,1
2026-08-21T02:36:17.6440133+12:00,126976-sustained,1,NVIDIA GeForce RTX 4090,GPU-eed52936-813f-8d68-1654-bfb56cb42bc3,24564,22901,1238,94
2026-08-21T02:36:17.9555296+12:00,126976-sustained,0,NVIDIA GeForce RTX 5090,GPU-67921d1c-ee8e-304f-b562-d6f87617c5a0,32607,30907,1281,1
2026-08-21T02:36:17.9555296+12:00,126976-sustained,1,NVIDIA GeForce RTX 4090,GPU-eed52936-813f-8d68-1654-bfb56cb42bc3,24564,22901,1238,94
2026-08-21T02:36:18.2652006+12:00,126976-sustained,0,NVIDIA GeForce RTX 5090,GPU-67921d1c-ee8e-304f-b562-d6f87617c5a0,32607,30896,1292,1
2026-08-21T02:36:18.2652006+12:00,126976-sustained,1,NVIDIA GeForce RTX 4090,GPU-eed52936-813f-8d68-1654-bfb56cb42bc3,24564,22901,1238,93
2026-08-21T02:36:18.5773639+12:00,126976-sustained,0,NVIDIA GeForce RTX 5090,GPU-67921d1c-ee8e-304f-b562-d6f87617c5a0,32607,30896,1292,1
2026-08-21T02:36:18.5773639+12:00,126976-sustained,1,NVIDIA GeForce RTX 4090,GPU-eed52936-813f-8d68-1654-bfb56cb42bc3,24564,22901,1238,95
2026-08-21T02:36:18.8909108+12:00,126976-sustained,0,NVIDIA GeForce RTX 5090,GPU-67921d1c-ee8e-304f-b562-d6f87617c5a0,32607,30896,1292,1
2026-08-21T02:36:18.8909108+12:00,126976-sustained,1,NVIDIA GeForce RTX 4090,GPU-eed52936-813f-8d68-1654-bfb56cb42bc3,24564,22901,1238,95
2026-08-21T02:36:19.2179626+12:00,126976-sustained,0,NVIDIA GeForce RTX 5090,GPU-67921d1c-ee8e-304f-b562-d6f87617c5a0,32607,30896,1292,1
2026-08-21T02:36:19.2179626+12:00,126976-sustained,1,NVIDIA GeForce RTX 4090,GPU-eed52936-813f-8d68-1654-bfb56cb42bc3,24564,22901,1238,94
2026-08-21T02:36:19.5299406+12:00,126976-sustained,0,NVIDIA GeForce RTX 5090,GPU-67921d1c-ee8e-304f-b562-d6f87617c5a0,32607,30896,1292,1
2026-08-21T02:36:19.5299406+12:00,126976-sustained,1,NVIDIA GeForce RTX 4090,GPU-eed52936-813f-8d68-1654-bfb56cb42bc3,24564,22901,1238,94
2026-08-21T02:36:19.8429270+12:00,126976-sustained,0,NVIDIA GeForce RTX 5090,GPU-67921d1c-ee8e-304f-b562-d6f87617c5a0,32607,30896,1292,1
2026-08-21T02:36:19.8429270+12:00,126976-sustained,1,NVIDIA GeForce RTX 4090,GPU-eed52936-813f-8d68-1654-bfb56cb42bc3,24564,22901,1238,94
2026-08-21T02:36:20.1558249+12:00,126976-sustained,0,NVIDIA GeForce RTX 5090,GPU-67921d1c-ee8e-304f-b562-d6f87617c5a0,32607,30896,1292,2
2026-08-21T02:36:20.1558249+12:00,126976-sustained,1,NVIDIA GeForce RTX 4090,GPU-eed52936-813f-8d68-1654-bfb56cb42bc3,24564,22901,1238,92
2026-08-21T02:36:20.4663043+12:00,126976-sustained,0,NVIDIA GeForce RTX 5090,GPU-67921d1c-ee8e-304f-b562-d6f87617c5a0,32607,30896,1292,9
2026-08-21T02:36:20.4663043+12:00,126976-sustained,1,NVIDIA GeForce RTX 4090,GPU-eed52936-813f-8d68-1654-bfb56cb42bc3,24564,22901,1238,92
2026-08-21T02:36:20.7784437+12:00,126976-sustained,0,NVIDIA GeForce RTX 5090,GPU-67921d1c-ee8e-304f-b562-d6f87617c5a0,32607,30864,1324,9
2026-08-21T02:36:20.7784437+12:00,126976-sustained,1,NVIDIA GeForce RTX 4090,GPU-eed52936-813f-8d68-1654-bfb56cb42bc3,24564,22901,1238,92
2026-08-21T02:36:21.0901832+12:00,126976-sustained,0,NVIDIA GeForce RTX 5090,GPU-67921d1c-ee8e-304f-b562-d6f87617c5a0,32607,30865,1323,1
2026-08-21T02:36:21.0901832+12:00,126976-sustained,1,NVIDIA GeForce RTX 4090,GPU-eed52936-813f-8d68-1654-bfb56cb42bc3,24564,22901,1238,94
2026-08-21T02:36:21.4041465+12:00,126976-sustained,0,NVIDIA GeForce RTX 5090,GPU-67921d1c-ee8e-304f-b562-d6f87617c5a0,32607,30865,1323,1
2026-08-21T02:36:21.4041465+12:00,126976-sustained,1,NVIDIA GeForce RTX 4090,GPU-eed52936-813f-8d68-1654-bfb56cb42bc3,24564,22901,1238,94
2026-08-21T02:36:21.7176050+12:00,126976-sustained,0,NVIDIA GeForce RTX 5090,GPU-67921d1c-ee8e-304f-b562-d6f87617c5a0,32607,30865,1323,1
2026-08-21T02:36:21.7176050+12:00,126976-sustained,1,NVIDIA GeForce RTX 4090,GPU-eed52936-813f-8d68-1654-bfb56cb42bc3,24564,22901,1238,93
2026-08-21T02:36:22.0309981+12:00,126976-sustained,0,NVIDIA GeForce RTX 5090,GPU-67921d1c-ee8e-304f-b562-d6f87617c5a0,32607,30882,1306,2
2026-08-21T02:36:22.0309981+12:00,126976-sustained,1,NVIDIA GeForce RTX 4090,GPU-eed52936-813f-8d68-1654-bfb56cb42bc3,24564,22901,1238,93
2026-08-21T02:36:22.3428608+12:00,126976-sustained,0,NVIDIA GeForce RTX 5090,GPU-67921d1c-ee8e-304f-b562-d6f87617c5a0,32607,30882,1306,2
2026-08-21T02:36:22.3428608+12:00,126976-sustained,1,NVIDIA GeForce RTX 4090,GPU-eed52936-813f-8d68-1654-bfb56cb42bc3,24564,22901,1238,54
2026-08-21T02:36:22.6533168+12:00,126976-sustained,0,NVIDIA GeForce RTX 5090,GPU-67921d1c-ee8e-304f-b562-d6f87617c5a0,32607,30882,1306,3
2026-08-21T02:36:22.6533168+12:00,126976-sustained,1,NVIDIA GeForce RTX 4090,GPU-eed52936-813f-8d68-1654-bfb56cb42bc3,24564,22901,1238,0
2026-08-21T02:36:22.9669759+12:00,126976-sustained,0,NVIDIA GeForce RTX 5090,GPU-67921d1c-ee8e-304f-b562-d6f87617c5a0,32607,30891,1297,34
2026-08-21T02:36:22.9669759+12:00,126976-sustained,1,NVIDIA GeForce RTX 4090,GPU-eed52936-813f-8d68-1654-bfb56cb42bc3,24564,22901,1238,0
2026-08-21T02:36:23.2788195+12:00,126976-sustained,0,NVIDIA GeForce RTX 5090,GPU-67921d1c-ee8e-304f-b562-d6f87617c5a0,32607,30891,1297,34
2026-08-21T02:36:23.2788195+12:00,126976-sustained,1,NVIDIA GeForce RTX 4090,GPU-eed52936-813f-8d68-1654-bfb56cb42bc3,24564,22901,1238,0
2026-08-21T02:36:23.5923314+12:00,126976-sustained,0,NVIDIA GeForce RTX 5090,GPU-67921d1c-ee8e-304f-b562-d6f87617c5a0,32607,30891,1297,35
2026-08-21T02:36:23.5923314+12:00,126976-sustained,1,NVIDIA GeForce RTX 4090,GPU-eed52936-813f-8d68-1654-bfb56cb42bc3,24564,22901,1238,0
2026-08-21T02:36:23.9051841+12:00,126976-sustained,0,NVIDIA GeForce RTX 5090,GPU-67921d1c-ee8e-304f-b562-d6f87617c5a0,32607,30908,1280,35
2026-08-21T02:36:23.9051841+12:00,126976-sustained,1,NVIDIA GeForce RTX 4090,GPU-eed52936-813f-8d68-1654-bfb56cb42bc3,24564,22901,1238,0
2026-08-21T02:36:24.2295554+12:00,126976-sustained,0,NVIDIA GeForce RTX 5090,GPU-67921d1c-ee8e-304f-b562-d6f87617c5a0,32607,30901,1287,32
2026-08-21T02:36:24.2295554+12:00,126976-sustained,1,NVIDIA GeForce RTX 4090,GPU-eed52936-813f-8d68-1654-bfb56cb42bc3,24564,22901,1238,0
2026-08-21T02:36:24.5403230+12:00,126976-sustained,0,NVIDIA GeForce RTX 5090,GPU-67921d1c-ee8e-304f-b562-d6f87617c5a0,32607,30905,1283,8
2026-08-21T02:36:24.5403230+12:00,126976-sustained,1,NVIDIA GeForce RTX 4090,GPU-eed52936-813f-8d68-1654-bfb56cb42bc3,24564,22901,1238,0
2026-08-21T02:36:24.8691700+12:00,126976-sustained,0,NVIDIA GeForce RTX 5090,GPU-67921d1c-ee8e-304f-b562-d6f87617c5a0,32607,30905,1283,8
2026-08-21T02:36:24.8691700+12:00,126976-sustained,1,NVIDIA GeForce RTX 4090,GPU-eed52936-813f-8d68-1654-bfb56cb42bc3,24564,22901,1238,0
2026-08-21T02:36:25.1980721+12:00,126976-sustained,0,NVIDIA GeForce RTX 5090,GPU-67921d1c-ee8e-304f-b562-d6f87617c5a0,32607,30898,1290,2
2026-08-21T02:36:25.1980721+12:00,126976-sustained,1,NVIDIA GeForce RTX 4090,GPU-eed52936-813f-8d68-1654-bfb56cb42bc3,24564,22901,1238,0
2026-08-21T02:36:25.5243716+12:00,126976-sustained,0,NVIDIA GeForce RTX 5090,GPU-67921d1c-ee8e-304f-b562-d6f87617c5a0,32607,30898,1290,1
2026-08-21T02:36:25.5243716+12:00,126976-sustained,1,NVIDIA GeForce RTX 4090,GPU-eed52936-813f-8d68-1654-bfb56cb42bc3,24564,22901,1238,0
2026-08-21T02:36:25.8329458+12:00,126976-sustained,0,NVIDIA GeForce RTX 5090,GPU-67921d1c-ee8e-304f-b562-d6f87617c5a0,32607,30931,1257,1
2026-08-21T02:36:25.8329458+12:00,126976-sustained,1,NVIDIA GeForce RTX 4090,GPU-eed52936-813f-8d68-1654-bfb56cb42bc3,24564,22901,1238,0
2026-08-21T02:36:26.1441838+12:00,126976-sustained,0,NVIDIA GeForce RTX 5090,GPU-67921d1c-ee8e-304f-b562-d6f87617c5a0,32607,30929,1259,21
2026-08-21T02:36:26.1441838+12:00,126976-sustained,1,NVIDIA GeForce RTX 4090,GPU-eed52936-813f-8d68-1654-bfb56cb42bc3,24564,22901,1238,0
2026-08-21T02:36:26.4563216+12:00,126976-sustained,0,NVIDIA GeForce RTX 5090,GPU-67921d1c-ee8e-304f-b562-d6f87617c5a0,32607,30927,1261,34
2026-08-21T02:36:26.4563216+12:00,126976-sustained,1,NVIDIA GeForce RTX 4090,GPU-eed52936-813f-8d68-1654-bfb56cb42bc3,24564,22901,1238,0
2026-08-21T02:36:26.7702762+12:00,126976-sustained,0,NVIDIA GeForce RTX 5090,GPU-67921d1c-ee8e-304f-b562-d6f87617c5a0,32607,30929,1259,34
2026-08-21T02:36:26.7702762+12:00,126976-sustained,1,NVIDIA GeForce RTX 4090,GPU-eed52936-813f-8d68-1654-bfb56cb42bc3,24564,22901,1238,0
2026-08-21T02:36:27.0793494+12:00,126976-sustained,0,NVIDIA GeForce RTX 5090,GPU-67921d1c-ee8e-304f-b562-d6f87617c5a0,32607,30927,1261,9
2026-08-21T02:36:27.0793494+12:00,126976-sustained,1,NVIDIA GeForce RTX 4090,GPU-eed52936-813f-8d68-1654-bfb56cb42bc3,24564,22901,1238,0
2026-08-21T02:36:27.3908609+12:00,126976-sustained,0,NVIDIA GeForce RTX 5090,GPU-67921d1c-ee8e-304f-b562-d6f87617c5a0,32607,30918,1270,9
2026-08-21T02:36:27.3908609+12:00,126976-sustained,1,NVIDIA GeForce RTX 4090,GPU-eed52936-813f-8d68-1654-bfb56cb42bc3,24564,22901,1238,0
2026-08-21T02:36:27.7047749+12:00,126976-sustained,0,NVIDIA GeForce RTX 5090,GPU-67921d1c-ee8e-304f-b562-d6f87617c5a0,32607,30921,1267,2
2026-08-21T02:36:27.7047749+12:00,126976-sustained,1,NVIDIA GeForce RTX 4090,GPU-eed52936-813f-8d68-1654-bfb56cb42bc3,24564,22901,1238,0
2026-08-21T02:36:28.0314875+12:00,126976-sustained,0,NVIDIA GeForce RTX 5090,GPU-67921d1c-ee8e-304f-b562-d6f87617c5a0,32607,30922,1266,6
2026-08-21T02:36:28.0314875+12:00,126976-sustained,1,NVIDIA GeForce RTX 4090,GPU-eed52936-813f-8d68-1654-bfb56cb42bc3,24564,22901,1238,0
2026-08-21T02:36:28.3428882+12:00,126976-sustained,0,NVIDIA GeForce RTX 5090,GPU-67921d1c-ee8e-304f-b562-d6f87617c5a0,32607,30934,1254,6
2026-08-21T02:36:28.3428882+12:00,126976-sustained,1,NVIDIA GeForce RTX 4090,GPU-eed52936-813f-8d68-1654-bfb56cb42bc3,24564,22901,1238,0
2026-08-21T02:36:28.6527061+12:00,126976-sustained,0,NVIDIA GeForce RTX 5090,GPU-67921d1c-ee8e-304f-b562-d6f87617c5a0,32607,30941,1247,45
2026-08-21T02:36:28.6527061+12:00,126976-sustained,1,NVIDIA GeForce RTX 4090,GPU-eed52936-813f-8d68-1654-bfb56cb42bc3,24564,22901,1238,0
2026-08-21T02:36:28.9616683+12:00,126976-sustained,0,NVIDIA GeForce RTX 5090,GPU-67921d1c-ee8e-304f-b562-d6f87617c5a0,32607,30938,1250,23
2026-08-21T02:36:28.9616683+12:00,126976-sustained,1,NVIDIA GeForce RTX 4090,GPU-eed52936-813f-8d68-1654-bfb56cb42bc3,24564,22901,1238,0
2026-08-21T02:36:29.2730476+12:00,126976-sustained,0,NVIDIA GeForce RTX 5090,GPU-67921d1c-ee8e-304f-b562-d6f87617c5a0,32607,30938,1250,23
2026-08-21T02:36:29.2730476+12:00,126976-sustained,1,NVIDIA GeForce RTX 4090,GPU-eed52936-813f-8d68-1654-bfb56cb42bc3,24564,22901,1238,0
2026-08-21T02:36:29.5856964+12:00,126976-sustained,0,NVIDIA GeForce RTX 5090,GPU-67921d1c-ee8e-304f-b562-d6f87617c5a0,32607,30938,1250,9
2026-08-21T02:36:29.5856964+12:00,126976-sustained,1,NVIDIA GeForce RTX 4090,GPU-eed52936-813f-8d68-1654-bfb56cb42bc3,24564,22901,1238,0
2026-08-21T02:36:29.8954968+12:00,126976-sustained,0,NVIDIA GeForce RTX 5090,GPU-67921d1c-ee8e-304f-b562-d6f87617c5a0,32607,30939,1249,9
2026-08-21T02:36:29.8954968+12:00,126976-sustained,1,NVIDIA GeForce RTX 4090,GPU-eed52936-813f-8d68-1654-bfb56cb42bc3,24564,22901,1238,0
2026-08-21T02:36:30.2234404+12:00,126976-sustained,0,NVIDIA GeForce RTX 5090,GPU-67921d1c-ee8e-304f-b562-d6f87617c5a0,32607,30932,1256,16
2026-08-21T02:36:30.2234404+12:00,126976-sustained,1,NVIDIA GeForce RTX 4090,GPU-eed52936-813f-8d68-1654-bfb56cb42bc3,24564,22901,1238,0
2026-08-21T02:36:30.5363250+12:00,126976-sustained,0,NVIDIA GeForce RTX 5090,GPU-67921d1c-ee8e-304f-b562-d6f87617c5a0,32607,30933,1255,17
2026-08-21T02:36:30.5363250+12:00,126976-sustained,1,NVIDIA GeForce RTX 4090,GPU-eed52936-813f-8d68-1654-bfb56cb42bc3,24564,22901,1238,0
2026-08-21T02:36:30.8468888+12:00,126976-sustained,0,NVIDIA GeForce RTX 5090,GPU-67921d1c-ee8e-304f-b562-d6f87617c5a0,32607,30933,1255,17
2026-08-21T02:36:30.8468888+12:00,126976-sustained,1,NVIDIA GeForce RTX 4090,GPU-eed52936-813f-8d68-1654-bfb56cb42bc3,24564,22901,1238,0
2026-08-21T02:36:31.1821384+12:00,126976-sustained,0,NVIDIA GeForce RTX 5090,GPU-67921d1c-ee8e-304f-b562-d6f87617c5a0,32607,30929,1259,3
2026-08-21T02:36:31.1821384+12:00,126976-sustained,1,NVIDIA GeForce RTX 4090,GPU-eed52936-813f-8d68-1654-bfb56cb42bc3,24564,22901,1238,0
2026-08-21T02:36:31.5168153+12:00,126976-sustained,0,NVIDIA GeForce RTX 5090,GPU-67921d1c-ee8e-304f-b562-d6f87617c5a0,32607,30925,1263,2
2026-08-21T02:36:31.5168153+12:00,126976-sustained,1,NVIDIA GeForce RTX 4090,GPU-eed52936-813f-8d68-1654-bfb56cb42bc3,24564,22901,1238,0
2026-08-21T02:36:31.8267434+12:00,126976-sustained,0,NVIDIA GeForce RTX 5090,GPU-67921d1c-ee8e-304f-b562-d6f87617c5a0,32607,30925,1263,2
2026-08-21T02:36:31.8267434+12:00,126976-sustained,1,NVIDIA GeForce RTX 4090,GPU-eed52936-813f-8d68-1654-bfb56cb42bc3,24564,22901,1238,0
2026-08-21T02:36:32.1373190+12:00,126976-sustained,0,NVIDIA GeForce RTX 5090,GPU-67921d1c-ee8e-304f-b562-d6f87617c5a0,32607,30926,1262,3
2026-08-21T02:36:32.1373190+12:00,126976-sustained,1,NVIDIA GeForce RTX 4090,GPU-eed52936-813f-8d68-1654-bfb56cb42bc3,24564,22901,1238,0
2026-08-21T02:36:32.4654205+12:00,126976-sustained,0,NVIDIA GeForce RTX 5090,GPU-67921d1c-ee8e-304f-b562-d6f87617c5a0,32607,30926,1262,10
2026-08-21T02:36:32.4654205+12:00,126976-sustained,1,NVIDIA GeForce RTX 4090,GPU-eed52936-813f-8d68-1654-bfb56cb42bc3,24564,22901,1238,0
2026-08-21T02:36:32.7744206+12:00,126976-sustained,0,NVIDIA GeForce RTX 5090,GPU-67921d1c-ee8e-304f-b562-d6f87617c5a0,32607,30926,1262,10
2026-08-21T02:36:32.7744206+12:00,126976-sustained,1,NVIDIA GeForce RTX 4090,GPU-eed52936-813f-8d68-1654-bfb56cb42bc3,24564,22901,1238,0
2026-08-21T02:36:33.1011825+12:00,126976-sustained,0,NVIDIA GeForce RTX 5090,GPU-67921d1c-ee8e-304f-b562-d6f87617c5a0,32607,30926,1262,1
2026-08-21T02:36:33.1011825+12:00,126976-sustained,1,NVIDIA GeForce RTX 4090,GPU-eed52936-813f-8d68-1654-bfb56cb42bc3,24564,22901,1238,0
2026-08-21T02:36:33.4145265+12:00,126976-sustained,0,NVIDIA GeForce RTX 5090,GPU-67921d1c-ee8e-304f-b562-d6f87617c5a0,32607,30925,1263,1
2026-08-21T02:36:33.4145265+12:00,126976-sustained,1,NVIDIA GeForce RTX 4090,GPU-eed52936-813f-8d68-1654-bfb56cb42bc3,24564,22901,1238,0
2026-08-21T02:36:33.7421213+12:00,126976-sustained,0,NVIDIA GeForce RTX 5090,GPU-67921d1c-ee8e-304f-b562-d6f87617c5a0,32607,30911,1277,23
2026-08-21T02:36:33.7421213+12:00,126976-sustained,1,NVIDIA GeForce RTX 4090,GPU-eed52936-813f-8d68-1654-bfb56cb42bc3,24564,22901,1238,0
2026-08-21T02:36:34.0810396+12:00,126976-sustained,0,NVIDIA GeForce RTX 5090,GPU-67921d1c-ee8e-304f-b562-d6f87617c5a0,32607,30911,1277,2
2026-08-21T02:36:34.0810396+12:00,126976-sustained,1,NVIDIA GeForce RTX 4090,GPU-eed52936-813f-8d68-1654-bfb56cb42bc3,24564,22901,1238,0
2026-08-21T02:36:34.4066194+12:00,126976-sustained,0,NVIDIA GeForce RTX 5090,GPU-67921d1c-ee8e-304f-b562-d6f87617c5a0,32607,30911,1277,2
2026-08-21T02:36:34.4066194+12:00,126976-sustained,1,NVIDIA GeForce RTX 4090,GPU-eed52936-813f-8d68-1654-bfb56cb42bc3,24564,22901,1238,0
2026-08-21T02:36:34.7332612+12:00,126976-sustained,0,NVIDIA GeForce RTX 5090,GPU-67921d1c-ee8e-304f-b562-d6f87617c5a0,32607,30911,1277,2
2026-08-21T02:36:34.7332612+12:00,126976-sustained,1,NVIDIA GeForce RTX 4090,GPU-eed52936-813f-8d68-1654-bfb56cb42bc3,24564,22901,1238,0
2026-08-21T02:36:35.0591235+12:00,126976-sustained,0,NVIDIA GeForce RTX 5090,GPU-67921d1c-ee8e-304f-b562-d6f87617c5a0,32607,30910,1278,2
2026-08-21T02:36:35.0591235+12:00,126976-sustained,1,NVIDIA GeForce RTX 4090,GPU-eed52936-813f-8d68-1654-bfb56cb42bc3,24564,22901,1238,0
2026-08-21T02:36:35.3703564+12:00,126976-sustained,0,NVIDIA GeForce RTX 5090,GPU-67921d1c-ee8e-304f-b562-d6f87617c5a0,32607,30902,1286,2
2026-08-21T02:36:35.3703564+12:00,126976-sustained,1,NVIDIA GeForce RTX 4090,GPU-eed52936-813f-8d68-1654-bfb56cb42bc3,24564,22901,1238,0
2026-08-21T02:36:35.6800232+12:00,126976-sustained,0,NVIDIA GeForce RTX 5090,GPU-67921d1c-ee8e-304f-b562-d6f87617c5a0,32607,30902,1286,1
2026-08-21T02:36:35.6800232+12:00,126976-sustained,1,NVIDIA GeForce RTX 4090,GPU-eed52936-813f-8d68-1654-bfb56cb42bc3,24564,22901,1238,0
2026-08-21T02:36:36.0079525+12:00,126976-sustained,0,NVIDIA GeForce RTX 5090,GPU-67921d1c-ee8e-304f-b562-d6f87617c5a0,32607,30903,1285,1
2026-08-21T02:36:36.0079525+12:00,126976-sustained,1,NVIDIA GeForce RTX 4090,GPU-eed52936-813f-8d68-1654-bfb56cb42bc3,24564,22901,1238,0
2026-08-21T02:36:36.3353601+12:00,126976-sustained,0,NVIDIA GeForce RTX 5090,GPU-67921d1c-ee8e-304f-b562-d6f87617c5a0,32607,30903,1285,1
2026-08-21T02:36:36.3353601+12:00,126976-sustained,1,NVIDIA GeForce RTX 4090,GPU-eed52936-813f-8d68-1654-bfb56cb42bc3,24564,22901,1238,0
2026-08-21T02:36:36.6631703+12:00,126976-sustained,0,NVIDIA GeForce RTX 5090,GPU-67921d1c-ee8e-304f-b562-d6f87617c5a0,32607,30900,1288,9
2026-08-21T02:36:36.6631703+12:00,126976-sustained,1,NVIDIA GeForce RTX 4090,GPU-eed52936-813f-8d68-1654-bfb56cb42bc3,24564,22901,1238,0
2026-08-21T02:36:36.9735548+12:00,126976-sustained,0,NVIDIA GeForce RTX 5090,GPU-67921d1c-ee8e-304f-b562-d6f87617c5a0,32607,30902,1286,29
2026-08-21T02:36:36.9735548+12:00,126976-sustained,1,NVIDIA GeForce RTX 4090,GPU-eed52936-813f-8d68-1654-bfb56cb42bc3,24564,22901,1238,0
2026-08-21T02:36:37.2842001+12:00,126976-sustained,0,NVIDIA GeForce RTX 5090,GPU-67921d1c-ee8e-304f-b562-d6f87617c5a0,32607,30902,1286,29
2026-08-21T02:36:37.2842001+12:00,126976-sustained,1,NVIDIA GeForce RTX 4090,GPU-eed52936-813f-8d68-1654-bfb56cb42bc3,24564,22901,1238,0
2026-08-21T02:36:37.6082835+12:00,126976-sustained,0,NVIDIA GeForce RTX 5090,GPU-67921d1c-ee8e-304f-b562-d6f87617c5a0,32607,30902,1286,1
2026-08-21T02:36:37.6082835+12:00,126976-sustained,1,NVIDIA GeForce RTX 4090,GPU-eed52936-813f-8d68-1654-bfb56cb42bc3,24564,22901,1238,0
2026-08-21T02:36:37.9207932+12:00,126976-sustained,0,NVIDIA GeForce RTX 5090,GPU-67921d1c-ee8e-304f-b562-d6f87617c5a0,32607,30902,1286,1
2026-08-21T02:36:37.9207932+12:00,126976-sustained,1,NVIDIA GeForce RTX 4090,GPU-eed52936-813f-8d68-1654-bfb56cb42bc3,24564,22901,1238,0
2026-08-21T02:36:38.2454987+12:00,126976-sustained,0,NVIDIA GeForce RTX 5090,GPU-67921d1c-ee8e-304f-b562-d6f87617c5a0,32607,30891,1297,1
2026-08-21T02:36:38.2454987+12:00,126976-sustained,1,NVIDIA GeForce RTX 4090,GPU-eed52936-813f-8d68-1654-bfb56cb42bc3,24564,22901,1238,0
2026-08-21T02:36:38.5728007+12:00,126976-sustained,0,NVIDIA GeForce RTX 5090,GPU-67921d1c-ee8e-304f-b562-d6f87617c5a0,32607,30883,1305,1
2026-08-21T02:36:38.5728007+12:00,126976-sustained,1,NVIDIA GeForce RTX 4090,GPU-eed52936-813f-8d68-1654-bfb56cb42bc3,24564,22901,1238,0
2026-08-21T02:36:38.9007037+12:00,126976-sustained,0,NVIDIA GeForce RTX 5090,GPU-67921d1c-ee8e-304f-b562-d6f87617c5a0,32607,30883,1305,1
2026-08-21T02:36:38.9007037+12:00,126976-sustained,1,NVIDIA GeForce RTX 4090,GPU-eed52936-813f-8d68-1654-bfb56cb42bc3,24564,22901,1238,0
2026-08-21T02:36:39.2289125+12:00,126976-sustained,0,NVIDIA GeForce RTX 5090,GPU-67921d1c-ee8e-304f-b562-d6f87617c5a0,32607,30883,1305,9
2026-08-21T02:36:39.2289125+12:00,126976-sustained,1,NVIDIA GeForce RTX 4090,GPU-eed52936-813f-8d68-1654-bfb56cb42bc3,24564,22901,1238,0
2026-08-21T02:36:39.5428885+12:00,126976-sustained,0,NVIDIA GeForce RTX 5090,GPU-67921d1c-ee8e-304f-b562-d6f87617c5a0,32607,30883,1305,30
2026-08-21T02:36:39.5428885+12:00,126976-sustained,1,NVIDIA GeForce RTX 4090,GPU-eed52936-813f-8d68-1654-bfb56cb42bc3,24564,22901,1238,0
2026-08-21T02:36:39.8711128+12:00,126976-sustained,0,NVIDIA GeForce RTX 5090,GPU-67921d1c-ee8e-304f-b562-d6f87617c5a0,32607,30883,1305,30
2026-08-21T02:36:39.8711128+12:00,126976-sustained,1,NVIDIA GeForce RTX 4090,GPU-eed52936-813f-8d68-1654-bfb56cb42bc3,24564,22901,1238,0
2026-08-21T02:36:40.1838563+12:00,126976-sustained,0,NVIDIA GeForce RTX 5090,GPU-67921d1c-ee8e-304f-b562-d6f87617c5a0,32607,30888,1300,2
2026-08-21T02:36:40.1838563+12:00,126976-sustained,1,NVIDIA GeForce RTX 4090,GPU-eed52936-813f-8d68-1654-bfb56cb42bc3,24564,22901,1238,0
2026-08-21T02:36:40.4948563+12:00,126976-sustained,0,NVIDIA GeForce RTX 5090,GPU-67921d1c-ee8e-304f-b562-d6f87617c5a0,32607,30888,1300,9
2026-08-21T02:36:40.4948563+12:00,126976-sustained,1,NVIDIA GeForce RTX 4090,GPU-eed52936-813f-8d68-1654-bfb56cb42bc3,24564,22901,1238,0
2026-08-21T02:36:40.8045752+12:00,126976-sustained,0,NVIDIA GeForce RTX 5090,GPU-67921d1c-ee8e-304f-b562-d6f87617c5a0,32607,30926,1262,9
2026-08-21T02:36:40.8045752+12:00,126976-sustained,1,NVIDIA GeForce RTX 4090,GPU-eed52936-813f-8d68-1654-bfb56cb42bc3,24564,22901,1238,0
2026-08-21T02:36:41.1299522+12:00,126976-sustained,0,NVIDIA GeForce RTX 5090,GPU-67921d1c-ee8e-304f-b562-d6f87617c5a0,32607,30926,1262,1
2026-08-21T02:36:41.1299522+12:00,126976-sustained,1,NVIDIA GeForce RTX 4090,GPU-eed52936-813f-8d68-1654-bfb56cb42bc3,24564,22901,1238,0
2026-08-21T02:36:41.4553405+12:00,126976-sustained,0,NVIDIA GeForce RTX 5090,GPU-67921d1c-ee8e-304f-b562-d6f87617c5a0,32607,30929,1259,20
2026-08-21T02:36:41.4553405+12:00,126976-sustained,1,NVIDIA GeForce RTX 4090,GPU-eed52936-813f-8d68-1654-bfb56cb42bc3,24564,22901,1238,0
2026-08-21T02:36:41.7795005+12:00,126976-sustained,0,NVIDIA GeForce RTX 5090,GPU-67921d1c-ee8e-304f-b562-d6f87617c5a0,32607,30929,1259,20
2026-08-21T02:36:41.7795005+12:00,126976-sustained,1,NVIDIA GeForce RTX 4090,GPU-eed52936-813f-8d68-1654-bfb56cb42bc3,24564,22901,1238,0
2026-08-21T02:36:42.0909879+12:00,126976-sustained,0,NVIDIA GeForce RTX 5090,GPU-67921d1c-ee8e-304f-b562-d6f87617c5a0,32607,30929,1259,5
2026-08-21T02:36:42.0909879+12:00,126976-sustained,1,NVIDIA GeForce RTX 4090,GPU-eed52936-813f-8d68-1654-bfb56cb42bc3,24564,22901,1238,0
2026-08-21T02:36:42.4149401+12:00,126976-sustained,0,NVIDIA GeForce RTX 5090,GPU-67921d1c-ee8e-304f-b562-d6f87617c5a0,32607,30929,1259,5
2026-08-21T02:36:42.4149401+12:00,126976-sustained,1,NVIDIA GeForce RTX 4090,GPU-eed52936-813f-8d68-1654-bfb56cb42bc3,24564,22901,1238,0
2026-08-21T02:36:42.7426112+12:00,126976-sustained,0,NVIDIA GeForce RTX 5090,GPU-67921d1c-ee8e-304f-b562-d6f87617c5a0,32607,30923,1265,2
2026-08-21T02:36:42.7426112+12:00,126976-sustained,1,NVIDIA GeForce RTX 4090,GPU-eed52936-813f-8d68-1654-bfb56cb42bc3,24564,22901,1238,0
2026-08-21T02:36:43.0666036+12:00,126976-sustained,0,NVIDIA GeForce RTX 5090,GPU-67921d1c-ee8e-304f-b562-d6f87617c5a0,32607,30923,1265,1
2026-08-21T02:36:43.0666036+12:00,126976-sustained,1,NVIDIA GeForce RTX 4090,GPU-eed52936-813f-8d68-1654-bfb56cb42bc3,24564,22901,1238,0
2026-08-21T02:36:43.3764893+12:00,126976-sustained,0,NVIDIA GeForce RTX 5090,GPU-67921d1c-ee8e-304f-b562-d6f87617c5a0,32607,30923,1265,1
2026-08-21T02:36:43.3764893+12:00,126976-sustained,1,NVIDIA GeForce RTX 4090,GPU-eed52936-813f-8d68-1654-bfb56cb42bc3,24564,22901,1238,0
2026-08-21T02:36:43.7044207+12:00,126976-sustained,0,NVIDIA GeForce RTX 5090,GPU-67921d1c-ee8e-304f-b562-d6f87617c5a0,32607,30921,1267,1
2026-08-21T02:36:43.7044207+12:00,126976-sustained,1,NVIDIA GeForce RTX 4090,GPU-eed52936-813f-8d68-1654-bfb56cb42bc3,24564,22901,1238,0
2026-08-21T02:36:44.0301627+12:00,126976-sustained,0,NVIDIA GeForce RTX 5090,GPU-67921d1c-ee8e-304f-b562-d6f87617c5a0,32607,30918,1270,1
2026-08-21T02:36:44.0301627+12:00,126976-sustained,1,NVIDIA GeForce RTX 4090,GPU-eed52936-813f-8d68-1654-bfb56cb42bc3,24564,22901,1238,0
2026-08-21T02:36:44.3425412+12:00,126976-sustained,0,NVIDIA GeForce RTX 5090,GPU-67921d1c-ee8e-304f-b562-d6f87617c5a0,32607,30918,1270,1
2026-08-21T02:36:44.3425412+12:00,126976-sustained,1,NVIDIA GeForce RTX 4090,GPU-eed52936-813f-8d68-1654-bfb56cb42bc3,24564,22901,1238,0
2026-08-21T02:36:44.6660785+12:00,126976-sustained,0,NVIDIA GeForce RTX 5090,GPU-67921d1c-ee8e-304f-b562-d6f87617c5a0,32607,30915,1273,10
2026-08-21T02:36:44.6660785+12:00,126976-sustained,1,NVIDIA GeForce RTX 4090,GPU-eed52936-813f-8d68-1654-bfb56cb42bc3,24564,22901,1238,0
2026-08-21T02:36:44.9789558+12:00,126976-sustained,0,NVIDIA GeForce RTX 5090,GPU-67921d1c-ee8e-304f-b562-d6f87617c5a0,32607,30919,1269,27
2026-08-21T02:36:44.9789558+12:00,126976-sustained,1,NVIDIA GeForce RTX 4090,GPU-eed52936-813f-8d68-1654-bfb56cb42bc3,24564,22901,1238,0
2026-08-21T02:36:45.2915057+12:00,126976-sustained,0,NVIDIA GeForce RTX 5090,GPU-67921d1c-ee8e-304f-b562-d6f87617c5a0,32607,30919,1269,27
2026-08-21T02:36:45.2915057+12:00,126976-sustained,1,NVIDIA GeForce RTX 4090,GPU-eed52936-813f-8d68-1654-bfb56cb42bc3,24564,22901,1238,0
2026-08-21T02:36:45.6019821+12:00,126976-sustained,0,NVIDIA GeForce RTX 5090,GPU-67921d1c-ee8e-304f-b562-d6f87617c5a0,32607,30919,1269,22
2026-08-21T02:36:45.6019821+12:00,126976-sustained,1,NVIDIA GeForce RTX 4090,GPU-eed52936-813f-8d68-1654-bfb56cb42bc3,24564,22901,1238,0
2026-08-21T02:36:45.9138948+12:00,126976-sustained,0,NVIDIA GeForce RTX 5090,GPU-67921d1c-ee8e-304f-b562-d6f87617c5a0,32607,30915,1273,22
2026-08-21T02:36:45.9138948+12:00,126976-sustained,1,NVIDIA GeForce RTX 4090,GPU-eed52936-813f-8d68-1654-bfb56cb42bc3,24564,22901,1238,0
2026-08-21T02:36:46.2274932+12:00,126976-sustained,0,NVIDIA GeForce RTX 5090,GPU-67921d1c-ee8e-304f-b562-d6f87617c5a0,32607,30915,1273,3
2026-08-21T02:36:46.2274932+12:00,126976-sustained,1,NVIDIA GeForce RTX 4090,GPU-eed52936-813f-8d68-1654-bfb56cb42bc3,24564,22901,1238,0
2026-08-21T02:36:46.5378529+12:00,126976-sustained,0,NVIDIA GeForce RTX 5090,GPU-67921d1c-ee8e-304f-b562-d6f87617c5a0,32607,30915,1273,3
2026-08-21T02:36:46.5378529+12:00,126976-sustained,1,NVIDIA GeForce RTX 4090,GPU-eed52936-813f-8d68-1654-bfb56cb42bc3,24564,22901,1238,0
2026-08-21T02:36:46.8643559+12:00,126976-sustained,0,NVIDIA GeForce RTX 5090,GPU-67921d1c-ee8e-304f-b562-d6f87617c5a0,32607,30915,1273,3
2026-08-21T02:36:46.8643559+12:00,126976-sustained,1,NVIDIA GeForce RTX 4090,GPU-eed52936-813f-8d68-1654-bfb56cb42bc3,24564,22901,1238,0
2026-08-21T02:36:47.1934347+12:00,126976-sustained,0,NVIDIA GeForce RTX 5090,GPU-67921d1c-ee8e-304f-b562-d6f87617c5a0,32607,30913,1275,1
2026-08-21T02:36:47.1934347+12:00,126976-sustained,1,NVIDIA GeForce RTX 4090,GPU-eed52936-813f-8d68-1654-bfb56cb42bc3,24564,22901,1238,0
2026-08-21T02:36:47.5174003+12:00,126976-sustained,0,NVIDIA GeForce RTX 5090,GPU-67921d1c-ee8e-304f-b562-d6f87617c5a0,32607,30891,1297,27
2026-08-21T02:36:47.5174003+12:00,126976-sustained,1,NVIDIA GeForce RTX 4090,GPU-eed52936-813f-8d68-1654-bfb56cb42bc3,24564,22901,1238,0
2026-08-21T02:36:47.8462082+12:00,126976-sustained,0,NVIDIA GeForce RTX 5090,GPU-67921d1c-ee8e-304f-b562-d6f87617c5a0,32607,30891,1297,27
2026-08-21T02:36:47.8462082+12:00,126976-sustained,1,NVIDIA GeForce RTX 4090,GPU-eed52936-813f-8d68-1654-bfb56cb42bc3,24564,22901,1238,0
2026-08-21T02:36:48.1568107+12:00,126976-sustained,0,NVIDIA GeForce RTX 5090,GPU-67921d1c-ee8e-304f-b562-d6f87617c5a0,32607,30893,1295,27
2026-08-21T02:36:48.1568107+12:00,126976-sustained,1,NVIDIA GeForce RTX 4090,GPU-eed52936-813f-8d68-1654-bfb56cb42bc3,24564,22901,1238,0
2026-08-21T02:36:48.4839190+12:00,126976-sustained,0,NVIDIA GeForce RTX 5090,GPU-67921d1c-ee8e-304f-b562-d6f87617c5a0,32607,30934,1254,29
2026-08-21T02:36:48.4839190+12:00,126976-sustained,1,NVIDIA GeForce RTX 4090,GPU-eed52936-813f-8d68-1654-bfb56cb42bc3,24564,22901,1238,0
2026-08-21T02:36:48.7938358+12:00,126976-sustained,0,NVIDIA GeForce RTX 5090,GPU-67921d1c-ee8e-304f-b562-d6f87617c5a0,32607,30922,1265,29
2026-08-21T02:36:48.7938358+12:00,126976-sustained,1,NVIDIA GeForce RTX 4090,GPU-eed52936-813f-8d68-1654-bfb56cb42bc3,24564,22901,1238,0
2026-08-21T02:36:49.1218725+12:00,126976-sustained,0,NVIDIA GeForce RTX 5090,GPU-67921d1c-ee8e-304f-b562-d6f87617c5a0,32607,30923,1265,3
2026-08-21T02:36:49.1218725+12:00,126976-sustained,1,NVIDIA GeForce RTX 4090,GPU-eed52936-813f-8d68-1654-bfb56cb42bc3,24564,22901,1238,0
2026-08-21T02:36:49.4320832+12:00,126976-sustained,0,NVIDIA GeForce RTX 5090,GPU-67921d1c-ee8e-304f-b562-d6f87617c5a0,32607,30929,1259,3
2026-08-21T02:36:49.4320832+12:00,126976-sustained,1,NVIDIA GeForce RTX 4090,GPU-eed52936-813f-8d68-1654-bfb56cb42bc3,24564,22901,1238,0
2026-08-21T02:36:49.7420512+12:00,126976-sustained,0,NVIDIA GeForce RTX 5090,GPU-67921d1c-ee8e-304f-b562-d6f87617c5a0,32607,30924,1264,41
2026-08-21T02:36:49.7420512+12:00,126976-sustained,1,NVIDIA GeForce RTX 4090,GPU-eed52936-813f-8d68-1654-bfb56cb42bc3,24564,22901,1238,0
2026-08-21T02:36:50.0680948+12:00,126976-sustained,0,NVIDIA GeForce RTX 5090,GPU-67921d1c-ee8e-304f-b562-d6f87617c5a0,32607,30924,1264,2
2026-08-21T02:36:50.0680948+12:00,126976-sustained,1,NVIDIA GeForce RTX 4090,GPU-eed52936-813f-8d68-1654-bfb56cb42bc3,24564,22901,1238,0
2026-08-21T02:36:50.3951109+12:00,126976-sustained,0,NVIDIA GeForce RTX 5090,GPU-67921d1c-ee8e-304f-b562-d6f87617c5a0,32607,30919,1269,2
2026-08-21T02:36:50.3951109+12:00,126976-sustained,1,NVIDIA GeForce RTX 4090,GPU-eed52936-813f-8d68-1654-bfb56cb42bc3,24564,22901,1238,0
2026-08-21T02:36:50.7098442+12:00,126976-sustained,0,NVIDIA GeForce RTX 5090,GPU-67921d1c-ee8e-304f-b562-d6f87617c5a0,32607,30913,1275,1
2026-08-21T02:36:50.7098442+12:00,126976-sustained,1,NVIDIA GeForce RTX 4090,GPU-eed52936-813f-8d68-1654-bfb56cb42bc3,24564,22901,1238,0
2026-08-21T02:36:51.0348871+12:00,126976-sustained,0,NVIDIA GeForce RTX 5090,GPU-67921d1c-ee8e-304f-b562-d6f87617c5a0,32607,30913,1275,1
2026-08-21T02:36:51.0348871+12:00,126976-sustained,1,NVIDIA GeForce RTX 4090,GPU-eed52936-813f-8d68-1654-bfb56cb42bc3,24564,22901,1238,0
2026-08-21T02:36:51.3464674+12:00,126976-sustained,0,NVIDIA GeForce RTX 5090,GPU-67921d1c-ee8e-304f-b562-d6f87617c5a0,32607,30913,1275,1
2026-08-21T02:36:51.3464674+12:00,126976-sustained,1,NVIDIA GeForce RTX 4090,GPU-eed52936-813f-8d68-1654-bfb56cb42bc3,24564,22901,1238,0
2026-08-21T02:36:51.6747553+12:00,126976-sustained,0,NVIDIA GeForce RTX 5090,GPU-67921d1c-ee8e-304f-b562-d6f87617c5a0,32607,30911,1277,1
2026-08-21T02:36:51.6747553+12:00,126976-sustained,1,NVIDIA GeForce RTX 4090,GPU-eed52936-813f-8d68-1654-bfb56cb42bc3,24564,22901,1238,0
2026-08-21T02:36:52.0127137+12:00,126976-sustained,0,NVIDIA GeForce RTX 5090,GPU-67921d1c-ee8e-304f-b562-d6f87617c5a0,32607,30912,1276,1
2026-08-21T02:36:52.0127137+12:00,126976-sustained,1,NVIDIA GeForce RTX 4090,GPU-eed52936-813f-8d68-1654-bfb56cb42bc3,24564,22901,1238,0
2026-08-21T02:36:52.3376934+12:00,126976-sustained,0,NVIDIA GeForce RTX 5090,GPU-67921d1c-ee8e-304f-b562-d6f87617c5a0,32607,30912,1276,1
2026-08-21T02:36:52.3376934+12:00,126976-sustained,1,NVIDIA GeForce RTX 4090,GPU-eed52936-813f-8d68-1654-bfb56cb42bc3,24564,22901,1238,0
2026-08-21T02:36:52.6638285+12:00,126976-sustained,0,NVIDIA GeForce RTX 5090,GPU-67921d1c-ee8e-304f-b562-d6f87617c5a0,32607,30912,1276,10
2026-08-21T02:36:52.6638285+12:00,126976-sustained,1,NVIDIA GeForce RTX 4090,GPU-eed52936-813f-8d68-1654-bfb56cb42bc3,24564,22901,1238,0
2026-08-21T02:36:52.9764240+12:00,126976-sustained,0,NVIDIA GeForce RTX 5090,GPU-67921d1c-ee8e-304f-b562-d6f87617c5a0,32607,30913,1275,3
2026-08-21T02:36:52.9764240+12:00,126976-sustained,1,NVIDIA GeForce RTX 4090,GPU-eed52936-813f-8d68-1654-bfb56cb42bc3,24564,22901,1238,0
2026-08-21T02:36:53.3019568+12:00,126976-sustained,0,NVIDIA GeForce RTX 5090,GPU-67921d1c-ee8e-304f-b562-d6f87617c5a0,32607,30913,1275,3
2026-08-21T02:36:53.3019568+12:00,126976-sustained,1,NVIDIA GeForce RTX 4090,GPU-eed52936-813f-8d68-1654-bfb56cb42bc3,24564,22901,1238,0
2026-08-21T02:36:53.6299804+12:00,126976-sustained,0,NVIDIA GeForce RTX 5090,GPU-67921d1c-ee8e-304f-b562-d6f87617c5a0,32607,30913,1275,1
2026-08-21T02:36:53.6299804+12:00,126976-sustained,1,NVIDIA GeForce RTX 4090,GPU-eed52936-813f-8d68-1654-bfb56cb42bc3,24564,22901,1238,0
2026-08-21T02:36:53.9403096+12:00,126976-sustained,0,NVIDIA GeForce RTX 5090,GPU-67921d1c-ee8e-304f-b562-d6f87617c5a0,32607,30913,1275,1
2026-08-21T02:36:53.9403096+12:00,126976-sustained,1,NVIDIA GeForce RTX 4090,GPU-eed52936-813f-8d68-1654-bfb56cb42bc3,24564,22901,1238,0
2026-08-21T02:36:54.2672481+12:00,126976-sustained,0,NVIDIA GeForce RTX 5090,GPU-67921d1c-ee8e-304f-b562-d6f87617c5a0,32607,30918,1270,1
2026-08-21T02:36:54.2672481+12:00,126976-sustained,1,NVIDIA GeForce RTX 4090,GPU-eed52936-813f-8d68-1654-bfb56cb42bc3,24564,22901,1238,0
2026-08-21T02:36:54.5791915+12:00,126976-sustained,0,NVIDIA GeForce RTX 5090,GPU-67921d1c-ee8e-304f-b562-d6f87617c5a0,32607,30919,1269,30
2026-08-21T02:36:54.5791915+12:00,126976-sustained,1,NVIDIA GeForce RTX 4090,GPU-eed52936-813f-8d68-1654-bfb56cb42bc3,24564,22901,1238,0
2026-08-21T02:36:54.8889825+12:00,126976-sustained,0,NVIDIA GeForce RTX 5090,GPU-67921d1c-ee8e-304f-b562-d6f87617c5a0,32607,30923,1265,30
2026-08-21T02:36:54.8889825+12:00,126976-sustained,1,NVIDIA GeForce RTX 4090,GPU-eed52936-813f-8d68-1654-bfb56cb42bc3,24564,22901,1238,0
2026-08-21T02:36:55.2162286+12:00,126976-sustained,0,NVIDIA GeForce RTX 5090,GPU-67921d1c-ee8e-304f-b562-d6f87617c5a0,32607,30922,1266,8
2026-08-21T02:36:55.2162286+12:00,126976-sustained,1,NVIDIA GeForce RTX 4090,GPU-eed52936-813f-8d68-1654-bfb56cb42bc3,24564,22901,1238,0
2026-08-21T02:36:55.5274502+12:00,126976-sustained,0,NVIDIA GeForce RTX 5090,GPU-67921d1c-ee8e-304f-b562-d6f87617c5a0,32607,30934,1254,40
2026-08-21T02:36:55.5274502+12:00,126976-sustained,1,NVIDIA GeForce RTX 4090,GPU-eed52936-813f-8d68-1654-bfb56cb42bc3,24564,22901,1238,0
2026-08-21T02:36:55.8394348+12:00,126976-sustained,0,NVIDIA GeForce RTX 5090,GPU-67921d1c-ee8e-304f-b562-d6f87617c5a0,32607,30934,1254,40
2026-08-21T02:36:55.8394348+12:00,126976-sustained,1,NVIDIA GeForce RTX 4090,GPU-eed52936-813f-8d68-1654-bfb56cb42bc3,24564,22901,1238,0
2026-08-21T02:36:56.1706160+12:00,126976-sustained,0,NVIDIA GeForce RTX 5090,GPU-67921d1c-ee8e-304f-b562-d6f87617c5a0,32607,30935,1253,1
2026-08-21T02:36:56.1706160+12:00,126976-sustained,1,NVIDIA GeForce RTX 4090,GPU-eed52936-813f-8d68-1654-bfb56cb42bc3,24564,22901,1238,0
2026-08-21T02:36:56.4952721+12:00,126976-sustained,0,NVIDIA GeForce RTX 5090,GPU-67921d1c-ee8e-304f-b562-d6f87617c5a0,32607,30935,1253,9
2026-08-21T02:36:56.4952721+12:00,126976-sustained,1,NVIDIA GeForce RTX 4090,GPU-eed52936-813f-8d68-1654-bfb56cb42bc3,24564,22901,1238,0
2026-08-21T02:36:56.8214325+12:00,126976-sustained,0,NVIDIA GeForce RTX 5090,GPU-67921d1c-ee8e-304f-b562-d6f87617c5a0,32607,30928,1260,9
2026-08-21T02:36:56.8214325+12:00,126976-sustained,1,NVIDIA GeForce RTX 4090,GPU-eed52936-813f-8d68-1654-bfb56cb42bc3,24564,22901,1238,0
2026-08-21T02:36:57.1317129+12:00,126976-sustained,0,NVIDIA GeForce RTX 5090,GPU-67921d1c-ee8e-304f-b562-d6f87617c5a0,32607,30924,1264,1
2026-08-21T02:36:57.1317129+12:00,126976-sustained,1,NVIDIA GeForce RTX 4090,GPU-eed52936-813f-8d68-1654-bfb56cb42bc3,24564,22901,1238,0
2026-08-21T02:36:57.4594452+12:00,126976-sustained,0,NVIDIA GeForce RTX 5090,GPU-67921d1c-ee8e-304f-b562-d6f87617c5a0,32607,30923,1265,1
2026-08-21T02:36:57.4594452+12:00,126976-sustained,1,NVIDIA GeForce RTX 4090,GPU-eed52936-813f-8d68-1654-bfb56cb42bc3,24564,22901,1238,0
2026-08-21T02:36:57.7845335+12:00,126976-sustained,0,NVIDIA GeForce RTX 5090,GPU-67921d1c-ee8e-304f-b562-d6f87617c5a0,32607,30929,1259,1
2026-08-21T02:36:57.7845335+12:00,126976-sustained,1,NVIDIA GeForce RTX 4090,GPU-eed52936-813f-8d68-1654-bfb56cb42bc3,24564,22901,1238,0
2026-08-21T02:36:58.1109077+12:00,126976-sustained,0,NVIDIA GeForce RTX 5090,GPU-67921d1c-ee8e-304f-b562-d6f87617c5a0,32607,30929,1259,2
2026-08-21T02:36:58.1109077+12:00,126976-sustained,1,NVIDIA GeForce RTX 4090,GPU-eed52936-813f-8d68-1654-bfb56cb42bc3,24564,22901,1238,0
2026-08-21T02:36:58.4366724+12:00,126976-sustained,0,NVIDIA GeForce RTX 5090,GPU-67921d1c-ee8e-304f-b562-d6f87617c5a0,32607,30929,1259,2
2026-08-21T02:36:58.4366724+12:00,126976-sustained,1,NVIDIA GeForce RTX 4090,GPU-eed52936-813f-8d68-1654-bfb56cb42bc3,24564,22901,1238,0
2026-08-21T02:36:58.7606036+12:00,126976-sustained,0,NVIDIA GeForce RTX 5090,GPU-67921d1c-ee8e-304f-b562-d6f87617c5a0,32607,30929,1259,1
2026-08-21T02:36:58.7606036+12:00,126976-sustained,1,NVIDIA GeForce RTX 4090,GPU-eed52936-813f-8d68-1654-bfb56cb42bc3,24564,22901,1238,0
2026-08-21T02:36:59.0732492+12:00,126976-sustained,0,NVIDIA GeForce RTX 5090,GPU-67921d1c-ee8e-304f-b562-d6f87617c5a0,32607,30929,1259,2
2026-08-21T02:36:59.0732492+12:00,126976-sustained,1,NVIDIA GeForce RTX 4090,GPU-eed52936-813f-8d68-1654-bfb56cb42bc3,24564,22901,1238,0
2026-08-21T02:36:59.4005990+12:00,126976-sustained,0,NVIDIA GeForce RTX 5090,GPU-67921d1c-ee8e-304f-b562-d6f87617c5a0,32607,30929,1259,2
2026-08-21T02:36:59.4005990+12:00,126976-sustained,1,NVIDIA GeForce RTX 4090,GPU-eed52936-813f-8d68-1654-bfb56cb42bc3,24564,22901,1238,0
2026-08-21T02:36:59.7310002+12:00,126976-sustained,0,NVIDIA GeForce RTX 5090,GPU-67921d1c-ee8e-304f-b562-d6f87617c5a0,32607,30920,1268,1
2026-08-21T02:36:59.7310002+12:00,126976-sustained,1,NVIDIA GeForce RTX 4090,GPU-eed52936-813f-8d68-1654-bfb56cb42bc3,24564,22901,1238,0
2026-08-21T02:37:00.0706367+12:00,126976-sustained,0,NVIDIA GeForce RTX 5090,GPU-67921d1c-ee8e-304f-b562-d6f87617c5a0,32607,30914,1274,1
2026-08-21T02:37:00.0706367+12:00,126976-sustained,1,NVIDIA GeForce RTX 4090,GPU-eed52936-813f-8d68-1654-bfb56cb42bc3,24564,22901,1238,0
2026-08-21T02:37:00.3802395+12:00,126976-sustained,0,NVIDIA GeForce RTX 5090,GPU-67921d1c-ee8e-304f-b562-d6f87617c5a0,32607,30907,1281,1
2026-08-21T02:37:00.3802395+12:00,126976-sustained,1,NVIDIA GeForce RTX 4090,GPU-eed52936-813f-8d68-1654-bfb56cb42bc3,24564,22901,1238,0
2026-08-21T02:37:00.6907274+12:00,126976-sustained,0,NVIDIA GeForce RTX 5090,GPU-67921d1c-ee8e-304f-b562-d6f87617c5a0,32607,30903,1285,9
2026-08-21T02:37:00.6907274+12:00,126976-sustained,1,NVIDIA GeForce RTX 4090,GPU-eed52936-813f-8d68-1654-bfb56cb42bc3,24564,22901,1238,0
2026-08-21T02:37:01.0035190+12:00,126976-sustained,0,NVIDIA GeForce RTX 5090,GPU-67921d1c-ee8e-304f-b562-d6f87617c5a0,32607,30904,1284,1
2026-08-21T02:37:01.0035190+12:00,126976-sustained,1,NVIDIA GeForce RTX 4090,GPU-eed52936-813f-8d68-1654-bfb56cb42bc3,24564,22901,1238,0
2026-08-21T02:37:01.3334178+12:00,126976-sustained,0,NVIDIA GeForce RTX 5090,GPU-67921d1c-ee8e-304f-b562-d6f87617c5a0,32607,30911,1277,1
2026-08-21T02:37:01.3334178+12:00,126976-sustained,1,NVIDIA GeForce RTX 4090,GPU-eed52936-813f-8d68-1654-bfb56cb42bc3,24564,22901,1238,0
2026-08-21T02:37:01.6584857+12:00,126976-sustained,0,NVIDIA GeForce RTX 5090,GPU-67921d1c-ee8e-304f-b562-d6f87617c5a0,32607,30911,1277,12
2026-08-21T02:37:01.6584857+12:00,126976-sustained,1,NVIDIA GeForce RTX 4090,GPU-eed52936-813f-8d68-1654-bfb56cb42bc3,24564,22901,1238,0
2026-08-21T02:37:01.9830043+12:00,126976-sustained,0,NVIDIA GeForce RTX 5090,GPU-67921d1c-ee8e-304f-b562-d6f87617c5a0,32607,30911,1277,2
2026-08-21T02:37:01.9830043+12:00,126976-sustained,1,NVIDIA GeForce RTX 4090,GPU-eed52936-813f-8d68-1654-bfb56cb42bc3,24564,22901,1238,0
2026-08-21T02:37:02.3113452+12:00,126976-sustained,0,NVIDIA GeForce RTX 5090,GPU-67921d1c-ee8e-304f-b562-d6f87617c5a0,32607,30911,1277,2
2026-08-21T02:37:02.3113452+12:00,126976-sustained,1,NVIDIA GeForce RTX 4090,GPU-eed52936-813f-8d68-1654-bfb56cb42bc3,24564,22901,1238,0
2026-08-21T02:37:02.6222961+12:00,126976-sustained,0,NVIDIA GeForce RTX 5090,GPU-67921d1c-ee8e-304f-b562-d6f87617c5a0,32607,30932,1256,20
2026-08-21T02:37:02.6222961+12:00,126976-sustained,1,NVIDIA GeForce RTX 4090,GPU-eed52936-813f-8d68-1654-bfb56cb42bc3,24564,22901,1238,0
2026-08-21T02:37:02.9335281+12:00,126976-sustained,0,NVIDIA GeForce RTX 5090,GPU-67921d1c-ee8e-304f-b562-d6f87617c5a0,32607,30926,1262,20
2026-08-21T02:37:02.9335281+12:00,126976-sustained,1,NVIDIA GeForce RTX 4090,GPU-eed52936-813f-8d68-1654-bfb56cb42bc3,24564,22901,1238,0
2026-08-21T02:37:03.2628613+12:00,126976-sustained,0,NVIDIA GeForce RTX 5090,GPU-67921d1c-ee8e-304f-b562-d6f87617c5a0,32607,30926,1262,3
2026-08-21T02:37:03.2628613+12:00,126976-sustained,1,NVIDIA GeForce RTX 4090,GPU-eed52936-813f-8d68-1654-bfb56cb42bc3,24564,22901,1238,0
2026-08-21T02:37:03.5773303+12:00,126976-sustained,0,NVIDIA GeForce RTX 5090,GPU-67921d1c-ee8e-304f-b562-d6f87617c5a0,32607,30926,1262,30
2026-08-21T02:37:03.5773303+12:00,126976-sustained,1,NVIDIA GeForce RTX 4090,GPU-eed52936-813f-8d68-1654-bfb56cb42bc3,24564,22901,1238,0
2026-08-21T02:37:03.9002318+12:00,126976-sustained,0,NVIDIA GeForce RTX 5090,GPU-67921d1c-ee8e-304f-b562-d6f87617c5a0,32607,30917,1271,30
2026-08-21T02:37:03.9002318+12:00,126976-sustained,1,NVIDIA GeForce RTX 4090,GPU-eed52936-813f-8d68-1654-bfb56cb42bc3,24564,22901,1238,0
2026-08-21T02:37:04.2275367+12:00,126976-sustained,0,NVIDIA GeForce RTX 5090,GPU-67921d1c-ee8e-304f-b562-d6f87617c5a0,32607,30918,1270,2
2026-08-21T02:37:04.2275367+12:00,126976-sustained,1,NVIDIA GeForce RTX 4090,GPU-eed52936-813f-8d68-1654-bfb56cb42bc3,24564,22901,1238,0
2026-08-21T02:37:04.5392133+12:00,126976-sustained,0,NVIDIA GeForce RTX 5090,GPU-67921d1c-ee8e-304f-b562-d6f87617c5a0,32607,30918,1270,10
2026-08-21T02:37:04.5392133+12:00,126976-sustained,1,NVIDIA GeForce RTX 4090,GPU-eed52936-813f-8d68-1654-bfb56cb42bc3,24564,22901,1238,0
2026-08-21T02:37:04.8495760+12:00,126976-sustained,0,NVIDIA GeForce RTX 5090,GPU-67921d1c-ee8e-304f-b562-d6f87617c5a0,32607,30917,1271,10
2026-08-21T02:37:04.8495760+12:00,126976-sustained,1,NVIDIA GeForce RTX 4090,GPU-eed52936-813f-8d68-1654-bfb56cb42bc3,24564,22901,1238,0
2026-08-21T02:37:05.1871832+12:00,126976-sustained,0,NVIDIA GeForce RTX 5090,GPU-67921d1c-ee8e-304f-b562-d6f87617c5a0,32607,30917,1271,1
2026-08-21T02:37:05.1871832+12:00,126976-sustained,1,NVIDIA GeForce RTX 4090,GPU-eed52936-813f-8d68-1654-bfb56cb42bc3,24564,22901,1238,0
2026-08-21T02:37:05.5064010+12:00,126976-sustained,0,NVIDIA GeForce RTX 5090,GPU-67921d1c-ee8e-304f-b562-d6f87617c5a0,32607,30917,1271,1
2026-08-21T02:37:05.5064010+12:00,126976-sustained,1,NVIDIA GeForce RTX 4090,GPU-eed52936-813f-8d68-1654-bfb56cb42bc3,24564,22901,1238,0
2026-08-21T02:37:05.8202879+12:00,126976-sustained,0,NVIDIA GeForce RTX 5090,GPU-67921d1c-ee8e-304f-b562-d6f87617c5a0,32607,30917,1271,1
2026-08-21T02:37:05.8202879+12:00,126976-sustained,1,NVIDIA GeForce RTX 4090,GPU-eed52936-813f-8d68-1654-bfb56cb42bc3,24564,22901,1238,0
2026-08-21T02:37:06.1474540+12:00,126976-sustained,0,NVIDIA GeForce RTX 5090,GPU-67921d1c-ee8e-304f-b562-d6f87617c5a0,32607,30917,1271,1
2026-08-21T02:37:06.1474540+12:00,126976-sustained,1,NVIDIA GeForce RTX 4090,GPU-eed52936-813f-8d68-1654-bfb56cb42bc3,24564,22901,1238,0
2026-08-21T02:37:06.4741622+12:00,126976-sustained,0,NVIDIA GeForce RTX 5090,GPU-67921d1c-ee8e-304f-b562-d6f87617c5a0,32607,30917,1271,1
2026-08-21T02:37:06.4741622+12:00,126976-sustained,1,NVIDIA GeForce RTX 4090,GPU-eed52936-813f-8d68-1654-bfb56cb42bc3,24564,22901,1238,0
2026-08-21T02:37:06.8013144+12:00,126976-sustained,0,NVIDIA GeForce RTX 5090,GPU-67921d1c-ee8e-304f-b562-d6f87617c5a0,32607,30914,1274,1
2026-08-21T02:37:06.8013144+12:00,126976-sustained,1,NVIDIA GeForce RTX 4090,GPU-eed52936-813f-8d68-1654-bfb56cb42bc3,24564,22901,1238,0
2026-08-21T02:37:07.1145234+12:00,126976-sustained,0,NVIDIA GeForce RTX 5090,GPU-67921d1c-ee8e-304f-b562-d6f87617c5a0,32607,30922,1266,1
2026-08-21T02:37:07.1145234+12:00,126976-sustained,1,NVIDIA GeForce RTX 4090,GPU-eed52936-813f-8d68-1654-bfb56cb42bc3,24564,22901,1238,0
2026-08-21T02:37:07.4263816+12:00,126976-sustained,0,NVIDIA GeForce RTX 5090,GPU-67921d1c-ee8e-304f-b562-d6f87617c5a0,32607,30922,1266,1
2026-08-21T02:37:07.4263816+12:00,126976-sustained,1,NVIDIA GeForce RTX 4090,GPU-eed52936-813f-8d68-1654-bfb56cb42bc3,24564,22901,1238,0
2026-08-21T02:37:07.7492997+12:00,126976-sustained,0,NVIDIA GeForce RTX 5090,GPU-67921d1c-ee8e-304f-b562-d6f87617c5a0,32607,30922,1266,5
2026-08-21T02:37:07.7492997+12:00,126976-sustained,1,NVIDIA GeForce RTX 4090,GPU-eed52936-813f-8d68-1654-bfb56cb42bc3,24564,22901,1238,0
2026-08-21T02:37:08.0761479+12:00,126976-sustained,0,NVIDIA GeForce RTX 5090,GPU-67921d1c-ee8e-304f-b562-d6f87617c5a0,32607,30926,1262,1
2026-08-21T02:37:08.0761479+12:00,126976-sustained,1,NVIDIA GeForce RTX 4090,GPU-eed52936-813f-8d68-1654-bfb56cb42bc3,24564,22901,1238,0
2026-08-21T02:37:08.3866537+12:00,126976-sustained,0,NVIDIA GeForce RTX 5090,GPU-67921d1c-ee8e-304f-b562-d6f87617c5a0,32607,30926,1262,1
2026-08-21T02:37:08.3866537+12:00,126976-sustained,1,NVIDIA GeForce RTX 4090,GPU-eed52936-813f-8d68-1654-bfb56cb42bc3,24564,22901,1238,0
2026-08-21T02:37:08.6991635+12:00,126976-sustained,0,NVIDIA GeForce RTX 5090,GPU-67921d1c-ee8e-304f-b562-d6f87617c5a0,32607,30923,1265,30
2026-08-21T02:37:08.6991635+12:00,126976-sustained,1,NVIDIA GeForce RTX 4090,GPU-eed52936-813f-8d68-1654-bfb56cb42bc3,24564,22901,1238,0
2026-08-21T02:37:09.0290017+12:00,126976-sustained,0,NVIDIA GeForce RTX 5090,GPU-67921d1c-ee8e-304f-b562-d6f87617c5a0,32607,30916,1272,1
2026-08-21T02:37:09.0290017+12:00,126976-sustained,1,NVIDIA GeForce RTX 4090,GPU-eed52936-813f-8d68-1654-bfb56cb42bc3,24564,22901,1238,0
2026-08-21T02:37:09.3395317+12:00,126976-sustained,0,NVIDIA GeForce RTX 5090,GPU-67921d1c-ee8e-304f-b562-d6f87617c5a0,32607,30916,1272,1
2026-08-21T02:37:09.3395317+12:00,126976-sustained,1,NVIDIA GeForce RTX 4090,GPU-eed52936-813f-8d68-1654-bfb56cb42bc3,24564,22901,1238,0
2026-08-21T02:37:09.6670790+12:00,126976-sustained,0,NVIDIA GeForce RTX 5090,GPU-67921d1c-ee8e-304f-b562-d6f87617c5a0,32607,30916,1272,15
2026-08-21T02:37:09.6670790+12:00,126976-sustained,1,NVIDIA GeForce RTX 4090,GPU-eed52936-813f-8d68-1654-bfb56cb42bc3,24564,22901,1238,0
2026-08-21T02:37:09.9788984+12:00,126976-sustained,0,NVIDIA GeForce RTX 5090,GPU-67921d1c-ee8e-304f-b562-d6f87617c5a0,32607,30916,1272,2
2026-08-21T02:37:09.9788984+12:00,126976-sustained,1,NVIDIA GeForce RTX 4090,GPU-eed52936-813f-8d68-1654-bfb56cb42bc3,24564,22901,1238,0
2026-08-21T02:37:10.2923585+12:00,126976-sustained,0,NVIDIA GeForce RTX 5090,GPU-67921d1c-ee8e-304f-b562-d6f87617c5a0,32607,30916,1272,2
2026-08-21T02:37:10.2923585+12:00,126976-sustained,1,NVIDIA GeForce RTX 4090,GPU-eed52936-813f-8d68-1654-bfb56cb42bc3,24564,22901,1238,0
2026-08-21T02:37:10.6199173+12:00,126976-sustained,0,NVIDIA GeForce RTX 5090,GPU-67921d1c-ee8e-304f-b562-d6f87617c5a0,32607,30916,1272,2
2026-08-21T02:37:10.6199173+12:00,126976-sustained,1,NVIDIA GeForce RTX 4090,GPU-eed52936-813f-8d68-1654-bfb56cb42bc3,24564,22901,1238,0
2026-08-21T02:37:10.9463065+12:00,126976-sustained,0,NVIDIA GeForce RTX 5090,GPU-67921d1c-ee8e-304f-b562-d6f87617c5a0,32607,30916,1272,2
2026-08-21T02:37:10.9463065+12:00,126976-sustained,1,NVIDIA GeForce RTX 4090,GPU-eed52936-813f-8d68-1654-bfb56cb42bc3,24564,22901,1238,0
2026-08-21T02:37:11.2755795+12:00,126976-sustained,0,NVIDIA GeForce RTX 5090,GPU-67921d1c-ee8e-304f-b562-d6f87617c5a0,32607,30915,1273,2
2026-08-21T02:37:11.2755795+12:00,126976-sustained,1,NVIDIA GeForce RTX 4090,GPU-eed52936-813f-8d68-1654-bfb56cb42bc3,24564,22901,1238,0
2026-08-21T02:37:11.5995203+12:00,126976-sustained,0,NVIDIA GeForce RTX 5090,GPU-67921d1c-ee8e-304f-b562-d6f87617c5a0,32607,30915,1273,5
2026-08-21T02:37:11.5995203+12:00,126976-sustained,1,NVIDIA GeForce RTX 4090,GPU-eed52936-813f-8d68-1654-bfb56cb42bc3,24564,22901,1238,0
2026-08-21T02:37:11.9288902+12:00,126976-sustained,0,NVIDIA GeForce RTX 5090,GPU-67921d1c-ee8e-304f-b562-d6f87617c5a0,32607,30916,1272,5
2026-08-21T02:37:11.9288902+12:00,126976-sustained,1,NVIDIA GeForce RTX 4090,GPU-eed52936-813f-8d68-1654-bfb56cb42bc3,24564,22901,1238,0
2026-08-21T02:37:12.2527240+12:00,126976-sustained,0,NVIDIA GeForce RTX 5090,GPU-67921d1c-ee8e-304f-b562-d6f87617c5a0,32607,30913,1275,8
2026-08-21T02:37:12.2527240+12:00,126976-sustained,1,NVIDIA GeForce RTX 4090,GPU-eed52936-813f-8d68-1654-bfb56cb42bc3,24564,22901,1238,0
2026-08-21T02:37:12.5638260+12:00,126976-sustained,0,NVIDIA GeForce RTX 5090,GPU-67921d1c-ee8e-304f-b562-d6f87617c5a0,32607,30898,1290,12
2026-08-21T02:37:12.5638260+12:00,126976-sustained,1,NVIDIA GeForce RTX 4090,GPU-eed52936-813f-8d68-1654-bfb56cb42bc3,24564,22901,1238,0
2026-08-21T02:37:12.8970875+12:00,126976-sustained,0,NVIDIA GeForce RTX 5090,GPU-67921d1c-ee8e-304f-b562-d6f87617c5a0,32607,30901,1287,12
2026-08-21T02:37:12.8970875+12:00,126976-sustained,1,NVIDIA GeForce RTX 4090,GPU-eed52936-813f-8d68-1654-bfb56cb42bc3,24564,22901,1238,0
2026-08-21T02:37:13.2227687+12:00,126976-sustained,0,NVIDIA GeForce RTX 5090,GPU-67921d1c-ee8e-304f-b562-d6f87617c5a0,32607,30902,1286,18
2026-08-21T02:37:13.2227687+12:00,126976-sustained,1,NVIDIA GeForce RTX 4090,GPU-eed52936-813f-8d68-1654-bfb56cb42bc3,24564,22901,1238,0
2026-08-21T02:37:13.5483311+12:00,126976-sustained,0,NVIDIA GeForce RTX 5090,GPU-67921d1c-ee8e-304f-b562-d6f87617c5a0,32607,30902,1286,2
2026-08-21T02:37:13.5483311+12:00,126976-sustained,1,NVIDIA GeForce RTX 4090,GPU-eed52936-813f-8d68-1654-bfb56cb42bc3,24564,22901,1238,0
2026-08-21T02:37:13.8742801+12:00,126976-sustained,0,NVIDIA GeForce RTX 5090,GPU-67921d1c-ee8e-304f-b562-d6f87617c5a0,32607,30902,1286,2
2026-08-21T02:37:13.8742801+12:00,126976-sustained,1,NVIDIA GeForce RTX 4090,GPU-eed52936-813f-8d68-1654-bfb56cb42bc3,24564,22901,1238,0
2026-08-21T02:37:14.1877167+12:00,126976-sustained,0,NVIDIA GeForce RTX 5090,GPU-67921d1c-ee8e-304f-b562-d6f87617c5a0,32607,30902,1286,29
2026-08-21T02:37:14.1877167+12:00,126976-sustained,1,NVIDIA GeForce RTX 4090,GPU-eed52936-813f-8d68-1654-bfb56cb42bc3,24564,22901,1238,0
2026-08-21T02:37:14.5149690+12:00,126976-sustained,0,NVIDIA GeForce RTX 5090,GPU-67921d1c-ee8e-304f-b562-d6f87617c5a0,32607,30897,1291,2
2026-08-21T02:37:14.5149690+12:00,126976-sustained,1,NVIDIA GeForce RTX 4090,GPU-eed52936-813f-8d68-1654-bfb56cb42bc3,24564,22901,1238,0
2026-08-21T02:37:14.8230268+12:00,126976-sustained,0,NVIDIA GeForce RTX 5090,GPU-67921d1c-ee8e-304f-b562-d6f87617c5a0,32607,30897,1291,2
2026-08-21T02:37:14.8230268+12:00,126976-sustained,1,NVIDIA GeForce RTX 4090,GPU-eed52936-813f-8d68-1654-bfb56cb42bc3,24564,22901,1238,0
2026-08-21T02:37:15.1344706+12:00,126976-sustained,0,NVIDIA GeForce RTX 5090,GPU-67921d1c-ee8e-304f-b562-d6f87617c5a0,32607,30897,1291,26
2026-08-21T02:37:15.1344706+12:00,126976-sustained,1,NVIDIA GeForce RTX 4090,GPU-eed52936-813f-8d68-1654-bfb56cb42bc3,24564,22901,1238,0
2026-08-21T02:37:15.4473095+12:00,126976-sustained,0,NVIDIA GeForce RTX 5090,GPU-67921d1c-ee8e-304f-b562-d6f87617c5a0,32607,30897,1291,26
2026-08-21T02:37:15.4473095+12:00,126976-sustained,1,NVIDIA GeForce RTX 4090,GPU-eed52936-813f-8d68-1654-bfb56cb42bc3,24564,22901,1238,0
2026-08-21T02:37:15.7596175+12:00,126976-sustained,0,NVIDIA GeForce RTX 5090,GPU-67921d1c-ee8e-304f-b562-d6f87617c5a0,32607,30903,1285,27
2026-08-21T02:37:15.7596175+12:00,126976-sustained,1,NVIDIA GeForce RTX 4090,GPU-eed52936-813f-8d68-1654-bfb56cb42bc3,24564,22901,1238,0
2026-08-21T02:37:16.0693701+12:00,126976-sustained,0,NVIDIA GeForce RTX 5090,GPU-67921d1c-ee8e-304f-b562-d6f87617c5a0,32607,30905,1283,3
2026-08-21T02:37:16.0693701+12:00,126976-sustained,1,NVIDIA GeForce RTX 4090,GPU-eed52936-813f-8d68-1654-bfb56cb42bc3,24564,22901,1238,0
2026-08-21T02:37:16.3829823+12:00,126976-sustained,0,NVIDIA GeForce RTX 5090,GPU-67921d1c-ee8e-304f-b562-d6f87617c5a0,32607,30910,1278,3
2026-08-21T02:37:16.3829823+12:00,126976-sustained,1,NVIDIA GeForce RTX 4090,GPU-eed52936-813f-8d68-1654-bfb56cb42bc3,24564,22901,1238,0
2026-08-21T02:37:16.6949995+12:00,126976-sustained,0,NVIDIA GeForce RTX 5090,GPU-67921d1c-ee8e-304f-b562-d6f87617c5a0,32607,30905,1283,41
2026-08-21T02:37:16.6949995+12:00,126976-sustained,1,NVIDIA GeForce RTX 4090,GPU-eed52936-813f-8d68-1654-bfb56cb42bc3,24564,22901,1238,0
2026-08-21T02:37:17.0230146+12:00,126976-sustained,0,NVIDIA GeForce RTX 5090,GPU-67921d1c-ee8e-304f-b562-d6f87617c5a0,32607,30906,1282,2
2026-08-21T02:37:17.0230146+12:00,126976-sustained,1,NVIDIA GeForce RTX 4090,GPU-eed52936-813f-8d68-1654-bfb56cb42bc3,24564,22901,1238,0
2026-08-21T02:37:17.3500007+12:00,126976-sustained,0,NVIDIA GeForce RTX 5090,GPU-67921d1c-ee8e-304f-b562-d6f87617c5a0,32607,30906,1282,2
2026-08-21T02:37:17.3500007+12:00,126976-sustained,1,NVIDIA GeForce RTX 4090,GPU-eed52936-813f-8d68-1654-bfb56cb42bc3,24564,22901,1238,0
2026-08-21T02:37:17.6787358+12:00,126976-sustained,0,NVIDIA GeForce RTX 5090,GPU-67921d1c-ee8e-304f-b562-d6f87617c5a0,32607,30906,1282,2
2026-08-21T02:37:17.6787358+12:00,126976-sustained,1,NVIDIA GeForce RTX 4090,GPU-eed52936-813f-8d68-1654-bfb56cb42bc3,24564,22901,1238,0
2026-08-21T02:37:17.9885562+12:00,126976-sustained,0,NVIDIA GeForce RTX 5090,GPU-67921d1c-ee8e-304f-b562-d6f87617c5a0,32607,30906,1282,22
2026-08-21T02:37:17.9885562+12:00,126976-sustained,1,NVIDIA GeForce RTX 4090,GPU-eed52936-813f-8d68-1654-bfb56cb42bc3,24564,22901,1238,0
2026-08-21T02:37:18.3143418+12:00,126976-sustained,0,NVIDIA GeForce RTX 5090,GPU-67921d1c-ee8e-304f-b562-d6f87617c5a0,32607,30900,1287,22
2026-08-21T02:37:18.3143418+12:00,126976-sustained,1,NVIDIA GeForce RTX 4090,GPU-eed52936-813f-8d68-1654-bfb56cb42bc3,24564,22901,1238,0
2026-08-21T02:37:18.6281101+12:00,126976-sustained,0,NVIDIA GeForce RTX 5090,GPU-67921d1c-ee8e-304f-b562-d6f87617c5a0,32607,30893,1295,2
2026-08-21T02:37:18.6281101+12:00,126976-sustained,1,NVIDIA GeForce RTX 4090,GPU-eed52936-813f-8d68-1654-bfb56cb42bc3,24564,22901,1238,0
2026-08-21T02:37:18.9378207+12:00,126976-sustained,0,NVIDIA GeForce RTX 5090,GPU-67921d1c-ee8e-304f-b562-d6f87617c5a0,32607,30893,1295,2
2026-08-21T02:37:18.9378207+12:00,126976-sustained,1,NVIDIA GeForce RTX 4090,GPU-eed52936-813f-8d68-1654-bfb56cb42bc3,24564,22901,1238,0
2026-08-21T02:37:19.2637974+12:00,126976-sustained,0,NVIDIA GeForce RTX 5090,GPU-67921d1c-ee8e-304f-b562-d6f87617c5a0,32607,30891,1297,2
2026-08-21T02:37:19.2637974+12:00,126976-sustained,1,NVIDIA GeForce RTX 4090,GPU-eed52936-813f-8d68-1654-bfb56cb42bc3,24564,22901,1238,0
2026-08-21T02:37:19.5897781+12:00,126976-sustained,0,NVIDIA GeForce RTX 5090,GPU-67921d1c-ee8e-304f-b562-d6f87617c5a0,32607,30885,1303,2
2026-08-21T02:37:19.5897781+12:00,126976-sustained,1,NVIDIA GeForce RTX 4090,GPU-eed52936-813f-8d68-1654-bfb56cb42bc3,24564,22901,1238,0
2026-08-21T02:37:19.9148779+12:00,126976-sustained,0,NVIDIA GeForce RTX 5090,GPU-67921d1c-ee8e-304f-b562-d6f87617c5a0,32607,30885,1303,2
2026-08-21T02:37:19.9148779+12:00,126976-sustained,1,NVIDIA GeForce RTX 4090,GPU-eed52936-813f-8d68-1654-bfb56cb42bc3,24564,22901,1238,0
2026-08-21T02:37:20.2405563+12:00,126976-sustained,0,NVIDIA GeForce RTX 5090,GPU-67921d1c-ee8e-304f-b562-d6f87617c5a0,32607,30886,1302,2
2026-08-21T02:37:20.2405563+12:00,126976-sustained,1,NVIDIA GeForce RTX 4090,GPU-eed52936-813f-8d68-1654-bfb56cb42bc3,24564,22901,1238,0
2026-08-21T02:37:20.5676700+12:00,126976-sustained,0,NVIDIA GeForce RTX 5090,GPU-67921d1c-ee8e-304f-b562-d6f87617c5a0,32607,30886,1302,13
2026-08-21T02:37:20.5676700+12:00,126976-sustained,1,NVIDIA GeForce RTX 4090,GPU-eed52936-813f-8d68-1654-bfb56cb42bc3,24564,22901,1238,0
2026-08-21T02:37:20.8967323+12:00,126976-sustained,0,NVIDIA GeForce RTX 5090,GPU-67921d1c-ee8e-304f-b562-d6f87617c5a0,32607,30886,1302,13
2026-08-21T02:37:20.8967323+12:00,126976-sustained,1,NVIDIA GeForce RTX 4090,GPU-eed52936-813f-8d68-1654-bfb56cb42bc3,24564,22901,1238,0
2026-08-21T02:37:21.2247620+12:00,126976-sustained,0,NVIDIA GeForce RTX 5090,GPU-67921d1c-ee8e-304f-b562-d6f87617c5a0,32607,30880,1308,8
2026-08-21T02:37:21.2247620+12:00,126976-sustained,1,NVIDIA GeForce RTX 4090,GPU-eed52936-813f-8d68-1654-bfb56cb42bc3,24564,22901,1238,0
2026-08-21T02:37:21.5324829+12:00,126976-sustained,0,NVIDIA GeForce RTX 5090,GPU-67921d1c-ee8e-304f-b562-d6f87617c5a0,32607,30880,1308,9
2026-08-21T02:37:21.5324829+12:00,126976-sustained,1,NVIDIA GeForce RTX 4090,GPU-eed52936-813f-8d68-1654-bfb56cb42bc3,24564,22901,1238,0
2026-08-21T02:37:21.8616612+12:00,126976-sustained,0,NVIDIA GeForce RTX 5090,GPU-67921d1c-ee8e-304f-b562-d6f87617c5a0,32607,30880,1308,9
2026-08-21T02:37:21.8616612+12:00,126976-sustained,1,NVIDIA GeForce RTX 4090,GPU-eed52936-813f-8d68-1654-bfb56cb42bc3,24564,22901,1238,0
2026-08-21T02:37:22.1823548+12:00,126976-sustained,0,NVIDIA GeForce RTX 5090,GPU-67921d1c-ee8e-304f-b562-d6f87617c5a0,32607,30879,1309,9
2026-08-21T02:37:22.1823548+12:00,126976-sustained,1,NVIDIA GeForce RTX 4090,GPU-eed52936-813f-8d68-1654-bfb56cb42bc3,24564,22901,1238,0
2026-08-21T02:37:22.5159413+12:00,126976-sustained,0,NVIDIA GeForce RTX 5090,GPU-67921d1c-ee8e-304f-b562-d6f87617c5a0,32607,30876,1312,2
2026-08-21T02:37:22.5159413+12:00,126976-sustained,1,NVIDIA GeForce RTX 4090,GPU-eed52936-813f-8d68-1654-bfb56cb42bc3,24564,22901,1238,0
2026-08-21T02:37:22.8422119+12:00,126976-sustained,0,NVIDIA GeForce RTX 5090,GPU-67921d1c-ee8e-304f-b562-d6f87617c5a0,32607,30869,1319,2
2026-08-21T02:37:22.8422119+12:00,126976-sustained,1,NVIDIA GeForce RTX 4090,GPU-eed52936-813f-8d68-1654-bfb56cb42bc3,24564,22901,1238,0
2026-08-21T02:37:23.1781010+12:00,126976-sustained,0,NVIDIA GeForce RTX 5090,GPU-67921d1c-ee8e-304f-b562-d6f87617c5a0,32607,30869,1319,1
2026-08-21T02:37:23.1781010+12:00,126976-sustained,1,NVIDIA GeForce RTX 4090,GPU-eed52936-813f-8d68-1654-bfb56cb42bc3,24564,22901,1238,0
2026-08-21T02:37:23.5163513+12:00,126976-sustained,0,NVIDIA GeForce RTX 5090,GPU-67921d1c-ee8e-304f-b562-d6f87617c5a0,32607,30869,1319,22
2026-08-21T02:37:23.5163513+12:00,126976-sustained,1,NVIDIA GeForce RTX 4090,GPU-eed52936-813f-8d68-1654-bfb56cb42bc3,24564,22901,1238,0
2026-08-21T02:37:23.8380048+12:00,126976-sustained,0,NVIDIA GeForce RTX 5090,GPU-67921d1c-ee8e-304f-b562-d6f87617c5a0,32607,30869,1319,22
2026-08-21T02:37:23.8380048+12:00,126976-sustained,1,NVIDIA GeForce RTX 4090,GPU-eed52936-813f-8d68-1654-bfb56cb42bc3,24564,22901,1238,0
2026-08-21T02:37:24.1715379+12:00,126976-sustained,0,NVIDIA GeForce RTX 5090,GPU-67921d1c-ee8e-304f-b562-d6f87617c5a0,32607,30870,1318,3
2026-08-21T02:37:24.1715379+12:00,126976-sustained,1,NVIDIA GeForce RTX 4090,GPU-eed52936-813f-8d68-1654-bfb56cb42bc3,24564,22901,1238,0
2026-08-21T02:37:24.4948299+12:00,126976-sustained,0,NVIDIA GeForce RTX 5090,GPU-67921d1c-ee8e-304f-b562-d6f87617c5a0,32607,30867,1320,10
2026-08-21T02:37:24.4948299+12:00,126976-sustained,1,NVIDIA GeForce RTX 4090,GPU-eed52936-813f-8d68-1654-bfb56cb42bc3,24564,22901,1238,0
2026-08-21T02:37:24.8237040+12:00,126976-sustained,0,NVIDIA GeForce RTX 5090,GPU-67921d1c-ee8e-304f-b562-d6f87617c5a0,32607,30876,1312,10
2026-08-21T02:37:24.8237040+12:00,126976-sustained,1,NVIDIA GeForce RTX 4090,GPU-eed52936-813f-8d68-1654-bfb56cb42bc3,24564,22901,1238,0
2026-08-21T02:37:25.1483816+12:00,126976-sustained,0,NVIDIA GeForce RTX 5090,GPU-67921d1c-ee8e-304f-b562-d6f87617c5a0,32607,30876,1312,29
2026-08-21T02:37:25.1483816+12:00,126976-sustained,1,NVIDIA GeForce RTX 4090,GPU-eed52936-813f-8d68-1654-bfb56cb42bc3,24564,22901,1238,0
2026-08-21T02:37:25.4590795+12:00,126976-sustained,0,NVIDIA GeForce RTX 5090,GPU-67921d1c-ee8e-304f-b562-d6f87617c5a0,32607,30876,1312,29
2026-08-21T02:37:25.4590795+12:00,126976-sustained,1,NVIDIA GeForce RTX 4090,GPU-eed52936-813f-8d68-1654-bfb56cb42bc3,24564,22901,1238,0
2026-08-21T02:37:25.7862921+12:00,126976-sustained,0,NVIDIA GeForce RTX 5090,GPU-67921d1c-ee8e-304f-b562-d6f87617c5a0,32607,30876,1312,2
2026-08-21T02:37:25.7862921+12:00,126976-sustained,1,NVIDIA GeForce RTX 4090,GPU-eed52936-813f-8d68-1654-bfb56cb42bc3,24564,22901,1238,0
2026-08-21T02:37:26.1152507+12:00,126976-sustained,0,NVIDIA GeForce RTX 5090,GPU-67921d1c-ee8e-304f-b562-d6f87617c5a0,32607,30876,1312,2
2026-08-21T02:37:26.1152507+12:00,126976-sustained,1,NVIDIA GeForce RTX 4090,GPU-eed52936-813f-8d68-1654-bfb56cb42bc3,24564,22901,1238,0
2026-08-21T02:37:26.4407872+12:00,126976-sustained,0,NVIDIA GeForce RTX 5090,GPU-67921d1c-ee8e-304f-b562-d6f87617c5a0,32607,30879,1309,2
2026-08-21T02:37:26.4407872+12:00,126976-sustained,1,NVIDIA GeForce RTX 4090,GPU-eed52936-813f-8d68-1654-bfb56cb42bc3,24564,22901,1238,0
2026-08-21T02:37:26.7671134+12:00,126976-sustained,0,NVIDIA GeForce RTX 5090,GPU-67921d1c-ee8e-304f-b562-d6f87617c5a0,32607,30879,1309,29
2026-08-21T02:37:26.7671134+12:00,126976-sustained,1,NVIDIA GeForce RTX 4090,GPU-eed52936-813f-8d68-1654-bfb56cb42bc3,24564,22901,1238,0
2026-08-21T02:37:27.0924933+12:00,126976-sustained,0,NVIDIA GeForce RTX 5090,GPU-67921d1c-ee8e-304f-b562-d6f87617c5a0,32607,30879,1309,3
2026-08-21T02:37:27.0924933+12:00,126976-sustained,1,NVIDIA GeForce RTX 4090,GPU-eed52936-813f-8d68-1654-bfb56cb42bc3,24564,22901,1238,0
2026-08-21T02:37:27.4033197+12:00,126976-sustained,0,NVIDIA GeForce RTX 5090,GPU-67921d1c-ee8e-304f-b562-d6f87617c5a0,32607,30879,1309,3
2026-08-21T02:37:27.4033197+12:00,126976-sustained,1,NVIDIA GeForce RTX 4090,GPU-eed52936-813f-8d68-1654-bfb56cb42bc3,24564,22901,1238,0
2026-08-21T02:37:27.7287159+12:00,126976-sustained,0,NVIDIA GeForce RTX 5090,GPU-67921d1c-ee8e-304f-b562-d6f87617c5a0,32607,30879,1309,2
2026-08-21T02:37:27.7287159+12:00,126976-sustained,1,NVIDIA GeForce RTX 4090,GPU-eed52936-813f-8d68-1654-bfb56cb42bc3,24564,22901,1238,0
2026-08-21T02:37:28.0434564+12:00,126976-sustained,0,NVIDIA GeForce RTX 5090,GPU-67921d1c-ee8e-304f-b562-d6f87617c5a0,32607,30891,1297,2
2026-08-21T02:37:28.0434564+12:00,126976-sustained,1,NVIDIA GeForce RTX 4090,GPU-eed52936-813f-8d68-1654-bfb56cb42bc3,24564,22901,1238,0
2026-08-21T02:37:28.3714839+12:00,126976-sustained,0,NVIDIA GeForce RTX 5090,GPU-67921d1c-ee8e-304f-b562-d6f87617c5a0,32607,30890,1298,2
2026-08-21T02:37:28.3714839+12:00,126976-sustained,1,NVIDIA GeForce RTX 4090,GPU-eed52936-813f-8d68-1654-bfb56cb42bc3,24564,22901,1238,0
2026-08-21T02:37:28.6970378+12:00,126976-sustained,0,NVIDIA GeForce RTX 5090,GPU-67921d1c-ee8e-304f-b562-d6f87617c5a0,32607,30890,1298,13
2026-08-21T02:37:28.6970378+12:00,126976-sustained,1,NVIDIA GeForce RTX 4090,GPU-eed52936-813f-8d68-1654-bfb56cb42bc3,24564,22901,1238,0
2026-08-21T02:37:29.0235602+12:00,126976-sustained,0,NVIDIA GeForce RTX 5090,GPU-67921d1c-ee8e-304f-b562-d6f87617c5a0,32607,30891,1297,4
2026-08-21T02:37:29.0235602+12:00,126976-sustained,1,NVIDIA GeForce RTX 4090,GPU-eed52936-813f-8d68-1654-bfb56cb42bc3,24564,22901,1238,0
2026-08-21T02:37:29.3393784+12:00,126976-sustained,0,NVIDIA GeForce RTX 5090,GPU-67921d1c-ee8e-304f-b562-d6f87617c5a0,32607,30879,1309,4
2026-08-21T02:37:29.3393784+12:00,126976-sustained,1,NVIDIA GeForce RTX 4090,GPU-eed52936-813f-8d68-1654-bfb56cb42bc3,24564,22901,1238,0
2026-08-21T02:37:29.6510585+12:00,126976-sustained,0,NVIDIA GeForce RTX 5090,GPU-67921d1c-ee8e-304f-b562-d6f87617c5a0,32607,30879,1309,6
2026-08-21T02:37:29.6510585+12:00,126976-sustained,1,NVIDIA GeForce RTX 4090,GPU-eed52936-813f-8d68-1654-bfb56cb42bc3,24564,22901,1238,0
2026-08-21T02:37:29.9784770+12:00,126976-sustained,0,NVIDIA GeForce RTX 5090,GPU-67921d1c-ee8e-304f-b562-d6f87617c5a0,32607,30879,1309,6
2026-08-21T02:37:29.9784770+12:00,126976-sustained,1,NVIDIA GeForce RTX 4090,GPU-eed52936-813f-8d68-1654-bfb56cb42bc3,24564,22901,1238,0
2026-08-21T02:37:30.3046434+12:00,126976-sustained,0,NVIDIA GeForce RTX 5090,GPU-67921d1c-ee8e-304f-b562-d6f87617c5a0,32607,30877,1311,6
2026-08-21T02:37:30.3046434+12:00,126976-sustained,1,NVIDIA GeForce RTX 4090,GPU-eed52936-813f-8d68-1654-bfb56cb42bc3,24564,22901,1238,0
2026-08-21T02:37:30.6304571+12:00,126976-sustained,0,NVIDIA GeForce RTX 5090,GPU-67921d1c-ee8e-304f-b562-d6f87617c5a0,32607,30877,1311,5
2026-08-21T02:37:30.6304571+12:00,126976-sustained,1,NVIDIA GeForce RTX 4090,GPU-eed52936-813f-8d68-1654-bfb56cb42bc3,24564,22901,1238,0
2026-08-21T02:37:30.9565074+12:00,126976-sustained,0,NVIDIA GeForce RTX 5090,GPU-67921d1c-ee8e-304f-b562-d6f87617c5a0,32607,30877,1311,5
2026-08-21T02:37:30.9565074+12:00,126976-sustained,1,NVIDIA GeForce RTX 4090,GPU-eed52936-813f-8d68-1654-bfb56cb42bc3,24564,22901,1238,0
2026-08-21T02:37:31.2854810+12:00,126976-sustained,0,NVIDIA GeForce RTX 5090,GPU-67921d1c-ee8e-304f-b562-d6f87617c5a0,32607,30876,1312,6
2026-08-21T02:37:31.2854810+12:00,126976-sustained,1,NVIDIA GeForce RTX 4090,GPU-eed52936-813f-8d68-1654-bfb56cb42bc3,24564,22901,1238,0
2026-08-21T02:37:31.5956466+12:00,126976-sustained,0,NVIDIA GeForce RTX 5090,GPU-67921d1c-ee8e-304f-b562-d6f87617c5a0,32607,30862,1326,1
2026-08-21T02:37:31.5956466+12:00,126976-sustained,1,NVIDIA GeForce RTX 4090,GPU-eed52936-813f-8d68-1654-bfb56cb42bc3,24564,22901,1238,0
2026-08-21T02:37:31.9248128+12:00,126976-sustained,0,NVIDIA GeForce RTX 5090,GPU-67921d1c-ee8e-304f-b562-d6f87617c5a0,32607,30854,1334,1
2026-08-21T02:37:31.9248128+12:00,126976-sustained,1,NVIDIA GeForce RTX 4090,GPU-eed52936-813f-8d68-1654-bfb56cb42bc3,24564,22901,1238,0
2026-08-21T02:37:32.2482744+12:00,126976-sustained,0,NVIDIA GeForce RTX 5090,GPU-67921d1c-ee8e-304f-b562-d6f87617c5a0,32607,30855,1333,2
2026-08-21T02:37:32.2482744+12:00,126976-sustained,1,NVIDIA GeForce RTX 4090,GPU-eed52936-813f-8d68-1654-bfb56cb42bc3,24564,22901,1238,0
2026-08-21T02:37:32.5750845+12:00,126976-sustained,0,NVIDIA GeForce RTX 5090,GPU-67921d1c-ee8e-304f-b562-d6f87617c5a0,32607,30855,1333,8
2026-08-21T02:37:32.5750845+12:00,126976-sustained,1,NVIDIA GeForce RTX 4090,GPU-eed52936-813f-8d68-1654-bfb56cb42bc3,24564,22901,1238,0
2026-08-21T02:37:32.9019127+12:00,126976-sustained,0,NVIDIA GeForce RTX 5090,GPU-67921d1c-ee8e-304f-b562-d6f87617c5a0,32607,30855,1333,8
2026-08-21T02:37:32.9019127+12:00,126976-sustained,1,NVIDIA GeForce RTX 4090,GPU-eed52936-813f-8d68-1654-bfb56cb42bc3,24564,22901,1238,0
2026-08-21T02:37:33.2301044+12:00,126976-sustained,0,NVIDIA GeForce RTX 5090,GPU-67921d1c-ee8e-304f-b562-d6f87617c5a0,32607,30853,1335,2
2026-08-21T02:37:33.2301044+12:00,126976-sustained,1,NVIDIA GeForce RTX 4090,GPU-eed52936-813f-8d68-1654-bfb56cb42bc3,24564,22901,1238,0
2026-08-21T02:37:33.5577237+12:00,126976-sustained,0,NVIDIA GeForce RTX 5090,GPU-67921d1c-ee8e-304f-b562-d6f87617c5a0,32607,30853,1335,2
2026-08-21T02:37:33.5577237+12:00,126976-sustained,1,NVIDIA GeForce RTX 4090,GPU-eed52936-813f-8d68-1654-bfb56cb42bc3,24564,22901,1238,0
2026-08-21T02:37:33.8854460+12:00,126976-sustained,0,NVIDIA GeForce RTX 5090,GPU-67921d1c-ee8e-304f-b562-d6f87617c5a0,32607,30853,1335,2
2026-08-21T02:37:33.8854460+12:00,126976-sustained,1,NVIDIA GeForce RTX 4090,GPU-eed52936-813f-8d68-1654-bfb56cb42bc3,24564,22901,1238,0
2026-08-21T02:37:34.2125962+12:00,126976-sustained,0,NVIDIA GeForce RTX 5090,GPU-67921d1c-ee8e-304f-b562-d6f87617c5a0,32607,30853,1335,2
2026-08-21T02:37:34.2125962+12:00,126976-sustained,1,NVIDIA GeForce RTX 4090,GPU-eed52936-813f-8d68-1654-bfb56cb42bc3,24564,22901,1238,0
2026-08-21T02:37:34.5234026+12:00,126976-sustained,0,NVIDIA GeForce RTX 5090,GPU-67921d1c-ee8e-304f-b562-d6f87617c5a0,32607,30853,1335,2
2026-08-21T02:37:34.5234026+12:00,126976-sustained,1,NVIDIA GeForce RTX 4090,GPU-eed52936-813f-8d68-1654-bfb56cb42bc3,24564,22901,1238,0
2026-08-21T02:37:34.8490270+12:00,126976-sustained,0,NVIDIA GeForce RTX 5090,GPU-67921d1c-ee8e-304f-b562-d6f87617c5a0,32607,30853,1335,2
2026-08-21T02:37:34.8490270+12:00,126976-sustained,1,NVIDIA GeForce RTX 4090,GPU-eed52936-813f-8d68-1654-bfb56cb42bc3,24564,22901,1238,0
2026-08-21T02:37:35.1776788+12:00,126976-sustained,0,NVIDIA GeForce RTX 5090,GPU-67921d1c-ee8e-304f-b562-d6f87617c5a0,32607,30853,1335,2
2026-08-21T02:37:35.1776788+12:00,126976-sustained,1,NVIDIA GeForce RTX 4090,GPU-eed52936-813f-8d68-1654-bfb56cb42bc3,24564,22901,1238,0
2026-08-21T02:37:35.5010879+12:00,126976-sustained,0,NVIDIA GeForce RTX 5090,GPU-67921d1c-ee8e-304f-b562-d6f87617c5a0,32607,30853,1335,2
2026-08-21T02:37:35.5010879+12:00,126976-sustained,1,NVIDIA GeForce RTX 4090,GPU-eed52936-813f-8d68-1654-bfb56cb42bc3,24564,22901,1238,0
2026-08-21T02:37:35.8257525+12:00,126976-sustained,0,NVIDIA GeForce RTX 5090,GPU-67921d1c-ee8e-304f-b562-d6f87617c5a0,32607,30853,1335,2
2026-08-21T02:37:35.8257525+12:00,126976-sustained,1,NVIDIA GeForce RTX 4090,GPU-eed52936-813f-8d68-1654-bfb56cb42bc3,24564,22901,1238,0
2026-08-21T02:37:36.1368532+12:00,126976-sustained,0,NVIDIA GeForce RTX 5090,GPU-67921d1c-ee8e-304f-b562-d6f87617c5a0,32607,30854,1334,2
2026-08-21T02:37:36.1368532+12:00,126976-sustained,1,NVIDIA GeForce RTX 4090,GPU-eed52936-813f-8d68-1654-bfb56cb42bc3,24564,22901,1238,0
2026-08-21T02:37:36.4617378+12:00,126976-sustained,0,NVIDIA GeForce RTX 5090,GPU-67921d1c-ee8e-304f-b562-d6f87617c5a0,32607,30854,1334,2
2026-08-21T02:37:36.4617378+12:00,126976-sustained,1,NVIDIA GeForce RTX 4090,GPU-eed52936-813f-8d68-1654-bfb56cb42bc3,24564,22901,1238,0
2026-08-21T02:37:36.7886512+12:00,126976-sustained,0,NVIDIA GeForce RTX 5090,GPU-67921d1c-ee8e-304f-b562-d6f87617c5a0,32607,30854,1334,9
2026-08-21T02:37:36.7886512+12:00,126976-sustained,1,NVIDIA GeForce RTX 4090,GPU-eed52936-813f-8d68-1654-bfb56cb42bc3,24564,22901,1238,0
2026-08-21T02:37:37.1134350+12:00,126976-sustained,0,NVIDIA GeForce RTX 5090,GPU-67921d1c-ee8e-304f-b562-d6f87617c5a0,32607,30854,1334,2
2026-08-21T02:37:37.1134350+12:00,126976-sustained,1,NVIDIA GeForce RTX 4090,GPU-eed52936-813f-8d68-1654-bfb56cb42bc3,24564,22901,1238,0
2026-08-21T02:37:37.4385865+12:00,126976-sustained,0,NVIDIA GeForce RTX 5090,GPU-67921d1c-ee8e-304f-b562-d6f87617c5a0,32607,30854,1334,2
2026-08-21T02:37:37.4385865+12:00,126976-sustained,1,NVIDIA GeForce RTX 4090,GPU-eed52936-813f-8d68-1654-bfb56cb42bc3,24564,22901,1238,0
2026-08-21T02:37:37.7666177+12:00,126976-sustained,0,NVIDIA GeForce RTX 5090,GPU-67921d1c-ee8e-304f-b562-d6f87617c5a0,32607,30854,1334,2
2026-08-21T02:37:37.7666177+12:00,126976-sustained,1,NVIDIA GeForce RTX 4090,GPU-eed52936-813f-8d68-1654-bfb56cb42bc3,24564,22901,1238,0
2026-08-21T02:37:38.0775897+12:00,126976-sustained,0,NVIDIA GeForce RTX 5090,GPU-67921d1c-ee8e-304f-b562-d6f87617c5a0,32607,30854,1334,3
2026-08-21T02:37:38.0775897+12:00,126976-sustained,1,NVIDIA GeForce RTX 4090,GPU-eed52936-813f-8d68-1654-bfb56cb42bc3,24564,22901,1238,0
2026-08-21T02:37:38.3886692+12:00,126976-sustained,0,NVIDIA GeForce RTX 5090,GPU-67921d1c-ee8e-304f-b562-d6f87617c5a0,32607,30854,1334,3
2026-08-21T02:37:38.3886692+12:00,126976-sustained,1,NVIDIA GeForce RTX 4090,GPU-eed52936-813f-8d68-1654-bfb56cb42bc3,24564,22901,1238,0
2026-08-21T02:37:38.7157757+12:00,126976-sustained,0,NVIDIA GeForce RTX 5090,GPU-67921d1c-ee8e-304f-b562-d6f87617c5a0,32607,30854,1334,5
2026-08-21T02:37:38.7157757+12:00,126976-sustained,1,NVIDIA GeForce RTX 4090,GPU-eed52936-813f-8d68-1654-bfb56cb42bc3,24564,22901,1238,0
2026-08-21T02:37:39.0275373+12:00,126976-sustained,0,NVIDIA GeForce RTX 5090,GPU-67921d1c-ee8e-304f-b562-d6f87617c5a0,32607,30854,1334,6
2026-08-21T02:37:39.0275373+12:00,126976-sustained,1,NVIDIA GeForce RTX 4090,GPU-eed52936-813f-8d68-1654-bfb56cb42bc3,24564,22901,1238,0
2026-08-21T02:37:39.3535954+12:00,126976-sustained,0,NVIDIA GeForce RTX 5090,GPU-67921d1c-ee8e-304f-b562-d6f87617c5a0,32607,30853,1335,6
2026-08-21T02:37:39.3535954+12:00,126976-sustained,1,NVIDIA GeForce RTX 4090,GPU-eed52936-813f-8d68-1654-bfb56cb42bc3,24564,22901,1238,0
2026-08-21T02:37:39.6651607+12:00,126976-sustained,0,NVIDIA GeForce RTX 5090,GPU-67921d1c-ee8e-304f-b562-d6f87617c5a0,32607,30853,1335,6
2026-08-21T02:37:39.6651607+12:00,126976-sustained,1,NVIDIA GeForce RTX 4090,GPU-eed52936-813f-8d68-1654-bfb56cb42bc3,24564,22901,1238,0
2026-08-21T02:37:39.9942000+12:00,126976-sustained,0,NVIDIA GeForce RTX 5090,GPU-67921d1c-ee8e-304f-b562-d6f87617c5a0,32607,30854,1334,2
2026-08-21T02:37:39.9942000+12:00,126976-sustained,1,NVIDIA GeForce RTX 4090,GPU-eed52936-813f-8d68-1654-bfb56cb42bc3,24564,22901,1238,0
2026-08-21T02:37:40.3195776+12:00,126976-sustained,0,NVIDIA GeForce RTX 5090,GPU-67921d1c-ee8e-304f-b562-d6f87617c5a0,32607,30854,1334,2
2026-08-21T02:37:40.3195776+12:00,126976-sustained,1,NVIDIA GeForce RTX 4090,GPU-eed52936-813f-8d68-1654-bfb56cb42bc3,24564,22901,1238,0
2026-08-21T02:37:40.6444450+12:00,126976-sustained,0,NVIDIA GeForce RTX 5090,GPU-67921d1c-ee8e-304f-b562-d6f87617c5a0,32607,30854,1334,10
2026-08-21T02:37:40.6444450+12:00,126976-sustained,1,NVIDIA GeForce RTX 4090,GPU-eed52936-813f-8d68-1654-bfb56cb42bc3,24564,22901,1238,0
2026-08-21T02:37:40.9706754+12:00,126976-sustained,0,NVIDIA GeForce RTX 5090,GPU-67921d1c-ee8e-304f-b562-d6f87617c5a0,32607,30903,1285,10
2026-08-21T02:37:40.9706754+12:00,126976-sustained,1,NVIDIA GeForce RTX 4090,GPU-eed52936-813f-8d68-1654-bfb56cb42bc3,24564,22901,1238,0
2026-08-21T02:37:41.2832738+12:00,126976-sustained,0,NVIDIA GeForce RTX 5090,GPU-67921d1c-ee8e-304f-b562-d6f87617c5a0,32607,30896,1291,29
2026-08-21T02:37:41.2832738+12:00,126976-sustained,1,NVIDIA GeForce RTX 4090,GPU-eed52936-813f-8d68-1654-bfb56cb42bc3,24564,22901,1238,0
2026-08-21T02:37:41.5946815+12:00,126976-sustained,0,NVIDIA GeForce RTX 5090,GPU-67921d1c-ee8e-304f-b562-d6f87617c5a0,32607,30896,1291,1
2026-08-21T02:37:41.5946815+12:00,126976-sustained,1,NVIDIA GeForce RTX 4090,GPU-eed52936-813f-8d68-1654-bfb56cb42bc3,24564,22901,1238,0
2026-08-21T02:37:41.9215339+12:00,126976-sustained,0,NVIDIA GeForce RTX 5090,GPU-67921d1c-ee8e-304f-b562-d6f87617c5a0,32607,30896,1291,1
2026-08-21T02:37:41.9215339+12:00,126976-sustained,1,NVIDIA GeForce RTX 4090,GPU-eed52936-813f-8d68-1654-bfb56cb42bc3,24564,22901,1238,0
2026-08-21T02:37:42.2525276+12:00,126976-sustained,0,NVIDIA GeForce RTX 5090,GPU-67921d1c-ee8e-304f-b562-d6f87617c5a0,32607,30885,1303,1
2026-08-21T02:37:42.2525276+12:00,126976-sustained,1,NVIDIA GeForce RTX 4090,GPU-eed52936-813f-8d68-1654-bfb56cb42bc3,24564,22901,1238,0
2026-08-21T02:37:42.5753066+12:00,126976-sustained,0,NVIDIA GeForce RTX 5090,GPU-67921d1c-ee8e-304f-b562-d6f87617c5a0,32607,30881,1307,1
2026-08-21T02:37:42.5753066+12:00,126976-sustained,1,NVIDIA GeForce RTX 4090,GPU-eed52936-813f-8d68-1654-bfb56cb42bc3,24564,22901,1238,0
2026-08-21T02:37:42.9018170+12:00,126976-sustained,0,NVIDIA GeForce RTX 5090,GPU-67921d1c-ee8e-304f-b562-d6f87617c5a0,32607,30881,1307,1
2026-08-21T02:37:42.9018170+12:00,126976-sustained,1,NVIDIA GeForce RTX 4090,GPU-eed52936-813f-8d68-1654-bfb56cb42bc3,24564,22901,1238,0
2026-08-21T02:37:43.2283174+12:00,126976-sustained,0,NVIDIA GeForce RTX 5090,GPU-67921d1c-ee8e-304f-b562-d6f87617c5a0,32607,30886,1302,1
2026-08-21T02:37:43.2283174+12:00,126976-sustained,1,NVIDIA GeForce RTX 4090,GPU-eed52936-813f-8d68-1654-bfb56cb42bc3,24564,22901,1238,0
2026-08-21T02:37:43.5400564+12:00,126976-sustained,0,NVIDIA GeForce RTX 5090,GPU-67921d1c-ee8e-304f-b562-d6f87617c5a0,32607,30886,1302,10
2026-08-21T02:37:43.5400564+12:00,126976-sustained,1,NVIDIA GeForce RTX 4090,GPU-eed52936-813f-8d68-1654-bfb56cb42bc3,24564,22901,1238,0
2026-08-21T02:37:43.8512608+12:00,126976-sustained,0,NVIDIA GeForce RTX 5090,GPU-67921d1c-ee8e-304f-b562-d6f87617c5a0,32607,30886,1302,10
2026-08-21T02:37:43.8512608+12:00,126976-sustained,1,NVIDIA GeForce RTX 4090,GPU-eed52936-813f-8d68-1654-bfb56cb42bc3,24564,22901,1238,0
2026-08-21T02:37:44.1801057+12:00,126976-sustained,0,NVIDIA GeForce RTX 5090,GPU-67921d1c-ee8e-304f-b562-d6f87617c5a0,32607,30891,1297,2
2026-08-21T02:37:44.1801057+12:00,126976-sustained,1,NVIDIA GeForce RTX 4090,GPU-eed52936-813f-8d68-1654-bfb56cb42bc3,24564,22901,1238,0
2026-08-21T02:37:44.4914902+12:00,126976-sustained,0,NVIDIA GeForce RTX 5090,GPU-67921d1c-ee8e-304f-b562-d6f87617c5a0,32607,30891,1297,28
2026-08-21T02:37:44.4914902+12:00,126976-sustained,1,NVIDIA GeForce RTX 4090,GPU-eed52936-813f-8d68-1654-bfb56cb42bc3,24564,22901,1238,0
2026-08-21T02:37:44.8041449+12:00,126976-sustained,0,NVIDIA GeForce RTX 5090,GPU-67921d1c-ee8e-304f-b562-d6f87617c5a0,32607,30892,1296,28
2026-08-21T02:37:44.8041449+12:00,126976-sustained,1,NVIDIA GeForce RTX 4090,GPU-eed52936-813f-8d68-1654-bfb56cb42bc3,24564,22901,1238,0
2026-08-21T02:37:45.1125164+12:00,126976-sustained,0,NVIDIA GeForce RTX 5090,GPU-67921d1c-ee8e-304f-b562-d6f87617c5a0,32607,30893,1295,27
2026-08-21T02:37:45.1125164+12:00,126976-sustained,1,NVIDIA GeForce RTX 4090,GPU-eed52936-813f-8d68-1654-bfb56cb42bc3,24564,22901,1238,0
2026-08-21T02:37:45.4223375+12:00,126976-sustained,0,NVIDIA GeForce RTX 5090,GPU-67921d1c-ee8e-304f-b562-d6f87617c5a0,32607,30892,1296,27
2026-08-21T02:37:45.4223375+12:00,126976-sustained,1,NVIDIA GeForce RTX 4090,GPU-eed52936-813f-8d68-1654-bfb56cb42bc3,24564,22901,1238,0
2026-08-21T02:37:45.7348455+12:00,126976-sustained,0,NVIDIA GeForce RTX 5090,GPU-67921d1c-ee8e-304f-b562-d6f87617c5a0,32607,30892,1296,21
2026-08-21T02:37:45.7348455+12:00,126976-sustained,1,NVIDIA GeForce RTX 4090,GPU-eed52936-813f-8d68-1654-bfb56cb42bc3,24564,22901,1238,0
2026-08-21T02:37:46.0613373+12:00,126976-sustained,0,NVIDIA GeForce RTX 5090,GPU-67921d1c-ee8e-304f-b562-d6f87617c5a0,32607,30892,1296,28
2026-08-21T02:37:46.0613373+12:00,126976-sustained,1,NVIDIA GeForce RTX 4090,GPU-eed52936-813f-8d68-1654-bfb56cb42bc3,24564,22901,1238,0
2026-08-21T02:37:46.3741203+12:00,126976-sustained,0,NVIDIA GeForce RTX 5090,GPU-67921d1c-ee8e-304f-b562-d6f87617c5a0,32607,30870,1318,28
2026-08-21T02:37:46.3741203+12:00,126976-sustained,1,NVIDIA GeForce RTX 4090,GPU-eed52936-813f-8d68-1654-bfb56cb42bc3,24564,22901,1238,0
2026-08-21T02:37:46.6859005+12:00,126976-sustained,0,NVIDIA GeForce RTX 5090,GPU-67921d1c-ee8e-304f-b562-d6f87617c5a0,32607,30877,1311,1
2026-08-21T02:37:46.6859005+12:00,126976-sustained,1,NVIDIA GeForce RTX 4090,GPU-eed52936-813f-8d68-1654-bfb56cb42bc3,24564,22901,1238,0
2026-08-21T02:37:46.9937303+12:00,126976-sustained,0,NVIDIA GeForce RTX 5090,GPU-67921d1c-ee8e-304f-b562-d6f87617c5a0,32607,30877,1311,3
2026-08-21T02:37:46.9937303+12:00,126976-sustained,1,NVIDIA GeForce RTX 4090,GPU-eed52936-813f-8d68-1654-bfb56cb42bc3,24564,22901,1238,0
2026-08-21T02:37:47.3067982+12:00,126976-sustained,0,NVIDIA GeForce RTX 5090,GPU-67921d1c-ee8e-304f-b562-d6f87617c5a0,32607,30877,1311,3
2026-08-21T02:37:47.3067982+12:00,126976-sustained,1,NVIDIA GeForce RTX 4090,GPU-eed52936-813f-8d68-1654-bfb56cb42bc3,24564,22901,1238,0
2026-08-21T02:37:47.6345930+12:00,126976-sustained,0,NVIDIA GeForce RTX 5090,GPU-67921d1c-ee8e-304f-b562-d6f87617c5a0,32607,30877,1311,2
2026-08-21T02:37:47.6345930+12:00,126976-sustained,1,NVIDIA GeForce RTX 4090,GPU-eed52936-813f-8d68-1654-bfb56cb42bc3,24564,22901,1238,0
2026-08-21T02:37:47.9612501+12:00,126976-sustained,0,NVIDIA GeForce RTX 5090,GPU-67921d1c-ee8e-304f-b562-d6f87617c5a0,32607,30878,1310,2
2026-08-21T02:37:47.9612501+12:00,126976-sustained,1,NVIDIA GeForce RTX 4090,GPU-eed52936-813f-8d68-1654-bfb56cb42bc3,24564,22901,1238,0
2026-08-21T02:37:48.2867654+12:00,126976-sustained,0,NVIDIA GeForce RTX 5090,GPU-67921d1c-ee8e-304f-b562-d6f87617c5a0,32607,30878,1310,1
2026-08-21T02:37:48.2867654+12:00,126976-sustained,1,NVIDIA GeForce RTX 4090,GPU-eed52936-813f-8d68-1654-bfb56cb42bc3,24564,22901,1238,0
2026-08-21T02:37:48.6129763+12:00,126976-sustained,0,NVIDIA GeForce RTX 5090,GPU-67921d1c-ee8e-304f-b562-d6f87617c5a0,32607,30878,1310,28
2026-08-21T02:37:48.6129763+12:00,126976-sustained,1,NVIDIA GeForce RTX 4090,GPU-eed52936-813f-8d68-1654-bfb56cb42bc3,24564,22901,1238,0
2026-08-21T02:37:48.9418416+12:00,126976-sustained,0,NVIDIA GeForce RTX 5090,GPU-67921d1c-ee8e-304f-b562-d6f87617c5a0,32607,30878,1310,28
2026-08-21T02:37:48.9418416+12:00,126976-sustained,1,NVIDIA GeForce RTX 4090,GPU-eed52936-813f-8d68-1654-bfb56cb42bc3,24564,22901,1238,0
2026-08-21T02:37:49.2532830+12:00,126976-sustained,0,NVIDIA GeForce RTX 5090,GPU-67921d1c-ee8e-304f-b562-d6f87617c5a0,32607,30878,1310,2
2026-08-21T02:37:49.2532830+12:00,126976-sustained,1,NVIDIA GeForce RTX 4090,GPU-eed52936-813f-8d68-1654-bfb56cb42bc3,24564,22901,1238,0
2026-08-21T02:37:49.5615295+12:00,126976-sustained,0,NVIDIA GeForce RTX 5090,GPU-67921d1c-ee8e-304f-b562-d6f87617c5a0,32607,30878,1310,1
2026-08-21T02:37:49.5615295+12:00,126976-sustained,1,NVIDIA GeForce RTX 4090,GPU-eed52936-813f-8d68-1654-bfb56cb42bc3,24564,22901,1238,0
2026-08-21T02:37:49.8769818+12:00,126976-sustained,0,NVIDIA GeForce RTX 5090,GPU-67921d1c-ee8e-304f-b562-d6f87617c5a0,32607,30878,1310,1
2026-08-21T02:37:49.8769818+12:00,126976-sustained,1,NVIDIA GeForce RTX 4090,GPU-eed52936-813f-8d68-1654-bfb56cb42bc3,24564,22901,1238,0
2026-08-21T02:37:50.1906551+12:00,126976-sustained,0,NVIDIA GeForce RTX 5090,GPU-67921d1c-ee8e-304f-b562-d6f87617c5a0,32607,30876,1312,17
2026-08-21T02:37:50.1906551+12:00,126976-sustained,1,NVIDIA GeForce RTX 4090,GPU-eed52936-813f-8d68-1654-bfb56cb42bc3,24564,22901,1238,0
2026-08-21T02:37:50.5032788+12:00,126976-sustained,0,NVIDIA GeForce RTX 5090,GPU-67921d1c-ee8e-304f-b562-d6f87617c5a0,32607,30876,1312,3
2026-08-21T02:37:50.5032788+12:00,126976-sustained,1,NVIDIA GeForce RTX 4090,GPU-eed52936-813f-8d68-1654-bfb56cb42bc3,24564,22901,1238,0
2026-08-21T02:37:50.8303866+12:00,126976-sustained,0,NVIDIA GeForce RTX 5090,GPU-67921d1c-ee8e-304f-b562-d6f87617c5a0,32607,30879,1309,3
2026-08-21T02:37:50.8303866+12:00,126976-sustained,1,NVIDIA GeForce RTX 4090,GPU-eed52936-813f-8d68-1654-bfb56cb42bc3,24564,22901,1238,0
2026-08-21T02:37:51.1399090+12:00,126976-sustained,0,NVIDIA GeForce RTX 5090,GPU-67921d1c-ee8e-304f-b562-d6f87617c5a0,32607,30879,1309,28
2026-08-21T02:37:51.1399090+12:00,126976-sustained,1,NVIDIA GeForce RTX 4090,GPU-eed52936-813f-8d68-1654-bfb56cb42bc3,24564,22901,1238,0
2026-08-21T02:37:51.4526632+12:00,126976-sustained,0,NVIDIA GeForce RTX 5090,GPU-67921d1c-ee8e-304f-b562-d6f87617c5a0,32607,30907,1281,28
2026-08-21T02:37:51.4526632+12:00,126976-sustained,1,NVIDIA GeForce RTX 4090,GPU-eed52936-813f-8d68-1654-bfb56cb42bc3,24564,22901,1238,0
2026-08-21T02:37:51.7641839+12:00,126976-sustained,0,NVIDIA GeForce RTX 5090,GPU-67921d1c-ee8e-304f-b562-d6f87617c5a0,32607,30897,1291,24
2026-08-21T02:37:51.7641839+12:00,126976-sustained,1,NVIDIA GeForce RTX 4090,GPU-eed52936-813f-8d68-1654-bfb56cb42bc3,24564,22901,1238,0
2026-08-21T02:37:52.0877959+12:00,126976-sustained,0,NVIDIA GeForce RTX 5090,GPU-67921d1c-ee8e-304f-b562-d6f87617c5a0,32607,30899,1289,1
2026-08-21T02:37:52.0877959+12:00,126976-sustained,1,NVIDIA GeForce RTX 4090,GPU-eed52936-813f-8d68-1654-bfb56cb42bc3,24564,22901,1238,0
2026-08-21T02:37:52.4029846+12:00,126976-sustained,0,NVIDIA GeForce RTX 5090,GPU-67921d1c-ee8e-304f-b562-d6f87617c5a0,32607,30899,1289,1
2026-08-21T02:37:52.4029846+12:00,126976-sustained,1,NVIDIA GeForce RTX 4090,GPU-eed52936-813f-8d68-1654-bfb56cb42bc3,24564,22901,1238,0
2026-08-21T02:37:52.7302220+12:00,126976-sustained,0,NVIDIA GeForce RTX 5090,GPU-67921d1c-ee8e-304f-b562-d6f87617c5a0,32607,30899,1289,9
2026-08-21T02:37:52.7302220+12:00,126976-sustained,1,NVIDIA GeForce RTX 4090,GPU-eed52936-813f-8d68-1654-bfb56cb42bc3,24564,22901,1238,0
2026-08-21T02:37:53.0572624+12:00,126976-sustained,0,NVIDIA GeForce RTX 5090,GPU-67921d1c-ee8e-304f-b562-d6f87617c5a0,32607,30910,1278,30
2026-08-21T02:37:53.0572624+12:00,126976-sustained,1,NVIDIA GeForce RTX 4090,GPU-eed52936-813f-8d68-1654-bfb56cb42bc3,24564,22901,1238,0
2026-08-21T02:37:53.3679854+12:00,126976-sustained,0,NVIDIA GeForce RTX 5090,GPU-67921d1c-ee8e-304f-b562-d6f87617c5a0,32607,30910,1278,30
2026-08-21T02:37:53.3679854+12:00,126976-sustained,1,NVIDIA GeForce RTX 4090,GPU-eed52936-813f-8d68-1654-bfb56cb42bc3,24564,22901,1238,0
2026-08-21T02:37:53.6804812+12:00,126976-sustained,0,NVIDIA GeForce RTX 5090,GPU-67921d1c-ee8e-304f-b562-d6f87617c5a0,32607,30910,1278,26
2026-08-21T02:37:53.6804812+12:00,126976-sustained,1,NVIDIA GeForce RTX 4090,GPU-eed52936-813f-8d68-1654-bfb56cb42bc3,24564,22901,1238,0
2026-08-21T02:37:54.0188628+12:00,126976-sustained,0,NVIDIA GeForce RTX 5090,GPU-67921d1c-ee8e-304f-b562-d6f87617c5a0,32607,30915,1273,2
2026-08-21T02:37:54.0188628+12:00,126976-sustained,1,NVIDIA GeForce RTX 4090,GPU-eed52936-813f-8d68-1654-bfb56cb42bc3,24564,22901,1238,0
2026-08-21T02:37:54.3292757+12:00,126976-sustained,0,NVIDIA GeForce RTX 5090,GPU-67921d1c-ee8e-304f-b562-d6f87617c5a0,32607,30908,1280,2
2026-08-21T02:37:54.3292757+12:00,126976-sustained,1,NVIDIA GeForce RTX 4090,GPU-eed52936-813f-8d68-1654-bfb56cb42bc3,24564,22901,1238,0
2026-08-21T02:37:54.6408946+12:00,126976-sustained,0,NVIDIA GeForce RTX 5090,GPU-67921d1c-ee8e-304f-b562-d6f87617c5a0,32607,30909,1279,24
2026-08-21T02:37:54.6408946+12:00,126976-sustained,1,NVIDIA GeForce RTX 4090,GPU-eed52936-813f-8d68-1654-bfb56cb42bc3,24564,22901,1238,0
2026-08-21T02:37:54.9677906+12:00,126976-sustained,0,NVIDIA GeForce RTX 5090,GPU-67921d1c-ee8e-304f-b562-d6f87617c5a0,32607,30909,1279,24
2026-08-21T02:37:54.9677906+12:00,126976-sustained,1,NVIDIA GeForce RTX 4090,GPU-eed52936-813f-8d68-1654-bfb56cb42bc3,24564,22901,1238,0
2026-08-21T02:37:55.2943995+12:00,126976-sustained,0,NVIDIA GeForce RTX 5090,GPU-67921d1c-ee8e-304f-b562-d6f87617c5a0,32607,30909,1279,12
2026-08-21T02:37:55.2943995+12:00,126976-sustained,1,NVIDIA GeForce RTX 4090,GPU-eed52936-813f-8d68-1654-bfb56cb42bc3,24564,22901,1238,0
2026-08-21T02:37:55.6044747+12:00,126976-sustained,0,NVIDIA GeForce RTX 5090,GPU-67921d1c-ee8e-304f-b562-d6f87617c5a0,32607,30950,1238,44
2026-08-21T02:37:55.6044747+12:00,126976-sustained,1,NVIDIA GeForce RTX 4090,GPU-eed52936-813f-8d68-1654-bfb56cb42bc3,24564,22901,1238,0
2026-08-21T02:37:55.9182262+12:00,126976-sustained,0,NVIDIA GeForce RTX 5090,GPU-67921d1c-ee8e-304f-b562-d6f87617c5a0,32607,30944,1244,44
2026-08-21T02:37:55.9182262+12:00,126976-sustained,1,NVIDIA GeForce RTX 4090,GPU-eed52936-813f-8d68-1654-bfb56cb42bc3,24564,22901,1238,0
2026-08-21T02:37:56.2470369+12:00,126976-sustained,0,NVIDIA GeForce RTX 5090,GPU-67921d1c-ee8e-304f-b562-d6f87617c5a0,32607,30935,1253,11
2026-08-21T02:37:56.2470369+12:00,126976-sustained,1,NVIDIA GeForce RTX 4090,GPU-eed52936-813f-8d68-1654-bfb56cb42bc3,24564,22901,1238,0
2026-08-21T02:37:56.5564364+12:00,126976-sustained,0,NVIDIA GeForce RTX 5090,GPU-67921d1c-ee8e-304f-b562-d6f87617c5a0,32607,30933,1255,13
2026-08-21T02:37:56.5564364+12:00,126976-sustained,1,NVIDIA GeForce RTX 4090,GPU-eed52936-813f-8d68-1654-bfb56cb42bc3,24564,22901,1238,0
2026-08-21T02:37:56.8845270+12:00,126976-sustained,0,NVIDIA GeForce RTX 5090,GPU-67921d1c-ee8e-304f-b562-d6f87617c5a0,32607,30932,1256,13
2026-08-21T02:37:56.8845270+12:00,126976-sustained,1,NVIDIA GeForce RTX 4090,GPU-eed52936-813f-8d68-1654-bfb56cb42bc3,24564,22901,1238,0
2026-08-21T02:37:57.2126117+12:00,126976-sustained,0,NVIDIA GeForce RTX 5090,GPU-67921d1c-ee8e-304f-b562-d6f87617c5a0,32607,30926,1262,11
2026-08-21T02:37:57.2126117+12:00,126976-sustained,1,NVIDIA GeForce RTX 4090,GPU-eed52936-813f-8d68-1654-bfb56cb42bc3,24564,22901,1238,0
2026-08-21T02:37:57.5342266+12:00,126976-sustained,0,NVIDIA GeForce RTX 5090,GPU-67921d1c-ee8e-304f-b562-d6f87617c5a0,32607,30905,1283,26
2026-08-21T02:37:57.5342266+12:00,126976-sustained,1,NVIDIA GeForce RTX 4090,GPU-eed52936-813f-8d68-1654-bfb56cb42bc3,24564,22901,1238,0
2026-08-21T02:37:57.8617693+12:00,126976-sustained,0,NVIDIA GeForce RTX 5090,GPU-67921d1c-ee8e-304f-b562-d6f87617c5a0,32607,30868,1320,26
2026-08-21T02:37:57.8617693+12:00,126976-sustained,1,NVIDIA GeForce RTX 4090,GPU-eed52936-813f-8d68-1654-bfb56cb42bc3,24564,22901,1238,0
2026-08-21T02:37:58.1726540+12:00,126976-sustained,0,NVIDIA GeForce RTX 5090,GPU-67921d1c-ee8e-304f-b562-d6f87617c5a0,32607,30859,1329,26
2026-08-21T02:37:58.1726540+12:00,126976-sustained,1,NVIDIA GeForce RTX 4090,GPU-eed52936-813f-8d68-1654-bfb56cb42bc3,24564,22901,1238,0
2026-08-21T02:37:58.4812234+12:00,126976-sustained,0,NVIDIA GeForce RTX 5090,GPU-67921d1c-ee8e-304f-b562-d6f87617c5a0,32607,30851,1337,26
2026-08-21T02:37:58.4812234+12:00,126976-sustained,1,NVIDIA GeForce RTX 4090,GPU-eed52936-813f-8d68-1654-bfb56cb42bc3,24564,22901,1238,0
2026-08-21T02:37:58.7957633+12:00,126976-sustained,0,NVIDIA GeForce RTX 5090,GPU-67921d1c-ee8e-304f-b562-d6f87617c5a0,32607,30849,1339,23
2026-08-21T02:37:58.7957633+12:00,126976-sustained,1,NVIDIA GeForce RTX 4090,GPU-eed52936-813f-8d68-1654-bfb56cb42bc3,24564,22901,1238,0
2026-08-21T02:37:59.1250689+12:00,126976-sustained,0,NVIDIA GeForce RTX 5090,GPU-67921d1c-ee8e-304f-b562-d6f87617c5a0,32607,30848,1340,23
2026-08-21T02:37:59.1250689+12:00,126976-sustained,1,NVIDIA GeForce RTX 4090,GPU-eed52936-813f-8d68-1654-bfb56cb42bc3,24564,22901,1238,0
2026-08-21T02:37:59.4344214+12:00,126976-sustained,0,NVIDIA GeForce RTX 5090,GPU-67921d1c-ee8e-304f-b562-d6f87617c5a0,32607,30848,1340,23
2026-08-21T02:37:59.4344214+12:00,126976-sustained,1,NVIDIA GeForce RTX 4090,GPU-eed52936-813f-8d68-1654-bfb56cb42bc3,24564,22901,1238,0
2026-08-21T02:37:59.7613218+12:00,126976-sustained,0,NVIDIA GeForce RTX 5090,GPU-67921d1c-ee8e-304f-b562-d6f87617c5a0,32607,30887,1301,24
2026-08-21T02:37:59.7613218+12:00,126976-sustained,1,NVIDIA GeForce RTX 4090,GPU-eed52936-813f-8d68-1654-bfb56cb42bc3,24564,22901,1238,0
2026-08-21T02:38:00.0727128+12:00,126976-sustained,0,NVIDIA GeForce RTX 5090,GPU-67921d1c-ee8e-304f-b562-d6f87617c5a0,32607,30875,1313,24
2026-08-21T02:38:00.0727128+12:00,126976-sustained,1,NVIDIA GeForce RTX 4090,GPU-eed52936-813f-8d68-1654-bfb56cb42bc3,24564,22901,1238,0
2026-08-21T02:38:00.3833115+12:00,126976-sustained,0,NVIDIA GeForce RTX 5090,GPU-67921d1c-ee8e-304f-b562-d6f87617c5a0,32607,30857,1331,24
2026-08-21T02:38:00.3833115+12:00,126976-sustained,1,NVIDIA GeForce RTX 4090,GPU-eed52936-813f-8d68-1654-bfb56cb42bc3,24564,22901,1238,0
2026-08-21T02:38:00.6985387+12:00,126976-sustained,0,NVIDIA GeForce RTX 5090,GPU-67921d1c-ee8e-304f-b562-d6f87617c5a0,32607,30824,1364,26
2026-08-21T02:38:00.6985387+12:00,126976-sustained,1,NVIDIA GeForce RTX 4090,GPU-eed52936-813f-8d68-1654-bfb56cb42bc3,24564,22901,1238,0
2026-08-21T02:38:01.0225766+12:00,126976-sustained,0,NVIDIA GeForce RTX 5090,GPU-67921d1c-ee8e-304f-b562-d6f87617c5a0,32607,30824,1364,15
2026-08-21T02:38:01.0225766+12:00,126976-sustained,1,NVIDIA GeForce RTX 4090,GPU-eed52936-813f-8d68-1654-bfb56cb42bc3,24564,22901,1238,0
2026-08-21T02:38:01.3358037+12:00,126976-sustained,0,NVIDIA GeForce RTX 5090,GPU-67921d1c-ee8e-304f-b562-d6f87617c5a0,32607,30826,1362,15
2026-08-21T02:38:01.3358037+12:00,126976-sustained,1,NVIDIA GeForce RTX 4090,GPU-eed52936-813f-8d68-1654-bfb56cb42bc3,24564,22901,1238,0
2026-08-21T02:38:01.6606934+12:00,126976-sustained,0,NVIDIA GeForce RTX 5090,GPU-67921d1c-ee8e-304f-b562-d6f87617c5a0,32607,30775,1413,11
2026-08-21T02:38:01.6606934+12:00,126976-sustained,1,NVIDIA GeForce RTX 4090,GPU-eed52936-813f-8d68-1654-bfb56cb42bc3,24564,22901,1238,0
2026-08-21T02:38:02.0170826+12:00,126976-sustained,0,NVIDIA GeForce RTX 5090,GPU-67921d1c-ee8e-304f-b562-d6f87617c5a0,32607,30844,1344,11
2026-08-21T02:38:02.0170826+12:00,126976-sustained,1,NVIDIA GeForce RTX 4090,GPU-eed52936-813f-8d68-1654-bfb56cb42bc3,24564,22901,1238,0
2026-08-21T02:38:02.3368358+12:00,126976-sustained,0,NVIDIA GeForce RTX 5090,GPU-67921d1c-ee8e-304f-b562-d6f87617c5a0,32607,30897,1291,22
2026-08-21T02:38:02.3368358+12:00,126976-sustained,1,NVIDIA GeForce RTX 4090,GPU-eed52936-813f-8d68-1654-bfb56cb42bc3,24564,22901,1238,0
2026-08-21T02:38:02.6623759+12:00,126976-sustained,0,NVIDIA GeForce RTX 5090,GPU-67921d1c-ee8e-304f-b562-d6f87617c5a0,32607,30897,1291,11
2026-08-21T02:38:02.6623759+12:00,126976-sustained,1,NVIDIA GeForce RTX 4090,GPU-eed52936-813f-8d68-1654-bfb56cb42bc3,24564,22901,1238,0
2026-08-21T02:38:02.9890832+12:00,126976-sustained,0,NVIDIA GeForce RTX 5090,GPU-67921d1c-ee8e-304f-b562-d6f87617c5a0,32607,30904,1284,11
2026-08-21T02:38:02.9890832+12:00,126976-sustained,1,NVIDIA GeForce RTX 4090,GPU-eed52936-813f-8d68-1654-bfb56cb42bc3,24564,22901,1238,0
2026-08-21T02:38:03.3191710+12:00,126976-sustained,0,NVIDIA GeForce RTX 5090,GPU-67921d1c-ee8e-304f-b562-d6f87617c5a0,32607,30940,1248,21
2026-08-21T02:38:03.3191710+12:00,126976-sustained,1,NVIDIA GeForce RTX 4090,GPU-eed52936-813f-8d68-1654-bfb56cb42bc3,24564,22901,1238,0
2026-08-21T02:38:03.6432369+12:00,126976-sustained,0,NVIDIA GeForce RTX 5090,GPU-67921d1c-ee8e-304f-b562-d6f87617c5a0,32607,30940,1248,31
2026-08-21T02:38:03.6432369+12:00,126976-sustained,1,NVIDIA GeForce RTX 4090,GPU-eed52936-813f-8d68-1654-bfb56cb42bc3,24564,22901,1238,0
2026-08-21T02:38:03.9685178+12:00,126976-sustained,0,NVIDIA GeForce RTX 5090,GPU-67921d1c-ee8e-304f-b562-d6f87617c5a0,32607,30926,1262,31
2026-08-21T02:38:03.9685178+12:00,126976-sustained,1,NVIDIA GeForce RTX 4090,GPU-eed52936-813f-8d68-1654-bfb56cb42bc3,24564,22901,1238,0
2026-08-21T02:38:04.2957154+12:00,126976-sustained,0,NVIDIA GeForce RTX 5090,GPU-67921d1c-ee8e-304f-b562-d6f87617c5a0,32607,30908,1280,13
2026-08-21T02:38:04.2957154+12:00,126976-sustained,1,NVIDIA GeForce RTX 4090,GPU-eed52936-813f-8d68-1654-bfb56cb42bc3,24564,22901,1238,0
2026-08-21T02:38:04.6078050+12:00,126976-sustained,0,NVIDIA GeForce RTX 5090,GPU-67921d1c-ee8e-304f-b562-d6f87617c5a0,32607,30938,1250,18
2026-08-21T02:38:04.6078050+12:00,126976-sustained,1,NVIDIA GeForce RTX 4090,GPU-eed52936-813f-8d68-1654-bfb56cb42bc3,24564,22901,1238,0
2026-08-21T02:38:04.9166240+12:00,126976-sustained,0,NVIDIA GeForce RTX 5090,GPU-67921d1c-ee8e-304f-b562-d6f87617c5a0,32607,30934,1254,18
2026-08-21T02:38:04.9166240+12:00,126976-sustained,1,NVIDIA GeForce RTX 4090,GPU-eed52936-813f-8d68-1654-bfb56cb42bc3,24564,22901,1238,0
2026-08-21T02:38:05.2440084+12:00,126976-sustained,0,NVIDIA GeForce RTX 5090,GPU-67921d1c-ee8e-304f-b562-d6f87617c5a0,32607,30934,1254,1
2026-08-21T02:38:05.2440084+12:00,126976-sustained,1,NVIDIA GeForce RTX 4090,GPU-eed52936-813f-8d68-1654-bfb56cb42bc3,24564,22901,1238,0
2026-08-21T02:38:05.5692419+12:00,126976-sustained,0,NVIDIA GeForce RTX 5090,GPU-67921d1c-ee8e-304f-b562-d6f87617c5a0,32607,30934,1254,2
2026-08-21T02:38:05.5692419+12:00,126976-sustained,1,NVIDIA GeForce RTX 4090,GPU-eed52936-813f-8d68-1654-bfb56cb42bc3,24564,22901,1238,0
2026-08-21T02:38:05.8961545+12:00,126976-sustained,0,NVIDIA GeForce RTX 5090,GPU-67921d1c-ee8e-304f-b562-d6f87617c5a0,32607,30933,1255,2
2026-08-21T02:38:05.8961545+12:00,126976-sustained,1,NVIDIA GeForce RTX 4090,GPU-eed52936-813f-8d68-1654-bfb56cb42bc3,24564,22901,1238,0
2026-08-21T02:38:06.2110486+12:00,126976-sustained,0,NVIDIA GeForce RTX 5090,GPU-67921d1c-ee8e-304f-b562-d6f87617c5a0,32607,30918,1270,2
2026-08-21T02:38:06.2110486+12:00,126976-sustained,1,NVIDIA GeForce RTX 4090,GPU-eed52936-813f-8d68-1654-bfb56cb42bc3,24564,22901,1238,0
2026-08-21T02:38:06.5360628+12:00,126976-sustained,0,NVIDIA GeForce RTX 5090,GPU-67921d1c-ee8e-304f-b562-d6f87617c5a0,32607,30884,1304,1
2026-08-21T02:38:06.5360628+12:00,126976-sustained,1,NVIDIA GeForce RTX 4090,GPU-eed52936-813f-8d68-1654-bfb56cb42bc3,24564,22901,1238,0
2026-08-21T02:38:06.8614888+12:00,126976-sustained,0,NVIDIA GeForce RTX 5090,GPU-67921d1c-ee8e-304f-b562-d6f87617c5a0,32607,30884,1304,1
2026-08-21T02:38:06.8614888+12:00,126976-sustained,1,NVIDIA GeForce RTX 4090,GPU-eed52936-813f-8d68-1654-bfb56cb42bc3,24564,22901,1238,0
2026-08-21T02:38:07.1886205+12:00,126976-sustained,0,NVIDIA GeForce RTX 5090,GPU-67921d1c-ee8e-304f-b562-d6f87617c5a0,32607,30884,1304,1
2026-08-21T02:38:07.1886205+12:00,126976-sustained,1,NVIDIA GeForce RTX 4090,GPU-eed52936-813f-8d68-1654-bfb56cb42bc3,24564,22901,1238,0
2026-08-21T02:38:07.5169362+12:00,126976-sustained,0,NVIDIA GeForce RTX 5090,GPU-67921d1c-ee8e-304f-b562-d6f87617c5a0,32607,30884,1304,1
2026-08-21T02:38:07.5169362+12:00,126976-sustained,1,NVIDIA GeForce RTX 4090,GPU-eed52936-813f-8d68-1654-bfb56cb42bc3,24564,22901,1238,0
2026-08-21T02:38:07.8421685+12:00,126976-sustained,0,NVIDIA GeForce RTX 5090,GPU-67921d1c-ee8e-304f-b562-d6f87617c5a0,32607,30884,1304,1
2026-08-21T02:38:07.8421685+12:00,126976-sustained,1,NVIDIA GeForce RTX 4090,GPU-eed52936-813f-8d68-1654-bfb56cb42bc3,24564,22901,1238,0
