timestamp,phase,gpu_index,name,uuid,total_mib,used_mib,free_mib,utilization_gpu
2026-08-21T02:44:58.4930267+12:00,4090-deep-100k,0,NVIDIA GeForce RTX 5090,GPU-67921d1c-ee8e-304f-b562-d6f87617c5a0,32607,30573,1615,0
2026-08-21T02:44:58.4930267+12:00,4090-deep-100k,1,NVIDIA GeForce RTX 4090,GPU-eed52936-813f-8d68-1654-bfb56cb42bc3,24564,23022,1117,0
2026-08-21T02:44:58.8268225+12:00,4090-deep-100k,0,NVIDIA GeForce RTX 5090,GPU-67921d1c-ee8e-304f-b562-d6f87617c5a0,32607,30573,1615,0
2026-08-21T02:44:58.8268225+12:00,4090-deep-100k,1,NVIDIA GeForce RTX 4090,GPU-eed52936-813f-8d68-1654-bfb56cb42bc3,24564,23022,1117,0
2026-08-21T02:44:59.1559349+12:00,4090-deep-100k,0,NVIDIA GeForce RTX 5090,GPU-67921d1c-ee8e-304f-b562-d6f87617c5a0,32607,30591,1597,0
2026-08-21T02:44:59.1559349+12:00,4090-deep-100k,1,NVIDIA GeForce RTX 4090,GPU-eed52936-813f-8d68-1654-bfb56cb42bc3,24564,23022,1117,0
2026-08-21T02:44:59.4681929+12:00,4090-deep-100k,0,NVIDIA GeForce RTX 5090,GPU-67921d1c-ee8e-304f-b562-d6f87617c5a0,32607,30588,1600,0
2026-08-21T02:44:59.4681929+12:00,4090-deep-100k,1,NVIDIA GeForce RTX 4090,GPU-eed52936-813f-8d68-1654-bfb56cb42bc3,24564,23022,1117,0
2026-08-21T02:44:59.7956391+12:00,4090-deep-100k,0,NVIDIA GeForce RTX 5090,GPU-67921d1c-ee8e-304f-b562-d6f87617c5a0,32607,30588,1600,1
2026-08-21T02:44:59.7956391+12:00,4090-deep-100k,1,NVIDIA GeForce RTX 4090,GPU-eed52936-813f-8d68-1654-bfb56cb42bc3,24564,23022,1117,0
2026-08-21T02:45:00.1053602+12:00,4090-deep-100k,0,NVIDIA GeForce RTX 5090,GPU-67921d1c-ee8e-304f-b562-d6f87617c5a0,32607,30587,1601,1
2026-08-21T02:45:00.1053602+12:00,4090-deep-100k,1,NVIDIA GeForce RTX 4090,GPU-eed52936-813f-8d68-1654-bfb56cb42bc3,24564,23022,1117,0
2026-08-21T02:45:00.4175103+12:00,4090-deep-100k,0,NVIDIA GeForce RTX 5090,GPU-67921d1c-ee8e-304f-b562-d6f87617c5a0,32607,30587,1601,1
2026-08-21T02:45:00.4175103+12:00,4090-deep-100k,1,NVIDIA GeForce RTX 4090,GPU-eed52936-813f-8d68-1654-bfb56cb42bc3,24564,23022,1117,0
2026-08-21T02:45:00.7313185+12:00,4090-deep-100k,0,NVIDIA GeForce RTX 5090,GPU-67921d1c-ee8e-304f-b562-d6f87617c5a0,32607,30584,1604,0
2026-08-21T02:45:00.7313185+12:00,4090-deep-100k,1,NVIDIA GeForce RTX 4090,GPU-eed52936-813f-8d68-1654-bfb56cb42bc3,24564,23022,1117,0
2026-08-21T02:45:01.0589303+12:00,4090-deep-100k,0,NVIDIA GeForce RTX 5090,GPU-67921d1c-ee8e-304f-b562-d6f87617c5a0,32607,30584,1604,0
2026-08-21T02:45:01.0589303+12:00,4090-deep-100k,1,NVIDIA GeForce RTX 4090,GPU-eed52936-813f-8d68-1654-bfb56cb42bc3,24564,23022,1117,0
2026-08-21T02:45:01.3839836+12:00,4090-deep-100k,0,NVIDIA GeForce RTX 5090,GPU-67921d1c-ee8e-304f-b562-d6f87617c5a0,32607,30584,1604,0
2026-08-21T02:45:01.3839836+12:00,4090-deep-100k,1,NVIDIA GeForce RTX 4090,GPU-eed52936-813f-8d68-1654-bfb56cb42bc3,24564,23022,1117,0
2026-08-21T02:45:01.7107039+12:00,4090-deep-100k,0,NVIDIA GeForce RTX 5090,GPU-67921d1c-ee8e-304f-b562-d6f87617c5a0,32607,30573,1615,0
2026-08-21T02:45:01.7107039+12:00,4090-deep-100k,1,NVIDIA GeForce RTX 4090,GPU-eed52936-813f-8d68-1654-bfb56cb42bc3,24564,23022,1117,0
2026-08-21T02:45:02.0380763+12:00,4090-deep-100k,0,NVIDIA GeForce RTX 5090,GPU-67921d1c-ee8e-304f-b562-d6f87617c5a0,32607,30573,1615,0
2026-08-21T02:45:02.0380763+12:00,4090-deep-100k,1,NVIDIA GeForce RTX 4090,GPU-eed52936-813f-8d68-1654-bfb56cb42bc3,24564,23022,1117,0
2026-08-21T02:45:02.3665383+12:00,4090-deep-100k,0,NVIDIA GeForce RTX 5090,GPU-67921d1c-ee8e-304f-b562-d6f87617c5a0,32607,30573,1615,0
2026-08-21T02:45:02.3665383+12:00,4090-deep-100k,1,NVIDIA GeForce RTX 4090,GPU-eed52936-813f-8d68-1654-bfb56cb42bc3,24564,23022,1117,0
2026-08-21T02:45:02.6914169+12:00,4090-deep-100k,0,NVIDIA GeForce RTX 5090,GPU-67921d1c-ee8e-304f-b562-d6f87617c5a0,32607,30573,1615,0
2026-08-21T02:45:02.6914169+12:00,4090-deep-100k,1,NVIDIA GeForce RTX 4090,GPU-eed52936-813f-8d68-1654-bfb56cb42bc3,24564,23022,1117,0
2026-08-21T02:45:03.0212561+12:00,4090-deep-100k,0,NVIDIA GeForce RTX 5090,GPU-67921d1c-ee8e-304f-b562-d6f87617c5a0,32607,30579,1609,0
2026-08-21T02:45:03.0212561+12:00,4090-deep-100k,1,NVIDIA GeForce RTX 4090,GPU-eed52936-813f-8d68-1654-bfb56cb42bc3,24564,23022,1117,0
2026-08-21T02:45:03.3450159+12:00,4090-deep-100k,0,NVIDIA GeForce RTX 5090,GPU-67921d1c-ee8e-304f-b562-d6f87617c5a0,32607,30579,1609,0
2026-08-21T02:45:03.3450159+12:00,4090-deep-100k,1,NVIDIA GeForce RTX 4090,GPU-eed52936-813f-8d68-1654-bfb56cb42bc3,24564,23022,1117,0
2026-08-21T02:45:03.6718983+12:00,4090-deep-100k,0,NVIDIA GeForce RTX 5090,GPU-67921d1c-ee8e-304f-b562-d6f87617c5a0,32607,30579,1609,0
2026-08-21T02:45:03.6718983+12:00,4090-deep-100k,1,NVIDIA GeForce RTX 4090,GPU-eed52936-813f-8d68-1654-bfb56cb42bc3,24564,23022,1117,0
2026-08-21T02:45:04.0010018+12:00,4090-deep-100k,0,NVIDIA GeForce RTX 5090,GPU-67921d1c-ee8e-304f-b562-d6f87617c5a0,32607,30579,1608,0
2026-08-21T02:45:04.0010018+12:00,4090-deep-100k,1,NVIDIA GeForce RTX 4090,GPU-eed52936-813f-8d68-1654-bfb56cb42bc3,24564,23022,1117,0
2026-08-21T02:45:04.3284834+12:00,4090-deep-100k,0,NVIDIA GeForce RTX 5090,GPU-67921d1c-ee8e-304f-b562-d6f87617c5a0,32607,30579,1608,0
2026-08-21T02:45:04.3284834+12:00,4090-deep-100k,1,NVIDIA GeForce RTX 4090,GPU-eed52936-813f-8d68-1654-bfb56cb42bc3,24564,23022,1117,0
2026-08-21T02:45:04.6390688+12:00,4090-deep-100k,0,NVIDIA GeForce RTX 5090,GPU-67921d1c-ee8e-304f-b562-d6f87617c5a0,32607,30579,1608,0
2026-08-21T02:45:04.6390688+12:00,4090-deep-100k,1,NVIDIA GeForce RTX 4090,GPU-eed52936-813f-8d68-1654-bfb56cb42bc3,24564,23022,1117,0
2026-08-21T02:45:04.9507872+12:00,4090-deep-100k,0,NVIDIA GeForce RTX 5090,GPU-67921d1c-ee8e-304f-b562-d6f87617c5a0,32607,30577,1611,0
2026-08-21T02:45:04.9507872+12:00,4090-deep-100k,1,NVIDIA GeForce RTX 4090,GPU-eed52936-813f-8d68-1654-bfb56cb42bc3,24564,23022,1117,0
2026-08-21T02:45:05.2771560+12:00,4090-deep-100k,0,NVIDIA GeForce RTX 5090,GPU-67921d1c-ee8e-304f-b562-d6f87617c5a0,32607,30563,1625,0
2026-08-21T02:45:05.2771560+12:00,4090-deep-100k,1,NVIDIA GeForce RTX 4090,GPU-eed52936-813f-8d68-1654-bfb56cb42bc3,24564,23022,1117,0
2026-08-21T02:45:05.5885074+12:00,4090-deep-100k,0,NVIDIA GeForce RTX 5090,GPU-67921d1c-ee8e-304f-b562-d6f87617c5a0,32607,30563,1625,0
2026-08-21T02:45:05.5885074+12:00,4090-deep-100k,1,NVIDIA GeForce RTX 4090,GPU-eed52936-813f-8d68-1654-bfb56cb42bc3,24564,23022,1117,0
2026-08-21T02:45:05.9002595+12:00,4090-deep-100k,0,NVIDIA GeForce RTX 5090,GPU-67921d1c-ee8e-304f-b562-d6f87617c5a0,32607,30563,1625,0
2026-08-21T02:45:05.9002595+12:00,4090-deep-100k,1,NVIDIA GeForce RTX 4090,GPU-eed52936-813f-8d68-1654-bfb56cb42bc3,24564,23022,1117,0
2026-08-21T02:45:06.2263557+12:00,4090-deep-100k,0,NVIDIA GeForce RTX 5090,GPU-67921d1c-ee8e-304f-b562-d6f87617c5a0,32607,30563,1625,0
2026-08-21T02:45:06.2263557+12:00,4090-deep-100k,1,NVIDIA GeForce RTX 4090,GPU-eed52936-813f-8d68-1654-bfb56cb42bc3,24564,23022,1117,0
2026-08-21T02:45:06.5532988+12:00,4090-deep-100k,0,NVIDIA GeForce RTX 5090,GPU-67921d1c-ee8e-304f-b562-d6f87617c5a0,32607,30563,1625,0
2026-08-21T02:45:06.5532988+12:00,4090-deep-100k,1,NVIDIA GeForce RTX 4090,GPU-eed52936-813f-8d68-1654-bfb56cb42bc3,24564,23022,1117,0
2026-08-21T02:45:06.8801564+12:00,4090-deep-100k,0,NVIDIA GeForce RTX 5090,GPU-67921d1c-ee8e-304f-b562-d6f87617c5a0,32607,30568,1620,0
2026-08-21T02:45:06.8801564+12:00,4090-deep-100k,1,NVIDIA GeForce RTX 4090,GPU-eed52936-813f-8d68-1654-bfb56cb42bc3,24564,23022,1117,0
2026-08-21T02:45:07.1908000+12:00,4090-deep-100k,0,NVIDIA GeForce RTX 5090,GPU-67921d1c-ee8e-304f-b562-d6f87617c5a0,32607,30569,1619,0
2026-08-21T02:45:07.1908000+12:00,4090-deep-100k,1,NVIDIA GeForce RTX 4090,GPU-eed52936-813f-8d68-1654-bfb56cb42bc3,24564,23022,1117,0
2026-08-21T02:45:07.5166775+12:00,4090-deep-100k,0,NVIDIA GeForce RTX 5090,GPU-67921d1c-ee8e-304f-b562-d6f87617c5a0,32607,30568,1620,0
2026-08-21T02:45:07.5166775+12:00,4090-deep-100k,1,NVIDIA GeForce RTX 4090,GPU-eed52936-813f-8d68-1654-bfb56cb42bc3,24564,23022,1117,0
2026-08-21T02:45:07.8426693+12:00,4090-deep-100k,0,NVIDIA GeForce RTX 5090,GPU-67921d1c-ee8e-304f-b562-d6f87617c5a0,32607,30569,1619,0
2026-08-21T02:45:07.8426693+12:00,4090-deep-100k,1,NVIDIA GeForce RTX 4090,GPU-eed52936-813f-8d68-1654-bfb56cb42bc3,24564,23022,1117,0
2026-08-21T02:45:08.1736060+12:00,4090-deep-100k,0,NVIDIA GeForce RTX 5090,GPU-67921d1c-ee8e-304f-b562-d6f87617c5a0,32607,30569,1619,0
2026-08-21T02:45:08.1736060+12:00,4090-deep-100k,1,NVIDIA GeForce RTX 4090,GPU-eed52936-813f-8d68-1654-bfb56cb42bc3,24564,23022,1117,0
2026-08-21T02:45:08.4946473+12:00,4090-deep-100k,0,NVIDIA GeForce RTX 5090,GPU-67921d1c-ee8e-304f-b562-d6f87617c5a0,32607,30569,1619,0
2026-08-21T02:45:08.4946473+12:00,4090-deep-100k,1,NVIDIA GeForce RTX 4090,GPU-eed52936-813f-8d68-1654-bfb56cb42bc3,24564,23022,1117,0
2026-08-21T02:45:08.8047876+12:00,4090-deep-100k,0,NVIDIA GeForce RTX 5090,GPU-67921d1c-ee8e-304f-b562-d6f87617c5a0,32607,30569,1619,0
2026-08-21T02:45:08.8047876+12:00,4090-deep-100k,1,NVIDIA GeForce RTX 4090,GPU-eed52936-813f-8d68-1654-bfb56cb42bc3,24564,23022,1117,0
2026-08-21T02:45:09.1312479+12:00,4090-deep-100k,0,NVIDIA GeForce RTX 5090,GPU-67921d1c-ee8e-304f-b562-d6f87617c5a0,32607,30562,1625,0
2026-08-21T02:45:09.1312479+12:00,4090-deep-100k,1,NVIDIA GeForce RTX 4090,GPU-eed52936-813f-8d68-1654-bfb56cb42bc3,24564,23022,1117,0
2026-08-21T02:45:09.4590594+12:00,4090-deep-100k,0,NVIDIA GeForce RTX 5090,GPU-67921d1c-ee8e-304f-b562-d6f87617c5a0,32607,30562,1625,0
2026-08-21T02:45:09.4590594+12:00,4090-deep-100k,1,NVIDIA GeForce RTX 4090,GPU-eed52936-813f-8d68-1654-bfb56cb42bc3,24564,23022,1117,0
2026-08-21T02:45:09.7958644+12:00,4090-deep-100k,0,NVIDIA GeForce RTX 5090,GPU-67921d1c-ee8e-304f-b562-d6f87617c5a0,32607,30562,1625,0
2026-08-21T02:45:09.7958644+12:00,4090-deep-100k,1,NVIDIA GeForce RTX 4090,GPU-eed52936-813f-8d68-1654-bfb56cb42bc3,24564,23022,1117,0
2026-08-21T02:45:10.1132203+12:00,4090-deep-100k,0,NVIDIA GeForce RTX 5090,GPU-67921d1c-ee8e-304f-b562-d6f87617c5a0,32607,30562,1625,0
2026-08-21T02:45:10.1132203+12:00,4090-deep-100k,1,NVIDIA GeForce RTX 4090,GPU-eed52936-813f-8d68-1654-bfb56cb42bc3,24564,23022,1117,0
2026-08-21T02:45:10.4242355+12:00,4090-deep-100k,0,NVIDIA GeForce RTX 5090,GPU-67921d1c-ee8e-304f-b562-d6f87617c5a0,32607,30562,1625,0
2026-08-21T02:45:10.4242355+12:00,4090-deep-100k,1,NVIDIA GeForce RTX 4090,GPU-eed52936-813f-8d68-1654-bfb56cb42bc3,24564,23022,1117,0
2026-08-21T02:45:10.7487418+12:00,4090-deep-100k,0,NVIDIA GeForce RTX 5090,GPU-67921d1c-ee8e-304f-b562-d6f87617c5a0,32607,30562,1625,0
2026-08-21T02:45:10.7487418+12:00,4090-deep-100k,1,NVIDIA GeForce RTX 4090,GPU-eed52936-813f-8d68-1654-bfb56cb42bc3,24564,23022,1117,0
2026-08-21T02:45:11.0587637+12:00,4090-deep-100k,0,NVIDIA GeForce RTX 5090,GPU-67921d1c-ee8e-304f-b562-d6f87617c5a0,32607,30568,1620,0
2026-08-21T02:45:11.0587637+12:00,4090-deep-100k,1,NVIDIA GeForce RTX 4090,GPU-eed52936-813f-8d68-1654-bfb56cb42bc3,24564,23022,1117,0
2026-08-21T02:45:11.3843726+12:00,4090-deep-100k,0,NVIDIA GeForce RTX 5090,GPU-67921d1c-ee8e-304f-b562-d6f87617c5a0,32607,30568,1620,0
2026-08-21T02:45:11.3843726+12:00,4090-deep-100k,1,NVIDIA GeForce RTX 4090,GPU-eed52936-813f-8d68-1654-bfb56cb42bc3,24564,23022,1117,0
2026-08-21T02:45:11.7125576+12:00,4090-deep-100k,0,NVIDIA GeForce RTX 5090,GPU-67921d1c-ee8e-304f-b562-d6f87617c5a0,32607,30568,1620,0
2026-08-21T02:45:11.7125576+12:00,4090-deep-100k,1,NVIDIA GeForce RTX 4090,GPU-eed52936-813f-8d68-1654-bfb56cb42bc3,24564,23022,1117,0
2026-08-21T02:45:12.0380029+12:00,4090-deep-100k,0,NVIDIA GeForce RTX 5090,GPU-67921d1c-ee8e-304f-b562-d6f87617c5a0,32607,30569,1619,0
2026-08-21T02:45:12.0380029+12:00,4090-deep-100k,1,NVIDIA GeForce RTX 4090,GPU-eed52936-813f-8d68-1654-bfb56cb42bc3,24564,23022,1117,0
2026-08-21T02:45:12.3503250+12:00,4090-deep-100k,0,NVIDIA GeForce RTX 5090,GPU-67921d1c-ee8e-304f-b562-d6f87617c5a0,32607,30569,1619,0
2026-08-21T02:45:12.3503250+12:00,4090-deep-100k,1,NVIDIA GeForce RTX 4090,GPU-eed52936-813f-8d68-1654-bfb56cb42bc3,24564,23022,1117,0
2026-08-21T02:45:12.6608297+12:00,4090-deep-100k,0,NVIDIA GeForce RTX 5090,GPU-67921d1c-ee8e-304f-b562-d6f87617c5a0,32607,30569,1619,0
2026-08-21T02:45:12.6608297+12:00,4090-deep-100k,1,NVIDIA GeForce RTX 4090,GPU-eed52936-813f-8d68-1654-bfb56cb42bc3,24564,23022,1117,0
2026-08-21T02:45:12.9865885+12:00,4090-deep-100k,0,NVIDIA GeForce RTX 5090,GPU-67921d1c-ee8e-304f-b562-d6f87617c5a0,32607,30569,1619,0
2026-08-21T02:45:12.9865885+12:00,4090-deep-100k,1,NVIDIA GeForce RTX 4090,GPU-eed52936-813f-8d68-1654-bfb56cb42bc3,24564,23022,1117,0
2026-08-21T02:45:13.3139254+12:00,4090-deep-100k,0,NVIDIA GeForce RTX 5090,GPU-67921d1c-ee8e-304f-b562-d6f87617c5a0,32607,30569,1619,0
2026-08-21T02:45:13.3139254+12:00,4090-deep-100k,1,NVIDIA GeForce RTX 4090,GPU-eed52936-813f-8d68-1654-bfb56cb42bc3,24564,23022,1117,0
2026-08-21T02:45:13.6282971+12:00,4090-deep-100k,0,NVIDIA GeForce RTX 5090,GPU-67921d1c-ee8e-304f-b562-d6f87617c5a0,32607,30569,1619,0
2026-08-21T02:45:13.6282971+12:00,4090-deep-100k,1,NVIDIA GeForce RTX 4090,GPU-eed52936-813f-8d68-1654-bfb56cb42bc3,24564,23022,1117,0
2026-08-21T02:45:13.9572261+12:00,4090-deep-100k,0,NVIDIA GeForce RTX 5090,GPU-67921d1c-ee8e-304f-b562-d6f87617c5a0,32607,30566,1621,0
2026-08-21T02:45:13.9572261+12:00,4090-deep-100k,1,NVIDIA GeForce RTX 4090,GPU-eed52936-813f-8d68-1654-bfb56cb42bc3,24564,23022,1117,0
2026-08-21T02:45:14.2835639+12:00,4090-deep-100k,0,NVIDIA GeForce RTX 5090,GPU-67921d1c-ee8e-304f-b562-d6f87617c5a0,32607,30562,1625,0
2026-08-21T02:45:14.2835639+12:00,4090-deep-100k,1,NVIDIA GeForce RTX 4090,GPU-eed52936-813f-8d68-1654-bfb56cb42bc3,24564,23022,1117,0
2026-08-21T02:45:14.6105826+12:00,4090-deep-100k,0,NVIDIA GeForce RTX 5090,GPU-67921d1c-ee8e-304f-b562-d6f87617c5a0,32607,30562,1625,0
2026-08-21T02:45:14.6105826+12:00,4090-deep-100k,1,NVIDIA GeForce RTX 4090,GPU-eed52936-813f-8d68-1654-bfb56cb42bc3,24564,23022,1117,0
2026-08-21T02:45:14.9398785+12:00,4090-deep-100k,0,NVIDIA GeForce RTX 5090,GPU-67921d1c-ee8e-304f-b562-d6f87617c5a0,32607,30568,1620,0
2026-08-21T02:45:14.9398785+12:00,4090-deep-100k,1,NVIDIA GeForce RTX 4090,GPU-eed52936-813f-8d68-1654-bfb56cb42bc3,24564,23022,1117,0
2026-08-21T02:45:15.2652534+12:00,4090-deep-100k,0,NVIDIA GeForce RTX 5090,GPU-67921d1c-ee8e-304f-b562-d6f87617c5a0,32607,30568,1620,0
2026-08-21T02:45:15.2652534+12:00,4090-deep-100k,1,NVIDIA GeForce RTX 4090,GPU-eed52936-813f-8d68-1654-bfb56cb42bc3,24564,23022,1117,0
2026-08-21T02:45:15.5945117+12:00,4090-deep-100k,0,NVIDIA GeForce RTX 5090,GPU-67921d1c-ee8e-304f-b562-d6f87617c5a0,32607,30568,1620,0
2026-08-21T02:45:15.5945117+12:00,4090-deep-100k,1,NVIDIA GeForce RTX 4090,GPU-eed52936-813f-8d68-1654-bfb56cb42bc3,24564,23022,1117,0
2026-08-21T02:45:15.9206576+12:00,4090-deep-100k,0,NVIDIA GeForce RTX 5090,GPU-67921d1c-ee8e-304f-b562-d6f87617c5a0,32607,30569,1619,0
2026-08-21T02:45:15.9206576+12:00,4090-deep-100k,1,NVIDIA GeForce RTX 4090,GPU-eed52936-813f-8d68-1654-bfb56cb42bc3,24564,23022,1117,0
2026-08-21T02:45:16.2315020+12:00,4090-deep-100k,0,NVIDIA GeForce RTX 5090,GPU-67921d1c-ee8e-304f-b562-d6f87617c5a0,32607,30569,1619,0
2026-08-21T02:45:16.2315020+12:00,4090-deep-100k,1,NVIDIA GeForce RTX 4090,GPU-eed52936-813f-8d68-1654-bfb56cb42bc3,24564,23022,1117,0
2026-08-21T02:45:16.5576884+12:00,4090-deep-100k,0,NVIDIA GeForce RTX 5090,GPU-67921d1c-ee8e-304f-b562-d6f87617c5a0,32607,30569,1619,0
2026-08-21T02:45:16.5576884+12:00,4090-deep-100k,1,NVIDIA GeForce RTX 4090,GPU-eed52936-813f-8d68-1654-bfb56cb42bc3,24564,23022,1117,0
2026-08-21T02:45:16.8850637+12:00,4090-deep-100k,0,NVIDIA GeForce RTX 5090,GPU-67921d1c-ee8e-304f-b562-d6f87617c5a0,32607,30566,1621,0
2026-08-21T02:45:16.8850637+12:00,4090-deep-100k,1,NVIDIA GeForce RTX 4090,GPU-eed52936-813f-8d68-1654-bfb56cb42bc3,24564,23022,1117,0
2026-08-21T02:45:17.2094229+12:00,4090-deep-100k,0,NVIDIA GeForce RTX 5090,GPU-67921d1c-ee8e-304f-b562-d6f87617c5a0,32607,30562,1625,0
2026-08-21T02:45:17.2094229+12:00,4090-deep-100k,1,NVIDIA GeForce RTX 4090,GPU-eed52936-813f-8d68-1654-bfb56cb42bc3,24564,23022,1117,0
2026-08-21T02:45:17.5357898+12:00,4090-deep-100k,0,NVIDIA GeForce RTX 5090,GPU-67921d1c-ee8e-304f-b562-d6f87617c5a0,32607,30562,1625,0
2026-08-21T02:45:17.5357898+12:00,4090-deep-100k,1,NVIDIA GeForce RTX 4090,GPU-eed52936-813f-8d68-1654-bfb56cb42bc3,24564,23022,1117,0
2026-08-21T02:45:17.8625917+12:00,4090-deep-100k,0,NVIDIA GeForce RTX 5090,GPU-67921d1c-ee8e-304f-b562-d6f87617c5a0,32607,30562,1625,0
2026-08-21T02:45:17.8625917+12:00,4090-deep-100k,1,NVIDIA GeForce RTX 4090,GPU-eed52936-813f-8d68-1654-bfb56cb42bc3,24564,23022,1117,0
2026-08-21T02:45:18.1906531+12:00,4090-deep-100k,0,NVIDIA GeForce RTX 5090,GPU-67921d1c-ee8e-304f-b562-d6f87617c5a0,32607,30562,1625,0
2026-08-21T02:45:18.1906531+12:00,4090-deep-100k,1,NVIDIA GeForce RTX 4090,GPU-eed52936-813f-8d68-1654-bfb56cb42bc3,24564,23022,1117,0
2026-08-21T02:45:18.4999784+12:00,4090-deep-100k,0,NVIDIA GeForce RTX 5090,GPU-67921d1c-ee8e-304f-b562-d6f87617c5a0,32607,30562,1625,0
2026-08-21T02:45:18.4999784+12:00,4090-deep-100k,1,NVIDIA GeForce RTX 4090,GPU-eed52936-813f-8d68-1654-bfb56cb42bc3,24564,23022,1117,0
2026-08-21T02:45:18.8121914+12:00,4090-deep-100k,0,NVIDIA GeForce RTX 5090,GPU-67921d1c-ee8e-304f-b562-d6f87617c5a0,32607,30562,1625,0
2026-08-21T02:45:18.8121914+12:00,4090-deep-100k,1,NVIDIA GeForce RTX 4090,GPU-eed52936-813f-8d68-1654-bfb56cb42bc3,24564,23022,1117,0
2026-08-21T02:45:19.1234762+12:00,4090-deep-100k,0,NVIDIA GeForce RTX 5090,GPU-67921d1c-ee8e-304f-b562-d6f87617c5a0,32607,30568,1620,0
2026-08-21T02:45:19.1234762+12:00,4090-deep-100k,1,NVIDIA GeForce RTX 4090,GPU-eed52936-813f-8d68-1654-bfb56cb42bc3,24564,23022,1117,0
2026-08-21T02:45:19.4528031+12:00,4090-deep-100k,0,NVIDIA GeForce RTX 5090,GPU-67921d1c-ee8e-304f-b562-d6f87617c5a0,32607,30568,1620,0
2026-08-21T02:45:19.4528031+12:00,4090-deep-100k,1,NVIDIA GeForce RTX 4090,GPU-eed52936-813f-8d68-1654-bfb56cb42bc3,24564,23022,1117,0
2026-08-21T02:45:19.7780475+12:00,4090-deep-100k,0,NVIDIA GeForce RTX 5090,GPU-67921d1c-ee8e-304f-b562-d6f87617c5a0,32607,30568,1620,0
2026-08-21T02:45:19.7780475+12:00,4090-deep-100k,1,NVIDIA GeForce RTX 4090,GPU-eed52936-813f-8d68-1654-bfb56cb42bc3,24564,23022,1117,0
2026-08-21T02:45:20.1072399+12:00,4090-deep-100k,0,NVIDIA GeForce RTX 5090,GPU-67921d1c-ee8e-304f-b562-d6f87617c5a0,32607,30569,1619,0
2026-08-21T02:45:20.1072399+12:00,4090-deep-100k,1,NVIDIA GeForce RTX 4090,GPU-eed52936-813f-8d68-1654-bfb56cb42bc3,24564,23022,1117,0
2026-08-21T02:45:20.4345411+12:00,4090-deep-100k,0,NVIDIA GeForce RTX 5090,GPU-67921d1c-ee8e-304f-b562-d6f87617c5a0,32607,30569,1619,0
2026-08-21T02:45:20.4345411+12:00,4090-deep-100k,1,NVIDIA GeForce RTX 4090,GPU-eed52936-813f-8d68-1654-bfb56cb42bc3,24564,23022,1117,0
2026-08-21T02:45:20.7624932+12:00,4090-deep-100k,0,NVIDIA GeForce RTX 5090,GPU-67921d1c-ee8e-304f-b562-d6f87617c5a0,32607,30569,1619,0
2026-08-21T02:45:20.7624932+12:00,4090-deep-100k,1,NVIDIA GeForce RTX 4090,GPU-eed52936-813f-8d68-1654-bfb56cb42bc3,24564,23022,1117,0
2026-08-21T02:45:21.0747612+12:00,4090-deep-100k,0,NVIDIA GeForce RTX 5090,GPU-67921d1c-ee8e-304f-b562-d6f87617c5a0,32607,30562,1625,0
2026-08-21T02:45:21.0747612+12:00,4090-deep-100k,1,NVIDIA GeForce RTX 4090,GPU-eed52936-813f-8d68-1654-bfb56cb42bc3,24564,23022,1117,0
2026-08-21T02:45:21.4006637+12:00,4090-deep-100k,0,NVIDIA GeForce RTX 5090,GPU-67921d1c-ee8e-304f-b562-d6f87617c5a0,32607,30562,1625,0
2026-08-21T02:45:21.4006637+12:00,4090-deep-100k,1,NVIDIA GeForce RTX 4090,GPU-eed52936-813f-8d68-1654-bfb56cb42bc3,24564,23022,1117,0
2026-08-21T02:45:21.7121776+12:00,4090-deep-100k,0,NVIDIA GeForce RTX 5090,GPU-67921d1c-ee8e-304f-b562-d6f87617c5a0,32607,30562,1625,0
2026-08-21T02:45:21.7121776+12:00,4090-deep-100k,1,NVIDIA GeForce RTX 4090,GPU-eed52936-813f-8d68-1654-bfb56cb42bc3,24564,23022,1117,0
2026-08-21T02:45:22.0389698+12:00,4090-deep-100k,0,NVIDIA GeForce RTX 5090,GPU-67921d1c-ee8e-304f-b562-d6f87617c5a0,32607,30562,1625,0
2026-08-21T02:45:22.0389698+12:00,4090-deep-100k,1,NVIDIA GeForce RTX 4090,GPU-eed52936-813f-8d68-1654-bfb56cb42bc3,24564,23022,1117,0
2026-08-21T02:45:22.3494167+12:00,4090-deep-100k,0,NVIDIA GeForce RTX 5090,GPU-67921d1c-ee8e-304f-b562-d6f87617c5a0,32607,30562,1625,0
2026-08-21T02:45:22.3494167+12:00,4090-deep-100k,1,NVIDIA GeForce RTX 4090,GPU-eed52936-813f-8d68-1654-bfb56cb42bc3,24564,23022,1117,0
2026-08-21T02:45:22.6613534+12:00,4090-deep-100k,0,NVIDIA GeForce RTX 5090,GPU-67921d1c-ee8e-304f-b562-d6f87617c5a0,32607,30562,1625,0
2026-08-21T02:45:22.6613534+12:00,4090-deep-100k,1,NVIDIA GeForce RTX 4090,GPU-eed52936-813f-8d68-1654-bfb56cb42bc3,24564,23022,1117,0
2026-08-21T02:45:22.9876683+12:00,4090-deep-100k,0,NVIDIA GeForce RTX 5090,GPU-67921d1c-ee8e-304f-b562-d6f87617c5a0,32607,30568,1620,0
2026-08-21T02:45:22.9876683+12:00,4090-deep-100k,1,NVIDIA GeForce RTX 4090,GPU-eed52936-813f-8d68-1654-bfb56cb42bc3,24564,23022,1117,0
2026-08-21T02:45:23.3119332+12:00,4090-deep-100k,0,NVIDIA GeForce RTX 5090,GPU-67921d1c-ee8e-304f-b562-d6f87617c5a0,32607,30568,1620,0
2026-08-21T02:45:23.3119332+12:00,4090-deep-100k,1,NVIDIA GeForce RTX 4090,GPU-eed52936-813f-8d68-1654-bfb56cb42bc3,24564,23022,1117,0
2026-08-21T02:45:23.6382915+12:00,4090-deep-100k,0,NVIDIA GeForce RTX 5090,GPU-67921d1c-ee8e-304f-b562-d6f87617c5a0,32607,30568,1620,0
2026-08-21T02:45:23.6382915+12:00,4090-deep-100k,1,NVIDIA GeForce RTX 4090,GPU-eed52936-813f-8d68-1654-bfb56cb42bc3,24564,23022,1117,0
2026-08-21T02:45:23.9638188+12:00,4090-deep-100k,0,NVIDIA GeForce RTX 5090,GPU-67921d1c-ee8e-304f-b562-d6f87617c5a0,32607,30569,1619,0
2026-08-21T02:45:23.9638188+12:00,4090-deep-100k,1,NVIDIA GeForce RTX 4090,GPU-eed52936-813f-8d68-1654-bfb56cb42bc3,24564,23022,1117,0
2026-08-21T02:45:24.2764510+12:00,4090-deep-100k,0,NVIDIA GeForce RTX 5090,GPU-67921d1c-ee8e-304f-b562-d6f87617c5a0,32607,30569,1619,0
2026-08-21T02:45:24.2764510+12:00,4090-deep-100k,1,NVIDIA GeForce RTX 4090,GPU-eed52936-813f-8d68-1654-bfb56cb42bc3,24564,23022,1117,0
2026-08-21T02:45:24.6048242+12:00,4090-deep-100k,0,NVIDIA GeForce RTX 5090,GPU-67921d1c-ee8e-304f-b562-d6f87617c5a0,32607,30569,1619,0
2026-08-21T02:45:24.6048242+12:00,4090-deep-100k,1,NVIDIA GeForce RTX 4090,GPU-eed52936-813f-8d68-1654-bfb56cb42bc3,24564,23022,1117,0
2026-08-21T02:45:24.9181951+12:00,4090-deep-100k,0,NVIDIA GeForce RTX 5090,GPU-67921d1c-ee8e-304f-b562-d6f87617c5a0,32607,30566,1621,0
2026-08-21T02:45:24.9181951+12:00,4090-deep-100k,1,NVIDIA GeForce RTX 4090,GPU-eed52936-813f-8d68-1654-bfb56cb42bc3,24564,23022,1117,0
2026-08-21T02:45:25.2434530+12:00,4090-deep-100k,0,NVIDIA GeForce RTX 5090,GPU-67921d1c-ee8e-304f-b562-d6f87617c5a0,32607,30562,1625,0
2026-08-21T02:45:25.2434530+12:00,4090-deep-100k,1,NVIDIA GeForce RTX 4090,GPU-eed52936-813f-8d68-1654-bfb56cb42bc3,24564,23022,1117,0
2026-08-21T02:45:25.5706062+12:00,4090-deep-100k,0,NVIDIA GeForce RTX 5090,GPU-67921d1c-ee8e-304f-b562-d6f87617c5a0,32607,30562,1625,0
2026-08-21T02:45:25.5706062+12:00,4090-deep-100k,1,NVIDIA GeForce RTX 4090,GPU-eed52936-813f-8d68-1654-bfb56cb42bc3,24564,23022,1117,0
2026-08-21T02:45:25.8958081+12:00,4090-deep-100k,0,NVIDIA GeForce RTX 5090,GPU-67921d1c-ee8e-304f-b562-d6f87617c5a0,32607,30562,1625,0
2026-08-21T02:45:25.8958081+12:00,4090-deep-100k,1,NVIDIA GeForce RTX 4090,GPU-eed52936-813f-8d68-1654-bfb56cb42bc3,24564,23022,1117,0
2026-08-21T02:45:26.2221159+12:00,4090-deep-100k,0,NVIDIA GeForce RTX 5090,GPU-67921d1c-ee8e-304f-b562-d6f87617c5a0,32607,30562,1625,0
2026-08-21T02:45:26.2221159+12:00,4090-deep-100k,1,NVIDIA GeForce RTX 4090,GPU-eed52936-813f-8d68-1654-bfb56cb42bc3,24564,23022,1117,0
2026-08-21T02:45:26.5483505+12:00,4090-deep-100k,0,NVIDIA GeForce RTX 5090,GPU-67921d1c-ee8e-304f-b562-d6f87617c5a0,32607,30562,1625,0
2026-08-21T02:45:26.5483505+12:00,4090-deep-100k,1,NVIDIA GeForce RTX 4090,GPU-eed52936-813f-8d68-1654-bfb56cb42bc3,24564,23022,1117,0
2026-08-21T02:45:26.8768919+12:00,4090-deep-100k,0,NVIDIA GeForce RTX 5090,GPU-67921d1c-ee8e-304f-b562-d6f87617c5a0,32607,30568,1620,0
2026-08-21T02:45:26.8768919+12:00,4090-deep-100k,1,NVIDIA GeForce RTX 4090,GPU-eed52936-813f-8d68-1654-bfb56cb42bc3,24564,23022,1117,0
2026-08-21T02:45:27.2026900+12:00,4090-deep-100k,0,NVIDIA GeForce RTX 5090,GPU-67921d1c-ee8e-304f-b562-d6f87617c5a0,32607,30568,1620,0
2026-08-21T02:45:27.2026900+12:00,4090-deep-100k,1,NVIDIA GeForce RTX 4090,GPU-eed52936-813f-8d68-1654-bfb56cb42bc3,24564,23022,1117,0
2026-08-21T02:45:27.5283999+12:00,4090-deep-100k,0,NVIDIA GeForce RTX 5090,GPU-67921d1c-ee8e-304f-b562-d6f87617c5a0,32607,30568,1620,0
2026-08-21T02:45:27.5283999+12:00,4090-deep-100k,1,NVIDIA GeForce RTX 4090,GPU-eed52936-813f-8d68-1654-bfb56cb42bc3,24564,23022,1117,0
2026-08-21T02:45:27.8542310+12:00,4090-deep-100k,0,NVIDIA GeForce RTX 5090,GPU-67921d1c-ee8e-304f-b562-d6f87617c5a0,32607,30569,1619,0
2026-08-21T02:45:27.8542310+12:00,4090-deep-100k,1,NVIDIA GeForce RTX 4090,GPU-eed52936-813f-8d68-1654-bfb56cb42bc3,24564,23022,1117,0
2026-08-21T02:45:28.1727451+12:00,4090-deep-100k,0,NVIDIA GeForce RTX 5090,GPU-67921d1c-ee8e-304f-b562-d6f87617c5a0,32607,30569,1619,0
2026-08-21T02:45:28.1727451+12:00,4090-deep-100k,1,NVIDIA GeForce RTX 4090,GPU-eed52936-813f-8d68-1654-bfb56cb42bc3,24564,23022,1117,0
2026-08-21T02:45:28.4952328+12:00,4090-deep-100k,0,NVIDIA GeForce RTX 5090,GPU-67921d1c-ee8e-304f-b562-d6f87617c5a0,32607,30569,1619,0
2026-08-21T02:45:28.4952328+12:00,4090-deep-100k,1,NVIDIA GeForce RTX 4090,GPU-eed52936-813f-8d68-1654-bfb56cb42bc3,24564,23022,1117,0
2026-08-21T02:45:28.8223878+12:00,4090-deep-100k,0,NVIDIA GeForce RTX 5090,GPU-67921d1c-ee8e-304f-b562-d6f87617c5a0,32607,30569,1619,0
2026-08-21T02:45:28.8223878+12:00,4090-deep-100k,1,NVIDIA GeForce RTX 4090,GPU-eed52936-813f-8d68-1654-bfb56cb42bc3,24564,23022,1117,0
2026-08-21T02:45:29.1353174+12:00,4090-deep-100k,0,NVIDIA GeForce RTX 5090,GPU-67921d1c-ee8e-304f-b562-d6f87617c5a0,32607,30569,1619,0
2026-08-21T02:45:29.1353174+12:00,4090-deep-100k,1,NVIDIA GeForce RTX 4090,GPU-eed52936-813f-8d68-1654-bfb56cb42bc3,24564,23022,1117,0
2026-08-21T02:45:29.4610458+12:00,4090-deep-100k,0,NVIDIA GeForce RTX 5090,GPU-67921d1c-ee8e-304f-b562-d6f87617c5a0,32607,30580,1607,0
2026-08-21T02:45:29.4610458+12:00,4090-deep-100k,1,NVIDIA GeForce RTX 4090,GPU-eed52936-813f-8d68-1654-bfb56cb42bc3,24564,23022,1117,0
2026-08-21T02:45:29.7736884+12:00,4090-deep-100k,0,NVIDIA GeForce RTX 5090,GPU-67921d1c-ee8e-304f-b562-d6f87617c5a0,32607,30580,1607,0
2026-08-21T02:45:29.7736884+12:00,4090-deep-100k,1,NVIDIA GeForce RTX 4090,GPU-eed52936-813f-8d68-1654-bfb56cb42bc3,24564,23022,1117,0
2026-08-21T02:45:30.0963272+12:00,4090-deep-100k,0,NVIDIA GeForce RTX 5090,GPU-67921d1c-ee8e-304f-b562-d6f87617c5a0,32607,30580,1607,0
2026-08-21T02:45:30.0963272+12:00,4090-deep-100k,1,NVIDIA GeForce RTX 4090,GPU-eed52936-813f-8d68-1654-bfb56cb42bc3,24564,23022,1117,0
2026-08-21T02:45:30.4078268+12:00,4090-deep-100k,0,NVIDIA GeForce RTX 5090,GPU-67921d1c-ee8e-304f-b562-d6f87617c5a0,32607,30580,1607,0
2026-08-21T02:45:30.4078268+12:00,4090-deep-100k,1,NVIDIA GeForce RTX 4090,GPU-eed52936-813f-8d68-1654-bfb56cb42bc3,24564,23022,1117,0
2026-08-21T02:45:30.7196175+12:00,4090-deep-100k,0,NVIDIA GeForce RTX 5090,GPU-67921d1c-ee8e-304f-b562-d6f87617c5a0,32607,30580,1607,0
2026-08-21T02:45:30.7196175+12:00,4090-deep-100k,1,NVIDIA GeForce RTX 4090,GPU-eed52936-813f-8d68-1654-bfb56cb42bc3,24564,23022,1117,0
2026-08-21T02:45:31.0434676+12:00,4090-deep-100k,0,NVIDIA GeForce RTX 5090,GPU-67921d1c-ee8e-304f-b562-d6f87617c5a0,32607,30570,1618,0
2026-08-21T02:45:31.0434676+12:00,4090-deep-100k,1,NVIDIA GeForce RTX 4090,GPU-eed52936-813f-8d68-1654-bfb56cb42bc3,24564,23022,1117,0
2026-08-21T02:45:31.3553637+12:00,4090-deep-100k,0,NVIDIA GeForce RTX 5090,GPU-67921d1c-ee8e-304f-b562-d6f87617c5a0,32607,30570,1618,0
2026-08-21T02:45:31.3553637+12:00,4090-deep-100k,1,NVIDIA GeForce RTX 4090,GPU-eed52936-813f-8d68-1654-bfb56cb42bc3,24564,23022,1117,0
2026-08-21T02:45:31.6660393+12:00,4090-deep-100k,0,NVIDIA GeForce RTX 5090,GPU-67921d1c-ee8e-304f-b562-d6f87617c5a0,32607,30570,1618,0
2026-08-21T02:45:31.6660393+12:00,4090-deep-100k,1,NVIDIA GeForce RTX 4090,GPU-eed52936-813f-8d68-1654-bfb56cb42bc3,24564,23022,1117,0
2026-08-21T02:45:31.9915345+12:00,4090-deep-100k,0,NVIDIA GeForce RTX 5090,GPU-67921d1c-ee8e-304f-b562-d6f87617c5a0,32607,30571,1617,0
2026-08-21T02:45:31.9915345+12:00,4090-deep-100k,1,NVIDIA GeForce RTX 4090,GPU-eed52936-813f-8d68-1654-bfb56cb42bc3,24564,23022,1117,0
2026-08-21T02:45:32.3189465+12:00,4090-deep-100k,0,NVIDIA GeForce RTX 5090,GPU-67921d1c-ee8e-304f-b562-d6f87617c5a0,32607,30571,1617,0
2026-08-21T02:45:32.3189465+12:00,4090-deep-100k,1,NVIDIA GeForce RTX 4090,GPU-eed52936-813f-8d68-1654-bfb56cb42bc3,24564,23022,1117,0
2026-08-21T02:45:32.6439364+12:00,4090-deep-100k,0,NVIDIA GeForce RTX 5090,GPU-67921d1c-ee8e-304f-b562-d6f87617c5a0,32607,30571,1617,0
2026-08-21T02:45:32.6439364+12:00,4090-deep-100k,1,NVIDIA GeForce RTX 4090,GPU-eed52936-813f-8d68-1654-bfb56cb42bc3,24564,23022,1117,0
2026-08-21T02:45:32.9745358+12:00,4090-deep-100k,0,NVIDIA GeForce RTX 5090,GPU-67921d1c-ee8e-304f-b562-d6f87617c5a0,32607,30571,1617,0
2026-08-21T02:45:32.9745358+12:00,4090-deep-100k,1,NVIDIA GeForce RTX 4090,GPU-eed52936-813f-8d68-1654-bfb56cb42bc3,24564,23022,1117,0
2026-08-21T02:45:33.3022209+12:00,4090-deep-100k,0,NVIDIA GeForce RTX 5090,GPU-67921d1c-ee8e-304f-b562-d6f87617c5a0,32607,30571,1617,0
2026-08-21T02:45:33.3022209+12:00,4090-deep-100k,1,NVIDIA GeForce RTX 4090,GPU-eed52936-813f-8d68-1654-bfb56cb42bc3,24564,23022,1117,0
2026-08-21T02:45:33.6296031+12:00,4090-deep-100k,0,NVIDIA GeForce RTX 5090,GPU-67921d1c-ee8e-304f-b562-d6f87617c5a0,32607,30571,1617,0
2026-08-21T02:45:33.6296031+12:00,4090-deep-100k,1,NVIDIA GeForce RTX 4090,GPU-eed52936-813f-8d68-1654-bfb56cb42bc3,24564,23022,1117,0
2026-08-21T02:45:33.9600141+12:00,4090-deep-100k,0,NVIDIA GeForce RTX 5090,GPU-67921d1c-ee8e-304f-b562-d6f87617c5a0,32607,30565,1622,0
2026-08-21T02:45:33.9600141+12:00,4090-deep-100k,1,NVIDIA GeForce RTX 4090,GPU-eed52936-813f-8d68-1654-bfb56cb42bc3,24564,23022,1117,0
2026-08-21T02:45:34.2913593+12:00,4090-deep-100k,0,NVIDIA GeForce RTX 5090,GPU-67921d1c-ee8e-304f-b562-d6f87617c5a0,32607,30565,1622,0
2026-08-21T02:45:34.2913593+12:00,4090-deep-100k,1,NVIDIA GeForce RTX 4090,GPU-eed52936-813f-8d68-1654-bfb56cb42bc3,24564,23022,1117,0
2026-08-21T02:45:34.6205143+12:00,4090-deep-100k,0,NVIDIA GeForce RTX 5090,GPU-67921d1c-ee8e-304f-b562-d6f87617c5a0,32607,30564,1624,0
2026-08-21T02:45:34.6205143+12:00,4090-deep-100k,1,NVIDIA GeForce RTX 4090,GPU-eed52936-813f-8d68-1654-bfb56cb42bc3,24564,23022,1117,0
2026-08-21T02:45:34.9313840+12:00,4090-deep-100k,0,NVIDIA GeForce RTX 5090,GPU-67921d1c-ee8e-304f-b562-d6f87617c5a0,32607,30568,1620,0
2026-08-21T02:45:34.9313840+12:00,4090-deep-100k,1,NVIDIA GeForce RTX 4090,GPU-eed52936-813f-8d68-1654-bfb56cb42bc3,24564,23022,1117,0
2026-08-21T02:45:35.2600090+12:00,4090-deep-100k,0,NVIDIA GeForce RTX 5090,GPU-67921d1c-ee8e-304f-b562-d6f87617c5a0,32607,30568,1620,0
2026-08-21T02:45:35.2600090+12:00,4090-deep-100k,1,NVIDIA GeForce RTX 4090,GPU-eed52936-813f-8d68-1654-bfb56cb42bc3,24564,23022,1117,0
2026-08-21T02:45:35.5878349+12:00,4090-deep-100k,0,NVIDIA GeForce RTX 5090,GPU-67921d1c-ee8e-304f-b562-d6f87617c5a0,32607,30568,1620,0
2026-08-21T02:45:35.5878349+12:00,4090-deep-100k,1,NVIDIA GeForce RTX 4090,GPU-eed52936-813f-8d68-1654-bfb56cb42bc3,24564,23022,1117,0
2026-08-21T02:45:35.8992823+12:00,4090-deep-100k,0,NVIDIA GeForce RTX 5090,GPU-67921d1c-ee8e-304f-b562-d6f87617c5a0,32607,30569,1619,0
2026-08-21T02:45:35.8992823+12:00,4090-deep-100k,1,NVIDIA GeForce RTX 4090,GPU-eed52936-813f-8d68-1654-bfb56cb42bc3,24564,23028,1111,96
2026-08-21T02:45:36.2119819+12:00,4090-deep-100k,0,NVIDIA GeForce RTX 5090,GPU-67921d1c-ee8e-304f-b562-d6f87617c5a0,32607,30569,1619,0
2026-08-21T02:45:36.2119819+12:00,4090-deep-100k,1,NVIDIA GeForce RTX 4090,GPU-eed52936-813f-8d68-1654-bfb56cb42bc3,24564,23034,1105,94
2026-08-21T02:45:36.5283276+12:00,4090-deep-100k,0,NVIDIA GeForce RTX 5090,GPU-67921d1c-ee8e-304f-b562-d6f87617c5a0,32607,30569,1619,0
2026-08-21T02:45:36.5283276+12:00,4090-deep-100k,1,NVIDIA GeForce RTX 4090,GPU-eed52936-813f-8d68-1654-bfb56cb42bc3,24564,23034,1105,94
2026-08-21T02:45:36.8385031+12:00,4090-deep-100k,0,NVIDIA GeForce RTX 5090,GPU-67921d1c-ee8e-304f-b562-d6f87617c5a0,32607,30569,1619,0
2026-08-21T02:45:36.8385031+12:00,4090-deep-100k,1,NVIDIA GeForce RTX 4090,GPU-eed52936-813f-8d68-1654-bfb56cb42bc3,24564,23034,1105,98
2026-08-21T02:45:37.1512775+12:00,4090-deep-100k,0,NVIDIA GeForce RTX 5090,GPU-67921d1c-ee8e-304f-b562-d6f87617c5a0,32607,30569,1619,0
2026-08-21T02:45:37.1512775+12:00,4090-deep-100k,1,NVIDIA GeForce RTX 4090,GPU-eed52936-813f-8d68-1654-bfb56cb42bc3,24564,23034,1105,98
2026-08-21T02:45:37.4630198+12:00,4090-deep-100k,0,NVIDIA GeForce RTX 5090,GPU-67921d1c-ee8e-304f-b562-d6f87617c5a0,32607,30569,1619,0
2026-08-21T02:45:37.4630198+12:00,4090-deep-100k,1,NVIDIA GeForce RTX 4090,GPU-eed52936-813f-8d68-1654-bfb56cb42bc3,24564,23034,1105,87
2026-08-21T02:45:37.7736809+12:00,4090-deep-100k,0,NVIDIA GeForce RTX 5090,GPU-67921d1c-ee8e-304f-b562-d6f87617c5a0,32607,30569,1619,0
2026-08-21T02:45:37.7736809+12:00,4090-deep-100k,1,NVIDIA GeForce RTX 4090,GPU-eed52936-813f-8d68-1654-bfb56cb42bc3,24564,23034,1105,79
2026-08-21T02:45:38.0884132+12:00,4090-deep-100k,0,NVIDIA GeForce RTX 5090,GPU-67921d1c-ee8e-304f-b562-d6f87617c5a0,32607,30563,1625,0
2026-08-21T02:45:38.0884132+12:00,4090-deep-100k,1,NVIDIA GeForce RTX 4090,GPU-eed52936-813f-8d68-1654-bfb56cb42bc3,24564,23034,1105,79
2026-08-21T02:45:38.4000850+12:00,4090-deep-100k,0,NVIDIA GeForce RTX 5090,GPU-67921d1c-ee8e-304f-b562-d6f87617c5a0,32607,30563,1625,0
2026-08-21T02:45:38.4000850+12:00,4090-deep-100k,1,NVIDIA GeForce RTX 4090,GPU-eed52936-813f-8d68-1654-bfb56cb42bc3,24564,23034,1105,79
2026-08-21T02:45:38.7109024+12:00,4090-deep-100k,0,NVIDIA GeForce RTX 5090,GPU-67921d1c-ee8e-304f-b562-d6f87617c5a0,32607,30563,1625,0
2026-08-21T02:45:38.7109024+12:00,4090-deep-100k,1,NVIDIA GeForce RTX 4090,GPU-eed52936-813f-8d68-1654-bfb56cb42bc3,24564,23034,1105,99
2026-08-21T02:45:39.0226837+12:00,4090-deep-100k,0,NVIDIA GeForce RTX 5090,GPU-67921d1c-ee8e-304f-b562-d6f87617c5a0,32607,30568,1620,0
2026-08-21T02:45:39.0226837+12:00,4090-deep-100k,1,NVIDIA GeForce RTX 4090,GPU-eed52936-813f-8d68-1654-bfb56cb42bc3,24564,23034,1105,99
2026-08-21T02:45:39.3335518+12:00,4090-deep-100k,0,NVIDIA GeForce RTX 5090,GPU-67921d1c-ee8e-304f-b562-d6f87617c5a0,32607,30568,1620,0
2026-08-21T02:45:39.3335518+12:00,4090-deep-100k,1,NVIDIA GeForce RTX 4090,GPU-eed52936-813f-8d68-1654-bfb56cb42bc3,24564,23034,1105,95
2026-08-21T02:45:39.6447329+12:00,4090-deep-100k,0,NVIDIA GeForce RTX 5090,GPU-67921d1c-ee8e-304f-b562-d6f87617c5a0,32607,30568,1620,0
2026-08-21T02:45:39.6447329+12:00,4090-deep-100k,1,NVIDIA GeForce RTX 4090,GPU-eed52936-813f-8d68-1654-bfb56cb42bc3,24564,23034,1105,95
2026-08-21T02:45:39.9557070+12:00,4090-deep-100k,0,NVIDIA GeForce RTX 5090,GPU-67921d1c-ee8e-304f-b562-d6f87617c5a0,32607,30569,1619,0
2026-08-21T02:45:39.9557070+12:00,4090-deep-100k,1,NVIDIA GeForce RTX 4090,GPU-eed52936-813f-8d68-1654-bfb56cb42bc3,24564,23034,1105,94
2026-08-21T02:45:40.2698506+12:00,4090-deep-100k,0,NVIDIA GeForce RTX 5090,GPU-67921d1c-ee8e-304f-b562-d6f87617c5a0,32607,30569,1619,0
2026-08-21T02:45:40.2698506+12:00,4090-deep-100k,1,NVIDIA GeForce RTX 4090,GPU-eed52936-813f-8d68-1654-bfb56cb42bc3,24564,23034,1105,95
2026-08-21T02:45:40.5842167+12:00,4090-deep-100k,0,NVIDIA GeForce RTX 5090,GPU-67921d1c-ee8e-304f-b562-d6f87617c5a0,32607,30569,1619,0
2026-08-21T02:45:40.5842167+12:00,4090-deep-100k,1,NVIDIA GeForce RTX 4090,GPU-eed52936-813f-8d68-1654-bfb56cb42bc3,24564,23034,1105,95
2026-08-21T02:45:40.9091336+12:00,4090-deep-100k,0,NVIDIA GeForce RTX 5090,GPU-67921d1c-ee8e-304f-b562-d6f87617c5a0,32607,30569,1619,0
2026-08-21T02:45:40.9091336+12:00,4090-deep-100k,1,NVIDIA GeForce RTX 4090,GPU-eed52936-813f-8d68-1654-bfb56cb42bc3,24564,23034,1105,78
2026-08-21T02:45:41.2216323+12:00,4090-deep-100k,0,NVIDIA GeForce RTX 5090,GPU-67921d1c-ee8e-304f-b562-d6f87617c5a0,32607,30569,1619,0
2026-08-21T02:45:41.2216323+12:00,4090-deep-100k,1,NVIDIA GeForce RTX 4090,GPU-eed52936-813f-8d68-1654-bfb56cb42bc3,24564,23034,1105,91
2026-08-21T02:45:41.5326712+12:00,4090-deep-100k,0,NVIDIA GeForce RTX 5090,GPU-67921d1c-ee8e-304f-b562-d6f87617c5a0,32607,30569,1619,0
2026-08-21T02:45:41.5326712+12:00,4090-deep-100k,1,NVIDIA GeForce RTX 4090,GPU-eed52936-813f-8d68-1654-bfb56cb42bc3,24564,23034,1105,91
2026-08-21T02:45:41.8439494+12:00,4090-deep-100k,0,NVIDIA GeForce RTX 5090,GPU-67921d1c-ee8e-304f-b562-d6f87617c5a0,32607,30568,1620,0
2026-08-21T02:45:41.8439494+12:00,4090-deep-100k,1,NVIDIA GeForce RTX 4090,GPU-eed52936-813f-8d68-1654-bfb56cb42bc3,24564,23034,1105,95
2026-08-21T02:45:42.1572438+12:00,4090-deep-100k,0,NVIDIA GeForce RTX 5090,GPU-67921d1c-ee8e-304f-b562-d6f87617c5a0,32607,30563,1625,0
2026-08-21T02:45:42.1572438+12:00,4090-deep-100k,1,NVIDIA GeForce RTX 4090,GPU-eed52936-813f-8d68-1654-bfb56cb42bc3,24564,23034,1105,95
2026-08-21T02:45:42.4672185+12:00,4090-deep-100k,0,NVIDIA GeForce RTX 5090,GPU-67921d1c-ee8e-304f-b562-d6f87617c5a0,32607,30563,1625,0
2026-08-21T02:45:42.4672185+12:00,4090-deep-100k,1,NVIDIA GeForce RTX 4090,GPU-eed52936-813f-8d68-1654-bfb56cb42bc3,24564,23034,1105,95
2026-08-21T02:45:42.7781727+12:00,4090-deep-100k,0,NVIDIA GeForce RTX 5090,GPU-67921d1c-ee8e-304f-b562-d6f87617c5a0,32607,30563,1625,0
2026-08-21T02:45:42.7781727+12:00,4090-deep-100k,1,NVIDIA GeForce RTX 4090,GPU-eed52936-813f-8d68-1654-bfb56cb42bc3,24564,23034,1105,80
2026-08-21T02:45:43.0937489+12:00,4090-deep-100k,0,NVIDIA GeForce RTX 5090,GPU-67921d1c-ee8e-304f-b562-d6f87617c5a0,32607,30568,1620,0
2026-08-21T02:45:43.0937489+12:00,4090-deep-100k,1,NVIDIA GeForce RTX 4090,GPU-eed52936-813f-8d68-1654-bfb56cb42bc3,24564,23034,1105,80
2026-08-21T02:45:43.4056352+12:00,4090-deep-100k,0,NVIDIA GeForce RTX 5090,GPU-67921d1c-ee8e-304f-b562-d6f87617c5a0,32607,30568,1620,0
2026-08-21T02:45:43.4056352+12:00,4090-deep-100k,1,NVIDIA GeForce RTX 4090,GPU-eed52936-813f-8d68-1654-bfb56cb42bc3,24564,23034,1105,88
2026-08-21T02:45:43.7182215+12:00,4090-deep-100k,0,NVIDIA GeForce RTX 5090,GPU-67921d1c-ee8e-304f-b562-d6f87617c5a0,32607,30568,1620,0
2026-08-21T02:45:43.7182215+12:00,4090-deep-100k,1,NVIDIA GeForce RTX 4090,GPU-eed52936-813f-8d68-1654-bfb56cb42bc3,24564,23034,1105,95
2026-08-21T02:45:44.0305495+12:00,4090-deep-100k,0,NVIDIA GeForce RTX 5090,GPU-67921d1c-ee8e-304f-b562-d6f87617c5a0,32607,30569,1619,0
2026-08-21T02:45:44.0305495+12:00,4090-deep-100k,1,NVIDIA GeForce RTX 4090,GPU-eed52936-813f-8d68-1654-bfb56cb42bc3,24564,23034,1105,95
2026-08-21T02:45:44.3590698+12:00,4090-deep-100k,0,NVIDIA GeForce RTX 5090,GPU-67921d1c-ee8e-304f-b562-d6f87617c5a0,32607,30569,1619,0
2026-08-21T02:45:44.3590698+12:00,4090-deep-100k,1,NVIDIA GeForce RTX 4090,GPU-eed52936-813f-8d68-1654-bfb56cb42bc3,24564,23034,1105,99
2026-08-21T02:45:44.6720903+12:00,4090-deep-100k,0,NVIDIA GeForce RTX 5090,GPU-67921d1c-ee8e-304f-b562-d6f87617c5a0,32607,30569,1619,0
2026-08-21T02:45:44.6720903+12:00,4090-deep-100k,1,NVIDIA GeForce RTX 4090,GPU-eed52936-813f-8d68-1654-bfb56cb42bc3,24564,23034,1105,99
2026-08-21T02:45:44.9825434+12:00,4090-deep-100k,0,NVIDIA GeForce RTX 5090,GPU-67921d1c-ee8e-304f-b562-d6f87617c5a0,32607,30569,1619,0
2026-08-21T02:45:44.9825434+12:00,4090-deep-100k,1,NVIDIA GeForce RTX 4090,GPU-eed52936-813f-8d68-1654-bfb56cb42bc3,24564,23034,1105,78
2026-08-21T02:45:45.3099908+12:00,4090-deep-100k,0,NVIDIA GeForce RTX 5090,GPU-67921d1c-ee8e-304f-b562-d6f87617c5a0,32607,30569,1619,0
2026-08-21T02:45:45.3099908+12:00,4090-deep-100k,1,NVIDIA GeForce RTX 4090,GPU-eed52936-813f-8d68-1654-bfb56cb42bc3,24564,23034,1105,97
2026-08-21T02:45:45.6208900+12:00,4090-deep-100k,0,NVIDIA GeForce RTX 5090,GPU-67921d1c-ee8e-304f-b562-d6f87617c5a0,32607,30569,1619,0
2026-08-21T02:45:45.6208900+12:00,4090-deep-100k,1,NVIDIA GeForce RTX 4090,GPU-eed52936-813f-8d68-1654-bfb56cb42bc3,24564,23034,1105,97
2026-08-21T02:45:45.9357288+12:00,4090-deep-100k,0,NVIDIA GeForce RTX 5090,GPU-67921d1c-ee8e-304f-b562-d6f87617c5a0,32607,30567,1621,0
2026-08-21T02:45:45.9357288+12:00,4090-deep-100k,1,NVIDIA GeForce RTX 4090,GPU-eed52936-813f-8d68-1654-bfb56cb42bc3,24564,23034,1105,94
2026-08-21T02:45:46.2485130+12:00,4090-deep-100k,0,NVIDIA GeForce RTX 5090,GPU-67921d1c-ee8e-304f-b562-d6f87617c5a0,32607,30563,1625,0
2026-08-21T02:45:46.2485130+12:00,4090-deep-100k,1,NVIDIA GeForce RTX 4090,GPU-eed52936-813f-8d68-1654-bfb56cb42bc3,24564,23034,1105,79
2026-08-21T02:45:46.5571147+12:00,4090-deep-100k,0,NVIDIA GeForce RTX 5090,GPU-67921d1c-ee8e-304f-b562-d6f87617c5a0,32607,30563,1625,0
2026-08-21T02:45:46.5571147+12:00,4090-deep-100k,1,NVIDIA GeForce RTX 4090,GPU-eed52936-813f-8d68-1654-bfb56cb42bc3,24564,23034,1105,79
2026-08-21T02:45:46.8695585+12:00,4090-deep-100k,0,NVIDIA GeForce RTX 5090,GPU-67921d1c-ee8e-304f-b562-d6f87617c5a0,32607,30568,1620,0
2026-08-21T02:45:46.8695585+12:00,4090-deep-100k,1,NVIDIA GeForce RTX 4090,GPU-eed52936-813f-8d68-1654-bfb56cb42bc3,24564,23034,1105,99
2026-08-21T02:45:47.1829420+12:00,4090-deep-100k,0,NVIDIA GeForce RTX 5090,GPU-67921d1c-ee8e-304f-b562-d6f87617c5a0,32607,30568,1620,0
2026-08-21T02:45:47.1829420+12:00,4090-deep-100k,1,NVIDIA GeForce RTX 4090,GPU-eed52936-813f-8d68-1654-bfb56cb42bc3,24564,23034,1105,99
2026-08-21T02:45:47.4939041+12:00,4090-deep-100k,0,NVIDIA GeForce RTX 5090,GPU-67921d1c-ee8e-304f-b562-d6f87617c5a0,32607,30568,1620,0
2026-08-21T02:45:47.4939041+12:00,4090-deep-100k,1,NVIDIA GeForce RTX 4090,GPU-eed52936-813f-8d68-1654-bfb56cb42bc3,24564,23034,1105,94
2026-08-21T02:45:47.8082606+12:00,4090-deep-100k,0,NVIDIA GeForce RTX 5090,GPU-67921d1c-ee8e-304f-b562-d6f87617c5a0,32607,30568,1620,0
2026-08-21T02:45:47.8082606+12:00,4090-deep-100k,1,NVIDIA GeForce RTX 4090,GPU-eed52936-813f-8d68-1654-bfb56cb42bc3,24564,23034,1105,79
2026-08-21T02:45:48.1363376+12:00,4090-deep-100k,0,NVIDIA GeForce RTX 5090,GPU-67921d1c-ee8e-304f-b562-d6f87617c5a0,32607,30569,1619,0
2026-08-21T02:45:48.1363376+12:00,4090-deep-100k,1,NVIDIA GeForce RTX 4090,GPU-eed52936-813f-8d68-1654-bfb56cb42bc3,24564,23034,1105,79
2026-08-21T02:45:48.4480684+12:00,4090-deep-100k,0,NVIDIA GeForce RTX 5090,GPU-67921d1c-ee8e-304f-b562-d6f87617c5a0,32607,30569,1619,0
2026-08-21T02:45:48.4480684+12:00,4090-deep-100k,1,NVIDIA GeForce RTX 4090,GPU-eed52936-813f-8d68-1654-bfb56cb42bc3,24564,23034,1105,95
2026-08-21T02:45:48.7585999+12:00,4090-deep-100k,0,NVIDIA GeForce RTX 5090,GPU-67921d1c-ee8e-304f-b562-d6f87617c5a0,32607,30569,1619,0
2026-08-21T02:45:48.7585999+12:00,4090-deep-100k,1,NVIDIA GeForce RTX 4090,GPU-eed52936-813f-8d68-1654-bfb56cb42bc3,24564,23034,1105,99
2026-08-21T02:45:49.0704611+12:00,4090-deep-100k,0,NVIDIA GeForce RTX 5090,GPU-67921d1c-ee8e-304f-b562-d6f87617c5a0,32607,30569,1619,0
2026-08-21T02:45:49.0704611+12:00,4090-deep-100k,1,NVIDIA GeForce RTX 4090,GPU-eed52936-813f-8d68-1654-bfb56cb42bc3,24564,23034,1105,99
2026-08-21T02:45:49.3816238+12:00,4090-deep-100k,0,NVIDIA GeForce RTX 5090,GPU-67921d1c-ee8e-304f-b562-d6f87617c5a0,32607,30569,1619,0
2026-08-21T02:45:49.3816238+12:00,4090-deep-100k,1,NVIDIA GeForce RTX 4090,GPU-eed52936-813f-8d68-1654-bfb56cb42bc3,24564,23034,1105,78
2026-08-21T02:45:49.6925254+12:00,4090-deep-100k,0,NVIDIA GeForce RTX 5090,GPU-67921d1c-ee8e-304f-b562-d6f87617c5a0,32607,30569,1619,0
2026-08-21T02:45:49.6925254+12:00,4090-deep-100k,1,NVIDIA GeForce RTX 4090,GPU-eed52936-813f-8d68-1654-bfb56cb42bc3,24564,23034,1105,78
2026-08-21T02:45:50.0224017+12:00,4090-deep-100k,0,NVIDIA GeForce RTX 5090,GPU-67921d1c-ee8e-304f-b562-d6f87617c5a0,32607,30563,1625,0
2026-08-21T02:45:50.0224017+12:00,4090-deep-100k,1,NVIDIA GeForce RTX 4090,GPU-eed52936-813f-8d68-1654-bfb56cb42bc3,24564,23034,1105,95
2026-08-21T02:45:50.3318457+12:00,4090-deep-100k,0,NVIDIA GeForce RTX 5090,GPU-67921d1c-ee8e-304f-b562-d6f87617c5a0,32607,30563,1625,0
2026-08-21T02:45:50.3318457+12:00,4090-deep-100k,1,NVIDIA GeForce RTX 4090,GPU-eed52936-813f-8d68-1654-bfb56cb42bc3,24564,23034,1105,82
2026-08-21T02:45:50.6457165+12:00,4090-deep-100k,0,NVIDIA GeForce RTX 5090,GPU-67921d1c-ee8e-304f-b562-d6f87617c5a0,32607,30563,1625,0
2026-08-21T02:45:50.6457165+12:00,4090-deep-100k,1,NVIDIA GeForce RTX 4090,GPU-eed52936-813f-8d68-1654-bfb56cb42bc3,24564,23034,1105,82
2026-08-21T02:45:50.9583343+12:00,4090-deep-100k,0,NVIDIA GeForce RTX 5090,GPU-67921d1c-ee8e-304f-b562-d6f87617c5a0,32607,30568,1620,0
2026-08-21T02:45:50.9583343+12:00,4090-deep-100k,1,NVIDIA GeForce RTX 4090,GPU-eed52936-813f-8d68-1654-bfb56cb42bc3,24564,23034,1105,98
2026-08-21T02:45:51.2709899+12:00,4090-deep-100k,0,NVIDIA GeForce RTX 5090,GPU-67921d1c-ee8e-304f-b562-d6f87617c5a0,32607,30568,1620,0
2026-08-21T02:45:51.2709899+12:00,4090-deep-100k,1,NVIDIA GeForce RTX 4090,GPU-eed52936-813f-8d68-1654-bfb56cb42bc3,24564,23034,1105,99
2026-08-21T02:45:51.5826141+12:00,4090-deep-100k,0,NVIDIA GeForce RTX 5090,GPU-67921d1c-ee8e-304f-b562-d6f87617c5a0,32607,30568,1620,0
2026-08-21T02:45:51.5826141+12:00,4090-deep-100k,1,NVIDIA GeForce RTX 4090,GPU-eed52936-813f-8d68-1654-bfb56cb42bc3,24564,23034,1105,99
2026-08-21T02:45:51.8942251+12:00,4090-deep-100k,0,NVIDIA GeForce RTX 5090,GPU-67921d1c-ee8e-304f-b562-d6f87617c5a0,32607,30569,1619,0
2026-08-21T02:45:51.8942251+12:00,4090-deep-100k,1,NVIDIA GeForce RTX 4090,GPU-eed52936-813f-8d68-1654-bfb56cb42bc3,24564,23034,1105,78
2026-08-21T02:45:52.2040572+12:00,4090-deep-100k,0,NVIDIA GeForce RTX 5090,GPU-67921d1c-ee8e-304f-b562-d6f87617c5a0,32607,30569,1619,0
2026-08-21T02:45:52.2040572+12:00,4090-deep-100k,1,NVIDIA GeForce RTX 4090,GPU-eed52936-813f-8d68-1654-bfb56cb42bc3,24564,23034,1105,95
2026-08-21T02:45:52.5165363+12:00,4090-deep-100k,0,NVIDIA GeForce RTX 5090,GPU-67921d1c-ee8e-304f-b562-d6f87617c5a0,32607,30569,1619,0
2026-08-21T02:45:52.5165363+12:00,4090-deep-100k,1,NVIDIA GeForce RTX 4090,GPU-eed52936-813f-8d68-1654-bfb56cb42bc3,24564,23034,1105,95
2026-08-21T02:45:52.8284386+12:00,4090-deep-100k,0,NVIDIA GeForce RTX 5090,GPU-67921d1c-ee8e-304f-b562-d6f87617c5a0,32607,30569,1619,0
2026-08-21T02:45:52.8284386+12:00,4090-deep-100k,1,NVIDIA GeForce RTX 4090,GPU-eed52936-813f-8d68-1654-bfb56cb42bc3,24564,23034,1105,79
2026-08-21T02:45:53.1422198+12:00,4090-deep-100k,0,NVIDIA GeForce RTX 5090,GPU-67921d1c-ee8e-304f-b562-d6f87617c5a0,32607,30563,1625,0
2026-08-21T02:45:53.1422198+12:00,4090-deep-100k,1,NVIDIA GeForce RTX 4090,GPU-eed52936-813f-8d68-1654-bfb56cb42bc3,24564,23034,1105,79
2026-08-21T02:45:53.4523143+12:00,4090-deep-100k,0,NVIDIA GeForce RTX 5090,GPU-67921d1c-ee8e-304f-b562-d6f87617c5a0,32607,30563,1625,0
2026-08-21T02:45:53.4523143+12:00,4090-deep-100k,1,NVIDIA GeForce RTX 4090,GPU-eed52936-813f-8d68-1654-bfb56cb42bc3,24564,23034,1105,94
2026-08-21T02:45:53.7660256+12:00,4090-deep-100k,0,NVIDIA GeForce RTX 5090,GPU-67921d1c-ee8e-304f-b562-d6f87617c5a0,32607,30563,1625,0
2026-08-21T02:45:53.7660256+12:00,4090-deep-100k,1,NVIDIA GeForce RTX 4090,GPU-eed52936-813f-8d68-1654-bfb56cb42bc3,24564,23034,1105,85
2026-08-21T02:45:54.0762988+12:00,4090-deep-100k,0,NVIDIA GeForce RTX 5090,GPU-67921d1c-ee8e-304f-b562-d6f87617c5a0,32607,30563,1625,0
2026-08-21T02:45:54.0762988+12:00,4090-deep-100k,1,NVIDIA GeForce RTX 4090,GPU-eed52936-813f-8d68-1654-bfb56cb42bc3,24564,23034,1105,85
2026-08-21T02:45:54.3905669+12:00,4090-deep-100k,0,NVIDIA GeForce RTX 5090,GPU-67921d1c-ee8e-304f-b562-d6f87617c5a0,32607,30563,1625,0
2026-08-21T02:45:54.3905669+12:00,4090-deep-100k,1,NVIDIA GeForce RTX 4090,GPU-eed52936-813f-8d68-1654-bfb56cb42bc3,24564,23034,1105,99
2026-08-21T02:45:54.7017271+12:00,4090-deep-100k,0,NVIDIA GeForce RTX 5090,GPU-67921d1c-ee8e-304f-b562-d6f87617c5a0,32607,30563,1625,0
2026-08-21T02:45:54.7017271+12:00,4090-deep-100k,1,NVIDIA GeForce RTX 4090,GPU-eed52936-813f-8d68-1654-bfb56cb42bc3,24564,23034,1105,99
2026-08-21T02:45:55.0134280+12:00,4090-deep-100k,0,NVIDIA GeForce RTX 5090,GPU-67921d1c-ee8e-304f-b562-d6f87617c5a0,32607,30568,1620,0
2026-08-21T02:45:55.0134280+12:00,4090-deep-100k,1,NVIDIA GeForce RTX 4090,GPU-eed52936-813f-8d68-1654-bfb56cb42bc3,24564,23034,1105,99
2026-08-21T02:45:55.3242422+12:00,4090-deep-100k,0,NVIDIA GeForce RTX 5090,GPU-67921d1c-ee8e-304f-b562-d6f87617c5a0,32607,30568,1620,0
2026-08-21T02:45:55.3242422+12:00,4090-deep-100k,1,NVIDIA GeForce RTX 4090,GPU-eed52936-813f-8d68-1654-bfb56cb42bc3,24564,23034,1105,99
2026-08-21T02:45:55.6379779+12:00,4090-deep-100k,0,NVIDIA GeForce RTX 5090,GPU-67921d1c-ee8e-304f-b562-d6f87617c5a0,32607,30568,1620,0
2026-08-21T02:45:55.6379779+12:00,4090-deep-100k,1,NVIDIA GeForce RTX 4090,GPU-eed52936-813f-8d68-1654-bfb56cb42bc3,24564,23034,1105,99
2026-08-21T02:45:55.9517027+12:00,4090-deep-100k,0,NVIDIA GeForce RTX 5090,GPU-67921d1c-ee8e-304f-b562-d6f87617c5a0,32607,30569,1619,0
2026-08-21T02:45:55.9517027+12:00,4090-deep-100k,1,NVIDIA GeForce RTX 4090,GPU-eed52936-813f-8d68-1654-bfb56cb42bc3,24564,23034,1105,99
2026-08-21T02:45:56.2626455+12:00,4090-deep-100k,0,NVIDIA GeForce RTX 5090,GPU-67921d1c-ee8e-304f-b562-d6f87617c5a0,32607,30569,1619,0
2026-08-21T02:45:56.2626455+12:00,4090-deep-100k,1,NVIDIA GeForce RTX 4090,GPU-eed52936-813f-8d68-1654-bfb56cb42bc3,24564,23034,1105,99
2026-08-21T02:45:56.5737623+12:00,4090-deep-100k,0,NVIDIA GeForce RTX 5090,GPU-67921d1c-ee8e-304f-b562-d6f87617c5a0,32607,30569,1619,0
2026-08-21T02:45:56.5737623+12:00,4090-deep-100k,1,NVIDIA GeForce RTX 4090,GPU-eed52936-813f-8d68-1654-bfb56cb42bc3,24564,23034,1105,99
2026-08-21T02:45:56.8850557+12:00,4090-deep-100k,0,NVIDIA GeForce RTX 5090,GPU-67921d1c-ee8e-304f-b562-d6f87617c5a0,32607,30569,1619,0
2026-08-21T02:45:56.8850557+12:00,4090-deep-100k,1,NVIDIA GeForce RTX 4090,GPU-eed52936-813f-8d68-1654-bfb56cb42bc3,24564,23034,1105,99
2026-08-21T02:45:57.2133831+12:00,4090-deep-100k,0,NVIDIA GeForce RTX 5090,GPU-67921d1c-ee8e-304f-b562-d6f87617c5a0,32607,30569,1619,0
2026-08-21T02:45:57.2133831+12:00,4090-deep-100k,1,NVIDIA GeForce RTX 4090,GPU-eed52936-813f-8d68-1654-bfb56cb42bc3,24564,23034,1105,99
2026-08-21T02:45:57.5262686+12:00,4090-deep-100k,0,NVIDIA GeForce RTX 5090,GPU-67921d1c-ee8e-304f-b562-d6f87617c5a0,32607,30569,1619,0
2026-08-21T02:45:57.5262686+12:00,4090-deep-100k,1,NVIDIA GeForce RTX 4090,GPU-eed52936-813f-8d68-1654-bfb56cb42bc3,24564,23034,1105,99
2026-08-21T02:45:57.8404643+12:00,4090-deep-100k,0,NVIDIA GeForce RTX 5090,GPU-67921d1c-ee8e-304f-b562-d6f87617c5a0,32607,30568,1620,0
2026-08-21T02:45:57.8404643+12:00,4090-deep-100k,1,NVIDIA GeForce RTX 4090,GPU-eed52936-813f-8d68-1654-bfb56cb42bc3,24564,23034,1105,99
2026-08-21T02:45:58.1515153+12:00,4090-deep-100k,0,NVIDIA GeForce RTX 5090,GPU-67921d1c-ee8e-304f-b562-d6f87617c5a0,32607,30563,1625,0
2026-08-21T02:45:58.1515153+12:00,4090-deep-100k,1,NVIDIA GeForce RTX 4090,GPU-eed52936-813f-8d68-1654-bfb56cb42bc3,24564,23034,1105,99
2026-08-21T02:45:58.4636668+12:00,4090-deep-100k,0,NVIDIA GeForce RTX 5090,GPU-67921d1c-ee8e-304f-b562-d6f87617c5a0,32607,30563,1625,0
2026-08-21T02:45:58.4636668+12:00,4090-deep-100k,1,NVIDIA GeForce RTX 4090,GPU-eed52936-813f-8d68-1654-bfb56cb42bc3,24564,23034,1105,99
2026-08-21T02:45:58.7745876+12:00,4090-deep-100k,0,NVIDIA GeForce RTX 5090,GPU-67921d1c-ee8e-304f-b562-d6f87617c5a0,32607,30563,1625,0
2026-08-21T02:45:58.7745876+12:00,4090-deep-100k,1,NVIDIA GeForce RTX 4090,GPU-eed52936-813f-8d68-1654-bfb56cb42bc3,24564,23034,1105,99
2026-08-21T02:45:59.0866081+12:00,4090-deep-100k,0,NVIDIA GeForce RTX 5090,GPU-67921d1c-ee8e-304f-b562-d6f87617c5a0,32607,30568,1620,0
2026-08-21T02:45:59.0866081+12:00,4090-deep-100k,1,NVIDIA GeForce RTX 4090,GPU-eed52936-813f-8d68-1654-bfb56cb42bc3,24564,23034,1105,99
2026-08-21T02:45:59.4011544+12:00,4090-deep-100k,0,NVIDIA GeForce RTX 5090,GPU-67921d1c-ee8e-304f-b562-d6f87617c5a0,32607,30568,1620,0
2026-08-21T02:45:59.4011544+12:00,4090-deep-100k,1,NVIDIA GeForce RTX 4090,GPU-eed52936-813f-8d68-1654-bfb56cb42bc3,24564,23034,1105,99
2026-08-21T02:45:59.7123958+12:00,4090-deep-100k,0,NVIDIA GeForce RTX 5090,GPU-67921d1c-ee8e-304f-b562-d6f87617c5a0,32607,30568,1620,0
2026-08-21T02:45:59.7123958+12:00,4090-deep-100k,1,NVIDIA GeForce RTX 4090,GPU-eed52936-813f-8d68-1654-bfb56cb42bc3,24564,23034,1105,92
2026-08-21T02:46:00.0266969+12:00,4090-deep-100k,0,NVIDIA GeForce RTX 5090,GPU-67921d1c-ee8e-304f-b562-d6f87617c5a0,32607,30569,1619,0
2026-08-21T02:46:00.0266969+12:00,4090-deep-100k,1,NVIDIA GeForce RTX 4090,GPU-eed52936-813f-8d68-1654-bfb56cb42bc3,24564,23034,1105,92
2026-08-21T02:46:00.3378801+12:00,4090-deep-100k,0,NVIDIA GeForce RTX 5090,GPU-67921d1c-ee8e-304f-b562-d6f87617c5a0,32607,30569,1619,0
2026-08-21T02:46:00.3378801+12:00,4090-deep-100k,1,NVIDIA GeForce RTX 4090,GPU-eed52936-813f-8d68-1654-bfb56cb42bc3,24564,23034,1105,93
2026-08-21T02:46:00.6502400+12:00,4090-deep-100k,0,NVIDIA GeForce RTX 5090,GPU-67921d1c-ee8e-304f-b562-d6f87617c5a0,32607,30569,1619,0
2026-08-21T02:46:00.6502400+12:00,4090-deep-100k,1,NVIDIA GeForce RTX 4090,GPU-eed52936-813f-8d68-1654-bfb56cb42bc3,24564,23034,1105,93
2026-08-21T02:46:00.9643054+12:00,4090-deep-100k,0,NVIDIA GeForce RTX 5090,GPU-67921d1c-ee8e-304f-b562-d6f87617c5a0,32607,30567,1621,0
2026-08-21T02:46:00.9643054+12:00,4090-deep-100k,1,NVIDIA GeForce RTX 4090,GPU-eed52936-813f-8d68-1654-bfb56cb42bc3,24564,23034,1105,78
2026-08-21T02:46:01.2762764+12:00,4090-deep-100k,0,NVIDIA GeForce RTX 5090,GPU-67921d1c-ee8e-304f-b562-d6f87617c5a0,32607,30563,1625,0
2026-08-21T02:46:01.2762764+12:00,4090-deep-100k,1,NVIDIA GeForce RTX 4090,GPU-eed52936-813f-8d68-1654-bfb56cb42bc3,24564,23034,1105,95
2026-08-21T02:46:01.5877524+12:00,4090-deep-100k,0,NVIDIA GeForce RTX 5090,GPU-67921d1c-ee8e-304f-b562-d6f87617c5a0,32607,30563,1625,0
2026-08-21T02:46:01.5877524+12:00,4090-deep-100k,1,NVIDIA GeForce RTX 4090,GPU-eed52936-813f-8d68-1654-bfb56cb42bc3,24564,23034,1105,95
2026-08-21T02:46:01.9022566+12:00,4090-deep-100k,0,NVIDIA GeForce RTX 5090,GPU-67921d1c-ee8e-304f-b562-d6f87617c5a0,32607,30563,1625,0
2026-08-21T02:46:01.9022566+12:00,4090-deep-100k,1,NVIDIA GeForce RTX 4090,GPU-eed52936-813f-8d68-1654-bfb56cb42bc3,24564,23034,1105,78
2026-08-21T02:46:02.2282208+12:00,4090-deep-100k,0,NVIDIA GeForce RTX 5090,GPU-67921d1c-ee8e-304f-b562-d6f87617c5a0,32607,30563,1625,0
2026-08-21T02:46:02.2282208+12:00,4090-deep-100k,1,NVIDIA GeForce RTX 4090,GPU-eed52936-813f-8d68-1654-bfb56cb42bc3,24564,23034,1105,94
2026-08-21T02:46:02.5382302+12:00,4090-deep-100k,0,NVIDIA GeForce RTX 5090,GPU-67921d1c-ee8e-304f-b562-d6f87617c5a0,32607,30563,1625,0
2026-08-21T02:46:02.5382302+12:00,4090-deep-100k,1,NVIDIA GeForce RTX 4090,GPU-eed52936-813f-8d68-1654-bfb56cb42bc3,24564,23034,1105,94
2026-08-21T02:46:02.8504597+12:00,4090-deep-100k,0,NVIDIA GeForce RTX 5090,GPU-67921d1c-ee8e-304f-b562-d6f87617c5a0,32607,30568,1620,0
2026-08-21T02:46:02.8504597+12:00,4090-deep-100k,1,NVIDIA GeForce RTX 4090,GPU-eed52936-813f-8d68-1654-bfb56cb42bc3,24564,23034,1105,97
2026-08-21T02:46:03.1661405+12:00,4090-deep-100k,0,NVIDIA GeForce RTX 5090,GPU-67921d1c-ee8e-304f-b562-d6f87617c5a0,32607,30568,1620,0
2026-08-21T02:46:03.1661405+12:00,4090-deep-100k,1,NVIDIA GeForce RTX 4090,GPU-eed52936-813f-8d68-1654-bfb56cb42bc3,24564,23034,1105,97
2026-08-21T02:46:03.4751502+12:00,4090-deep-100k,0,NVIDIA GeForce RTX 5090,GPU-67921d1c-ee8e-304f-b562-d6f87617c5a0,32607,30568,1620,0
2026-08-21T02:46:03.4751502+12:00,4090-deep-100k,1,NVIDIA GeForce RTX 4090,GPU-eed52936-813f-8d68-1654-bfb56cb42bc3,24564,23034,1105,99
2026-08-21T02:46:03.7856138+12:00,4090-deep-100k,0,NVIDIA GeForce RTX 5090,GPU-67921d1c-ee8e-304f-b562-d6f87617c5a0,32607,30580,1608,1
2026-08-21T02:46:03.7856138+12:00,4090-deep-100k,1,NVIDIA GeForce RTX 4090,GPU-eed52936-813f-8d68-1654-bfb56cb42bc3,24564,23034,1105,99
2026-08-21T02:46:04.1112946+12:00,4090-deep-100k,0,NVIDIA GeForce RTX 5090,GPU-67921d1c-ee8e-304f-b562-d6f87617c5a0,32607,30581,1607,1
2026-08-21T02:46:04.1112946+12:00,4090-deep-100k,1,NVIDIA GeForce RTX 4090,GPU-eed52936-813f-8d68-1654-bfb56cb42bc3,24564,23034,1105,99
2026-08-21T02:46:04.4236295+12:00,4090-deep-100k,0,NVIDIA GeForce RTX 5090,GPU-67921d1c-ee8e-304f-b562-d6f87617c5a0,32607,30581,1607,0
2026-08-21T02:46:04.4236295+12:00,4090-deep-100k,1,NVIDIA GeForce RTX 4090,GPU-eed52936-813f-8d68-1654-bfb56cb42bc3,24564,23034,1105,78
2026-08-21T02:46:04.7344361+12:00,4090-deep-100k,0,NVIDIA GeForce RTX 5090,GPU-67921d1c-ee8e-304f-b562-d6f87617c5a0,32607,30581,1607,0
2026-08-21T02:46:04.7344361+12:00,4090-deep-100k,1,NVIDIA GeForce RTX 4090,GPU-eed52936-813f-8d68-1654-bfb56cb42bc3,24564,23034,1105,95
2026-08-21T02:46:05.0469559+12:00,4090-deep-100k,0,NVIDIA GeForce RTX 5090,GPU-67921d1c-ee8e-304f-b562-d6f87617c5a0,32607,30565,1623,0
2026-08-21T02:46:05.0469559+12:00,4090-deep-100k,1,NVIDIA GeForce RTX 4090,GPU-eed52936-813f-8d68-1654-bfb56cb42bc3,24564,23034,1105,95
2026-08-21T02:46:05.3572183+12:00,4090-deep-100k,0,NVIDIA GeForce RTX 5090,GPU-67921d1c-ee8e-304f-b562-d6f87617c5a0,32607,30565,1623,0
2026-08-21T02:46:05.3572183+12:00,4090-deep-100k,1,NVIDIA GeForce RTX 4090,GPU-eed52936-813f-8d68-1654-bfb56cb42bc3,24564,23034,1105,87
2026-08-21T02:46:05.6688787+12:00,4090-deep-100k,0,NVIDIA GeForce RTX 5090,GPU-67921d1c-ee8e-304f-b562-d6f87617c5a0,32607,30565,1623,0
2026-08-21T02:46:05.6688787+12:00,4090-deep-100k,1,NVIDIA GeForce RTX 4090,GPU-eed52936-813f-8d68-1654-bfb56cb42bc3,24564,23034,1105,87
2026-08-21T02:46:05.9813041+12:00,4090-deep-100k,0,NVIDIA GeForce RTX 5090,GPU-67921d1c-ee8e-304f-b562-d6f87617c5a0,32607,30565,1623,0
2026-08-21T02:46:05.9813041+12:00,4090-deep-100k,1,NVIDIA GeForce RTX 4090,GPU-eed52936-813f-8d68-1654-bfb56cb42bc3,24564,23034,1105,99
2026-08-21T02:46:06.2940233+12:00,4090-deep-100k,0,NVIDIA GeForce RTX 5090,GPU-67921d1c-ee8e-304f-b562-d6f87617c5a0,32607,30565,1623,0
2026-08-21T02:46:06.2940233+12:00,4090-deep-100k,1,NVIDIA GeForce RTX 4090,GPU-eed52936-813f-8d68-1654-bfb56cb42bc3,24564,23034,1105,99
2026-08-21T02:46:06.6058800+12:00,4090-deep-100k,0,NVIDIA GeForce RTX 5090,GPU-67921d1c-ee8e-304f-b562-d6f87617c5a0,32607,30565,1623,0
2026-08-21T02:46:06.6058800+12:00,4090-deep-100k,1,NVIDIA GeForce RTX 4090,GPU-eed52936-813f-8d68-1654-bfb56cb42bc3,24564,23034,1105,99
2026-08-21T02:46:06.9185403+12:00,4090-deep-100k,0,NVIDIA GeForce RTX 5090,GPU-67921d1c-ee8e-304f-b562-d6f87617c5a0,32607,30570,1618,0
2026-08-21T02:46:06.9185403+12:00,4090-deep-100k,1,NVIDIA GeForce RTX 4090,GPU-eed52936-813f-8d68-1654-bfb56cb42bc3,24564,23034,1105,78
2026-08-21T02:46:07.2311151+12:00,4090-deep-100k,0,NVIDIA GeForce RTX 5090,GPU-67921d1c-ee8e-304f-b562-d6f87617c5a0,32607,30571,1617,0
2026-08-21T02:46:07.2311151+12:00,4090-deep-100k,1,NVIDIA GeForce RTX 4090,GPU-eed52936-813f-8d68-1654-bfb56cb42bc3,24564,23034,1105,95
2026-08-21T02:46:07.5593179+12:00,4090-deep-100k,0,NVIDIA GeForce RTX 5090,GPU-67921d1c-ee8e-304f-b562-d6f87617c5a0,32607,30571,1617,0
2026-08-21T02:46:07.5593179+12:00,4090-deep-100k,1,NVIDIA GeForce RTX 4090,GPU-eed52936-813f-8d68-1654-bfb56cb42bc3,24564,23034,1105,95
2026-08-21T02:46:07.8702762+12:00,4090-deep-100k,0,NVIDIA GeForce RTX 5090,GPU-67921d1c-ee8e-304f-b562-d6f87617c5a0,32607,30580,1608,0
2026-08-21T02:46:07.8702762+12:00,4090-deep-100k,1,NVIDIA GeForce RTX 4090,GPU-eed52936-813f-8d68-1654-bfb56cb42bc3,24564,23034,1105,98
2026-08-21T02:46:08.1998622+12:00,4090-deep-100k,0,NVIDIA GeForce RTX 5090,GPU-67921d1c-ee8e-304f-b562-d6f87617c5a0,32607,30580,1608,0
2026-08-21T02:46:08.1998622+12:00,4090-deep-100k,1,NVIDIA GeForce RTX 4090,GPU-eed52936-813f-8d68-1654-bfb56cb42bc3,24564,23034,1105,86
2026-08-21T02:46:08.5111374+12:00,4090-deep-100k,0,NVIDIA GeForce RTX 5090,GPU-67921d1c-ee8e-304f-b562-d6f87617c5a0,32607,30580,1608,0
2026-08-21T02:46:08.5111374+12:00,4090-deep-100k,1,NVIDIA GeForce RTX 4090,GPU-eed52936-813f-8d68-1654-bfb56cb42bc3,24564,23034,1105,86
2026-08-21T02:46:08.8387373+12:00,4090-deep-100k,0,NVIDIA GeForce RTX 5090,GPU-67921d1c-ee8e-304f-b562-d6f87617c5a0,32607,30580,1608,0
2026-08-21T02:46:08.8387373+12:00,4090-deep-100k,1,NVIDIA GeForce RTX 4090,GPU-eed52936-813f-8d68-1654-bfb56cb42bc3,24564,23034,1105,95
2026-08-21T02:46:09.1550248+12:00,4090-deep-100k,0,NVIDIA GeForce RTX 5090,GPU-67921d1c-ee8e-304f-b562-d6f87617c5a0,32607,30571,1617,0
2026-08-21T02:46:09.1550248+12:00,4090-deep-100k,1,NVIDIA GeForce RTX 4090,GPU-eed52936-813f-8d68-1654-bfb56cb42bc3,24564,23034,1105,95
2026-08-21T02:46:09.4779341+12:00,4090-deep-100k,0,NVIDIA GeForce RTX 5090,GPU-67921d1c-ee8e-304f-b562-d6f87617c5a0,32607,30571,1617,0
2026-08-21T02:46:09.4779341+12:00,4090-deep-100k,1,NVIDIA GeForce RTX 4090,GPU-eed52936-813f-8d68-1654-bfb56cb42bc3,24564,23034,1105,98
2026-08-21T02:46:09.7927944+12:00,4090-deep-100k,0,NVIDIA GeForce RTX 5090,GPU-67921d1c-ee8e-304f-b562-d6f87617c5a0,32607,30571,1617,0
2026-08-21T02:46:09.7927944+12:00,4090-deep-100k,1,NVIDIA GeForce RTX 4090,GPU-eed52936-813f-8d68-1654-bfb56cb42bc3,24564,23034,1105,89
2026-08-21T02:46:10.1210809+12:00,4090-deep-100k,0,NVIDIA GeForce RTX 5090,GPU-67921d1c-ee8e-304f-b562-d6f87617c5a0,32607,30565,1623,0
2026-08-21T02:46:10.1210809+12:00,4090-deep-100k,1,NVIDIA GeForce RTX 4090,GPU-eed52936-813f-8d68-1654-bfb56cb42bc3,24564,23034,1105,89
2026-08-21T02:46:10.4338367+12:00,4090-deep-100k,0,NVIDIA GeForce RTX 5090,GPU-67921d1c-ee8e-304f-b562-d6f87617c5a0,32607,30565,1623,0
2026-08-21T02:46:10.4338367+12:00,4090-deep-100k,1,NVIDIA GeForce RTX 4090,GPU-eed52936-813f-8d68-1654-bfb56cb42bc3,24564,23034,1105,95
2026-08-21T02:46:10.7485711+12:00,4090-deep-100k,0,NVIDIA GeForce RTX 5090,GPU-67921d1c-ee8e-304f-b562-d6f87617c5a0,32607,30565,1623,0
2026-08-21T02:46:10.7485711+12:00,4090-deep-100k,1,NVIDIA GeForce RTX 4090,GPU-eed52936-813f-8d68-1654-bfb56cb42bc3,24564,23034,1105,98
2026-08-21T02:46:11.0785916+12:00,4090-deep-100k,0,NVIDIA GeForce RTX 5090,GPU-67921d1c-ee8e-304f-b562-d6f87617c5a0,32607,30570,1618,0
2026-08-21T02:46:11.0785916+12:00,4090-deep-100k,1,NVIDIA GeForce RTX 4090,GPU-eed52936-813f-8d68-1654-bfb56cb42bc3,24564,23034,1105,98
2026-08-21T02:46:11.3930549+12:00,4090-deep-100k,0,NVIDIA GeForce RTX 5090,GPU-67921d1c-ee8e-304f-b562-d6f87617c5a0,32607,30570,1618,0
2026-08-21T02:46:11.3930549+12:00,4090-deep-100k,1,NVIDIA GeForce RTX 4090,GPU-eed52936-813f-8d68-1654-bfb56cb42bc3,24564,23034,1105,85
2026-08-21T02:46:11.7030078+12:00,4090-deep-100k,0,NVIDIA GeForce RTX 5090,GPU-67921d1c-ee8e-304f-b562-d6f87617c5a0,32607,30570,1618,0
2026-08-21T02:46:11.7030078+12:00,4090-deep-100k,1,NVIDIA GeForce RTX 4090,GPU-eed52936-813f-8d68-1654-bfb56cb42bc3,24564,23034,1105,95
2026-08-21T02:46:12.0167111+12:00,4090-deep-100k,0,NVIDIA GeForce RTX 5090,GPU-67921d1c-ee8e-304f-b562-d6f87617c5a0,32607,30571,1617,0
2026-08-21T02:46:12.0167111+12:00,4090-deep-100k,1,NVIDIA GeForce RTX 4090,GPU-eed52936-813f-8d68-1654-bfb56cb42bc3,24564,23034,1105,95
2026-08-21T02:46:12.3597476+12:00,4090-deep-100k,0,NVIDIA GeForce RTX 5090,GPU-67921d1c-ee8e-304f-b562-d6f87617c5a0,32607,30571,1617,0
2026-08-21T02:46:12.3597476+12:00,4090-deep-100k,1,NVIDIA GeForce RTX 4090,GPU-eed52936-813f-8d68-1654-bfb56cb42bc3,24564,23034,1105,99
2026-08-21T02:46:12.6709931+12:00,4090-deep-100k,0,NVIDIA GeForce RTX 5090,GPU-67921d1c-ee8e-304f-b562-d6f87617c5a0,32607,30571,1617,0
2026-08-21T02:46:12.6709931+12:00,4090-deep-100k,1,NVIDIA GeForce RTX 4090,GPU-eed52936-813f-8d68-1654-bfb56cb42bc3,24564,23034,1105,99
2026-08-21T02:46:12.9999677+12:00,4090-deep-100k,0,NVIDIA GeForce RTX 5090,GPU-67921d1c-ee8e-304f-b562-d6f87617c5a0,32607,30568,1620,0
2026-08-21T02:46:12.9999677+12:00,4090-deep-100k,1,NVIDIA GeForce RTX 4090,GPU-eed52936-813f-8d68-1654-bfb56cb42bc3,24564,23034,1105,73
2026-08-21T02:46:13.3121054+12:00,4090-deep-100k,0,NVIDIA GeForce RTX 5090,GPU-67921d1c-ee8e-304f-b562-d6f87617c5a0,32607,30568,1620,0
2026-08-21T02:46:13.3121054+12:00,4090-deep-100k,1,NVIDIA GeForce RTX 4090,GPU-eed52936-813f-8d68-1654-bfb56cb42bc3,24564,23034,1105,98
2026-08-21T02:46:13.6231443+12:00,4090-deep-100k,0,NVIDIA GeForce RTX 5090,GPU-67921d1c-ee8e-304f-b562-d6f87617c5a0,32607,30568,1620,0
2026-08-21T02:46:13.6231443+12:00,4090-deep-100k,1,NVIDIA GeForce RTX 4090,GPU-eed52936-813f-8d68-1654-bfb56cb42bc3,24564,23034,1105,98
2026-08-21T02:46:13.9399765+12:00,4090-deep-100k,0,NVIDIA GeForce RTX 5090,GPU-67921d1c-ee8e-304f-b562-d6f87617c5a0,32607,30567,1621,0
2026-08-21T02:46:13.9399765+12:00,4090-deep-100k,1,NVIDIA GeForce RTX 4090,GPU-eed52936-813f-8d68-1654-bfb56cb42bc3,24564,23034,1105,99
2026-08-21T02:46:14.2673146+12:00,4090-deep-100k,0,NVIDIA GeForce RTX 5090,GPU-67921d1c-ee8e-304f-b562-d6f87617c5a0,32607,30563,1625,0
2026-08-21T02:46:14.2673146+12:00,4090-deep-100k,1,NVIDIA GeForce RTX 4090,GPU-eed52936-813f-8d68-1654-bfb56cb42bc3,24564,23034,1105,74
2026-08-21T02:46:14.5807554+12:00,4090-deep-100k,0,NVIDIA GeForce RTX 5090,GPU-67921d1c-ee8e-304f-b562-d6f87617c5a0,32607,30563,1625,0
2026-08-21T02:46:14.5807554+12:00,4090-deep-100k,1,NVIDIA GeForce RTX 4090,GPU-eed52936-813f-8d68-1654-bfb56cb42bc3,24564,23034,1105,74
2026-08-21T02:46:14.9109643+12:00,4090-deep-100k,0,NVIDIA GeForce RTX 5090,GPU-67921d1c-ee8e-304f-b562-d6f87617c5a0,32607,30568,1620,0
2026-08-21T02:46:14.9109643+12:00,4090-deep-100k,1,NVIDIA GeForce RTX 4090,GPU-eed52936-813f-8d68-1654-bfb56cb42bc3,24564,23034,1105,99
2026-08-21T02:46:15.2237854+12:00,4090-deep-100k,0,NVIDIA GeForce RTX 5090,GPU-67921d1c-ee8e-304f-b562-d6f87617c5a0,32607,30568,1620,0
2026-08-21T02:46:15.2237854+12:00,4090-deep-100k,1,NVIDIA GeForce RTX 4090,GPU-eed52936-813f-8d68-1654-bfb56cb42bc3,24564,23034,1105,95
2026-08-21T02:46:15.5368893+12:00,4090-deep-100k,0,NVIDIA GeForce RTX 5090,GPU-67921d1c-ee8e-304f-b562-d6f87617c5a0,32607,30568,1620,0
2026-08-21T02:46:15.5368893+12:00,4090-deep-100k,1,NVIDIA GeForce RTX 4090,GPU-eed52936-813f-8d68-1654-bfb56cb42bc3,24564,23034,1105,95
2026-08-21T02:46:15.8511693+12:00,4090-deep-100k,0,NVIDIA GeForce RTX 5090,GPU-67921d1c-ee8e-304f-b562-d6f87617c5a0,32607,30569,1619,0
2026-08-21T02:46:15.8511693+12:00,4090-deep-100k,1,NVIDIA GeForce RTX 4090,GPU-eed52936-813f-8d68-1654-bfb56cb42bc3,24564,23034,1105,98
2026-08-21T02:46:16.1854135+12:00,4090-deep-100k,0,NVIDIA GeForce RTX 5090,GPU-67921d1c-ee8e-304f-b562-d6f87617c5a0,32607,30569,1619,0
2026-08-21T02:46:16.1854135+12:00,4090-deep-100k,1,NVIDIA GeForce RTX 4090,GPU-eed52936-813f-8d68-1654-bfb56cb42bc3,24564,23034,1105,98
2026-08-21T02:46:16.5046489+12:00,4090-deep-100k,0,NVIDIA GeForce RTX 5090,GPU-67921d1c-ee8e-304f-b562-d6f87617c5a0,32607,30569,1619,0
2026-08-21T02:46:16.5046489+12:00,4090-deep-100k,1,NVIDIA GeForce RTX 4090,GPU-eed52936-813f-8d68-1654-bfb56cb42bc3,24564,23034,1105,84
2026-08-21T02:46:16.8170679+12:00,4090-deep-100k,0,NVIDIA GeForce RTX 5090,GPU-67921d1c-ee8e-304f-b562-d6f87617c5a0,32607,30569,1619,0
2026-08-21T02:46:16.8170679+12:00,4090-deep-100k,1,NVIDIA GeForce RTX 4090,GPU-eed52936-813f-8d68-1654-bfb56cb42bc3,24564,23034,1105,94
2026-08-21T02:46:17.1265940+12:00,4090-deep-100k,0,NVIDIA GeForce RTX 5090,GPU-67921d1c-ee8e-304f-b562-d6f87617c5a0,32607,30569,1619,0
2026-08-21T02:46:17.1265940+12:00,4090-deep-100k,1,NVIDIA GeForce RTX 4090,GPU-eed52936-813f-8d68-1654-bfb56cb42bc3,24564,23034,1105,94
2026-08-21T02:46:17.4368414+12:00,4090-deep-100k,0,NVIDIA GeForce RTX 5090,GPU-67921d1c-ee8e-304f-b562-d6f87617c5a0,32607,30569,1619,0
2026-08-21T02:46:17.4368414+12:00,4090-deep-100k,1,NVIDIA GeForce RTX 4090,GPU-eed52936-813f-8d68-1654-bfb56cb42bc3,24564,23034,1105,99
2026-08-21T02:46:17.7473617+12:00,4090-deep-100k,0,NVIDIA GeForce RTX 5090,GPU-67921d1c-ee8e-304f-b562-d6f87617c5a0,32607,30569,1619,0
2026-08-21T02:46:17.7473617+12:00,4090-deep-100k,1,NVIDIA GeForce RTX 4090,GPU-eed52936-813f-8d68-1654-bfb56cb42bc3,24564,23034,1105,76
2026-08-21T02:46:18.0748275+12:00,4090-deep-100k,0,NVIDIA GeForce RTX 5090,GPU-67921d1c-ee8e-304f-b562-d6f87617c5a0,32607,30563,1625,0
2026-08-21T02:46:18.0748275+12:00,4090-deep-100k,1,NVIDIA GeForce RTX 4090,GPU-eed52936-813f-8d68-1654-bfb56cb42bc3,24564,23034,1105,76
2026-08-21T02:46:18.3893634+12:00,4090-deep-100k,0,NVIDIA GeForce RTX 5090,GPU-67921d1c-ee8e-304f-b562-d6f87617c5a0,32607,30563,1625,0
2026-08-21T02:46:18.3893634+12:00,4090-deep-100k,1,NVIDIA GeForce RTX 4090,GPU-eed52936-813f-8d68-1654-bfb56cb42bc3,24564,23034,1105,99
2026-08-21T02:46:18.6995855+12:00,4090-deep-100k,0,NVIDIA GeForce RTX 5090,GPU-67921d1c-ee8e-304f-b562-d6f87617c5a0,32607,30563,1625,0
2026-08-21T02:46:18.6995855+12:00,4090-deep-100k,1,NVIDIA GeForce RTX 4090,GPU-eed52936-813f-8d68-1654-bfb56cb42bc3,24564,23034,1105,95
2026-08-21T02:46:19.0121067+12:00,4090-deep-100k,0,NVIDIA GeForce RTX 5090,GPU-67921d1c-ee8e-304f-b562-d6f87617c5a0,32607,30568,1620,0
2026-08-21T02:46:19.0121067+12:00,4090-deep-100k,1,NVIDIA GeForce RTX 4090,GPU-eed52936-813f-8d68-1654-bfb56cb42bc3,24564,23034,1105,95
2026-08-21T02:46:19.3247141+12:00,4090-deep-100k,0,NVIDIA GeForce RTX 5090,GPU-67921d1c-ee8e-304f-b562-d6f87617c5a0,32607,30568,1620,0
2026-08-21T02:46:19.3247141+12:00,4090-deep-100k,1,NVIDIA GeForce RTX 4090,GPU-eed52936-813f-8d68-1654-bfb56cb42bc3,24564,23034,1105,99
2026-08-21T02:46:19.6352292+12:00,4090-deep-100k,0,NVIDIA GeForce RTX 5090,GPU-67921d1c-ee8e-304f-b562-d6f87617c5a0,32607,30568,1620,0
2026-08-21T02:46:19.6352292+12:00,4090-deep-100k,1,NVIDIA GeForce RTX 4090,GPU-eed52936-813f-8d68-1654-bfb56cb42bc3,24564,23034,1105,99
2026-08-21T02:46:19.9484369+12:00,4090-deep-100k,0,NVIDIA GeForce RTX 5090,GPU-67921d1c-ee8e-304f-b562-d6f87617c5a0,32607,30569,1619,0
2026-08-21T02:46:19.9484369+12:00,4090-deep-100k,1,NVIDIA GeForce RTX 4090,GPU-eed52936-813f-8d68-1654-bfb56cb42bc3,24564,23034,1105,74
2026-08-21T02:46:20.2579754+12:00,4090-deep-100k,0,NVIDIA GeForce RTX 5090,GPU-67921d1c-ee8e-304f-b562-d6f87617c5a0,32607,30569,1619,0
2026-08-21T02:46:20.2579754+12:00,4090-deep-100k,1,NVIDIA GeForce RTX 4090,GPU-eed52936-813f-8d68-1654-bfb56cb42bc3,24564,23034,1105,99
2026-08-21T02:46:20.5723425+12:00,4090-deep-100k,0,NVIDIA GeForce RTX 5090,GPU-67921d1c-ee8e-304f-b562-d6f87617c5a0,32607,30569,1619,0
2026-08-21T02:46:20.5723425+12:00,4090-deep-100k,1,NVIDIA GeForce RTX 4090,GPU-eed52936-813f-8d68-1654-bfb56cb42bc3,24564,23034,1105,99
2026-08-21T02:46:20.8862684+12:00,4090-deep-100k,0,NVIDIA GeForce RTX 5090,GPU-67921d1c-ee8e-304f-b562-d6f87617c5a0,32607,30569,1619,0
2026-08-21T02:46:20.8862684+12:00,4090-deep-100k,1,NVIDIA GeForce RTX 4090,GPU-eed52936-813f-8d68-1654-bfb56cb42bc3,24564,23034,1105,95
2026-08-21T02:46:21.2009096+12:00,4090-deep-100k,0,NVIDIA GeForce RTX 5090,GPU-67921d1c-ee8e-304f-b562-d6f87617c5a0,32607,30569,1619,0
2026-08-21T02:46:21.2009096+12:00,4090-deep-100k,1,NVIDIA GeForce RTX 4090,GPU-eed52936-813f-8d68-1654-bfb56cb42bc3,24564,23034,1105,99
2026-08-21T02:46:21.5127892+12:00,4090-deep-100k,0,NVIDIA GeForce RTX 5090,GPU-67921d1c-ee8e-304f-b562-d6f87617c5a0,32607,30569,1619,0
2026-08-21T02:46:21.5127892+12:00,4090-deep-100k,1,NVIDIA GeForce RTX 4090,GPU-eed52936-813f-8d68-1654-bfb56cb42bc3,24564,23034,1105,99
2026-08-21T02:46:21.8269882+12:00,4090-deep-100k,0,NVIDIA GeForce RTX 5090,GPU-67921d1c-ee8e-304f-b562-d6f87617c5a0,32607,30569,1619,0
2026-08-21T02:46:21.8269882+12:00,4090-deep-100k,1,NVIDIA GeForce RTX 4090,GPU-eed52936-813f-8d68-1654-bfb56cb42bc3,24564,23034,1105,76
2026-08-21T02:46:22.1370012+12:00,4090-deep-100k,0,NVIDIA GeForce RTX 5090,GPU-67921d1c-ee8e-304f-b562-d6f87617c5a0,32607,30563,1625,0
2026-08-21T02:46:22.1370012+12:00,4090-deep-100k,1,NVIDIA GeForce RTX 4090,GPU-eed52936-813f-8d68-1654-bfb56cb42bc3,24564,23034,1105,76
2026-08-21T02:46:22.4517543+12:00,4090-deep-100k,0,NVIDIA GeForce RTX 5090,GPU-67921d1c-ee8e-304f-b562-d6f87617c5a0,32607,30563,1625,0
2026-08-21T02:46:22.4517543+12:00,4090-deep-100k,1,NVIDIA GeForce RTX 4090,GPU-eed52936-813f-8d68-1654-bfb56cb42bc3,24564,23034,1105,99
2026-08-21T02:46:22.7666165+12:00,4090-deep-100k,0,NVIDIA GeForce RTX 5090,GPU-67921d1c-ee8e-304f-b562-d6f87617c5a0,32607,30563,1625,0
2026-08-21T02:46:22.7666165+12:00,4090-deep-100k,1,NVIDIA GeForce RTX 4090,GPU-eed52936-813f-8d68-1654-bfb56cb42bc3,24564,23034,1105,95
2026-08-21T02:46:23.0813717+12:00,4090-deep-100k,0,NVIDIA GeForce RTX 5090,GPU-67921d1c-ee8e-304f-b562-d6f87617c5a0,32607,30568,1620,0
2026-08-21T02:46:23.0813717+12:00,4090-deep-100k,1,NVIDIA GeForce RTX 4090,GPU-eed52936-813f-8d68-1654-bfb56cb42bc3,24564,23034,1105,95
2026-08-21T02:46:23.3913826+12:00,4090-deep-100k,0,NVIDIA GeForce RTX 5090,GPU-67921d1c-ee8e-304f-b562-d6f87617c5a0,32607,30568,1620,0
2026-08-21T02:46:23.3913826+12:00,4090-deep-100k,1,NVIDIA GeForce RTX 4090,GPU-eed52936-813f-8d68-1654-bfb56cb42bc3,24564,23034,1105,99
2026-08-21T02:46:23.7040336+12:00,4090-deep-100k,0,NVIDIA GeForce RTX 5090,GPU-67921d1c-ee8e-304f-b562-d6f87617c5a0,32607,30568,1620,0
2026-08-21T02:46:23.7040336+12:00,4090-deep-100k,1,NVIDIA GeForce RTX 4090,GPU-eed52936-813f-8d68-1654-bfb56cb42bc3,24564,23034,1105,82
2026-08-21T02:46:24.0168385+12:00,4090-deep-100k,0,NVIDIA GeForce RTX 5090,GPU-67921d1c-ee8e-304f-b562-d6f87617c5a0,32607,30569,1619,0
2026-08-21T02:46:24.0168385+12:00,4090-deep-100k,1,NVIDIA GeForce RTX 4090,GPU-eed52936-813f-8d68-1654-bfb56cb42bc3,24564,23034,1105,82
2026-08-21T02:46:24.3267129+12:00,4090-deep-100k,0,NVIDIA GeForce RTX 5090,GPU-67921d1c-ee8e-304f-b562-d6f87617c5a0,32607,30569,1619,0
2026-08-21T02:46:24.3267129+12:00,4090-deep-100k,1,NVIDIA GeForce RTX 4090,GPU-eed52936-813f-8d68-1654-bfb56cb42bc3,24564,23034,1105,86
2026-08-21T02:46:24.6395155+12:00,4090-deep-100k,0,NVIDIA GeForce RTX 5090,GPU-67921d1c-ee8e-304f-b562-d6f87617c5a0,32607,30569,1619,0
2026-08-21T02:46:24.6395155+12:00,4090-deep-100k,1,NVIDIA GeForce RTX 4090,GPU-eed52936-813f-8d68-1654-bfb56cb42bc3,24564,23034,1105,86
2026-08-21T02:46:24.9515829+12:00,4090-deep-100k,0,NVIDIA GeForce RTX 5090,GPU-67921d1c-ee8e-304f-b562-d6f87617c5a0,32607,30567,1621,0
2026-08-21T02:46:24.9515829+12:00,4090-deep-100k,1,NVIDIA GeForce RTX 4090,GPU-eed52936-813f-8d68-1654-bfb56cb42bc3,24564,23034,1105,98
2026-08-21T02:46:25.2663416+12:00,4090-deep-100k,0,NVIDIA GeForce RTX 5090,GPU-67921d1c-ee8e-304f-b562-d6f87617c5a0,32607,30563,1625,0
2026-08-21T02:46:25.2663416+12:00,4090-deep-100k,1,NVIDIA GeForce RTX 4090,GPU-eed52936-813f-8d68-1654-bfb56cb42bc3,24564,23034,1105,95
2026-08-21T02:46:25.5732998+12:00,4090-deep-100k,0,NVIDIA GeForce RTX 5090,GPU-67921d1c-ee8e-304f-b562-d6f87617c5a0,32607,30563,1625,0
2026-08-21T02:46:25.5732998+12:00,4090-deep-100k,1,NVIDIA GeForce RTX 4090,GPU-eed52936-813f-8d68-1654-bfb56cb42bc3,24564,23034,1105,95
2026-08-21T02:46:25.8855479+12:00,4090-deep-100k,0,NVIDIA GeForce RTX 5090,GPU-67921d1c-ee8e-304f-b562-d6f87617c5a0,32607,30563,1625,0
2026-08-21T02:46:25.8855479+12:00,4090-deep-100k,1,NVIDIA GeForce RTX 4090,GPU-eed52936-813f-8d68-1654-bfb56cb42bc3,24564,23034,1105,99
2026-08-21T02:46:26.2143502+12:00,4090-deep-100k,0,NVIDIA GeForce RTX 5090,GPU-67921d1c-ee8e-304f-b562-d6f87617c5a0,32607,30563,1625,0
2026-08-21T02:46:26.2143502+12:00,4090-deep-100k,1,NVIDIA GeForce RTX 4090,GPU-eed52936-813f-8d68-1654-bfb56cb42bc3,24564,23034,1105,73
2026-08-21T02:46:26.5287624+12:00,4090-deep-100k,0,NVIDIA GeForce RTX 5090,GPU-67921d1c-ee8e-304f-b562-d6f87617c5a0,32607,30563,1625,0
2026-08-21T02:46:26.5287624+12:00,4090-deep-100k,1,NVIDIA GeForce RTX 4090,GPU-eed52936-813f-8d68-1654-bfb56cb42bc3,24564,23034,1105,73
2026-08-21T02:46:26.8553062+12:00,4090-deep-100k,0,NVIDIA GeForce RTX 5090,GPU-67921d1c-ee8e-304f-b562-d6f87617c5a0,32607,30568,1620,0
2026-08-21T02:46:26.8553062+12:00,4090-deep-100k,1,NVIDIA GeForce RTX 4090,GPU-eed52936-813f-8d68-1654-bfb56cb42bc3,24564,23034,1105,93
2026-08-21T02:46:27.1710565+12:00,4090-deep-100k,0,NVIDIA GeForce RTX 5090,GPU-67921d1c-ee8e-304f-b562-d6f87617c5a0,32607,30568,1620,0
2026-08-21T02:46:27.1710565+12:00,4090-deep-100k,1,NVIDIA GeForce RTX 4090,GPU-eed52936-813f-8d68-1654-bfb56cb42bc3,24564,23034,1105,93
2026-08-21T02:46:27.4794604+12:00,4090-deep-100k,0,NVIDIA GeForce RTX 5090,GPU-67921d1c-ee8e-304f-b562-d6f87617c5a0,32607,30568,1620,0
2026-08-21T02:46:27.4794604+12:00,4090-deep-100k,1,NVIDIA GeForce RTX 4090,GPU-eed52936-813f-8d68-1654-bfb56cb42bc3,24564,23034,1105,98
2026-08-21T02:46:27.7929048+12:00,4090-deep-100k,0,NVIDIA GeForce RTX 5090,GPU-67921d1c-ee8e-304f-b562-d6f87617c5a0,32607,30568,1620,0
2026-08-21T02:46:27.7929048+12:00,4090-deep-100k,1,NVIDIA GeForce RTX 4090,GPU-eed52936-813f-8d68-1654-bfb56cb42bc3,24564,23034,1105,95
2026-08-21T02:46:28.1056804+12:00,4090-deep-100k,0,NVIDIA GeForce RTX 5090,GPU-67921d1c-ee8e-304f-b562-d6f87617c5a0,32607,30569,1619,0
2026-08-21T02:46:28.1056804+12:00,4090-deep-100k,1,NVIDIA GeForce RTX 4090,GPU-eed52936-813f-8d68-1654-bfb56cb42bc3,24564,23034,1105,95
2026-08-21T02:46:28.4190810+12:00,4090-deep-100k,0,NVIDIA GeForce RTX 5090,GPU-67921d1c-ee8e-304f-b562-d6f87617c5a0,32607,30569,1619,0
2026-08-21T02:46:28.4190810+12:00,4090-deep-100k,1,NVIDIA GeForce RTX 4090,GPU-eed52936-813f-8d68-1654-bfb56cb42bc3,24564,23034,1105,99
2026-08-21T02:46:28.7316312+12:00,4090-deep-100k,0,NVIDIA GeForce RTX 5090,GPU-67921d1c-ee8e-304f-b562-d6f87617c5a0,32607,30569,1619,0
2026-08-21T02:46:28.7316312+12:00,4090-deep-100k,1,NVIDIA GeForce RTX 4090,GPU-eed52936-813f-8d68-1654-bfb56cb42bc3,24564,23034,1105,82
2026-08-21T02:46:29.0440359+12:00,4090-deep-100k,0,NVIDIA GeForce RTX 5090,GPU-67921d1c-ee8e-304f-b562-d6f87617c5a0,32607,30569,1619,0
2026-08-21T02:46:29.0440359+12:00,4090-deep-100k,1,NVIDIA GeForce RTX 4090,GPU-eed52936-813f-8d68-1654-bfb56cb42bc3,24564,23034,1105,82
2026-08-21T02:46:29.3540421+12:00,4090-deep-100k,0,NVIDIA GeForce RTX 5090,GPU-67921d1c-ee8e-304f-b562-d6f87617c5a0,32607,30569,1619,0
2026-08-21T02:46:29.3540421+12:00,4090-deep-100k,1,NVIDIA GeForce RTX 4090,GPU-eed52936-813f-8d68-1654-bfb56cb42bc3,24564,23034,1105,71
2026-08-21T02:46:29.6643544+12:00,4090-deep-100k,0,NVIDIA GeForce RTX 5090,GPU-67921d1c-ee8e-304f-b562-d6f87617c5a0,32607,30569,1619,0
2026-08-21T02:46:29.6643544+12:00,4090-deep-100k,1,NVIDIA GeForce RTX 4090,GPU-eed52936-813f-8d68-1654-bfb56cb42bc3,24564,23034,1105,71
2026-08-21T02:46:29.9924936+12:00,4090-deep-100k,0,NVIDIA GeForce RTX 5090,GPU-67921d1c-ee8e-304f-b562-d6f87617c5a0,32607,30563,1625,0
2026-08-21T02:46:29.9924936+12:00,4090-deep-100k,1,NVIDIA GeForce RTX 4090,GPU-eed52936-813f-8d68-1654-bfb56cb42bc3,24564,23034,1105,99
2026-08-21T02:46:30.3078365+12:00,4090-deep-100k,0,NVIDIA GeForce RTX 5090,GPU-67921d1c-ee8e-304f-b562-d6f87617c5a0,32607,30563,1625,0
2026-08-21T02:46:30.3078365+12:00,4090-deep-100k,1,NVIDIA GeForce RTX 4090,GPU-eed52936-813f-8d68-1654-bfb56cb42bc3,24564,23034,1105,95
2026-08-21T02:46:30.6337019+12:00,4090-deep-100k,0,NVIDIA GeForce RTX 5090,GPU-67921d1c-ee8e-304f-b562-d6f87617c5a0,32607,30563,1625,0
2026-08-21T02:46:30.6337019+12:00,4090-deep-100k,1,NVIDIA GeForce RTX 4090,GPU-eed52936-813f-8d68-1654-bfb56cb42bc3,24564,23034,1105,95
2026-08-21T02:46:30.9483829+12:00,4090-deep-100k,0,NVIDIA GeForce RTX 5090,GPU-67921d1c-ee8e-304f-b562-d6f87617c5a0,32607,30568,1620,0
2026-08-21T02:46:30.9483829+12:00,4090-deep-100k,1,NVIDIA GeForce RTX 4090,GPU-eed52936-813f-8d68-1654-bfb56cb42bc3,24564,23034,1105,96
2026-08-21T02:46:31.2625347+12:00,4090-deep-100k,0,NVIDIA GeForce RTX 5090,GPU-67921d1c-ee8e-304f-b562-d6f87617c5a0,32607,30568,1620,0
2026-08-21T02:46:31.2625347+12:00,4090-deep-100k,1,NVIDIA GeForce RTX 4090,GPU-eed52936-813f-8d68-1654-bfb56cb42bc3,24564,23034,1105,99
2026-08-21T02:46:31.5754478+12:00,4090-deep-100k,0,NVIDIA GeForce RTX 5090,GPU-67921d1c-ee8e-304f-b562-d6f87617c5a0,32607,30568,1620,0
2026-08-21T02:46:31.5754478+12:00,4090-deep-100k,1,NVIDIA GeForce RTX 4090,GPU-eed52936-813f-8d68-1654-bfb56cb42bc3,24564,23034,1105,99
2026-08-21T02:46:31.9025033+12:00,4090-deep-100k,0,NVIDIA GeForce RTX 5090,GPU-67921d1c-ee8e-304f-b562-d6f87617c5a0,32607,30569,1619,0
2026-08-21T02:46:31.9025033+12:00,4090-deep-100k,1,NVIDIA GeForce RTX 4090,GPU-eed52936-813f-8d68-1654-bfb56cb42bc3,24564,23034,1105,74
2026-08-21T02:46:32.2307033+12:00,4090-deep-100k,0,NVIDIA GeForce RTX 5090,GPU-67921d1c-ee8e-304f-b562-d6f87617c5a0,32607,30569,1619,0
2026-08-21T02:46:32.2307033+12:00,4090-deep-100k,1,NVIDIA GeForce RTX 4090,GPU-eed52936-813f-8d68-1654-bfb56cb42bc3,24564,23034,1105,78
2026-08-21T02:46:32.5413145+12:00,4090-deep-100k,0,NVIDIA GeForce RTX 5090,GPU-67921d1c-ee8e-304f-b562-d6f87617c5a0,32607,30569,1619,0
2026-08-21T02:46:32.5413145+12:00,4090-deep-100k,1,NVIDIA GeForce RTX 4090,GPU-eed52936-813f-8d68-1654-bfb56cb42bc3,24564,23034,1105,78
2026-08-21T02:46:32.8551137+12:00,4090-deep-100k,0,NVIDIA GeForce RTX 5090,GPU-67921d1c-ee8e-304f-b562-d6f87617c5a0,32607,30569,1619,0
2026-08-21T02:46:32.8551137+12:00,4090-deep-100k,1,NVIDIA GeForce RTX 4090,GPU-eed52936-813f-8d68-1654-bfb56cb42bc3,24564,23034,1105,99
2026-08-21T02:46:33.1810714+12:00,4090-deep-100k,0,NVIDIA GeForce RTX 5090,GPU-67921d1c-ee8e-304f-b562-d6f87617c5a0,32607,30569,1619,0
2026-08-21T02:46:33.1810714+12:00,4090-deep-100k,1,NVIDIA GeForce RTX 4090,GPU-eed52936-813f-8d68-1654-bfb56cb42bc3,24564,23034,1105,99
2026-08-21T02:46:33.4926735+12:00,4090-deep-100k,0,NVIDIA GeForce RTX 5090,GPU-67921d1c-ee8e-304f-b562-d6f87617c5a0,32607,30569,1619,0
2026-08-21T02:46:33.4926735+12:00,4090-deep-100k,1,NVIDIA GeForce RTX 4090,GPU-eed52936-813f-8d68-1654-bfb56cb42bc3,24564,23034,1105,98
2026-08-21T02:46:33.8062836+12:00,4090-deep-100k,0,NVIDIA GeForce RTX 5090,GPU-67921d1c-ee8e-304f-b562-d6f87617c5a0,32607,30569,1619,0
2026-08-21T02:46:33.8062836+12:00,4090-deep-100k,1,NVIDIA GeForce RTX 4090,GPU-eed52936-813f-8d68-1654-bfb56cb42bc3,24564,23034,1105,93
2026-08-21T02:46:34.1172789+12:00,4090-deep-100k,0,NVIDIA GeForce RTX 5090,GPU-67921d1c-ee8e-304f-b562-d6f87617c5a0,32607,30563,1625,0
2026-08-21T02:46:34.1172789+12:00,4090-deep-100k,1,NVIDIA GeForce RTX 4090,GPU-eed52936-813f-8d68-1654-bfb56cb42bc3,24564,23034,1105,93
2026-08-21T02:46:34.4446045+12:00,4090-deep-100k,0,NVIDIA GeForce RTX 5090,GPU-67921d1c-ee8e-304f-b562-d6f87617c5a0,32607,30563,1625,0
2026-08-21T02:46:34.4446045+12:00,4090-deep-100k,1,NVIDIA GeForce RTX 4090,GPU-eed52936-813f-8d68-1654-bfb56cb42bc3,24564,23034,1105,99
2026-08-21T02:46:34.7551878+12:00,4090-deep-100k,0,NVIDIA GeForce RTX 5090,GPU-67921d1c-ee8e-304f-b562-d6f87617c5a0,32607,30563,1625,0
2026-08-21T02:46:34.7551878+12:00,4090-deep-100k,1,NVIDIA GeForce RTX 4090,GPU-eed52936-813f-8d68-1654-bfb56cb42bc3,24564,23034,1105,98
2026-08-21T02:46:35.0644265+12:00,4090-deep-100k,0,NVIDIA GeForce RTX 5090,GPU-67921d1c-ee8e-304f-b562-d6f87617c5a0,32607,30568,1620,0
2026-08-21T02:46:35.0644265+12:00,4090-deep-100k,1,NVIDIA GeForce RTX 4090,GPU-eed52936-813f-8d68-1654-bfb56cb42bc3,24564,23034,1105,98
2026-08-21T02:46:35.3778561+12:00,4090-deep-100k,0,NVIDIA GeForce RTX 5090,GPU-67921d1c-ee8e-304f-b562-d6f87617c5a0,32607,30568,1620,0
2026-08-21T02:46:35.3778561+12:00,4090-deep-100k,1,NVIDIA GeForce RTX 4090,GPU-eed52936-813f-8d68-1654-bfb56cb42bc3,24564,23034,1105,73
2026-08-21T02:46:35.7046586+12:00,4090-deep-100k,0,NVIDIA GeForce RTX 5090,GPU-67921d1c-ee8e-304f-b562-d6f87617c5a0,32607,30568,1620,0
2026-08-21T02:46:35.7046586+12:00,4090-deep-100k,1,NVIDIA GeForce RTX 4090,GPU-eed52936-813f-8d68-1654-bfb56cb42bc3,24564,23034,1105,85
2026-08-21T02:46:36.0302220+12:00,4090-deep-100k,0,NVIDIA GeForce RTX 5090,GPU-67921d1c-ee8e-304f-b562-d6f87617c5a0,32607,30569,1619,0
2026-08-21T02:46:36.0302220+12:00,4090-deep-100k,1,NVIDIA GeForce RTX 4090,GPU-eed52936-813f-8d68-1654-bfb56cb42bc3,24564,23034,1105,85
2026-08-21T02:46:36.3381320+12:00,4090-deep-100k,0,NVIDIA GeForce RTX 5090,GPU-67921d1c-ee8e-304f-b562-d6f87617c5a0,32607,30569,1619,0
2026-08-21T02:46:36.3381320+12:00,4090-deep-100k,1,NVIDIA GeForce RTX 4090,GPU-eed52936-813f-8d68-1654-bfb56cb42bc3,24564,23034,1105,99
2026-08-21T02:46:36.6501047+12:00,4090-deep-100k,0,NVIDIA GeForce RTX 5090,GPU-67921d1c-ee8e-304f-b562-d6f87617c5a0,32607,30569,1619,0
2026-08-21T02:46:36.6501047+12:00,4090-deep-100k,1,NVIDIA GeForce RTX 4090,GPU-eed52936-813f-8d68-1654-bfb56cb42bc3,24564,23034,1105,99
2026-08-21T02:46:36.9798117+12:00,4090-deep-100k,0,NVIDIA GeForce RTX 5090,GPU-67921d1c-ee8e-304f-b562-d6f87617c5a0,32607,30569,1619,0
2026-08-21T02:46:36.9798117+12:00,4090-deep-100k,1,NVIDIA GeForce RTX 4090,GPU-eed52936-813f-8d68-1654-bfb56cb42bc3,24564,23034,1105,99
2026-08-21T02:46:37.2930484+12:00,4090-deep-100k,0,NVIDIA GeForce RTX 5090,GPU-67921d1c-ee8e-304f-b562-d6f87617c5a0,32607,30569,1619,0
2026-08-21T02:46:37.2930484+12:00,4090-deep-100k,1,NVIDIA GeForce RTX 4090,GPU-eed52936-813f-8d68-1654-bfb56cb42bc3,24564,23034,1105,95
2026-08-21T02:46:37.6035756+12:00,4090-deep-100k,0,NVIDIA GeForce RTX 5090,GPU-67921d1c-ee8e-304f-b562-d6f87617c5a0,32607,30569,1619,0
2026-08-21T02:46:37.6035756+12:00,4090-deep-100k,1,NVIDIA GeForce RTX 4090,GPU-eed52936-813f-8d68-1654-bfb56cb42bc3,24564,23034,1105,95
2026-08-21T02:46:37.9173391+12:00,4090-deep-100k,0,NVIDIA GeForce RTX 5090,GPU-67921d1c-ee8e-304f-b562-d6f87617c5a0,32607,30567,1621,0
2026-08-21T02:46:37.9173391+12:00,4090-deep-100k,1,NVIDIA GeForce RTX 4090,GPU-eed52936-813f-8d68-1654-bfb56cb42bc3,24564,23034,1105,99
2026-08-21T02:46:38.2469380+12:00,4090-deep-100k,0,NVIDIA GeForce RTX 5090,GPU-67921d1c-ee8e-304f-b562-d6f87617c5a0,32607,30563,1625,0
2026-08-21T02:46:38.2469380+12:00,4090-deep-100k,1,NVIDIA GeForce RTX 4090,GPU-eed52936-813f-8d68-1654-bfb56cb42bc3,24564,23034,1105,99
2026-08-21T02:46:38.5595170+12:00,4090-deep-100k,0,NVIDIA GeForce RTX 5090,GPU-67921d1c-ee8e-304f-b562-d6f87617c5a0,32607,30563,1625,0
2026-08-21T02:46:38.5595170+12:00,4090-deep-100k,1,NVIDIA GeForce RTX 4090,GPU-eed52936-813f-8d68-1654-bfb56cb42bc3,24564,23034,1105,99
2026-08-21T02:46:38.8726300+12:00,4090-deep-100k,0,NVIDIA GeForce RTX 5090,GPU-67921d1c-ee8e-304f-b562-d6f87617c5a0,32607,30568,1620,0
2026-08-21T02:46:38.8726300+12:00,4090-deep-100k,1,NVIDIA GeForce RTX 4090,GPU-eed52936-813f-8d68-1654-bfb56cb42bc3,24564,23034,1105,91
2026-08-21T02:46:39.1991925+12:00,4090-deep-100k,0,NVIDIA GeForce RTX 5090,GPU-67921d1c-ee8e-304f-b562-d6f87617c5a0,32607,30568,1620,0
2026-08-21T02:46:39.1991925+12:00,4090-deep-100k,1,NVIDIA GeForce RTX 4090,GPU-eed52936-813f-8d68-1654-bfb56cb42bc3,24564,23034,1105,91
2026-08-21T02:46:39.5265828+12:00,4090-deep-100k,0,NVIDIA GeForce RTX 5090,GPU-67921d1c-ee8e-304f-b562-d6f87617c5a0,32607,30568,1620,0
2026-08-21T02:46:39.5265828+12:00,4090-deep-100k,1,NVIDIA GeForce RTX 4090,GPU-eed52936-813f-8d68-1654-bfb56cb42bc3,24564,23034,1105,72
2026-08-21T02:46:39.8404776+12:00,4090-deep-100k,0,NVIDIA GeForce RTX 5090,GPU-67921d1c-ee8e-304f-b562-d6f87617c5a0,32607,30569,1619,0
2026-08-21T02:46:39.8404776+12:00,4090-deep-100k,1,NVIDIA GeForce RTX 4090,GPU-eed52936-813f-8d68-1654-bfb56cb42bc3,24564,23034,1105,86
2026-08-21T02:46:40.1549864+12:00,4090-deep-100k,0,NVIDIA GeForce RTX 5090,GPU-67921d1c-ee8e-304f-b562-d6f87617c5a0,32607,30569,1619,0
2026-08-21T02:46:40.1549864+12:00,4090-deep-100k,1,NVIDIA GeForce RTX 4090,GPU-eed52936-813f-8d68-1654-bfb56cb42bc3,24564,23034,1105,86
2026-08-21T02:46:40.4691026+12:00,4090-deep-100k,0,NVIDIA GeForce RTX 5090,GPU-67921d1c-ee8e-304f-b562-d6f87617c5a0,32607,30569,1619,0
2026-08-21T02:46:40.4691026+12:00,4090-deep-100k,1,NVIDIA GeForce RTX 4090,GPU-eed52936-813f-8d68-1654-bfb56cb42bc3,24564,23034,1105,99
2026-08-21T02:46:40.7965674+12:00,4090-deep-100k,0,NVIDIA GeForce RTX 5090,GPU-67921d1c-ee8e-304f-b562-d6f87617c5a0,32607,30581,1607,0
2026-08-21T02:46:40.7965674+12:00,4090-deep-100k,1,NVIDIA GeForce RTX 4090,GPU-eed52936-813f-8d68-1654-bfb56cb42bc3,24564,23034,1105,99
2026-08-21T02:46:41.1055834+12:00,4090-deep-100k,0,NVIDIA GeForce RTX 5090,GPU-67921d1c-ee8e-304f-b562-d6f87617c5a0,32607,30580,1608,0
2026-08-21T02:46:41.1055834+12:00,4090-deep-100k,1,NVIDIA GeForce RTX 4090,GPU-eed52936-813f-8d68-1654-bfb56cb42bc3,24564,23034,1105,99
2026-08-21T02:46:41.4158669+12:00,4090-deep-100k,0,NVIDIA GeForce RTX 5090,GPU-67921d1c-ee8e-304f-b562-d6f87617c5a0,32607,30580,1608,0
2026-08-21T02:46:41.4158669+12:00,4090-deep-100k,1,NVIDIA GeForce RTX 4090,GPU-eed52936-813f-8d68-1654-bfb56cb42bc3,24564,23034,1105,94
2026-08-21T02:46:41.7280882+12:00,4090-deep-100k,0,NVIDIA GeForce RTX 5090,GPU-67921d1c-ee8e-304f-b562-d6f87617c5a0,32607,30580,1608,0
2026-08-21T02:46:41.7280882+12:00,4090-deep-100k,1,NVIDIA GeForce RTX 4090,GPU-eed52936-813f-8d68-1654-bfb56cb42bc3,24564,23034,1105,96
2026-08-21T02:46:42.0582546+12:00,4090-deep-100k,0,NVIDIA GeForce RTX 5090,GPU-67921d1c-ee8e-304f-b562-d6f87617c5a0,32607,30576,1612,0
2026-08-21T02:46:42.0582546+12:00,4090-deep-100k,1,NVIDIA GeForce RTX 4090,GPU-eed52936-813f-8d68-1654-bfb56cb42bc3,24564,23034,1105,96
2026-08-21T02:46:42.3731006+12:00,4090-deep-100k,0,NVIDIA GeForce RTX 5090,GPU-67921d1c-ee8e-304f-b562-d6f87617c5a0,32607,30576,1612,0
2026-08-21T02:46:42.3731006+12:00,4090-deep-100k,1,NVIDIA GeForce RTX 4090,GPU-eed52936-813f-8d68-1654-bfb56cb42bc3,24564,23034,1105,99
2026-08-21T02:46:42.6891429+12:00,4090-deep-100k,0,NVIDIA GeForce RTX 5090,GPU-67921d1c-ee8e-304f-b562-d6f87617c5a0,32607,30576,1612,0
2026-08-21T02:46:42.6891429+12:00,4090-deep-100k,1,NVIDIA GeForce RTX 4090,GPU-eed52936-813f-8d68-1654-bfb56cb42bc3,24564,23034,1105,99
2026-08-21T02:46:43.0009539+12:00,4090-deep-100k,0,NVIDIA GeForce RTX 5090,GPU-67921d1c-ee8e-304f-b562-d6f87617c5a0,32607,30570,1618,0
2026-08-21T02:46:43.0009539+12:00,4090-deep-100k,1,NVIDIA GeForce RTX 4090,GPU-eed52936-813f-8d68-1654-bfb56cb42bc3,24564,23034,1105,99
2026-08-21T02:46:43.3285570+12:00,4090-deep-100k,0,NVIDIA GeForce RTX 5090,GPU-67921d1c-ee8e-304f-b562-d6f87617c5a0,32607,30570,1618,0
2026-08-21T02:46:43.3285570+12:00,4090-deep-100k,1,NVIDIA GeForce RTX 4090,GPU-eed52936-813f-8d68-1654-bfb56cb42bc3,24564,23034,1105,98
2026-08-21T02:46:43.6434169+12:00,4090-deep-100k,0,NVIDIA GeForce RTX 5090,GPU-67921d1c-ee8e-304f-b562-d6f87617c5a0,32607,30570,1618,0
2026-08-21T02:46:43.6434169+12:00,4090-deep-100k,1,NVIDIA GeForce RTX 4090,GPU-eed52936-813f-8d68-1654-bfb56cb42bc3,24564,23034,1105,98
2026-08-21T02:46:43.9571716+12:00,4090-deep-100k,0,NVIDIA GeForce RTX 5090,GPU-67921d1c-ee8e-304f-b562-d6f87617c5a0,32607,30571,1617,0
2026-08-21T02:46:43.9571716+12:00,4090-deep-100k,1,NVIDIA GeForce RTX 4090,GPU-eed52936-813f-8d68-1654-bfb56cb42bc3,24564,23034,1105,78
2026-08-21T02:46:44.2713923+12:00,4090-deep-100k,0,NVIDIA GeForce RTX 5090,GPU-67921d1c-ee8e-304f-b562-d6f87617c5a0,32607,30571,1617,0
2026-08-21T02:46:44.2713923+12:00,4090-deep-100k,1,NVIDIA GeForce RTX 4090,GPU-eed52936-813f-8d68-1654-bfb56cb42bc3,24564,23034,1105,72
2026-08-21T02:46:44.5995080+12:00,4090-deep-100k,0,NVIDIA GeForce RTX 5090,GPU-67921d1c-ee8e-304f-b562-d6f87617c5a0,32607,30571,1617,0
2026-08-21T02:46:44.5995080+12:00,4090-deep-100k,1,NVIDIA GeForce RTX 4090,GPU-eed52936-813f-8d68-1654-bfb56cb42bc3,24564,23034,1105,72
2026-08-21T02:46:44.9109784+12:00,4090-deep-100k,0,NVIDIA GeForce RTX 5090,GPU-67921d1c-ee8e-304f-b562-d6f87617c5a0,32607,30571,1617,0
2026-08-21T02:46:44.9109784+12:00,4090-deep-100k,1,NVIDIA GeForce RTX 4090,GPU-eed52936-813f-8d68-1654-bfb56cb42bc3,24564,23034,1105,82
2026-08-21T02:46:45.2394329+12:00,4090-deep-100k,0,NVIDIA GeForce RTX 5090,GPU-67921d1c-ee8e-304f-b562-d6f87617c5a0,32607,30579,1609,2
2026-08-21T02:46:45.2394329+12:00,4090-deep-100k,1,NVIDIA GeForce RTX 4090,GPU-eed52936-813f-8d68-1654-bfb56cb42bc3,24564,23034,1105,99
2026-08-21T02:46:45.5500460+12:00,4090-deep-100k,0,NVIDIA GeForce RTX 5090,GPU-67921d1c-ee8e-304f-b562-d6f87617c5a0,32607,30579,1609,2
2026-08-21T02:46:45.5500460+12:00,4090-deep-100k,1,NVIDIA GeForce RTX 4090,GPU-eed52936-813f-8d68-1654-bfb56cb42bc3,24564,23034,1105,99
2026-08-21T02:46:45.8653970+12:00,4090-deep-100k,0,NVIDIA GeForce RTX 5090,GPU-67921d1c-ee8e-304f-b562-d6f87617c5a0,32607,30579,1609,0
2026-08-21T02:46:45.8653970+12:00,4090-deep-100k,1,NVIDIA GeForce RTX 4090,GPU-eed52936-813f-8d68-1654-bfb56cb42bc3,24564,23034,1105,99
2026-08-21T02:46:46.1807972+12:00,4090-deep-100k,0,NVIDIA GeForce RTX 5090,GPU-67921d1c-ee8e-304f-b562-d6f87617c5a0,32607,30579,1609,0
2026-08-21T02:46:46.1807972+12:00,4090-deep-100k,1,NVIDIA GeForce RTX 4090,GPU-eed52936-813f-8d68-1654-bfb56cb42bc3,24564,23034,1105,99
2026-08-21T02:46:46.5117907+12:00,4090-deep-100k,0,NVIDIA GeForce RTX 5090,GPU-67921d1c-ee8e-304f-b562-d6f87617c5a0,32607,30579,1609,0
2026-08-21T02:46:46.5117907+12:00,4090-deep-100k,1,NVIDIA GeForce RTX 4090,GPU-eed52936-813f-8d68-1654-bfb56cb42bc3,24564,23036,1103,99
2026-08-21T02:46:46.8239188+12:00,4090-deep-100k,0,NVIDIA GeForce RTX 5090,GPU-67921d1c-ee8e-304f-b562-d6f87617c5a0,32607,30579,1609,0
2026-08-21T02:46:46.8239188+12:00,4090-deep-100k,1,NVIDIA GeForce RTX 4090,GPU-eed52936-813f-8d68-1654-bfb56cb42bc3,24564,23036,1103,85
2026-08-21T02:46:47.1493414+12:00,4090-deep-100k,0,NVIDIA GeForce RTX 5090,GPU-67921d1c-ee8e-304f-b562-d6f87617c5a0,32607,30570,1618,0
2026-08-21T02:46:47.1493414+12:00,4090-deep-100k,1,NVIDIA GeForce RTX 4090,GPU-eed52936-813f-8d68-1654-bfb56cb42bc3,24564,23036,1103,85
2026-08-21T02:46:47.4627538+12:00,4090-deep-100k,0,NVIDIA GeForce RTX 5090,GPU-67921d1c-ee8e-304f-b562-d6f87617c5a0,32607,30570,1618,0
2026-08-21T02:46:47.4627538+12:00,4090-deep-100k,1,NVIDIA GeForce RTX 4090,GPU-eed52936-813f-8d68-1654-bfb56cb42bc3,24564,23036,1103,94
2026-08-21T02:46:47.7751487+12:00,4090-deep-100k,0,NVIDIA GeForce RTX 5090,GPU-67921d1c-ee8e-304f-b562-d6f87617c5a0,32607,30570,1618,0
2026-08-21T02:46:47.7751487+12:00,4090-deep-100k,1,NVIDIA GeForce RTX 4090,GPU-eed52936-813f-8d68-1654-bfb56cb42bc3,24564,23036,1103,95
2026-08-21T02:46:48.1029292+12:00,4090-deep-100k,0,NVIDIA GeForce RTX 5090,GPU-67921d1c-ee8e-304f-b562-d6f87617c5a0,32607,30570,1618,0
2026-08-21T02:46:48.1029292+12:00,4090-deep-100k,1,NVIDIA GeForce RTX 4090,GPU-eed52936-813f-8d68-1654-bfb56cb42bc3,24564,23036,1103,95
2026-08-21T02:46:48.4178364+12:00,4090-deep-100k,0,NVIDIA GeForce RTX 5090,GPU-67921d1c-ee8e-304f-b562-d6f87617c5a0,32607,30570,1618,0
2026-08-21T02:46:48.4178364+12:00,4090-deep-100k,1,NVIDIA GeForce RTX 4090,GPU-eed52936-813f-8d68-1654-bfb56cb42bc3,24564,23036,1103,93
2026-08-21T02:46:48.7479080+12:00,4090-deep-100k,0,NVIDIA GeForce RTX 5090,GPU-67921d1c-ee8e-304f-b562-d6f87617c5a0,32607,30570,1618,0
2026-08-21T02:46:48.7479080+12:00,4090-deep-100k,1,NVIDIA GeForce RTX 4090,GPU-eed52936-813f-8d68-1654-bfb56cb42bc3,24564,23036,1103,95
2026-08-21T02:46:49.0748199+12:00,4090-deep-100k,0,NVIDIA GeForce RTX 5090,GPU-67921d1c-ee8e-304f-b562-d6f87617c5a0,32607,30564,1624,0
2026-08-21T02:46:49.0748199+12:00,4090-deep-100k,1,NVIDIA GeForce RTX 4090,GPU-eed52936-813f-8d68-1654-bfb56cb42bc3,24564,23036,1103,95
2026-08-21T02:46:49.3883117+12:00,4090-deep-100k,0,NVIDIA GeForce RTX 5090,GPU-67921d1c-ee8e-304f-b562-d6f87617c5a0,32607,30564,1624,0
2026-08-21T02:46:49.3883117+12:00,4090-deep-100k,1,NVIDIA GeForce RTX 4090,GPU-eed52936-813f-8d68-1654-bfb56cb42bc3,24564,23036,1103,95
2026-08-21T02:46:49.7026169+12:00,4090-deep-100k,0,NVIDIA GeForce RTX 5090,GPU-67921d1c-ee8e-304f-b562-d6f87617c5a0,32607,30564,1624,0
2026-08-21T02:46:49.7026169+12:00,4090-deep-100k,1,NVIDIA GeForce RTX 4090,GPU-eed52936-813f-8d68-1654-bfb56cb42bc3,24564,23036,1103,94
2026-08-21T02:46:50.0165561+12:00,4090-deep-100k,0,NVIDIA GeForce RTX 5090,GPU-67921d1c-ee8e-304f-b562-d6f87617c5a0,32607,30564,1624,0
2026-08-21T02:46:50.0165561+12:00,4090-deep-100k,1,NVIDIA GeForce RTX 4090,GPU-eed52936-813f-8d68-1654-bfb56cb42bc3,24564,23036,1103,94
2026-08-21T02:46:50.3471815+12:00,4090-deep-100k,0,NVIDIA GeForce RTX 5090,GPU-67921d1c-ee8e-304f-b562-d6f87617c5a0,32607,30564,1624,0
2026-08-21T02:46:50.3471815+12:00,4090-deep-100k,1,NVIDIA GeForce RTX 4090,GPU-eed52936-813f-8d68-1654-bfb56cb42bc3,24564,23036,1103,94
2026-08-21T02:46:50.6564511+12:00,4090-deep-100k,0,NVIDIA GeForce RTX 5090,GPU-67921d1c-ee8e-304f-b562-d6f87617c5a0,32607,30564,1624,0
2026-08-21T02:46:50.6564511+12:00,4090-deep-100k,1,NVIDIA GeForce RTX 4090,GPU-eed52936-813f-8d68-1654-bfb56cb42bc3,24564,23036,1103,94
2026-08-21T02:46:50.9675155+12:00,4090-deep-100k,0,NVIDIA GeForce RTX 5090,GPU-67921d1c-ee8e-304f-b562-d6f87617c5a0,32607,30568,1620,0
2026-08-21T02:46:50.9675155+12:00,4090-deep-100k,1,NVIDIA GeForce RTX 4090,GPU-eed52936-813f-8d68-1654-bfb56cb42bc3,24564,23036,1103,95
2026-08-21T02:46:51.2808909+12:00,4090-deep-100k,0,NVIDIA GeForce RTX 5090,GPU-67921d1c-ee8e-304f-b562-d6f87617c5a0,32607,30568,1620,0
2026-08-21T02:46:51.2808909+12:00,4090-deep-100k,1,NVIDIA GeForce RTX 4090,GPU-eed52936-813f-8d68-1654-bfb56cb42bc3,24564,23036,1103,94
2026-08-21T02:46:51.5950472+12:00,4090-deep-100k,0,NVIDIA GeForce RTX 5090,GPU-67921d1c-ee8e-304f-b562-d6f87617c5a0,32607,30568,1620,0
2026-08-21T02:46:51.5950472+12:00,4090-deep-100k,1,NVIDIA GeForce RTX 4090,GPU-eed52936-813f-8d68-1654-bfb56cb42bc3,24564,23036,1103,94
2026-08-21T02:46:51.9072600+12:00,4090-deep-100k,0,NVIDIA GeForce RTX 5090,GPU-67921d1c-ee8e-304f-b562-d6f87617c5a0,32607,30569,1619,0
2026-08-21T02:46:51.9072600+12:00,4090-deep-100k,1,NVIDIA GeForce RTX 4090,GPU-eed52936-813f-8d68-1654-bfb56cb42bc3,24564,23036,1103,96
2026-08-21T02:46:52.2359604+12:00,4090-deep-100k,0,NVIDIA GeForce RTX 5090,GPU-67921d1c-ee8e-304f-b562-d6f87617c5a0,32607,30569,1619,0
2026-08-21T02:46:52.2359604+12:00,4090-deep-100k,1,NVIDIA GeForce RTX 4090,GPU-eed52936-813f-8d68-1654-bfb56cb42bc3,24564,23036,1103,95
2026-08-21T02:46:52.5440781+12:00,4090-deep-100k,0,NVIDIA GeForce RTX 5090,GPU-67921d1c-ee8e-304f-b562-d6f87617c5a0,32607,30569,1619,0
2026-08-21T02:46:52.5440781+12:00,4090-deep-100k,1,NVIDIA GeForce RTX 4090,GPU-eed52936-813f-8d68-1654-bfb56cb42bc3,24564,23036,1103,95
2026-08-21T02:46:52.8745240+12:00,4090-deep-100k,0,NVIDIA GeForce RTX 5090,GPU-67921d1c-ee8e-304f-b562-d6f87617c5a0,32607,30569,1619,0
2026-08-21T02:46:52.8745240+12:00,4090-deep-100k,1,NVIDIA GeForce RTX 4090,GPU-eed52936-813f-8d68-1654-bfb56cb42bc3,24564,23036,1103,95
2026-08-21T02:46:53.2026342+12:00,4090-deep-100k,0,NVIDIA GeForce RTX 5090,GPU-67921d1c-ee8e-304f-b562-d6f87617c5a0,32607,30569,1619,0
2026-08-21T02:46:53.2026342+12:00,4090-deep-100k,1,NVIDIA GeForce RTX 4090,GPU-eed52936-813f-8d68-1654-bfb56cb42bc3,24564,23036,1103,94
2026-08-21T02:46:53.5114173+12:00,4090-deep-100k,0,NVIDIA GeForce RTX 5090,GPU-67921d1c-ee8e-304f-b562-d6f87617c5a0,32607,30569,1619,0
2026-08-21T02:46:53.5114173+12:00,4090-deep-100k,1,NVIDIA GeForce RTX 4090,GPU-eed52936-813f-8d68-1654-bfb56cb42bc3,24564,23036,1103,94
2026-08-21T02:46:53.8232121+12:00,4090-deep-100k,0,NVIDIA GeForce RTX 5090,GPU-67921d1c-ee8e-304f-b562-d6f87617c5a0,32607,30569,1619,0
2026-08-21T02:46:53.8232121+12:00,4090-deep-100k,1,NVIDIA GeForce RTX 4090,GPU-eed52936-813f-8d68-1654-bfb56cb42bc3,24564,23036,1103,94
2026-08-21T02:46:54.1546186+12:00,4090-deep-100k,0,NVIDIA GeForce RTX 5090,GPU-67921d1c-ee8e-304f-b562-d6f87617c5a0,32607,30563,1625,0
2026-08-21T02:46:54.1546186+12:00,4090-deep-100k,1,NVIDIA GeForce RTX 4090,GPU-eed52936-813f-8d68-1654-bfb56cb42bc3,24564,23036,1103,94
2026-08-21T02:46:54.4839875+12:00,4090-deep-100k,0,NVIDIA GeForce RTX 5090,GPU-67921d1c-ee8e-304f-b562-d6f87617c5a0,32607,30563,1625,0
2026-08-21T02:46:54.4839875+12:00,4090-deep-100k,1,NVIDIA GeForce RTX 4090,GPU-eed52936-813f-8d68-1654-bfb56cb42bc3,24564,23036,1103,91
2026-08-21T02:46:54.7983197+12:00,4090-deep-100k,0,NVIDIA GeForce RTX 5090,GPU-67921d1c-ee8e-304f-b562-d6f87617c5a0,32607,30563,1625,0
2026-08-21T02:46:54.7983197+12:00,4090-deep-100k,1,NVIDIA GeForce RTX 4090,GPU-eed52936-813f-8d68-1654-bfb56cb42bc3,24564,23036,1103,95
2026-08-21T02:46:55.1135389+12:00,4090-deep-100k,0,NVIDIA GeForce RTX 5090,GPU-67921d1c-ee8e-304f-b562-d6f87617c5a0,32607,30568,1620,0
2026-08-21T02:46:55.1135389+12:00,4090-deep-100k,1,NVIDIA GeForce RTX 4090,GPU-eed52936-813f-8d68-1654-bfb56cb42bc3,24564,23036,1103,95
2026-08-21T02:46:55.4281751+12:00,4090-deep-100k,0,NVIDIA GeForce RTX 5090,GPU-67921d1c-ee8e-304f-b562-d6f87617c5a0,32607,30568,1620,0
2026-08-21T02:46:55.4281751+12:00,4090-deep-100k,1,NVIDIA GeForce RTX 4090,GPU-eed52936-813f-8d68-1654-bfb56cb42bc3,24564,23036,1103,93
2026-08-21T02:46:55.7595153+12:00,4090-deep-100k,0,NVIDIA GeForce RTX 5090,GPU-67921d1c-ee8e-304f-b562-d6f87617c5a0,32607,30568,1620,0
2026-08-21T02:46:55.7595153+12:00,4090-deep-100k,1,NVIDIA GeForce RTX 4090,GPU-eed52936-813f-8d68-1654-bfb56cb42bc3,24564,23036,1103,95
2026-08-21T02:46:56.0706375+12:00,4090-deep-100k,0,NVIDIA GeForce RTX 5090,GPU-67921d1c-ee8e-304f-b562-d6f87617c5a0,32607,30569,1619,0
2026-08-21T02:46:56.0706375+12:00,4090-deep-100k,1,NVIDIA GeForce RTX 4090,GPU-eed52936-813f-8d68-1654-bfb56cb42bc3,24564,23036,1103,95
2026-08-21T02:46:56.3997384+12:00,4090-deep-100k,0,NVIDIA GeForce RTX 5090,GPU-67921d1c-ee8e-304f-b562-d6f87617c5a0,32607,30569,1619,0
2026-08-21T02:46:56.3997384+12:00,4090-deep-100k,1,NVIDIA GeForce RTX 4090,GPU-eed52936-813f-8d68-1654-bfb56cb42bc3,24564,23036,1103,95
2026-08-21T02:46:56.7264238+12:00,4090-deep-100k,0,NVIDIA GeForce RTX 5090,GPU-67921d1c-ee8e-304f-b562-d6f87617c5a0,32607,30569,1619,0
2026-08-21T02:46:56.7264238+12:00,4090-deep-100k,1,NVIDIA GeForce RTX 4090,GPU-eed52936-813f-8d68-1654-bfb56cb42bc3,24564,23036,1103,95
2026-08-21T02:46:57.0562070+12:00,4090-deep-100k,0,NVIDIA GeForce RTX 5090,GPU-67921d1c-ee8e-304f-b562-d6f87617c5a0,32607,30569,1619,0
2026-08-21T02:46:57.0562070+12:00,4090-deep-100k,1,NVIDIA GeForce RTX 4090,GPU-eed52936-813f-8d68-1654-bfb56cb42bc3,24564,23036,1103,95
2026-08-21T02:46:57.3677261+12:00,4090-deep-100k,0,NVIDIA GeForce RTX 5090,GPU-67921d1c-ee8e-304f-b562-d6f87617c5a0,32607,30569,1619,0
2026-08-21T02:46:57.3677261+12:00,4090-deep-100k,1,NVIDIA GeForce RTX 4090,GPU-eed52936-813f-8d68-1654-bfb56cb42bc3,24564,23036,1103,94
2026-08-21T02:46:57.6805111+12:00,4090-deep-100k,0,NVIDIA GeForce RTX 5090,GPU-67921d1c-ee8e-304f-b562-d6f87617c5a0,32607,30569,1619,0
2026-08-21T02:46:57.6805111+12:00,4090-deep-100k,1,NVIDIA GeForce RTX 4090,GPU-eed52936-813f-8d68-1654-bfb56cb42bc3,24564,23036,1103,94
2026-08-21T02:46:58.0076041+12:00,4090-deep-100k,0,NVIDIA GeForce RTX 5090,GPU-67921d1c-ee8e-304f-b562-d6f87617c5a0,32607,30563,1625,0
2026-08-21T02:46:58.0076041+12:00,4090-deep-100k,1,NVIDIA GeForce RTX 4090,GPU-eed52936-813f-8d68-1654-bfb56cb42bc3,24564,23036,1103,94
2026-08-21T02:46:58.3361358+12:00,4090-deep-100k,0,NVIDIA GeForce RTX 5090,GPU-67921d1c-ee8e-304f-b562-d6f87617c5a0,32607,30563,1625,0
2026-08-21T02:46:58.3361358+12:00,4090-deep-100k,1,NVIDIA GeForce RTX 4090,GPU-eed52936-813f-8d68-1654-bfb56cb42bc3,24564,23036,1103,95
2026-08-21T02:46:58.6484835+12:00,4090-deep-100k,0,NVIDIA GeForce RTX 5090,GPU-67921d1c-ee8e-304f-b562-d6f87617c5a0,32607,30563,1625,0
2026-08-21T02:46:58.6484835+12:00,4090-deep-100k,1,NVIDIA GeForce RTX 4090,GPU-eed52936-813f-8d68-1654-bfb56cb42bc3,24564,23036,1103,95
2026-08-21T02:46:58.9727043+12:00,4090-deep-100k,0,NVIDIA GeForce RTX 5090,GPU-67921d1c-ee8e-304f-b562-d6f87617c5a0,32607,30568,1620,0
2026-08-21T02:46:58.9727043+12:00,4090-deep-100k,1,NVIDIA GeForce RTX 4090,GPU-eed52936-813f-8d68-1654-bfb56cb42bc3,24564,23036,1103,94
2026-08-21T02:46:59.2881608+12:00,4090-deep-100k,0,NVIDIA GeForce RTX 5090,GPU-67921d1c-ee8e-304f-b562-d6f87617c5a0,32607,30568,1620,0
2026-08-21T02:46:59.2881608+12:00,4090-deep-100k,1,NVIDIA GeForce RTX 4090,GPU-eed52936-813f-8d68-1654-bfb56cb42bc3,24564,23036,1103,95
2026-08-21T02:46:59.6004716+12:00,4090-deep-100k,0,NVIDIA GeForce RTX 5090,GPU-67921d1c-ee8e-304f-b562-d6f87617c5a0,32607,30568,1620,0
2026-08-21T02:46:59.6004716+12:00,4090-deep-100k,1,NVIDIA GeForce RTX 4090,GPU-eed52936-813f-8d68-1654-bfb56cb42bc3,24564,23036,1103,95
2026-08-21T02:46:59.9113805+12:00,4090-deep-100k,0,NVIDIA GeForce RTX 5090,GPU-67921d1c-ee8e-304f-b562-d6f87617c5a0,32607,30569,1619,0
2026-08-21T02:46:59.9113805+12:00,4090-deep-100k,1,NVIDIA GeForce RTX 4090,GPU-eed52936-813f-8d68-1654-bfb56cb42bc3,24564,23036,1103,95
2026-08-21T02:47:00.2211900+12:00,4090-deep-100k,0,NVIDIA GeForce RTX 5090,GPU-67921d1c-ee8e-304f-b562-d6f87617c5a0,32607,30569,1619,0
2026-08-21T02:47:00.2211900+12:00,4090-deep-100k,1,NVIDIA GeForce RTX 4090,GPU-eed52936-813f-8d68-1654-bfb56cb42bc3,24564,23036,1103,93
2026-08-21T02:47:00.5377308+12:00,4090-deep-100k,0,NVIDIA GeForce RTX 5090,GPU-67921d1c-ee8e-304f-b562-d6f87617c5a0,32607,30569,1619,0
2026-08-21T02:47:00.5377308+12:00,4090-deep-100k,1,NVIDIA GeForce RTX 4090,GPU-eed52936-813f-8d68-1654-bfb56cb42bc3,24564,23036,1103,93
2026-08-21T02:47:00.8515130+12:00,4090-deep-100k,0,NVIDIA GeForce RTX 5090,GPU-67921d1c-ee8e-304f-b562-d6f87617c5a0,32607,30568,1620,0
2026-08-21T02:47:00.8515130+12:00,4090-deep-100k,1,NVIDIA GeForce RTX 4090,GPU-eed52936-813f-8d68-1654-bfb56cb42bc3,24564,23036,1103,95
2026-08-21T02:47:01.1809440+12:00,4090-deep-100k,0,NVIDIA GeForce RTX 5090,GPU-67921d1c-ee8e-304f-b562-d6f87617c5a0,32607,30563,1625,0
2026-08-21T02:47:01.1809440+12:00,4090-deep-100k,1,NVIDIA GeForce RTX 4090,GPU-eed52936-813f-8d68-1654-bfb56cb42bc3,24564,23036,1103,95
2026-08-21T02:47:01.4903818+12:00,4090-deep-100k,0,NVIDIA GeForce RTX 5090,GPU-67921d1c-ee8e-304f-b562-d6f87617c5a0,32607,30563,1625,0
2026-08-21T02:47:01.4903818+12:00,4090-deep-100k,1,NVIDIA GeForce RTX 4090,GPU-eed52936-813f-8d68-1654-bfb56cb42bc3,24564,23036,1103,94
2026-08-21T02:47:01.8026817+12:00,4090-deep-100k,0,NVIDIA GeForce RTX 5090,GPU-67921d1c-ee8e-304f-b562-d6f87617c5a0,32607,30563,1625,0
2026-08-21T02:47:01.8026817+12:00,4090-deep-100k,1,NVIDIA GeForce RTX 4090,GPU-eed52936-813f-8d68-1654-bfb56cb42bc3,24564,23036,1103,96
2026-08-21T02:47:02.1151673+12:00,4090-deep-100k,0,NVIDIA GeForce RTX 5090,GPU-67921d1c-ee8e-304f-b562-d6f87617c5a0,32607,30563,1625,0
2026-08-21T02:47:02.1151673+12:00,4090-deep-100k,1,NVIDIA GeForce RTX 4090,GPU-eed52936-813f-8d68-1654-bfb56cb42bc3,24564,23036,1103,96
2026-08-21T02:47:02.4464340+12:00,4090-deep-100k,0,NVIDIA GeForce RTX 5090,GPU-67921d1c-ee8e-304f-b562-d6f87617c5a0,32607,30563,1625,0
2026-08-21T02:47:02.4464340+12:00,4090-deep-100k,1,NVIDIA GeForce RTX 4090,GPU-eed52936-813f-8d68-1654-bfb56cb42bc3,24564,23036,1103,94
2026-08-21T02:47:02.7573500+12:00,4090-deep-100k,0,NVIDIA GeForce RTX 5090,GPU-67921d1c-ee8e-304f-b562-d6f87617c5a0,32607,30563,1625,0
2026-08-21T02:47:02.7573500+12:00,4090-deep-100k,1,NVIDIA GeForce RTX 4090,GPU-eed52936-813f-8d68-1654-bfb56cb42bc3,24564,23036,1103,90
2026-08-21T02:47:03.0745913+12:00,4090-deep-100k,0,NVIDIA GeForce RTX 5090,GPU-67921d1c-ee8e-304f-b562-d6f87617c5a0,32607,30568,1620,0
2026-08-21T02:47:03.0745913+12:00,4090-deep-100k,1,NVIDIA GeForce RTX 4090,GPU-eed52936-813f-8d68-1654-bfb56cb42bc3,24564,23036,1103,90
2026-08-21T02:47:03.3898680+12:00,4090-deep-100k,0,NVIDIA GeForce RTX 5090,GPU-67921d1c-ee8e-304f-b562-d6f87617c5a0,32607,30568,1620,0
2026-08-21T02:47:03.3898680+12:00,4090-deep-100k,1,NVIDIA GeForce RTX 4090,GPU-eed52936-813f-8d68-1654-bfb56cb42bc3,24564,23036,1103,95
2026-08-21T02:47:03.7021348+12:00,4090-deep-100k,0,NVIDIA GeForce RTX 5090,GPU-67921d1c-ee8e-304f-b562-d6f87617c5a0,32607,30568,1620,0
2026-08-21T02:47:03.7021348+12:00,4090-deep-100k,1,NVIDIA GeForce RTX 4090,GPU-eed52936-813f-8d68-1654-bfb56cb42bc3,24564,23036,1103,95
2026-08-21T02:47:04.0158554+12:00,4090-deep-100k,0,NVIDIA GeForce RTX 5090,GPU-67921d1c-ee8e-304f-b562-d6f87617c5a0,32607,30569,1619,0
2026-08-21T02:47:04.0158554+12:00,4090-deep-100k,1,NVIDIA GeForce RTX 4090,GPU-eed52936-813f-8d68-1654-bfb56cb42bc3,24564,23036,1103,95
2026-08-21T02:47:04.3303738+12:00,4090-deep-100k,0,NVIDIA GeForce RTX 5090,GPU-67921d1c-ee8e-304f-b562-d6f87617c5a0,32607,30569,1619,0
2026-08-21T02:47:04.3303738+12:00,4090-deep-100k,1,NVIDIA GeForce RTX 4090,GPU-eed52936-813f-8d68-1654-bfb56cb42bc3,24564,23036,1103,94
2026-08-21T02:47:04.6465648+12:00,4090-deep-100k,0,NVIDIA GeForce RTX 5090,GPU-67921d1c-ee8e-304f-b562-d6f87617c5a0,32607,30569,1619,0
2026-08-21T02:47:04.6465648+12:00,4090-deep-100k,1,NVIDIA GeForce RTX 4090,GPU-eed52936-813f-8d68-1654-bfb56cb42bc3,24564,23036,1103,94
2026-08-21T02:47:04.9614229+12:00,4090-deep-100k,0,NVIDIA GeForce RTX 5090,GPU-67921d1c-ee8e-304f-b562-d6f87617c5a0,32607,30569,1619,0
2026-08-21T02:47:04.9614229+12:00,4090-deep-100k,1,NVIDIA GeForce RTX 4090,GPU-eed52936-813f-8d68-1654-bfb56cb42bc3,24564,23036,1103,95
2026-08-21T02:47:05.2759675+12:00,4090-deep-100k,0,NVIDIA GeForce RTX 5090,GPU-67921d1c-ee8e-304f-b562-d6f87617c5a0,32607,30569,1619,0
2026-08-21T02:47:05.2759675+12:00,4090-deep-100k,1,NVIDIA GeForce RTX 4090,GPU-eed52936-813f-8d68-1654-bfb56cb42bc3,24564,23036,1103,95
2026-08-21T02:47:05.5923064+12:00,4090-deep-100k,0,NVIDIA GeForce RTX 5090,GPU-67921d1c-ee8e-304f-b562-d6f87617c5a0,32607,30569,1619,0
2026-08-21T02:47:05.5923064+12:00,4090-deep-100k,1,NVIDIA GeForce RTX 4090,GPU-eed52936-813f-8d68-1654-bfb56cb42bc3,24564,23036,1103,95
2026-08-21T02:47:05.9044467+12:00,4090-deep-100k,0,NVIDIA GeForce RTX 5090,GPU-67921d1c-ee8e-304f-b562-d6f87617c5a0,32607,30567,1621,0
2026-08-21T02:47:05.9044467+12:00,4090-deep-100k,1,NVIDIA GeForce RTX 4090,GPU-eed52936-813f-8d68-1654-bfb56cb42bc3,24564,23036,1103,94
2026-08-21T02:47:06.2340828+12:00,4090-deep-100k,0,NVIDIA GeForce RTX 5090,GPU-67921d1c-ee8e-304f-b562-d6f87617c5a0,32607,30563,1625,0
2026-08-21T02:47:06.2340828+12:00,4090-deep-100k,1,NVIDIA GeForce RTX 4090,GPU-eed52936-813f-8d68-1654-bfb56cb42bc3,24564,23036,1103,94
2026-08-21T02:47:06.5481103+12:00,4090-deep-100k,0,NVIDIA GeForce RTX 5090,GPU-67921d1c-ee8e-304f-b562-d6f87617c5a0,32607,30563,1625,0
2026-08-21T02:47:06.5481103+12:00,4090-deep-100k,1,NVIDIA GeForce RTX 4090,GPU-eed52936-813f-8d68-1654-bfb56cb42bc3,24564,23036,1103,94
2026-08-21T02:47:06.8671542+12:00,4090-deep-100k,0,NVIDIA GeForce RTX 5090,GPU-67921d1c-ee8e-304f-b562-d6f87617c5a0,32607,30568,1620,0
2026-08-21T02:47:06.8671542+12:00,4090-deep-100k,1,NVIDIA GeForce RTX 4090,GPU-eed52936-813f-8d68-1654-bfb56cb42bc3,24564,23036,1103,95
2026-08-21T02:47:07.1782898+12:00,4090-deep-100k,0,NVIDIA GeForce RTX 5090,GPU-67921d1c-ee8e-304f-b562-d6f87617c5a0,32607,30568,1620,0
2026-08-21T02:47:07.1782898+12:00,4090-deep-100k,1,NVIDIA GeForce RTX 4090,GPU-eed52936-813f-8d68-1654-bfb56cb42bc3,24564,23036,1103,95
2026-08-21T02:47:07.4934223+12:00,4090-deep-100k,0,NVIDIA GeForce RTX 5090,GPU-67921d1c-ee8e-304f-b562-d6f87617c5a0,32607,30568,1620,0
2026-08-21T02:47:07.4934223+12:00,4090-deep-100k,1,NVIDIA GeForce RTX 4090,GPU-eed52936-813f-8d68-1654-bfb56cb42bc3,24564,23036,1103,92
2026-08-21T02:47:07.8096250+12:00,4090-deep-100k,0,NVIDIA GeForce RTX 5090,GPU-67921d1c-ee8e-304f-b562-d6f87617c5a0,32607,30568,1620,0
2026-08-21T02:47:07.8096250+12:00,4090-deep-100k,1,NVIDIA GeForce RTX 4090,GPU-eed52936-813f-8d68-1654-bfb56cb42bc3,24564,23036,1103,95
2026-08-21T02:47:08.1240886+12:00,4090-deep-100k,0,NVIDIA GeForce RTX 5090,GPU-67921d1c-ee8e-304f-b562-d6f87617c5a0,32607,30569,1619,0
2026-08-21T02:47:08.1240886+12:00,4090-deep-100k,1,NVIDIA GeForce RTX 4090,GPU-eed52936-813f-8d68-1654-bfb56cb42bc3,24564,23036,1103,95
2026-08-21T02:47:08.4412316+12:00,4090-deep-100k,0,NVIDIA GeForce RTX 5090,GPU-67921d1c-ee8e-304f-b562-d6f87617c5a0,32607,30569,1619,0
2026-08-21T02:47:08.4412316+12:00,4090-deep-100k,1,NVIDIA GeForce RTX 4090,GPU-eed52936-813f-8d68-1654-bfb56cb42bc3,24564,23036,1103,94
2026-08-21T02:47:08.7563727+12:00,4090-deep-100k,0,NVIDIA GeForce RTX 5090,GPU-67921d1c-ee8e-304f-b562-d6f87617c5a0,32607,30569,1619,0
2026-08-21T02:47:08.7563727+12:00,4090-deep-100k,1,NVIDIA GeForce RTX 4090,GPU-eed52936-813f-8d68-1654-bfb56cb42bc3,24564,23036,1103,96
2026-08-21T02:47:09.0703418+12:00,4090-deep-100k,0,NVIDIA GeForce RTX 5090,GPU-67921d1c-ee8e-304f-b562-d6f87617c5a0,32607,30563,1625,0
2026-08-21T02:47:09.0703418+12:00,4090-deep-100k,1,NVIDIA GeForce RTX 4090,GPU-eed52936-813f-8d68-1654-bfb56cb42bc3,24564,23036,1103,96
2026-08-21T02:47:09.3860493+12:00,4090-deep-100k,0,NVIDIA GeForce RTX 5090,GPU-67921d1c-ee8e-304f-b562-d6f87617c5a0,32607,30563,1625,0
2026-08-21T02:47:09.3860493+12:00,4090-deep-100k,1,NVIDIA GeForce RTX 4090,GPU-eed52936-813f-8d68-1654-bfb56cb42bc3,24564,23036,1103,94
2026-08-21T02:47:09.7020489+12:00,4090-deep-100k,0,NVIDIA GeForce RTX 5090,GPU-67921d1c-ee8e-304f-b562-d6f87617c5a0,32607,30563,1625,0
2026-08-21T02:47:09.7020489+12:00,4090-deep-100k,1,NVIDIA GeForce RTX 4090,GPU-eed52936-813f-8d68-1654-bfb56cb42bc3,24564,23036,1103,94
2026-08-21T02:47:10.0141017+12:00,4090-deep-100k,0,NVIDIA GeForce RTX 5090,GPU-67921d1c-ee8e-304f-b562-d6f87617c5a0,32607,30563,1625,0
2026-08-21T02:47:10.0141017+12:00,4090-deep-100k,1,NVIDIA GeForce RTX 4090,GPU-eed52936-813f-8d68-1654-bfb56cb42bc3,24564,23036,1103,94
2026-08-21T02:47:10.3379575+12:00,4090-deep-100k,0,NVIDIA GeForce RTX 5090,GPU-67921d1c-ee8e-304f-b562-d6f87617c5a0,32607,30563,1625,0
2026-08-21T02:47:10.3379575+12:00,4090-deep-100k,1,NVIDIA GeForce RTX 4090,GPU-eed52936-813f-8d68-1654-bfb56cb42bc3,24564,23036,1103,94
2026-08-21T02:47:10.6445922+12:00,4090-deep-100k,0,NVIDIA GeForce RTX 5090,GPU-67921d1c-ee8e-304f-b562-d6f87617c5a0,32607,30563,1625,0
2026-08-21T02:47:10.6445922+12:00,4090-deep-100k,1,NVIDIA GeForce RTX 4090,GPU-eed52936-813f-8d68-1654-bfb56cb42bc3,24564,23036,1103,94
2026-08-21T02:47:10.9598972+12:00,4090-deep-100k,0,NVIDIA GeForce RTX 5090,GPU-67921d1c-ee8e-304f-b562-d6f87617c5a0,32607,30568,1620,0
2026-08-21T02:47:10.9598972+12:00,4090-deep-100k,1,NVIDIA GeForce RTX 4090,GPU-eed52936-813f-8d68-1654-bfb56cb42bc3,24564,23036,1103,94
2026-08-21T02:47:11.2745406+12:00,4090-deep-100k,0,NVIDIA GeForce RTX 5090,GPU-67921d1c-ee8e-304f-b562-d6f87617c5a0,32607,30568,1620,0
2026-08-21T02:47:11.2745406+12:00,4090-deep-100k,1,NVIDIA GeForce RTX 4090,GPU-eed52936-813f-8d68-1654-bfb56cb42bc3,24564,23036,1103,94
2026-08-21T02:47:11.5871131+12:00,4090-deep-100k,0,NVIDIA GeForce RTX 5090,GPU-67921d1c-ee8e-304f-b562-d6f87617c5a0,32607,30568,1620,0
2026-08-21T02:47:11.5871131+12:00,4090-deep-100k,1,NVIDIA GeForce RTX 4090,GPU-eed52936-813f-8d68-1654-bfb56cb42bc3,24564,23036,1103,94
2026-08-21T02:47:11.8956618+12:00,4090-deep-100k,0,NVIDIA GeForce RTX 5090,GPU-67921d1c-ee8e-304f-b562-d6f87617c5a0,32607,30569,1619,0
2026-08-21T02:47:11.8956618+12:00,4090-deep-100k,1,NVIDIA GeForce RTX 4090,GPU-eed52936-813f-8d68-1654-bfb56cb42bc3,24564,23036,1103,93
2026-08-21T02:47:12.2234599+12:00,4090-deep-100k,0,NVIDIA GeForce RTX 5090,GPU-67921d1c-ee8e-304f-b562-d6f87617c5a0,32607,30569,1619,0
2026-08-21T02:47:12.2234599+12:00,4090-deep-100k,1,NVIDIA GeForce RTX 4090,GPU-eed52936-813f-8d68-1654-bfb56cb42bc3,24564,23036,1103,94
2026-08-21T02:47:12.5366360+12:00,4090-deep-100k,0,NVIDIA GeForce RTX 5090,GPU-67921d1c-ee8e-304f-b562-d6f87617c5a0,32607,30569,1619,0
2026-08-21T02:47:12.5366360+12:00,4090-deep-100k,1,NVIDIA GeForce RTX 4090,GPU-eed52936-813f-8d68-1654-bfb56cb42bc3,24564,23036,1103,94
2026-08-21T02:47:12.8497947+12:00,4090-deep-100k,0,NVIDIA GeForce RTX 5090,GPU-67921d1c-ee8e-304f-b562-d6f87617c5a0,32607,30568,1620,0
2026-08-21T02:47:12.8497947+12:00,4090-deep-100k,1,NVIDIA GeForce RTX 4090,GPU-eed52936-813f-8d68-1654-bfb56cb42bc3,24564,23036,1103,96
2026-08-21T02:47:13.1699533+12:00,4090-deep-100k,0,NVIDIA GeForce RTX 5090,GPU-67921d1c-ee8e-304f-b562-d6f87617c5a0,32607,30563,1625,0
2026-08-21T02:47:13.1699533+12:00,4090-deep-100k,1,NVIDIA GeForce RTX 4090,GPU-eed52936-813f-8d68-1654-bfb56cb42bc3,24564,23036,1103,96
2026-08-21T02:47:13.4768297+12:00,4090-deep-100k,0,NVIDIA GeForce RTX 5090,GPU-67921d1c-ee8e-304f-b562-d6f87617c5a0,32607,30563,1625,0
2026-08-21T02:47:13.4768297+12:00,4090-deep-100k,1,NVIDIA GeForce RTX 4090,GPU-eed52936-813f-8d68-1654-bfb56cb42bc3,24564,23036,1103,95
2026-08-21T02:47:13.7902496+12:00,4090-deep-100k,0,NVIDIA GeForce RTX 5090,GPU-67921d1c-ee8e-304f-b562-d6f87617c5a0,32607,30563,1625,0
2026-08-21T02:47:13.7902496+12:00,4090-deep-100k,1,NVIDIA GeForce RTX 4090,GPU-eed52936-813f-8d68-1654-bfb56cb42bc3,24564,23036,1103,94
2026-08-21T02:47:14.1035757+12:00,4090-deep-100k,0,NVIDIA GeForce RTX 5090,GPU-67921d1c-ee8e-304f-b562-d6f87617c5a0,32607,30563,1625,0
2026-08-21T02:47:14.1035757+12:00,4090-deep-100k,1,NVIDIA GeForce RTX 4090,GPU-eed52936-813f-8d68-1654-bfb56cb42bc3,24564,23036,1103,94
2026-08-21T02:47:14.4181242+12:00,4090-deep-100k,0,NVIDIA GeForce RTX 5090,GPU-67921d1c-ee8e-304f-b562-d6f87617c5a0,32607,30563,1625,0
2026-08-21T02:47:14.4181242+12:00,4090-deep-100k,1,NVIDIA GeForce RTX 4090,GPU-eed52936-813f-8d68-1654-bfb56cb42bc3,24564,23036,1103,93
2026-08-21T02:47:14.7477793+12:00,4090-deep-100k,0,NVIDIA GeForce RTX 5090,GPU-67921d1c-ee8e-304f-b562-d6f87617c5a0,32607,30563,1625,0
2026-08-21T02:47:14.7477793+12:00,4090-deep-100k,1,NVIDIA GeForce RTX 4090,GPU-eed52936-813f-8d68-1654-bfb56cb42bc3,24564,23036,1103,94
2026-08-21T02:47:15.0620864+12:00,4090-deep-100k,0,NVIDIA GeForce RTX 5090,GPU-67921d1c-ee8e-304f-b562-d6f87617c5a0,32607,30568,1620,0
2026-08-21T02:47:15.0620864+12:00,4090-deep-100k,1,NVIDIA GeForce RTX 4090,GPU-eed52936-813f-8d68-1654-bfb56cb42bc3,24564,23036,1103,94
2026-08-21T02:47:15.3727580+12:00,4090-deep-100k,0,NVIDIA GeForce RTX 5090,GPU-67921d1c-ee8e-304f-b562-d6f87617c5a0,32607,30568,1620,0
2026-08-21T02:47:15.3727580+12:00,4090-deep-100k,1,NVIDIA GeForce RTX 4090,GPU-eed52936-813f-8d68-1654-bfb56cb42bc3,24564,23036,1103,94
2026-08-21T02:47:15.6842812+12:00,4090-deep-100k,0,NVIDIA GeForce RTX 5090,GPU-67921d1c-ee8e-304f-b562-d6f87617c5a0,32607,30568,1620,0
2026-08-21T02:47:15.6842812+12:00,4090-deep-100k,1,NVIDIA GeForce RTX 4090,GPU-eed52936-813f-8d68-1654-bfb56cb42bc3,24564,23036,1103,94
2026-08-21T02:47:15.9963122+12:00,4090-deep-100k,0,NVIDIA GeForce RTX 5090,GPU-67921d1c-ee8e-304f-b562-d6f87617c5a0,32607,30569,1619,0
2026-08-21T02:47:15.9963122+12:00,4090-deep-100k,1,NVIDIA GeForce RTX 4090,GPU-eed52936-813f-8d68-1654-bfb56cb42bc3,24564,23036,1103,95
2026-08-21T02:47:16.3289015+12:00,4090-deep-100k,0,NVIDIA GeForce RTX 5090,GPU-67921d1c-ee8e-304f-b562-d6f87617c5a0,32607,30569,1619,0
2026-08-21T02:47:16.3289015+12:00,4090-deep-100k,1,NVIDIA GeForce RTX 4090,GPU-eed52936-813f-8d68-1654-bfb56cb42bc3,24564,23036,1103,95
2026-08-21T02:47:16.6369148+12:00,4090-deep-100k,0,NVIDIA GeForce RTX 5090,GPU-67921d1c-ee8e-304f-b562-d6f87617c5a0,32607,30569,1619,0
2026-08-21T02:47:16.6369148+12:00,4090-deep-100k,1,NVIDIA GeForce RTX 4090,GPU-eed52936-813f-8d68-1654-bfb56cb42bc3,24564,23036,1103,95
2026-08-21T02:47:16.9511849+12:00,4090-deep-100k,0,NVIDIA GeForce RTX 5090,GPU-67921d1c-ee8e-304f-b562-d6f87617c5a0,32607,30569,1619,0
2026-08-21T02:47:16.9511849+12:00,4090-deep-100k,1,NVIDIA GeForce RTX 4090,GPU-eed52936-813f-8d68-1654-bfb56cb42bc3,24564,23036,1103,94
2026-08-21T02:47:17.2674060+12:00,4090-deep-100k,0,NVIDIA GeForce RTX 5090,GPU-67921d1c-ee8e-304f-b562-d6f87617c5a0,32607,30569,1619,0
2026-08-21T02:47:17.2674060+12:00,4090-deep-100k,1,NVIDIA GeForce RTX 4090,GPU-eed52936-813f-8d68-1654-bfb56cb42bc3,24564,23036,1103,95
2026-08-21T02:47:17.5820978+12:00,4090-deep-100k,0,NVIDIA GeForce RTX 5090,GPU-67921d1c-ee8e-304f-b562-d6f87617c5a0,32607,30569,1619,0
2026-08-21T02:47:17.5820978+12:00,4090-deep-100k,1,NVIDIA GeForce RTX 4090,GPU-eed52936-813f-8d68-1654-bfb56cb42bc3,24564,23036,1103,95
2026-08-21T02:47:17.8964250+12:00,4090-deep-100k,0,NVIDIA GeForce RTX 5090,GPU-67921d1c-ee8e-304f-b562-d6f87617c5a0,32607,30567,1621,0
2026-08-21T02:47:17.8964250+12:00,4090-deep-100k,1,NVIDIA GeForce RTX 4090,GPU-eed52936-813f-8d68-1654-bfb56cb42bc3,24564,23036,1103,96
2026-08-21T02:47:18.2086522+12:00,4090-deep-100k,0,NVIDIA GeForce RTX 5090,GPU-67921d1c-ee8e-304f-b562-d6f87617c5a0,32607,30580,1608,3
2026-08-21T02:47:18.2086522+12:00,4090-deep-100k,1,NVIDIA GeForce RTX 4090,GPU-eed52936-813f-8d68-1654-bfb56cb42bc3,24564,23036,1103,2
2026-08-21T02:47:18.5237203+12:00,4090-deep-100k,0,NVIDIA GeForce RTX 5090,GPU-67921d1c-ee8e-304f-b562-d6f87617c5a0,32607,30580,1608,3
2026-08-21T02:47:18.5237203+12:00,4090-deep-100k,1,NVIDIA GeForce RTX 4090,GPU-eed52936-813f-8d68-1654-bfb56cb42bc3,24564,23036,1103,2
2026-08-21T02:47:18.8343502+12:00,4090-deep-100k,0,NVIDIA GeForce RTX 5090,GPU-67921d1c-ee8e-304f-b562-d6f87617c5a0,32607,30591,1597,2
2026-08-21T02:47:18.8343502+12:00,4090-deep-100k,1,NVIDIA GeForce RTX 4090,GPU-eed52936-813f-8d68-1654-bfb56cb42bc3,24564,23036,1103,0
2026-08-21T02:47:19.1440760+12:00,4090-deep-100k,0,NVIDIA GeForce RTX 5090,GPU-67921d1c-ee8e-304f-b562-d6f87617c5a0,32607,30591,1597,2
2026-08-21T02:47:19.1440760+12:00,4090-deep-100k,1,NVIDIA GeForce RTX 4090,GPU-eed52936-813f-8d68-1654-bfb56cb42bc3,24564,23036,1103,0
2026-08-21T02:47:19.4694743+12:00,4090-deep-100k,0,NVIDIA GeForce RTX 5090,GPU-67921d1c-ee8e-304f-b562-d6f87617c5a0,32607,30591,1597,1
2026-08-21T02:47:19.4694743+12:00,4090-deep-100k,1,NVIDIA GeForce RTX 4090,GPU-eed52936-813f-8d68-1654-bfb56cb42bc3,24564,23036,1103,0
2026-08-21T02:47:19.7975825+12:00,4090-deep-100k,0,NVIDIA GeForce RTX 5090,GPU-67921d1c-ee8e-304f-b562-d6f87617c5a0,32607,30591,1597,0
2026-08-21T02:47:19.7975825+12:00,4090-deep-100k,1,NVIDIA GeForce RTX 4090,GPU-eed52936-813f-8d68-1654-bfb56cb42bc3,24564,23036,1103,0
2026-08-21T02:47:20.1067607+12:00,4090-deep-100k,0,NVIDIA GeForce RTX 5090,GPU-67921d1c-ee8e-304f-b562-d6f87617c5a0,32607,30590,1598,0
2026-08-21T02:47:20.1067607+12:00,4090-deep-100k,1,NVIDIA GeForce RTX 4090,GPU-eed52936-813f-8d68-1654-bfb56cb42bc3,24564,23036,1103,0
2026-08-21T02:47:20.4204255+12:00,4090-deep-100k,0,NVIDIA GeForce RTX 5090,GPU-67921d1c-ee8e-304f-b562-d6f87617c5a0,32607,30590,1598,0
2026-08-21T02:47:20.4204255+12:00,4090-deep-100k,1,NVIDIA GeForce RTX 4090,GPU-eed52936-813f-8d68-1654-bfb56cb42bc3,24564,23036,1103,0
2026-08-21T02:47:20.7317420+12:00,4090-deep-100k,0,NVIDIA GeForce RTX 5090,GPU-67921d1c-ee8e-304f-b562-d6f87617c5a0,32607,30590,1598,0
2026-08-21T02:47:20.7317420+12:00,4090-deep-100k,1,NVIDIA GeForce RTX 4090,GPU-eed52936-813f-8d68-1654-bfb56cb42bc3,24564,23036,1103,0
2026-08-21T02:47:21.0411724+12:00,4090-deep-100k,0,NVIDIA GeForce RTX 5090,GPU-67921d1c-ee8e-304f-b562-d6f87617c5a0,32607,30590,1598,0
2026-08-21T02:47:21.0411724+12:00,4090-deep-100k,1,NVIDIA GeForce RTX 4090,GPU-eed52936-813f-8d68-1654-bfb56cb42bc3,24564,23036,1103,0
2026-08-21T02:47:21.3550424+12:00,4090-deep-100k,0,NVIDIA GeForce RTX 5090,GPU-67921d1c-ee8e-304f-b562-d6f87617c5a0,32607,30584,1604,0
2026-08-21T02:47:21.3550424+12:00,4090-deep-100k,1,NVIDIA GeForce RTX 4090,GPU-eed52936-813f-8d68-1654-bfb56cb42bc3,24564,23036,1103,0
2026-08-21T02:47:21.6790068+12:00,4090-deep-100k,0,NVIDIA GeForce RTX 5090,GPU-67921d1c-ee8e-304f-b562-d6f87617c5a0,32607,30584,1604,0
2026-08-21T02:47:21.6790068+12:00,4090-deep-100k,1,NVIDIA GeForce RTX 4090,GPU-eed52936-813f-8d68-1654-bfb56cb42bc3,24564,23036,1103,0
2026-08-21T02:47:21.9922985+12:00,4090-deep-100k,0,NVIDIA GeForce RTX 5090,GPU-67921d1c-ee8e-304f-b562-d6f87617c5a0,32607,30584,1604,0
2026-08-21T02:47:21.9922985+12:00,4090-deep-100k,1,NVIDIA GeForce RTX 4090,GPU-eed52936-813f-8d68-1654-bfb56cb42bc3,24564,23036,1103,0
2026-08-21T02:47:22.3043408+12:00,4090-deep-100k,0,NVIDIA GeForce RTX 5090,GPU-67921d1c-ee8e-304f-b562-d6f87617c5a0,32607,30570,1617,0
2026-08-21T02:47:22.3043408+12:00,4090-deep-100k,1,NVIDIA GeForce RTX 4090,GPU-eed52936-813f-8d68-1654-bfb56cb42bc3,24564,23036,1103,0
2026-08-21T02:47:22.6170033+12:00,4090-deep-100k,0,NVIDIA GeForce RTX 5090,GPU-67921d1c-ee8e-304f-b562-d6f87617c5a0,32607,30570,1617,0
2026-08-21T02:47:22.6170033+12:00,4090-deep-100k,1,NVIDIA GeForce RTX 4090,GPU-eed52936-813f-8d68-1654-bfb56cb42bc3,24564,23036,1103,0
2026-08-21T02:47:22.9313025+12:00,4090-deep-100k,0,NVIDIA GeForce RTX 5090,GPU-67921d1c-ee8e-304f-b562-d6f87617c5a0,32607,30576,1612,0
2026-08-21T02:47:22.9313025+12:00,4090-deep-100k,1,NVIDIA GeForce RTX 4090,GPU-eed52936-813f-8d68-1654-bfb56cb42bc3,24564,23036,1103,0
2026-08-21T02:47:23.2618880+12:00,4090-deep-100k,0,NVIDIA GeForce RTX 5090,GPU-67921d1c-ee8e-304f-b562-d6f87617c5a0,32607,30576,1612,0
2026-08-21T02:47:23.2618880+12:00,4090-deep-100k,1,NVIDIA GeForce RTX 4090,GPU-eed52936-813f-8d68-1654-bfb56cb42bc3,24564,23036,1103,0
2026-08-21T02:47:23.5725005+12:00,4090-deep-100k,0,NVIDIA GeForce RTX 5090,GPU-67921d1c-ee8e-304f-b562-d6f87617c5a0,32607,30576,1612,0
2026-08-21T02:47:23.5725005+12:00,4090-deep-100k,1,NVIDIA GeForce RTX 4090,GPU-eed52936-813f-8d68-1654-bfb56cb42bc3,24564,23036,1103,0
2026-08-21T02:47:23.8988777+12:00,4090-deep-100k,0,NVIDIA GeForce RTX 5090,GPU-67921d1c-ee8e-304f-b562-d6f87617c5a0,32607,30577,1611,0
2026-08-21T02:47:23.8988777+12:00,4090-deep-100k,1,NVIDIA GeForce RTX 4090,GPU-eed52936-813f-8d68-1654-bfb56cb42bc3,24564,23036,1103,0
2026-08-21T02:47:24.2283877+12:00,4090-deep-100k,0,NVIDIA GeForce RTX 5090,GPU-67921d1c-ee8e-304f-b562-d6f87617c5a0,32607,30577,1611,0
2026-08-21T02:47:24.2283877+12:00,4090-deep-100k,1,NVIDIA GeForce RTX 4090,GPU-eed52936-813f-8d68-1654-bfb56cb42bc3,24564,23036,1103,0
2026-08-21T02:47:24.5557639+12:00,4090-deep-100k,0,NVIDIA GeForce RTX 5090,GPU-67921d1c-ee8e-304f-b562-d6f87617c5a0,32607,30577,1611,0
2026-08-21T02:47:24.5557639+12:00,4090-deep-100k,1,NVIDIA GeForce RTX 4090,GPU-eed52936-813f-8d68-1654-bfb56cb42bc3,24564,23036,1103,0
2026-08-21T02:47:24.8846405+12:00,4090-deep-100k,0,NVIDIA GeForce RTX 5090,GPU-67921d1c-ee8e-304f-b562-d6f87617c5a0,32607,30570,1618,0
2026-08-21T02:47:24.8846405+12:00,4090-deep-100k,1,NVIDIA GeForce RTX 4090,GPU-eed52936-813f-8d68-1654-bfb56cb42bc3,24564,23036,1103,0
2026-08-21T02:47:25.2103815+12:00,4090-deep-100k,0,NVIDIA GeForce RTX 5090,GPU-67921d1c-ee8e-304f-b562-d6f87617c5a0,32607,30570,1618,0
2026-08-21T02:47:25.2103815+12:00,4090-deep-100k,1,NVIDIA GeForce RTX 4090,GPU-eed52936-813f-8d68-1654-bfb56cb42bc3,24564,23036,1103,0
2026-08-21T02:47:25.5236879+12:00,4090-deep-100k,0,NVIDIA GeForce RTX 5090,GPU-67921d1c-ee8e-304f-b562-d6f87617c5a0,32607,30568,1620,0
2026-08-21T02:47:25.5236879+12:00,4090-deep-100k,1,NVIDIA GeForce RTX 4090,GPU-eed52936-813f-8d68-1654-bfb56cb42bc3,24564,23036,1103,0
2026-08-21T02:47:25.8353049+12:00,4090-deep-100k,0,NVIDIA GeForce RTX 5090,GPU-67921d1c-ee8e-304f-b562-d6f87617c5a0,32607,30568,1620,0
2026-08-21T02:47:25.8353049+12:00,4090-deep-100k,1,NVIDIA GeForce RTX 4090,GPU-eed52936-813f-8d68-1654-bfb56cb42bc3,24564,23036,1103,0
2026-08-21T02:47:26.1460153+12:00,4090-deep-100k,0,NVIDIA GeForce RTX 5090,GPU-67921d1c-ee8e-304f-b562-d6f87617c5a0,32607,30563,1625,0
2026-08-21T02:47:26.1460153+12:00,4090-deep-100k,1,NVIDIA GeForce RTX 4090,GPU-eed52936-813f-8d68-1654-bfb56cb42bc3,24564,23036,1103,0
2026-08-21T02:47:26.4574995+12:00,4090-deep-100k,0,NVIDIA GeForce RTX 5090,GPU-67921d1c-ee8e-304f-b562-d6f87617c5a0,32607,30563,1625,0
2026-08-21T02:47:26.4574995+12:00,4090-deep-100k,1,NVIDIA GeForce RTX 4090,GPU-eed52936-813f-8d68-1654-bfb56cb42bc3,24564,23036,1103,0
2026-08-21T02:47:26.7815189+12:00,4090-deep-100k,0,NVIDIA GeForce RTX 5090,GPU-67921d1c-ee8e-304f-b562-d6f87617c5a0,32607,30563,1625,0
2026-08-21T02:47:26.7815189+12:00,4090-deep-100k,1,NVIDIA GeForce RTX 4090,GPU-eed52936-813f-8d68-1654-bfb56cb42bc3,24564,23036,1103,0
2026-08-21T02:47:27.1087375+12:00,4090-deep-100k,0,NVIDIA GeForce RTX 5090,GPU-67921d1c-ee8e-304f-b562-d6f87617c5a0,32607,30568,1620,0
2026-08-21T02:47:27.1087375+12:00,4090-deep-100k,1,NVIDIA GeForce RTX 4090,GPU-eed52936-813f-8d68-1654-bfb56cb42bc3,24564,23036,1103,0
2026-08-21T02:47:27.4195771+12:00,4090-deep-100k,0,NVIDIA GeForce RTX 5090,GPU-67921d1c-ee8e-304f-b562-d6f87617c5a0,32607,30568,1620,0
2026-08-21T02:47:27.4195771+12:00,4090-deep-100k,1,NVIDIA GeForce RTX 4090,GPU-eed52936-813f-8d68-1654-bfb56cb42bc3,24564,23036,1103,0
2026-08-21T02:47:27.7303413+12:00,4090-deep-100k,0,NVIDIA GeForce RTX 5090,GPU-67921d1c-ee8e-304f-b562-d6f87617c5a0,32607,30568,1620,0
2026-08-21T02:47:27.7303413+12:00,4090-deep-100k,1,NVIDIA GeForce RTX 4090,GPU-eed52936-813f-8d68-1654-bfb56cb42bc3,24564,23036,1103,0
2026-08-21T02:47:28.0396351+12:00,4090-deep-100k,0,NVIDIA GeForce RTX 5090,GPU-67921d1c-ee8e-304f-b562-d6f87617c5a0,32607,30569,1619,0
2026-08-21T02:47:28.0396351+12:00,4090-deep-100k,1,NVIDIA GeForce RTX 4090,GPU-eed52936-813f-8d68-1654-bfb56cb42bc3,24564,23036,1103,0
2026-08-21T02:47:28.3519393+12:00,4090-deep-100k,0,NVIDIA GeForce RTX 5090,GPU-67921d1c-ee8e-304f-b562-d6f87617c5a0,32607,30569,1619,0
2026-08-21T02:47:28.3519393+12:00,4090-deep-100k,1,NVIDIA GeForce RTX 4090,GPU-eed52936-813f-8d68-1654-bfb56cb42bc3,24564,23036,1103,0
2026-08-21T02:47:28.6794743+12:00,4090-deep-100k,0,NVIDIA GeForce RTX 5090,GPU-67921d1c-ee8e-304f-b562-d6f87617c5a0,32607,30569,1619,0
2026-08-21T02:47:28.6794743+12:00,4090-deep-100k,1,NVIDIA GeForce RTX 4090,GPU-eed52936-813f-8d68-1654-bfb56cb42bc3,24564,23036,1103,0
2026-08-21T02:47:29.0068153+12:00,4090-deep-100k,0,NVIDIA GeForce RTX 5090,GPU-67921d1c-ee8e-304f-b562-d6f87617c5a0,32607,30569,1619,0
2026-08-21T02:47:29.0068153+12:00,4090-deep-100k,1,NVIDIA GeForce RTX 4090,GPU-eed52936-813f-8d68-1654-bfb56cb42bc3,24564,23036,1103,0
2026-08-21T02:47:29.3188060+12:00,4090-deep-100k,0,NVIDIA GeForce RTX 5090,GPU-67921d1c-ee8e-304f-b562-d6f87617c5a0,32607,30569,1619,0
2026-08-21T02:47:29.3188060+12:00,4090-deep-100k,1,NVIDIA GeForce RTX 4090,GPU-eed52936-813f-8d68-1654-bfb56cb42bc3,24564,23036,1103,0
2026-08-21T02:47:29.6299752+12:00,4090-deep-100k,0,NVIDIA GeForce RTX 5090,GPU-67921d1c-ee8e-304f-b562-d6f87617c5a0,32607,30569,1619,0
2026-08-21T02:47:29.6299752+12:00,4090-deep-100k,1,NVIDIA GeForce RTX 4090,GPU-eed52936-813f-8d68-1654-bfb56cb42bc3,24564,23036,1103,0
2026-08-21T02:47:29.9406013+12:00,4090-deep-100k,0,NVIDIA GeForce RTX 5090,GPU-67921d1c-ee8e-304f-b562-d6f87617c5a0,32607,30567,1621,0
2026-08-21T02:47:29.9406013+12:00,4090-deep-100k,1,NVIDIA GeForce RTX 4090,GPU-eed52936-813f-8d68-1654-bfb56cb42bc3,24564,23036,1103,0
2026-08-21T02:47:30.2501668+12:00,4090-deep-100k,0,NVIDIA GeForce RTX 5090,GPU-67921d1c-ee8e-304f-b562-d6f87617c5a0,32607,30563,1625,0
2026-08-21T02:47:30.2501668+12:00,4090-deep-100k,1,NVIDIA GeForce RTX 4090,GPU-eed52936-813f-8d68-1654-bfb56cb42bc3,24564,23036,1103,0
2026-08-21T02:47:30.5625738+12:00,4090-deep-100k,0,NVIDIA GeForce RTX 5090,GPU-67921d1c-ee8e-304f-b562-d6f87617c5a0,32607,30563,1625,0
2026-08-21T02:47:30.5625738+12:00,4090-deep-100k,1,NVIDIA GeForce RTX 4090,GPU-eed52936-813f-8d68-1654-bfb56cb42bc3,24564,23036,1103,0
2026-08-21T02:47:30.8900863+12:00,4090-deep-100k,0,NVIDIA GeForce RTX 5090,GPU-67921d1c-ee8e-304f-b562-d6f87617c5a0,32607,30568,1620,0
2026-08-21T02:47:30.8900863+12:00,4090-deep-100k,1,NVIDIA GeForce RTX 4090,GPU-eed52936-813f-8d68-1654-bfb56cb42bc3,24564,23036,1103,0
2026-08-21T02:47:31.2197007+12:00,4090-deep-100k,0,NVIDIA GeForce RTX 5090,GPU-67921d1c-ee8e-304f-b562-d6f87617c5a0,32607,30568,1620,0
2026-08-21T02:47:31.2197007+12:00,4090-deep-100k,1,NVIDIA GeForce RTX 4090,GPU-eed52936-813f-8d68-1654-bfb56cb42bc3,24564,23036,1103,0
2026-08-21T02:47:31.5319020+12:00,4090-deep-100k,0,NVIDIA GeForce RTX 5090,GPU-67921d1c-ee8e-304f-b562-d6f87617c5a0,32607,30568,1620,0
2026-08-21T02:47:31.5319020+12:00,4090-deep-100k,1,NVIDIA GeForce RTX 4090,GPU-eed52936-813f-8d68-1654-bfb56cb42bc3,24564,23036,1103,0
2026-08-21T02:47:31.8432835+12:00,4090-deep-100k,0,NVIDIA GeForce RTX 5090,GPU-67921d1c-ee8e-304f-b562-d6f87617c5a0,32607,30569,1619,0
2026-08-21T02:47:31.8432835+12:00,4090-deep-100k,1,NVIDIA GeForce RTX 4090,GPU-eed52936-813f-8d68-1654-bfb56cb42bc3,24564,23036,1103,0
2026-08-21T02:47:32.1770583+12:00,4090-deep-100k,0,NVIDIA GeForce RTX 5090,GPU-67921d1c-ee8e-304f-b562-d6f87617c5a0,32607,30569,1619,0
2026-08-21T02:47:32.1770583+12:00,4090-deep-100k,1,NVIDIA GeForce RTX 4090,GPU-eed52936-813f-8d68-1654-bfb56cb42bc3,24564,23036,1103,0
2026-08-21T02:47:32.5152588+12:00,4090-deep-100k,0,NVIDIA GeForce RTX 5090,GPU-67921d1c-ee8e-304f-b562-d6f87617c5a0,32607,30569,1619,0
2026-08-21T02:47:32.5152588+12:00,4090-deep-100k,1,NVIDIA GeForce RTX 4090,GPU-eed52936-813f-8d68-1654-bfb56cb42bc3,24564,23036,1103,0
2026-08-21T02:47:32.8394212+12:00,4090-deep-100k,0,NVIDIA GeForce RTX 5090,GPU-67921d1c-ee8e-304f-b562-d6f87617c5a0,32607,30568,1620,0
2026-08-21T02:47:32.8394212+12:00,4090-deep-100k,1,NVIDIA GeForce RTX 4090,GPU-eed52936-813f-8d68-1654-bfb56cb42bc3,24564,23036,1103,0
2026-08-21T02:47:33.1518235+12:00,4090-deep-100k,0,NVIDIA GeForce RTX 5090,GPU-67921d1c-ee8e-304f-b562-d6f87617c5a0,32607,30563,1625,0
2026-08-21T02:47:33.1518235+12:00,4090-deep-100k,1,NVIDIA GeForce RTX 4090,GPU-eed52936-813f-8d68-1654-bfb56cb42bc3,24564,23036,1103,0
2026-08-21T02:47:33.4776018+12:00,4090-deep-100k,0,NVIDIA GeForce RTX 5090,GPU-67921d1c-ee8e-304f-b562-d6f87617c5a0,32607,30563,1625,0
2026-08-21T02:47:33.4776018+12:00,4090-deep-100k,1,NVIDIA GeForce RTX 4090,GPU-eed52936-813f-8d68-1654-bfb56cb42bc3,24564,23036,1103,0
2026-08-21T02:47:33.7899152+12:00,4090-deep-100k,0,NVIDIA GeForce RTX 5090,GPU-67921d1c-ee8e-304f-b562-d6f87617c5a0,32607,30563,1625,0
2026-08-21T02:47:33.7899152+12:00,4090-deep-100k,1,NVIDIA GeForce RTX 4090,GPU-eed52936-813f-8d68-1654-bfb56cb42bc3,24564,23036,1103,0
2026-08-21T02:47:34.1178594+12:00,4090-deep-100k,0,NVIDIA GeForce RTX 5090,GPU-67921d1c-ee8e-304f-b562-d6f87617c5a0,32607,30563,1625,0
2026-08-21T02:47:34.1178594+12:00,4090-deep-100k,1,NVIDIA GeForce RTX 4090,GPU-eed52936-813f-8d68-1654-bfb56cb42bc3,24564,23036,1103,0
2026-08-21T02:47:34.4467999+12:00,4090-deep-100k,0,NVIDIA GeForce RTX 5090,GPU-67921d1c-ee8e-304f-b562-d6f87617c5a0,32607,30563,1625,0
2026-08-21T02:47:34.4467999+12:00,4090-deep-100k,1,NVIDIA GeForce RTX 4090,GPU-eed52936-813f-8d68-1654-bfb56cb42bc3,24564,23036,1103,0
2026-08-21T02:47:34.7571495+12:00,4090-deep-100k,0,NVIDIA GeForce RTX 5090,GPU-67921d1c-ee8e-304f-b562-d6f87617c5a0,32607,30563,1625,0
2026-08-21T02:47:34.7571495+12:00,4090-deep-100k,1,NVIDIA GeForce RTX 4090,GPU-eed52936-813f-8d68-1654-bfb56cb42bc3,24564,23036,1103,0
2026-08-21T02:47:35.0830898+12:00,4090-deep-100k,0,NVIDIA GeForce RTX 5090,GPU-67921d1c-ee8e-304f-b562-d6f87617c5a0,32607,30568,1620,0
2026-08-21T02:47:35.0830898+12:00,4090-deep-100k,1,NVIDIA GeForce RTX 4090,GPU-eed52936-813f-8d68-1654-bfb56cb42bc3,24564,23036,1103,0
2026-08-21T02:47:35.4121521+12:00,4090-deep-100k,0,NVIDIA GeForce RTX 5090,GPU-67921d1c-ee8e-304f-b562-d6f87617c5a0,32607,30568,1620,0
2026-08-21T02:47:35.4121521+12:00,4090-deep-100k,1,NVIDIA GeForce RTX 4090,GPU-eed52936-813f-8d68-1654-bfb56cb42bc3,24564,23036,1103,0
2026-08-21T02:47:35.7263114+12:00,4090-deep-100k,0,NVIDIA GeForce RTX 5090,GPU-67921d1c-ee8e-304f-b562-d6f87617c5a0,32607,30568,1620,0
2026-08-21T02:47:35.7263114+12:00,4090-deep-100k,1,NVIDIA GeForce RTX 4090,GPU-eed52936-813f-8d68-1654-bfb56cb42bc3,24564,23036,1103,0
2026-08-21T02:47:36.0515678+12:00,4090-deep-100k,0,NVIDIA GeForce RTX 5090,GPU-67921d1c-ee8e-304f-b562-d6f87617c5a0,32607,30569,1619,0
2026-08-21T02:47:36.0515678+12:00,4090-deep-100k,1,NVIDIA GeForce RTX 4090,GPU-eed52936-813f-8d68-1654-bfb56cb42bc3,24564,23036,1103,0
2026-08-21T02:47:36.3641627+12:00,4090-deep-100k,0,NVIDIA GeForce RTX 5090,GPU-67921d1c-ee8e-304f-b562-d6f87617c5a0,32607,30569,1619,0
2026-08-21T02:47:36.3641627+12:00,4090-deep-100k,1,NVIDIA GeForce RTX 4090,GPU-eed52936-813f-8d68-1654-bfb56cb42bc3,24564,23036,1103,0
2026-08-21T02:47:36.6776740+12:00,4090-deep-100k,0,NVIDIA GeForce RTX 5090,GPU-67921d1c-ee8e-304f-b562-d6f87617c5a0,32607,30569,1619,0
2026-08-21T02:47:36.6776740+12:00,4090-deep-100k,1,NVIDIA GeForce RTX 4090,GPU-eed52936-813f-8d68-1654-bfb56cb42bc3,24564,23036,1103,0
2026-08-21T02:47:36.9850270+12:00,4090-deep-100k,0,NVIDIA GeForce RTX 5090,GPU-67921d1c-ee8e-304f-b562-d6f87617c5a0,32607,30567,1621,0
2026-08-21T02:47:36.9850270+12:00,4090-deep-100k,1,NVIDIA GeForce RTX 4090,GPU-eed52936-813f-8d68-1654-bfb56cb42bc3,24564,23036,1103,0
2026-08-21T02:47:37.3149269+12:00,4090-deep-100k,0,NVIDIA GeForce RTX 5090,GPU-67921d1c-ee8e-304f-b562-d6f87617c5a0,32607,30563,1625,0
2026-08-21T02:47:37.3149269+12:00,4090-deep-100k,1,NVIDIA GeForce RTX 4090,GPU-eed52936-813f-8d68-1654-bfb56cb42bc3,24564,23036,1103,0
2026-08-21T02:47:37.6410638+12:00,4090-deep-100k,0,NVIDIA GeForce RTX 5090,GPU-67921d1c-ee8e-304f-b562-d6f87617c5a0,32607,30563,1625,0
2026-08-21T02:47:37.6410638+12:00,4090-deep-100k,1,NVIDIA GeForce RTX 4090,GPU-eed52936-813f-8d68-1654-bfb56cb42bc3,24564,23036,1103,0
2026-08-21T02:47:37.9667992+12:00,4090-deep-100k,0,NVIDIA GeForce RTX 5090,GPU-67921d1c-ee8e-304f-b562-d6f87617c5a0,32607,30563,1625,0
2026-08-21T02:47:37.9667992+12:00,4090-deep-100k,1,NVIDIA GeForce RTX 4090,GPU-eed52936-813f-8d68-1654-bfb56cb42bc3,24564,23036,1103,0
2026-08-21T02:47:38.2807634+12:00,4090-deep-100k,0,NVIDIA GeForce RTX 5090,GPU-67921d1c-ee8e-304f-b562-d6f87617c5a0,32607,30563,1625,0
2026-08-21T02:47:38.2807634+12:00,4090-deep-100k,1,NVIDIA GeForce RTX 4090,GPU-eed52936-813f-8d68-1654-bfb56cb42bc3,24564,23036,1103,0
2026-08-21T02:47:38.5926374+12:00,4090-deep-100k,0,NVIDIA GeForce RTX 5090,GPU-67921d1c-ee8e-304f-b562-d6f87617c5a0,32607,30563,1625,0
2026-08-21T02:47:38.5926374+12:00,4090-deep-100k,1,NVIDIA GeForce RTX 4090,GPU-eed52936-813f-8d68-1654-bfb56cb42bc3,24564,23036,1103,0
2026-08-21T02:47:38.9197368+12:00,4090-deep-100k,0,NVIDIA GeForce RTX 5090,GPU-67921d1c-ee8e-304f-b562-d6f87617c5a0,32607,30568,1620,0
2026-08-21T02:47:38.9197368+12:00,4090-deep-100k,1,NVIDIA GeForce RTX 4090,GPU-eed52936-813f-8d68-1654-bfb56cb42bc3,24564,23036,1103,0
2026-08-21T02:47:39.2457326+12:00,4090-deep-100k,0,NVIDIA GeForce RTX 5090,GPU-67921d1c-ee8e-304f-b562-d6f87617c5a0,32607,30568,1620,0
2026-08-21T02:47:39.2457326+12:00,4090-deep-100k,1,NVIDIA GeForce RTX 4090,GPU-eed52936-813f-8d68-1654-bfb56cb42bc3,24564,23036,1103,0
2026-08-21T02:47:39.5575993+12:00,4090-deep-100k,0,NVIDIA GeForce RTX 5090,GPU-67921d1c-ee8e-304f-b562-d6f87617c5a0,32607,30568,1620,0
2026-08-21T02:47:39.5575993+12:00,4090-deep-100k,1,NVIDIA GeForce RTX 4090,GPU-eed52936-813f-8d68-1654-bfb56cb42bc3,24564,23036,1103,0
2026-08-21T02:47:39.8851767+12:00,4090-deep-100k,0,NVIDIA GeForce RTX 5090,GPU-67921d1c-ee8e-304f-b562-d6f87617c5a0,32607,30569,1619,0
2026-08-21T02:47:39.8851767+12:00,4090-deep-100k,1,NVIDIA GeForce RTX 4090,GPU-eed52936-813f-8d68-1654-bfb56cb42bc3,24564,23036,1103,0
2026-08-21T02:47:40.2111358+12:00,4090-deep-100k,0,NVIDIA GeForce RTX 5090,GPU-67921d1c-ee8e-304f-b562-d6f87617c5a0,32607,30569,1619,0
2026-08-21T02:47:40.2111358+12:00,4090-deep-100k,1,NVIDIA GeForce RTX 4090,GPU-eed52936-813f-8d68-1654-bfb56cb42bc3,24564,23036,1103,0
2026-08-21T02:47:40.5232299+12:00,4090-deep-100k,0,NVIDIA GeForce RTX 5090,GPU-67921d1c-ee8e-304f-b562-d6f87617c5a0,32607,30569,1619,0
2026-08-21T02:47:40.5232299+12:00,4090-deep-100k,1,NVIDIA GeForce RTX 4090,GPU-eed52936-813f-8d68-1654-bfb56cb42bc3,24564,23036,1103,0
2026-08-21T02:47:40.8340043+12:00,4090-deep-100k,0,NVIDIA GeForce RTX 5090,GPU-67921d1c-ee8e-304f-b562-d6f87617c5a0,32607,30569,1619,0
2026-08-21T02:47:40.8340043+12:00,4090-deep-100k,1,NVIDIA GeForce RTX 4090,GPU-eed52936-813f-8d68-1654-bfb56cb42bc3,24564,23036,1103,0
2026-08-21T02:47:41.1677745+12:00,4090-deep-100k,0,NVIDIA GeForce RTX 5090,GPU-67921d1c-ee8e-304f-b562-d6f87617c5a0,32607,30569,1619,0
2026-08-21T02:47:41.1677745+12:00,4090-deep-100k,1,NVIDIA GeForce RTX 4090,GPU-eed52936-813f-8d68-1654-bfb56cb42bc3,24564,23036,1103,0
2026-08-21T02:47:41.4879878+12:00,4090-deep-100k,0,NVIDIA GeForce RTX 5090,GPU-67921d1c-ee8e-304f-b562-d6f87617c5a0,32607,30569,1619,0
2026-08-21T02:47:41.4879878+12:00,4090-deep-100k,1,NVIDIA GeForce RTX 4090,GPU-eed52936-813f-8d68-1654-bfb56cb42bc3,24564,23036,1103,0
2026-08-21T02:47:41.7971180+12:00,4090-deep-100k,0,NVIDIA GeForce RTX 5090,GPU-67921d1c-ee8e-304f-b562-d6f87617c5a0,32607,30569,1619,0
2026-08-21T02:47:41.7971180+12:00,4090-deep-100k,1,NVIDIA GeForce RTX 4090,GPU-eed52936-813f-8d68-1654-bfb56cb42bc3,24564,23036,1103,0
2026-08-21T02:47:42.1108520+12:00,4090-deep-100k,0,NVIDIA GeForce RTX 5090,GPU-67921d1c-ee8e-304f-b562-d6f87617c5a0,32607,30563,1625,0
2026-08-21T02:47:42.1108520+12:00,4090-deep-100k,1,NVIDIA GeForce RTX 4090,GPU-eed52936-813f-8d68-1654-bfb56cb42bc3,24564,23036,1103,0
2026-08-21T02:47:42.4435036+12:00,4090-deep-100k,0,NVIDIA GeForce RTX 5090,GPU-67921d1c-ee8e-304f-b562-d6f87617c5a0,32607,30563,1625,0
2026-08-21T02:47:42.4435036+12:00,4090-deep-100k,1,NVIDIA GeForce RTX 4090,GPU-eed52936-813f-8d68-1654-bfb56cb42bc3,24564,23036,1103,0
2026-08-21T02:47:42.7684148+12:00,4090-deep-100k,0,NVIDIA GeForce RTX 5090,GPU-67921d1c-ee8e-304f-b562-d6f87617c5a0,32607,30563,1625,0
2026-08-21T02:47:42.7684148+12:00,4090-deep-100k,1,NVIDIA GeForce RTX 4090,GPU-eed52936-813f-8d68-1654-bfb56cb42bc3,24564,23036,1103,0
2026-08-21T02:47:43.0794578+12:00,4090-deep-100k,0,NVIDIA GeForce RTX 5090,GPU-67921d1c-ee8e-304f-b562-d6f87617c5a0,32607,30568,1620,0
2026-08-21T02:47:43.0794578+12:00,4090-deep-100k,1,NVIDIA GeForce RTX 4090,GPU-eed52936-813f-8d68-1654-bfb56cb42bc3,24564,23036,1103,0
2026-08-21T02:47:43.3913604+12:00,4090-deep-100k,0,NVIDIA GeForce RTX 5090,GPU-67921d1c-ee8e-304f-b562-d6f87617c5a0,32607,30568,1620,0
2026-08-21T02:47:43.3913604+12:00,4090-deep-100k,1,NVIDIA GeForce RTX 4090,GPU-eed52936-813f-8d68-1654-bfb56cb42bc3,24564,23036,1103,0
2026-08-21T02:47:43.7037434+12:00,4090-deep-100k,0,NVIDIA GeForce RTX 5090,GPU-67921d1c-ee8e-304f-b562-d6f87617c5a0,32607,30568,1620,0
2026-08-21T02:47:43.7037434+12:00,4090-deep-100k,1,NVIDIA GeForce RTX 4090,GPU-eed52936-813f-8d68-1654-bfb56cb42bc3,24564,23036,1103,0
2026-08-21T02:47:44.0260895+12:00,4090-deep-100k,0,NVIDIA GeForce RTX 5090,GPU-67921d1c-ee8e-304f-b562-d6f87617c5a0,32607,30569,1619,0
2026-08-21T02:47:44.0260895+12:00,4090-deep-100k,1,NVIDIA GeForce RTX 4090,GPU-eed52936-813f-8d68-1654-bfb56cb42bc3,24564,23036,1103,0
2026-08-21T02:47:44.3525527+12:00,4090-deep-100k,0,NVIDIA GeForce RTX 5090,GPU-67921d1c-ee8e-304f-b562-d6f87617c5a0,32607,30569,1619,0
2026-08-21T02:47:44.3525527+12:00,4090-deep-100k,1,NVIDIA GeForce RTX 4090,GPU-eed52936-813f-8d68-1654-bfb56cb42bc3,24564,23036,1103,0
2026-08-21T02:47:44.6659408+12:00,4090-deep-100k,0,NVIDIA GeForce RTX 5090,GPU-67921d1c-ee8e-304f-b562-d6f87617c5a0,32607,30569,1619,0
2026-08-21T02:47:44.6659408+12:00,4090-deep-100k,1,NVIDIA GeForce RTX 4090,GPU-eed52936-813f-8d68-1654-bfb56cb42bc3,24564,23036,1103,0
2026-08-21T02:47:44.9938495+12:00,4090-deep-100k,0,NVIDIA GeForce RTX 5090,GPU-67921d1c-ee8e-304f-b562-d6f87617c5a0,32607,30563,1625,0
2026-08-21T02:47:44.9938495+12:00,4090-deep-100k,1,NVIDIA GeForce RTX 4090,GPU-eed52936-813f-8d68-1654-bfb56cb42bc3,24564,23036,1103,0
2026-08-21T02:47:45.3056539+12:00,4090-deep-100k,0,NVIDIA GeForce RTX 5090,GPU-67921d1c-ee8e-304f-b562-d6f87617c5a0,32607,30563,1625,0
2026-08-21T02:47:45.3056539+12:00,4090-deep-100k,1,NVIDIA GeForce RTX 4090,GPU-eed52936-813f-8d68-1654-bfb56cb42bc3,24564,23036,1103,0
2026-08-21T02:47:45.6162746+12:00,4090-deep-100k,0,NVIDIA GeForce RTX 5090,GPU-67921d1c-ee8e-304f-b562-d6f87617c5a0,32607,30563,1625,0
2026-08-21T02:47:45.6162746+12:00,4090-deep-100k,1,NVIDIA GeForce RTX 4090,GPU-eed52936-813f-8d68-1654-bfb56cb42bc3,24564,23036,1103,0
2026-08-21T02:47:45.9282637+12:00,4090-deep-100k,0,NVIDIA GeForce RTX 5090,GPU-67921d1c-ee8e-304f-b562-d6f87617c5a0,32607,30563,1625,0
2026-08-21T02:47:45.9282637+12:00,4090-deep-100k,1,NVIDIA GeForce RTX 4090,GPU-eed52936-813f-8d68-1654-bfb56cb42bc3,24564,23036,1103,0
2026-08-21T02:47:46.2548895+12:00,4090-deep-100k,0,NVIDIA GeForce RTX 5090,GPU-67921d1c-ee8e-304f-b562-d6f87617c5a0,32607,30563,1625,0
2026-08-21T02:47:46.2548895+12:00,4090-deep-100k,1,NVIDIA GeForce RTX 4090,GPU-eed52936-813f-8d68-1654-bfb56cb42bc3,24564,23036,1103,0
2026-08-21T02:47:46.5860417+12:00,4090-deep-100k,0,NVIDIA GeForce RTX 5090,GPU-67921d1c-ee8e-304f-b562-d6f87617c5a0,32607,30563,1625,0
2026-08-21T02:47:46.5860417+12:00,4090-deep-100k,1,NVIDIA GeForce RTX 4090,GPU-eed52936-813f-8d68-1654-bfb56cb42bc3,24564,23036,1103,0
2026-08-21T02:47:46.8943587+12:00,4090-deep-100k,0,NVIDIA GeForce RTX 5090,GPU-67921d1c-ee8e-304f-b562-d6f87617c5a0,32607,30568,1620,0
2026-08-21T02:47:46.8943587+12:00,4090-deep-100k,1,NVIDIA GeForce RTX 4090,GPU-eed52936-813f-8d68-1654-bfb56cb42bc3,24564,23036,1103,0
2026-08-21T02:47:47.2239300+12:00,4090-deep-100k,0,NVIDIA GeForce RTX 5090,GPU-67921d1c-ee8e-304f-b562-d6f87617c5a0,32607,30568,1620,0
2026-08-21T02:47:47.2239300+12:00,4090-deep-100k,1,NVIDIA GeForce RTX 4090,GPU-eed52936-813f-8d68-1654-bfb56cb42bc3,24564,23036,1103,0
2026-08-21T02:47:47.5472331+12:00,4090-deep-100k,0,NVIDIA GeForce RTX 5090,GPU-67921d1c-ee8e-304f-b562-d6f87617c5a0,32607,30568,1620,0
2026-08-21T02:47:47.5472331+12:00,4090-deep-100k,1,NVIDIA GeForce RTX 4090,GPU-eed52936-813f-8d68-1654-bfb56cb42bc3,24564,23036,1103,0
2026-08-21T02:47:47.8595144+12:00,4090-deep-100k,0,NVIDIA GeForce RTX 5090,GPU-67921d1c-ee8e-304f-b562-d6f87617c5a0,32607,30569,1619,0
2026-08-21T02:47:47.8595144+12:00,4090-deep-100k,1,NVIDIA GeForce RTX 4090,GPU-eed52936-813f-8d68-1654-bfb56cb42bc3,24564,23036,1103,0
2026-08-21T02:47:48.1864702+12:00,4090-deep-100k,0,NVIDIA GeForce RTX 5090,GPU-67921d1c-ee8e-304f-b562-d6f87617c5a0,32607,30569,1619,0
2026-08-21T02:47:48.1864702+12:00,4090-deep-100k,1,NVIDIA GeForce RTX 4090,GPU-eed52936-813f-8d68-1654-bfb56cb42bc3,24564,23036,1103,0
2026-08-21T02:47:48.5149593+12:00,4090-deep-100k,0,NVIDIA GeForce RTX 5090,GPU-67921d1c-ee8e-304f-b562-d6f87617c5a0,32607,30569,1619,0
2026-08-21T02:47:48.5149593+12:00,4090-deep-100k,1,NVIDIA GeForce RTX 4090,GPU-eed52936-813f-8d68-1654-bfb56cb42bc3,24564,23036,1103,0
2026-08-21T02:47:48.8421314+12:00,4090-deep-100k,0,NVIDIA GeForce RTX 5090,GPU-67921d1c-ee8e-304f-b562-d6f87617c5a0,32607,30569,1619,0
2026-08-21T02:47:48.8421314+12:00,4090-deep-100k,1,NVIDIA GeForce RTX 4090,GPU-eed52936-813f-8d68-1654-bfb56cb42bc3,24564,23036,1103,0
2026-08-21T02:47:49.1556085+12:00,4090-deep-100k,0,NVIDIA GeForce RTX 5090,GPU-67921d1c-ee8e-304f-b562-d6f87617c5a0,32607,30569,1619,0
2026-08-21T02:47:49.1556085+12:00,4090-deep-100k,1,NVIDIA GeForce RTX 4090,GPU-eed52936-813f-8d68-1654-bfb56cb42bc3,24564,23036,1103,0
2026-08-21T02:47:49.4810748+12:00,4090-deep-100k,0,NVIDIA GeForce RTX 5090,GPU-67921d1c-ee8e-304f-b562-d6f87617c5a0,32607,30569,1619,0
2026-08-21T02:47:49.4810748+12:00,4090-deep-100k,1,NVIDIA GeForce RTX 4090,GPU-eed52936-813f-8d68-1654-bfb56cb42bc3,24564,23036,1103,0
2026-08-21T02:47:49.7935719+12:00,4090-deep-100k,0,NVIDIA GeForce RTX 5090,GPU-67921d1c-ee8e-304f-b562-d6f87617c5a0,32607,30569,1619,0
2026-08-21T02:47:49.7935719+12:00,4090-deep-100k,1,NVIDIA GeForce RTX 4090,GPU-eed52936-813f-8d68-1654-bfb56cb42bc3,24564,23036,1103,0
2026-08-21T02:47:50.1059830+12:00,4090-deep-100k,0,NVIDIA GeForce RTX 5090,GPU-67921d1c-ee8e-304f-b562-d6f87617c5a0,32607,30563,1625,0
2026-08-21T02:47:50.1059830+12:00,4090-deep-100k,1,NVIDIA GeForce RTX 4090,GPU-eed52936-813f-8d68-1654-bfb56cb42bc3,24564,23036,1103,0
2026-08-21T02:47:50.4178855+12:00,4090-deep-100k,0,NVIDIA GeForce RTX 5090,GPU-67921d1c-ee8e-304f-b562-d6f87617c5a0,32607,30563,1625,0
2026-08-21T02:47:50.4178855+12:00,4090-deep-100k,1,NVIDIA GeForce RTX 4090,GPU-eed52936-813f-8d68-1654-bfb56cb42bc3,24564,23036,1103,0
2026-08-21T02:47:50.7442199+12:00,4090-deep-100k,0,NVIDIA GeForce RTX 5090,GPU-67921d1c-ee8e-304f-b562-d6f87617c5a0,32607,30563,1625,0
2026-08-21T02:47:50.7442199+12:00,4090-deep-100k,1,NVIDIA GeForce RTX 4090,GPU-eed52936-813f-8d68-1654-bfb56cb42bc3,24564,23036,1103,0
2026-08-21T02:47:51.0553586+12:00,4090-deep-100k,0,NVIDIA GeForce RTX 5090,GPU-67921d1c-ee8e-304f-b562-d6f87617c5a0,32607,30568,1620,0
2026-08-21T02:47:51.0553586+12:00,4090-deep-100k,1,NVIDIA GeForce RTX 4090,GPU-eed52936-813f-8d68-1654-bfb56cb42bc3,24564,23036,1103,0
2026-08-21T02:47:51.3837992+12:00,4090-deep-100k,0,NVIDIA GeForce RTX 5090,GPU-67921d1c-ee8e-304f-b562-d6f87617c5a0,32607,30568,1620,0
2026-08-21T02:47:51.3837992+12:00,4090-deep-100k,1,NVIDIA GeForce RTX 4090,GPU-eed52936-813f-8d68-1654-bfb56cb42bc3,24564,23036,1103,0
2026-08-21T02:47:51.6954421+12:00,4090-deep-100k,0,NVIDIA GeForce RTX 5090,GPU-67921d1c-ee8e-304f-b562-d6f87617c5a0,32607,30568,1620,0
2026-08-21T02:47:51.6954421+12:00,4090-deep-100k,1,NVIDIA GeForce RTX 4090,GPU-eed52936-813f-8d68-1654-bfb56cb42bc3,24564,23036,1103,0
2026-08-21T02:47:52.0258496+12:00,4090-deep-100k,0,NVIDIA GeForce RTX 5090,GPU-67921d1c-ee8e-304f-b562-d6f87617c5a0,32607,30569,1619,0
2026-08-21T02:47:52.0258496+12:00,4090-deep-100k,1,NVIDIA GeForce RTX 4090,GPU-eed52936-813f-8d68-1654-bfb56cb42bc3,24564,23036,1103,0
2026-08-21T02:47:52.3523484+12:00,4090-deep-100k,0,NVIDIA GeForce RTX 5090,GPU-67921d1c-ee8e-304f-b562-d6f87617c5a0,32607,30569,1619,0
2026-08-21T02:47:52.3523484+12:00,4090-deep-100k,1,NVIDIA GeForce RTX 4090,GPU-eed52936-813f-8d68-1654-bfb56cb42bc3,24564,23036,1103,0
2026-08-21T02:47:52.6791985+12:00,4090-deep-100k,0,NVIDIA GeForce RTX 5090,GPU-67921d1c-ee8e-304f-b562-d6f87617c5a0,32607,30569,1619,0
2026-08-21T02:47:52.6791985+12:00,4090-deep-100k,1,NVIDIA GeForce RTX 4090,GPU-eed52936-813f-8d68-1654-bfb56cb42bc3,24564,23036,1103,0
2026-08-21T02:47:52.9898994+12:00,4090-deep-100k,0,NVIDIA GeForce RTX 5090,GPU-67921d1c-ee8e-304f-b562-d6f87617c5a0,32607,30569,1619,0
2026-08-21T02:47:52.9898994+12:00,4090-deep-100k,1,NVIDIA GeForce RTX 4090,GPU-eed52936-813f-8d68-1654-bfb56cb42bc3,24564,23036,1103,0
2026-08-21T02:47:53.3170183+12:00,4090-deep-100k,0,NVIDIA GeForce RTX 5090,GPU-67921d1c-ee8e-304f-b562-d6f87617c5a0,32607,30580,1607,0
2026-08-21T02:47:53.3170183+12:00,4090-deep-100k,1,NVIDIA GeForce RTX 4090,GPU-eed52936-813f-8d68-1654-bfb56cb42bc3,24564,23036,1103,0
2026-08-21T02:47:53.6284202+12:00,4090-deep-100k,0,NVIDIA GeForce RTX 5090,GPU-67921d1c-ee8e-304f-b562-d6f87617c5a0,32607,30580,1607,0
2026-08-21T02:47:53.6284202+12:00,4090-deep-100k,1,NVIDIA GeForce RTX 4090,GPU-eed52936-813f-8d68-1654-bfb56cb42bc3,24564,23036,1103,0
2026-08-21T02:47:53.9571067+12:00,4090-deep-100k,0,NVIDIA GeForce RTX 5090,GPU-67921d1c-ee8e-304f-b562-d6f87617c5a0,32607,30580,1607,0
2026-08-21T02:47:53.9571067+12:00,4090-deep-100k,1,NVIDIA GeForce RTX 4090,GPU-eed52936-813f-8d68-1654-bfb56cb42bc3,24564,23036,1103,0
2026-08-21T02:47:54.2704080+12:00,4090-deep-100k,0,NVIDIA GeForce RTX 5090,GPU-67921d1c-ee8e-304f-b562-d6f87617c5a0,32607,30580,1607,0
2026-08-21T02:47:54.2704080+12:00,4090-deep-100k,1,NVIDIA GeForce RTX 4090,GPU-eed52936-813f-8d68-1654-bfb56cb42bc3,24564,23036,1103,0
2026-08-21T02:47:54.5988405+12:00,4090-deep-100k,0,NVIDIA GeForce RTX 5090,GPU-67921d1c-ee8e-304f-b562-d6f87617c5a0,32607,30580,1607,0
2026-08-21T02:47:54.5988405+12:00,4090-deep-100k,1,NVIDIA GeForce RTX 4090,GPU-eed52936-813f-8d68-1654-bfb56cb42bc3,24564,23036,1103,0
2026-08-21T02:47:54.9210881+12:00,4090-deep-100k,0,NVIDIA GeForce RTX 5090,GPU-67921d1c-ee8e-304f-b562-d6f87617c5a0,32607,30575,1613,0
2026-08-21T02:47:54.9210881+12:00,4090-deep-100k,1,NVIDIA GeForce RTX 4090,GPU-eed52936-813f-8d68-1654-bfb56cb42bc3,24564,23036,1103,0
2026-08-21T02:47:55.2499252+12:00,4090-deep-100k,0,NVIDIA GeForce RTX 5090,GPU-67921d1c-ee8e-304f-b562-d6f87617c5a0,32607,30571,1617,0
2026-08-21T02:47:55.2499252+12:00,4090-deep-100k,1,NVIDIA GeForce RTX 4090,GPU-eed52936-813f-8d68-1654-bfb56cb42bc3,24564,23036,1103,0
2026-08-21T02:47:55.5746595+12:00,4090-deep-100k,0,NVIDIA GeForce RTX 5090,GPU-67921d1c-ee8e-304f-b562-d6f87617c5a0,32607,30571,1617,0
2026-08-21T02:47:55.5746595+12:00,4090-deep-100k,1,NVIDIA GeForce RTX 4090,GPU-eed52936-813f-8d68-1654-bfb56cb42bc3,24564,23036,1103,0
2026-08-21T02:47:55.8871079+12:00,4090-deep-100k,0,NVIDIA GeForce RTX 5090,GPU-67921d1c-ee8e-304f-b562-d6f87617c5a0,32607,30572,1616,0
2026-08-21T02:47:55.8871079+12:00,4090-deep-100k,1,NVIDIA GeForce RTX 4090,GPU-eed52936-813f-8d68-1654-bfb56cb42bc3,24564,23036,1103,0
2026-08-21T02:47:56.1989609+12:00,4090-deep-100k,0,NVIDIA GeForce RTX 5090,GPU-67921d1c-ee8e-304f-b562-d6f87617c5a0,32607,30572,1616,0
2026-08-21T02:47:56.1989609+12:00,4090-deep-100k,1,NVIDIA GeForce RTX 4090,GPU-eed52936-813f-8d68-1654-bfb56cb42bc3,24564,23036,1103,0
2026-08-21T02:47:56.5353087+12:00,4090-deep-100k,0,NVIDIA GeForce RTX 5090,GPU-67921d1c-ee8e-304f-b562-d6f87617c5a0,32607,30572,1616,0
2026-08-21T02:47:56.5353087+12:00,4090-deep-100k,1,NVIDIA GeForce RTX 4090,GPU-eed52936-813f-8d68-1654-bfb56cb42bc3,24564,23036,1103,0
2026-08-21T02:47:56.8699288+12:00,4090-deep-100k,0,NVIDIA GeForce RTX 5090,GPU-67921d1c-ee8e-304f-b562-d6f87617c5a0,32607,30572,1616,0
2026-08-21T02:47:56.8699288+12:00,4090-deep-100k,1,NVIDIA GeForce RTX 4090,GPU-eed52936-813f-8d68-1654-bfb56cb42bc3,24564,23036,1103,0
2026-08-21T02:47:57.1832872+12:00,4090-deep-100k,0,NVIDIA GeForce RTX 5090,GPU-67921d1c-ee8e-304f-b562-d6f87617c5a0,32607,30572,1616,0
2026-08-21T02:47:57.1832872+12:00,4090-deep-100k,1,NVIDIA GeForce RTX 4090,GPU-eed52936-813f-8d68-1654-bfb56cb42bc3,24564,23036,1103,0
2026-08-21T02:47:57.4938796+12:00,4090-deep-100k,0,NVIDIA GeForce RTX 5090,GPU-67921d1c-ee8e-304f-b562-d6f87617c5a0,32607,30572,1616,0
2026-08-21T02:47:57.4938796+12:00,4090-deep-100k,1,NVIDIA GeForce RTX 4090,GPU-eed52936-813f-8d68-1654-bfb56cb42bc3,24564,23036,1103,0
2026-08-21T02:47:57.8204799+12:00,4090-deep-100k,0,NVIDIA GeForce RTX 5090,GPU-67921d1c-ee8e-304f-b562-d6f87617c5a0,32607,30572,1616,0
2026-08-21T02:47:57.8204799+12:00,4090-deep-100k,1,NVIDIA GeForce RTX 4090,GPU-eed52936-813f-8d68-1654-bfb56cb42bc3,24564,23036,1103,0
2026-08-21T02:47:58.1477978+12:00,4090-deep-100k,0,NVIDIA GeForce RTX 5090,GPU-67921d1c-ee8e-304f-b562-d6f87617c5a0,32607,30564,1624,0
2026-08-21T02:47:58.1477978+12:00,4090-deep-100k,1,NVIDIA GeForce RTX 4090,GPU-eed52936-813f-8d68-1654-bfb56cb42bc3,24564,23036,1103,0
2026-08-21T02:47:58.4746646+12:00,4090-deep-100k,0,NVIDIA GeForce RTX 5090,GPU-67921d1c-ee8e-304f-b562-d6f87617c5a0,32607,30564,1624,0
2026-08-21T02:47:58.4746646+12:00,4090-deep-100k,1,NVIDIA GeForce RTX 4090,GPU-eed52936-813f-8d68-1654-bfb56cb42bc3,24564,23036,1103,0
2026-08-21T02:47:58.7872943+12:00,4090-deep-100k,0,NVIDIA GeForce RTX 5090,GPU-67921d1c-ee8e-304f-b562-d6f87617c5a0,32607,30564,1624,0
2026-08-21T02:47:58.7872943+12:00,4090-deep-100k,1,NVIDIA GeForce RTX 4090,GPU-eed52936-813f-8d68-1654-bfb56cb42bc3,24564,23036,1103,0
2026-08-21T02:47:59.1136880+12:00,4090-deep-100k,0,NVIDIA GeForce RTX 5090,GPU-67921d1c-ee8e-304f-b562-d6f87617c5a0,32607,30568,1620,0
2026-08-21T02:47:59.1136880+12:00,4090-deep-100k,1,NVIDIA GeForce RTX 4090,GPU-eed52936-813f-8d68-1654-bfb56cb42bc3,24564,23036,1103,0
2026-08-21T02:47:59.4239721+12:00,4090-deep-100k,0,NVIDIA GeForce RTX 5090,GPU-67921d1c-ee8e-304f-b562-d6f87617c5a0,32607,30568,1620,0
2026-08-21T02:47:59.4239721+12:00,4090-deep-100k,1,NVIDIA GeForce RTX 4090,GPU-eed52936-813f-8d68-1654-bfb56cb42bc3,24564,23036,1103,0
2026-08-21T02:47:59.7507492+12:00,4090-deep-100k,0,NVIDIA GeForce RTX 5090,GPU-67921d1c-ee8e-304f-b562-d6f87617c5a0,32607,30568,1620,0
2026-08-21T02:47:59.7507492+12:00,4090-deep-100k,1,NVIDIA GeForce RTX 4090,GPU-eed52936-813f-8d68-1654-bfb56cb42bc3,24564,23036,1103,0
2026-08-21T02:48:00.0787026+12:00,4090-deep-100k,0,NVIDIA GeForce RTX 5090,GPU-67921d1c-ee8e-304f-b562-d6f87617c5a0,32607,30569,1619,0
2026-08-21T02:48:00.0787026+12:00,4090-deep-100k,1,NVIDIA GeForce RTX 4090,GPU-eed52936-813f-8d68-1654-bfb56cb42bc3,24564,23036,1103,0
2026-08-21T02:48:00.4086831+12:00,4090-deep-100k,0,NVIDIA GeForce RTX 5090,GPU-67921d1c-ee8e-304f-b562-d6f87617c5a0,32607,30569,1619,0
2026-08-21T02:48:00.4086831+12:00,4090-deep-100k,1,NVIDIA GeForce RTX 4090,GPU-eed52936-813f-8d68-1654-bfb56cb42bc3,24564,23036,1103,0
2026-08-21T02:48:00.7344266+12:00,4090-deep-100k,0,NVIDIA GeForce RTX 5090,GPU-67921d1c-ee8e-304f-b562-d6f87617c5a0,32607,30569,1619,0
2026-08-21T02:48:00.7344266+12:00,4090-deep-100k,1,NVIDIA GeForce RTX 4090,GPU-eed52936-813f-8d68-1654-bfb56cb42bc3,24564,23036,1103,0
2026-08-21T02:48:01.0427341+12:00,4090-deep-100k,0,NVIDIA GeForce RTX 5090,GPU-67921d1c-ee8e-304f-b562-d6f87617c5a0,32607,30569,1619,0
2026-08-21T02:48:01.0427341+12:00,4090-deep-100k,1,NVIDIA GeForce RTX 4090,GPU-eed52936-813f-8d68-1654-bfb56cb42bc3,24564,23036,1103,0
2026-08-21T02:48:01.3565453+12:00,4090-deep-100k,0,NVIDIA GeForce RTX 5090,GPU-67921d1c-ee8e-304f-b562-d6f87617c5a0,32607,30569,1619,0
2026-08-21T02:48:01.3565453+12:00,4090-deep-100k,1,NVIDIA GeForce RTX 4090,GPU-eed52936-813f-8d68-1654-bfb56cb42bc3,24564,23036,1103,0
2026-08-21T02:48:01.6699364+12:00,4090-deep-100k,0,NVIDIA GeForce RTX 5090,GPU-67921d1c-ee8e-304f-b562-d6f87617c5a0,32607,30569,1619,0
2026-08-21T02:48:01.6699364+12:00,4090-deep-100k,1,NVIDIA GeForce RTX 4090,GPU-eed52936-813f-8d68-1654-bfb56cb42bc3,24564,23036,1103,0
2026-08-21T02:48:01.9854404+12:00,4090-deep-100k,0,NVIDIA GeForce RTX 5090,GPU-67921d1c-ee8e-304f-b562-d6f87617c5a0,32607,30562,1625,0
2026-08-21T02:48:01.9854404+12:00,4090-deep-100k,1,NVIDIA GeForce RTX 4090,GPU-eed52936-813f-8d68-1654-bfb56cb42bc3,24564,23036,1103,0
2026-08-21T02:48:02.2967226+12:00,4090-deep-100k,0,NVIDIA GeForce RTX 5090,GPU-67921d1c-ee8e-304f-b562-d6f87617c5a0,32607,30562,1625,0
2026-08-21T02:48:02.2967226+12:00,4090-deep-100k,1,NVIDIA GeForce RTX 4090,GPU-eed52936-813f-8d68-1654-bfb56cb42bc3,24564,23036,1103,0
2026-08-21T02:48:02.6220904+12:00,4090-deep-100k,0,NVIDIA GeForce RTX 5090,GPU-67921d1c-ee8e-304f-b562-d6f87617c5a0,32607,30562,1625,0
2026-08-21T02:48:02.6220904+12:00,4090-deep-100k,1,NVIDIA GeForce RTX 4090,GPU-eed52936-813f-8d68-1654-bfb56cb42bc3,24564,23036,1103,0
2026-08-21T02:48:02.9323684+12:00,4090-deep-100k,0,NVIDIA GeForce RTX 5090,GPU-67921d1c-ee8e-304f-b562-d6f87617c5a0,32607,30568,1620,0
2026-08-21T02:48:02.9323684+12:00,4090-deep-100k,1,NVIDIA GeForce RTX 4090,GPU-eed52936-813f-8d68-1654-bfb56cb42bc3,24564,23036,1103,0
2026-08-21T02:48:03.2464155+12:00,4090-deep-100k,0,NVIDIA GeForce RTX 5090,GPU-67921d1c-ee8e-304f-b562-d6f87617c5a0,32607,30568,1620,0
2026-08-21T02:48:03.2464155+12:00,4090-deep-100k,1,NVIDIA GeForce RTX 4090,GPU-eed52936-813f-8d68-1654-bfb56cb42bc3,24564,23036,1103,0
2026-08-21T02:48:03.5710062+12:00,4090-deep-100k,0,NVIDIA GeForce RTX 5090,GPU-67921d1c-ee8e-304f-b562-d6f87617c5a0,32607,30568,1620,0
2026-08-21T02:48:03.5710062+12:00,4090-deep-100k,1,NVIDIA GeForce RTX 4090,GPU-eed52936-813f-8d68-1654-bfb56cb42bc3,24564,23036,1103,0
2026-08-21T02:48:03.8966331+12:00,4090-deep-100k,0,NVIDIA GeForce RTX 5090,GPU-67921d1c-ee8e-304f-b562-d6f87617c5a0,32607,30569,1619,0
2026-08-21T02:48:03.8966331+12:00,4090-deep-100k,1,NVIDIA GeForce RTX 4090,GPU-eed52936-813f-8d68-1654-bfb56cb42bc3,24564,23036,1103,0
2026-08-21T02:48:04.2210786+12:00,4090-deep-100k,0,NVIDIA GeForce RTX 5090,GPU-67921d1c-ee8e-304f-b562-d6f87617c5a0,32607,30569,1619,0
2026-08-21T02:48:04.2210786+12:00,4090-deep-100k,1,NVIDIA GeForce RTX 4090,GPU-eed52936-813f-8d68-1654-bfb56cb42bc3,24564,23036,1103,0
2026-08-21T02:48:04.5506314+12:00,4090-deep-100k,0,NVIDIA GeForce RTX 5090,GPU-67921d1c-ee8e-304f-b562-d6f87617c5a0,32607,30569,1619,0
2026-08-21T02:48:04.5506314+12:00,4090-deep-100k,1,NVIDIA GeForce RTX 4090,GPU-eed52936-813f-8d68-1654-bfb56cb42bc3,24564,23036,1103,0
2026-08-21T02:48:04.8601854+12:00,4090-deep-100k,0,NVIDIA GeForce RTX 5090,GPU-67921d1c-ee8e-304f-b562-d6f87617c5a0,32607,30569,1619,0
2026-08-21T02:48:04.8601854+12:00,4090-deep-100k,1,NVIDIA GeForce RTX 4090,GPU-eed52936-813f-8d68-1654-bfb56cb42bc3,24564,23036,1103,0
2026-08-21T02:48:05.1759458+12:00,4090-deep-100k,0,NVIDIA GeForce RTX 5090,GPU-67921d1c-ee8e-304f-b562-d6f87617c5a0,32607,30569,1619,0
2026-08-21T02:48:05.1759458+12:00,4090-deep-100k,1,NVIDIA GeForce RTX 4090,GPU-eed52936-813f-8d68-1654-bfb56cb42bc3,24564,23036,1103,0
2026-08-21T02:48:05.4988234+12:00,4090-deep-100k,0,NVIDIA GeForce RTX 5090,GPU-67921d1c-ee8e-304f-b562-d6f87617c5a0,32607,30569,1619,0
2026-08-21T02:48:05.4988234+12:00,4090-deep-100k,1,NVIDIA GeForce RTX 4090,GPU-eed52936-813f-8d68-1654-bfb56cb42bc3,24564,23036,1103,0
2026-08-21T02:48:05.8259348+12:00,4090-deep-100k,0,NVIDIA GeForce RTX 5090,GPU-67921d1c-ee8e-304f-b562-d6f87617c5a0,32607,30569,1619,0
2026-08-21T02:48:05.8259348+12:00,4090-deep-100k,1,NVIDIA GeForce RTX 4090,GPU-eed52936-813f-8d68-1654-bfb56cb42bc3,24564,23036,1103,0
2026-08-21T02:48:06.1526374+12:00,4090-deep-100k,0,NVIDIA GeForce RTX 5090,GPU-67921d1c-ee8e-304f-b562-d6f87617c5a0,32607,30562,1625,0
2026-08-21T02:48:06.1526374+12:00,4090-deep-100k,1,NVIDIA GeForce RTX 4090,GPU-eed52936-813f-8d68-1654-bfb56cb42bc3,24564,23036,1103,0
2026-08-21T02:48:06.4685405+12:00,4090-deep-100k,0,NVIDIA GeForce RTX 5090,GPU-67921d1c-ee8e-304f-b562-d6f87617c5a0,32607,30562,1625,0
2026-08-21T02:48:06.4685405+12:00,4090-deep-100k,1,NVIDIA GeForce RTX 4090,GPU-eed52936-813f-8d68-1654-bfb56cb42bc3,24564,23036,1103,0
2026-08-21T02:48:06.7937359+12:00,4090-deep-100k,0,NVIDIA GeForce RTX 5090,GPU-67921d1c-ee8e-304f-b562-d6f87617c5a0,32607,30562,1625,0
2026-08-21T02:48:06.7937359+12:00,4090-deep-100k,1,NVIDIA GeForce RTX 4090,GPU-eed52936-813f-8d68-1654-bfb56cb42bc3,24564,23036,1103,0
2026-08-21T02:48:07.1187635+12:00,4090-deep-100k,0,NVIDIA GeForce RTX 5090,GPU-67921d1c-ee8e-304f-b562-d6f87617c5a0,32607,30568,1620,0
2026-08-21T02:48:07.1187635+12:00,4090-deep-100k,1,NVIDIA GeForce RTX 4090,GPU-eed52936-813f-8d68-1654-bfb56cb42bc3,24564,23036,1103,0
2026-08-21T02:48:07.4454213+12:00,4090-deep-100k,0,NVIDIA GeForce RTX 5090,GPU-67921d1c-ee8e-304f-b562-d6f87617c5a0,32607,30568,1620,0
2026-08-21T02:48:07.4454213+12:00,4090-deep-100k,1,NVIDIA GeForce RTX 4090,GPU-eed52936-813f-8d68-1654-bfb56cb42bc3,24564,23036,1103,0
2026-08-21T02:48:07.7590273+12:00,4090-deep-100k,0,NVIDIA GeForce RTX 5090,GPU-67921d1c-ee8e-304f-b562-d6f87617c5a0,32607,30568,1620,0
2026-08-21T02:48:07.7590273+12:00,4090-deep-100k,1,NVIDIA GeForce RTX 4090,GPU-eed52936-813f-8d68-1654-bfb56cb42bc3,24564,23036,1103,0
2026-08-21T02:48:08.0697241+12:00,4090-deep-100k,0,NVIDIA GeForce RTX 5090,GPU-67921d1c-ee8e-304f-b562-d6f87617c5a0,32607,30569,1619,0
2026-08-21T02:48:08.0697241+12:00,4090-deep-100k,1,NVIDIA GeForce RTX 4090,GPU-eed52936-813f-8d68-1654-bfb56cb42bc3,24564,23036,1103,0
2026-08-21T02:48:08.3986270+12:00,4090-deep-100k,0,NVIDIA GeForce RTX 5090,GPU-67921d1c-ee8e-304f-b562-d6f87617c5a0,32607,30569,1619,0
2026-08-21T02:48:08.3986270+12:00,4090-deep-100k,1,NVIDIA GeForce RTX 4090,GPU-eed52936-813f-8d68-1654-bfb56cb42bc3,24564,23036,1103,0
2026-08-21T02:48:08.7233001+12:00,4090-deep-100k,0,NVIDIA GeForce RTX 5090,GPU-67921d1c-ee8e-304f-b562-d6f87617c5a0,32607,30569,1619,0
2026-08-21T02:48:08.7233001+12:00,4090-deep-100k,1,NVIDIA GeForce RTX 4090,GPU-eed52936-813f-8d68-1654-bfb56cb42bc3,24564,23036,1103,0
2026-08-21T02:48:09.0503456+12:00,4090-deep-100k,0,NVIDIA GeForce RTX 5090,GPU-67921d1c-ee8e-304f-b562-d6f87617c5a0,32607,30569,1619,0
2026-08-21T02:48:09.0503456+12:00,4090-deep-100k,1,NVIDIA GeForce RTX 4090,GPU-eed52936-813f-8d68-1654-bfb56cb42bc3,24564,23036,1103,0
2026-08-21T02:48:09.3632533+12:00,4090-deep-100k,0,NVIDIA GeForce RTX 5090,GPU-67921d1c-ee8e-304f-b562-d6f87617c5a0,32607,30569,1619,0
2026-08-21T02:48:09.3632533+12:00,4090-deep-100k,1,NVIDIA GeForce RTX 4090,GPU-eed52936-813f-8d68-1654-bfb56cb42bc3,24564,23036,1103,0
2026-08-21T02:48:09.6928517+12:00,4090-deep-100k,0,NVIDIA GeForce RTX 5090,GPU-67921d1c-ee8e-304f-b562-d6f87617c5a0,32607,30569,1619,0
2026-08-21T02:48:09.6928517+12:00,4090-deep-100k,1,NVIDIA GeForce RTX 4090,GPU-eed52936-813f-8d68-1654-bfb56cb42bc3,24564,23036,1103,0
2026-08-21T02:48:10.0022048+12:00,4090-deep-100k,0,NVIDIA GeForce RTX 5090,GPU-67921d1c-ee8e-304f-b562-d6f87617c5a0,32607,30562,1625,0
2026-08-21T02:48:10.0022048+12:00,4090-deep-100k,1,NVIDIA GeForce RTX 4090,GPU-eed52936-813f-8d68-1654-bfb56cb42bc3,24564,23036,1103,0
2026-08-21T02:48:10.3135620+12:00,4090-deep-100k,0,NVIDIA GeForce RTX 5090,GPU-67921d1c-ee8e-304f-b562-d6f87617c5a0,32607,30562,1625,0
2026-08-21T02:48:10.3135620+12:00,4090-deep-100k,1,NVIDIA GeForce RTX 4090,GPU-eed52936-813f-8d68-1654-bfb56cb42bc3,24564,23036,1103,0
2026-08-21T02:48:10.6400318+12:00,4090-deep-100k,0,NVIDIA GeForce RTX 5090,GPU-67921d1c-ee8e-304f-b562-d6f87617c5a0,32607,30562,1625,0
2026-08-21T02:48:10.6400318+12:00,4090-deep-100k,1,NVIDIA GeForce RTX 4090,GPU-eed52936-813f-8d68-1654-bfb56cb42bc3,24564,23036,1103,0
2026-08-21T02:48:10.9497090+12:00,4090-deep-100k,0,NVIDIA GeForce RTX 5090,GPU-67921d1c-ee8e-304f-b562-d6f87617c5a0,32607,30568,1620,0
2026-08-21T02:48:10.9497090+12:00,4090-deep-100k,1,NVIDIA GeForce RTX 4090,GPU-eed52936-813f-8d68-1654-bfb56cb42bc3,24564,23036,1103,0
2026-08-21T02:48:11.2783034+12:00,4090-deep-100k,0,NVIDIA GeForce RTX 5090,GPU-67921d1c-ee8e-304f-b562-d6f87617c5a0,32607,30568,1620,0
2026-08-21T02:48:11.2783034+12:00,4090-deep-100k,1,NVIDIA GeForce RTX 4090,GPU-eed52936-813f-8d68-1654-bfb56cb42bc3,24564,23036,1103,0
2026-08-21T02:48:11.5887378+12:00,4090-deep-100k,0,NVIDIA GeForce RTX 5090,GPU-67921d1c-ee8e-304f-b562-d6f87617c5a0,32607,30568,1620,0
2026-08-21T02:48:11.5887378+12:00,4090-deep-100k,1,NVIDIA GeForce RTX 4090,GPU-eed52936-813f-8d68-1654-bfb56cb42bc3,24564,23036,1103,0
2026-08-21T02:48:11.9165870+12:00,4090-deep-100k,0,NVIDIA GeForce RTX 5090,GPU-67921d1c-ee8e-304f-b562-d6f87617c5a0,32607,30569,1619,0
2026-08-21T02:48:11.9165870+12:00,4090-deep-100k,1,NVIDIA GeForce RTX 4090,GPU-eed52936-813f-8d68-1654-bfb56cb42bc3,24564,23036,1103,0
2026-08-21T02:48:12.2433356+12:00,4090-deep-100k,0,NVIDIA GeForce RTX 5090,GPU-67921d1c-ee8e-304f-b562-d6f87617c5a0,32607,30569,1619,0
2026-08-21T02:48:12.2433356+12:00,4090-deep-100k,1,NVIDIA GeForce RTX 4090,GPU-eed52936-813f-8d68-1654-bfb56cb42bc3,24564,23036,1103,0
2026-08-21T02:48:12.5693611+12:00,4090-deep-100k,0,NVIDIA GeForce RTX 5090,GPU-67921d1c-ee8e-304f-b562-d6f87617c5a0,32607,30569,1619,0
2026-08-21T02:48:12.5693611+12:00,4090-deep-100k,1,NVIDIA GeForce RTX 4090,GPU-eed52936-813f-8d68-1654-bfb56cb42bc3,24564,23036,1103,0
2026-08-21T02:48:12.8822218+12:00,4090-deep-100k,0,NVIDIA GeForce RTX 5090,GPU-67921d1c-ee8e-304f-b562-d6f87617c5a0,32607,30569,1619,0
2026-08-21T02:48:12.8822218+12:00,4090-deep-100k,1,NVIDIA GeForce RTX 4090,GPU-eed52936-813f-8d68-1654-bfb56cb42bc3,24564,23036,1103,0
2026-08-21T02:48:13.2088061+12:00,4090-deep-100k,0,NVIDIA GeForce RTX 5090,GPU-67921d1c-ee8e-304f-b562-d6f87617c5a0,32607,30569,1619,0
2026-08-21T02:48:13.2088061+12:00,4090-deep-100k,1,NVIDIA GeForce RTX 4090,GPU-eed52936-813f-8d68-1654-bfb56cb42bc3,24564,23036,1103,0
2026-08-21T02:48:13.5228078+12:00,4090-deep-100k,0,NVIDIA GeForce RTX 5090,GPU-67921d1c-ee8e-304f-b562-d6f87617c5a0,32607,30569,1619,0
2026-08-21T02:48:13.5228078+12:00,4090-deep-100k,1,NVIDIA GeForce RTX 4090,GPU-eed52936-813f-8d68-1654-bfb56cb42bc3,24564,23036,1103,0
2026-08-21T02:48:13.8503547+12:00,4090-deep-100k,0,NVIDIA GeForce RTX 5090,GPU-67921d1c-ee8e-304f-b562-d6f87617c5a0,32607,30567,1621,0
2026-08-21T02:48:13.8503547+12:00,4090-deep-100k,1,NVIDIA GeForce RTX 4090,GPU-eed52936-813f-8d68-1654-bfb56cb42bc3,24564,23036,1103,0
2026-08-21T02:48:14.1819051+12:00,4090-deep-100k,0,NVIDIA GeForce RTX 5090,GPU-67921d1c-ee8e-304f-b562-d6f87617c5a0,32607,30562,1625,0
2026-08-21T02:48:14.1819051+12:00,4090-deep-100k,1,NVIDIA GeForce RTX 4090,GPU-eed52936-813f-8d68-1654-bfb56cb42bc3,24564,23036,1103,0
2026-08-21T02:48:14.5180548+12:00,4090-deep-100k,0,NVIDIA GeForce RTX 5090,GPU-67921d1c-ee8e-304f-b562-d6f87617c5a0,32607,30562,1625,0
2026-08-21T02:48:14.5180548+12:00,4090-deep-100k,1,NVIDIA GeForce RTX 4090,GPU-eed52936-813f-8d68-1654-bfb56cb42bc3,24564,23036,1103,0
2026-08-21T02:48:14.8456423+12:00,4090-deep-100k,0,NVIDIA GeForce RTX 5090,GPU-67921d1c-ee8e-304f-b562-d6f87617c5a0,32607,30567,1621,0
2026-08-21T02:48:14.8456423+12:00,4090-deep-100k,1,NVIDIA GeForce RTX 4090,GPU-eed52936-813f-8d68-1654-bfb56cb42bc3,24564,23036,1103,0
2026-08-21T02:48:15.1572859+12:00,4090-deep-100k,0,NVIDIA GeForce RTX 5090,GPU-67921d1c-ee8e-304f-b562-d6f87617c5a0,32607,30568,1620,0
2026-08-21T02:48:15.1572859+12:00,4090-deep-100k,1,NVIDIA GeForce RTX 4090,GPU-eed52936-813f-8d68-1654-bfb56cb42bc3,24564,23036,1103,0
2026-08-21T02:48:15.4696287+12:00,4090-deep-100k,0,NVIDIA GeForce RTX 5090,GPU-67921d1c-ee8e-304f-b562-d6f87617c5a0,32607,30568,1620,0
2026-08-21T02:48:15.4696287+12:00,4090-deep-100k,1,NVIDIA GeForce RTX 4090,GPU-eed52936-813f-8d68-1654-bfb56cb42bc3,24564,23036,1103,0
2026-08-21T02:48:15.7824002+12:00,4090-deep-100k,0,NVIDIA GeForce RTX 5090,GPU-67921d1c-ee8e-304f-b562-d6f87617c5a0,32607,30568,1620,0
2026-08-21T02:48:15.7824002+12:00,4090-deep-100k,1,NVIDIA GeForce RTX 4090,GPU-eed52936-813f-8d68-1654-bfb56cb42bc3,24564,23036,1103,0
2026-08-21T02:48:16.0925210+12:00,4090-deep-100k,0,NVIDIA GeForce RTX 5090,GPU-67921d1c-ee8e-304f-b562-d6f87617c5a0,32607,30569,1619,0
2026-08-21T02:48:16.0925210+12:00,4090-deep-100k,1,NVIDIA GeForce RTX 4090,GPU-eed52936-813f-8d68-1654-bfb56cb42bc3,24564,23036,1103,0
2026-08-21T02:48:16.4043464+12:00,4090-deep-100k,0,NVIDIA GeForce RTX 5090,GPU-67921d1c-ee8e-304f-b562-d6f87617c5a0,32607,30569,1619,0
2026-08-21T02:48:16.4043464+12:00,4090-deep-100k,1,NVIDIA GeForce RTX 4090,GPU-eed52936-813f-8d68-1654-bfb56cb42bc3,24564,23036,1103,0
2026-08-21T02:48:16.7303677+12:00,4090-deep-100k,0,NVIDIA GeForce RTX 5090,GPU-67921d1c-ee8e-304f-b562-d6f87617c5a0,32607,30569,1619,0
2026-08-21T02:48:16.7303677+12:00,4090-deep-100k,1,NVIDIA GeForce RTX 4090,GPU-eed52936-813f-8d68-1654-bfb56cb42bc3,24564,23036,1103,0
2026-08-21T02:48:17.0574172+12:00,4090-deep-100k,0,NVIDIA GeForce RTX 5090,GPU-67921d1c-ee8e-304f-b562-d6f87617c5a0,32607,30562,1625,0
2026-08-21T02:48:17.0574172+12:00,4090-deep-100k,1,NVIDIA GeForce RTX 4090,GPU-eed52936-813f-8d68-1654-bfb56cb42bc3,24564,23036,1103,0
2026-08-21T02:48:17.3699119+12:00,4090-deep-100k,0,NVIDIA GeForce RTX 5090,GPU-67921d1c-ee8e-304f-b562-d6f87617c5a0,32607,30562,1625,0
2026-08-21T02:48:17.3699119+12:00,4090-deep-100k,1,NVIDIA GeForce RTX 4090,GPU-eed52936-813f-8d68-1654-bfb56cb42bc3,24564,23036,1103,0
2026-08-21T02:48:17.6975446+12:00,4090-deep-100k,0,NVIDIA GeForce RTX 5090,GPU-67921d1c-ee8e-304f-b562-d6f87617c5a0,32607,30562,1625,0
2026-08-21T02:48:17.6975446+12:00,4090-deep-100k,1,NVIDIA GeForce RTX 4090,GPU-eed52936-813f-8d68-1654-bfb56cb42bc3,24564,23036,1103,0
2026-08-21T02:48:18.0101954+12:00,4090-deep-100k,0,NVIDIA GeForce RTX 5090,GPU-67921d1c-ee8e-304f-b562-d6f87617c5a0,32607,30562,1625,0
2026-08-21T02:48:18.0101954+12:00,4090-deep-100k,1,NVIDIA GeForce RTX 4090,GPU-eed52936-813f-8d68-1654-bfb56cb42bc3,24564,23036,1103,0
2026-08-21T02:48:18.3207489+12:00,4090-deep-100k,0,NVIDIA GeForce RTX 5090,GPU-67921d1c-ee8e-304f-b562-d6f87617c5a0,32607,30562,1625,0
2026-08-21T02:48:18.3207489+12:00,4090-deep-100k,1,NVIDIA GeForce RTX 4090,GPU-eed52936-813f-8d68-1654-bfb56cb42bc3,24564,23036,1103,0
2026-08-21T02:48:18.6482389+12:00,4090-deep-100k,0,NVIDIA GeForce RTX 5090,GPU-67921d1c-ee8e-304f-b562-d6f87617c5a0,32607,30562,1626,0
2026-08-21T02:48:18.6482389+12:00,4090-deep-100k,1,NVIDIA GeForce RTX 4090,GPU-eed52936-813f-8d68-1654-bfb56cb42bc3,24564,23036,1103,0
2026-08-21T02:48:18.9751480+12:00,4090-deep-100k,0,NVIDIA GeForce RTX 5090,GPU-67921d1c-ee8e-304f-b562-d6f87617c5a0,32607,30567,1620,0
2026-08-21T02:48:18.9751480+12:00,4090-deep-100k,1,NVIDIA GeForce RTX 4090,GPU-eed52936-813f-8d68-1654-bfb56cb42bc3,24564,23036,1103,0
2026-08-21T02:48:19.2881808+12:00,4090-deep-100k,0,NVIDIA GeForce RTX 5090,GPU-67921d1c-ee8e-304f-b562-d6f87617c5a0,32607,30567,1620,0
2026-08-21T02:48:19.2881808+12:00,4090-deep-100k,1,NVIDIA GeForce RTX 4090,GPU-eed52936-813f-8d68-1654-bfb56cb42bc3,24564,23036,1103,0
2026-08-21T02:48:19.6156060+12:00,4090-deep-100k,0,NVIDIA GeForce RTX 5090,GPU-67921d1c-ee8e-304f-b562-d6f87617c5a0,32607,30567,1620,0
2026-08-21T02:48:19.6156060+12:00,4090-deep-100k,1,NVIDIA GeForce RTX 4090,GPU-eed52936-813f-8d68-1654-bfb56cb42bc3,24564,23036,1103,0
2026-08-21T02:48:19.9422953+12:00,4090-deep-100k,0,NVIDIA GeForce RTX 5090,GPU-67921d1c-ee8e-304f-b562-d6f87617c5a0,32607,30568,1620,0
2026-08-21T02:48:19.9422953+12:00,4090-deep-100k,1,NVIDIA GeForce RTX 4090,GPU-eed52936-813f-8d68-1654-bfb56cb42bc3,24564,23036,1103,0
2026-08-21T02:48:20.2709725+12:00,4090-deep-100k,0,NVIDIA GeForce RTX 5090,GPU-67921d1c-ee8e-304f-b562-d6f87617c5a0,32607,30568,1620,0
2026-08-21T02:48:20.2709725+12:00,4090-deep-100k,1,NVIDIA GeForce RTX 4090,GPU-eed52936-813f-8d68-1654-bfb56cb42bc3,24564,23036,1103,0
2026-08-21T02:48:20.5822489+12:00,4090-deep-100k,0,NVIDIA GeForce RTX 5090,GPU-67921d1c-ee8e-304f-b562-d6f87617c5a0,32607,30568,1620,0
2026-08-21T02:48:20.5822489+12:00,4090-deep-100k,1,NVIDIA GeForce RTX 4090,GPU-eed52936-813f-8d68-1654-bfb56cb42bc3,24564,23036,1103,0
2026-08-21T02:48:20.8945499+12:00,4090-deep-100k,0,NVIDIA GeForce RTX 5090,GPU-67921d1c-ee8e-304f-b562-d6f87617c5a0,32607,30566,1622,0
2026-08-21T02:48:20.8945499+12:00,4090-deep-100k,1,NVIDIA GeForce RTX 4090,GPU-eed52936-813f-8d68-1654-bfb56cb42bc3,24564,23036,1103,0
2026-08-21T02:48:21.2191770+12:00,4090-deep-100k,0,NVIDIA GeForce RTX 5090,GPU-67921d1c-ee8e-304f-b562-d6f87617c5a0,32607,30562,1626,0
2026-08-21T02:48:21.2191770+12:00,4090-deep-100k,1,NVIDIA GeForce RTX 4090,GPU-eed52936-813f-8d68-1654-bfb56cb42bc3,24564,23036,1103,0
2026-08-21T02:48:21.5467949+12:00,4090-deep-100k,0,NVIDIA GeForce RTX 5090,GPU-67921d1c-ee8e-304f-b562-d6f87617c5a0,32607,30562,1626,0
2026-08-21T02:48:21.5467949+12:00,4090-deep-100k,1,NVIDIA GeForce RTX 4090,GPU-eed52936-813f-8d68-1654-bfb56cb42bc3,24564,23036,1103,0
2026-08-21T02:48:21.8739243+12:00,4090-deep-100k,0,NVIDIA GeForce RTX 5090,GPU-67921d1c-ee8e-304f-b562-d6f87617c5a0,32607,30562,1626,0
2026-08-21T02:48:21.8739243+12:00,4090-deep-100k,1,NVIDIA GeForce RTX 4090,GPU-eed52936-813f-8d68-1654-bfb56cb42bc3,24564,23036,1103,0
2026-08-21T02:48:22.2023688+12:00,4090-deep-100k,0,NVIDIA GeForce RTX 5090,GPU-67921d1c-ee8e-304f-b562-d6f87617c5a0,32607,30562,1626,0
2026-08-21T02:48:22.2023688+12:00,4090-deep-100k,1,NVIDIA GeForce RTX 4090,GPU-eed52936-813f-8d68-1654-bfb56cb42bc3,24564,23036,1103,0
2026-08-21T02:48:22.5271404+12:00,4090-deep-100k,0,NVIDIA GeForce RTX 5090,GPU-67921d1c-ee8e-304f-b562-d6f87617c5a0,32607,30562,1626,0
2026-08-21T02:48:22.5271404+12:00,4090-deep-100k,1,NVIDIA GeForce RTX 4090,GPU-eed52936-813f-8d68-1654-bfb56cb42bc3,24564,23036,1103,0
2026-08-21T02:48:22.8560202+12:00,4090-deep-100k,0,NVIDIA GeForce RTX 5090,GPU-67921d1c-ee8e-304f-b562-d6f87617c5a0,32607,30567,1621,0
2026-08-21T02:48:22.8560202+12:00,4090-deep-100k,1,NVIDIA GeForce RTX 4090,GPU-eed52936-813f-8d68-1654-bfb56cb42bc3,24564,23036,1103,0
2026-08-21T02:48:23.1695692+12:00,4090-deep-100k,0,NVIDIA GeForce RTX 5090,GPU-67921d1c-ee8e-304f-b562-d6f87617c5a0,32607,30567,1620,0
2026-08-21T02:48:23.1695692+12:00,4090-deep-100k,1,NVIDIA GeForce RTX 4090,GPU-eed52936-813f-8d68-1654-bfb56cb42bc3,24564,23036,1103,0
2026-08-21T02:48:23.4771194+12:00,4090-deep-100k,0,NVIDIA GeForce RTX 5090,GPU-67921d1c-ee8e-304f-b562-d6f87617c5a0,32607,30567,1620,0
2026-08-21T02:48:23.4771194+12:00,4090-deep-100k,1,NVIDIA GeForce RTX 4090,GPU-eed52936-813f-8d68-1654-bfb56cb42bc3,24564,23036,1103,0
2026-08-21T02:48:23.8009879+12:00,4090-deep-100k,0,NVIDIA GeForce RTX 5090,GPU-67921d1c-ee8e-304f-b562-d6f87617c5a0,32607,30567,1620,0
2026-08-21T02:48:23.8009879+12:00,4090-deep-100k,1,NVIDIA GeForce RTX 4090,GPU-eed52936-813f-8d68-1654-bfb56cb42bc3,24564,23036,1103,0
2026-08-21T02:48:24.1159459+12:00,4090-deep-100k,0,NVIDIA GeForce RTX 5090,GPU-67921d1c-ee8e-304f-b562-d6f87617c5a0,32607,30568,1620,0
2026-08-21T02:48:24.1159459+12:00,4090-deep-100k,1,NVIDIA GeForce RTX 4090,GPU-eed52936-813f-8d68-1654-bfb56cb42bc3,24564,23036,1103,0
2026-08-21T02:48:24.4269261+12:00,4090-deep-100k,0,NVIDIA GeForce RTX 5090,GPU-67921d1c-ee8e-304f-b562-d6f87617c5a0,32607,30568,1620,0
2026-08-21T02:48:24.4269261+12:00,4090-deep-100k,1,NVIDIA GeForce RTX 4090,GPU-eed52936-813f-8d68-1654-bfb56cb42bc3,24564,23036,1103,0
2026-08-21T02:48:24.7395755+12:00,4090-deep-100k,0,NVIDIA GeForce RTX 5090,GPU-67921d1c-ee8e-304f-b562-d6f87617c5a0,32607,30568,1620,0
2026-08-21T02:48:24.7395755+12:00,4090-deep-100k,1,NVIDIA GeForce RTX 4090,GPU-eed52936-813f-8d68-1654-bfb56cb42bc3,24564,23036,1103,0
2026-08-21T02:48:25.0649900+12:00,4090-deep-100k,0,NVIDIA GeForce RTX 5090,GPU-67921d1c-ee8e-304f-b562-d6f87617c5a0,32607,30562,1626,0
2026-08-21T02:48:25.0649900+12:00,4090-deep-100k,1,NVIDIA GeForce RTX 4090,GPU-eed52936-813f-8d68-1654-bfb56cb42bc3,24564,23036,1103,0
2026-08-21T02:48:25.3967760+12:00,4090-deep-100k,0,NVIDIA GeForce RTX 5090,GPU-67921d1c-ee8e-304f-b562-d6f87617c5a0,32607,30562,1626,0
2026-08-21T02:48:25.3967760+12:00,4090-deep-100k,1,NVIDIA GeForce RTX 4090,GPU-eed52936-813f-8d68-1654-bfb56cb42bc3,24564,23036,1103,0
2026-08-21T02:48:25.7073126+12:00,4090-deep-100k,0,NVIDIA GeForce RTX 5090,GPU-67921d1c-ee8e-304f-b562-d6f87617c5a0,32607,30562,1626,0
2026-08-21T02:48:25.7073126+12:00,4090-deep-100k,1,NVIDIA GeForce RTX 4090,GPU-eed52936-813f-8d68-1654-bfb56cb42bc3,24564,23036,1103,0
2026-08-21T02:48:26.0320124+12:00,4090-deep-100k,0,NVIDIA GeForce RTX 5090,GPU-67921d1c-ee8e-304f-b562-d6f87617c5a0,32607,30562,1626,0
2026-08-21T02:48:26.0320124+12:00,4090-deep-100k,1,NVIDIA GeForce RTX 4090,GPU-eed52936-813f-8d68-1654-bfb56cb42bc3,24564,23036,1103,0
2026-08-21T02:48:26.3591917+12:00,4090-deep-100k,0,NVIDIA GeForce RTX 5090,GPU-67921d1c-ee8e-304f-b562-d6f87617c5a0,32607,30579,1609,0
2026-08-21T02:48:26.3591917+12:00,4090-deep-100k,1,NVIDIA GeForce RTX 4090,GPU-eed52936-813f-8d68-1654-bfb56cb42bc3,24564,23036,1103,0
2026-08-21T02:48:26.6845959+12:00,4090-deep-100k,0,NVIDIA GeForce RTX 5090,GPU-67921d1c-ee8e-304f-b562-d6f87617c5a0,32607,30579,1609,0
2026-08-21T02:48:26.6845959+12:00,4090-deep-100k,1,NVIDIA GeForce RTX 4090,GPU-eed52936-813f-8d68-1654-bfb56cb42bc3,24564,23036,1103,0
2026-08-21T02:48:27.0075510+12:00,4090-deep-100k,0,NVIDIA GeForce RTX 5090,GPU-67921d1c-ee8e-304f-b562-d6f87617c5a0,32607,30581,1607,0
2026-08-21T02:48:27.0075510+12:00,4090-deep-100k,1,NVIDIA GeForce RTX 4090,GPU-eed52936-813f-8d68-1654-bfb56cb42bc3,24564,23036,1103,0
2026-08-21T02:48:27.3324931+12:00,4090-deep-100k,0,NVIDIA GeForce RTX 5090,GPU-67921d1c-ee8e-304f-b562-d6f87617c5a0,32607,30581,1607,0
2026-08-21T02:48:27.3324931+12:00,4090-deep-100k,1,NVIDIA GeForce RTX 4090,GPU-eed52936-813f-8d68-1654-bfb56cb42bc3,24564,23036,1103,0
2026-08-21T02:48:27.6445556+12:00,4090-deep-100k,0,NVIDIA GeForce RTX 5090,GPU-67921d1c-ee8e-304f-b562-d6f87617c5a0,32607,30581,1607,0
2026-08-21T02:48:27.6445556+12:00,4090-deep-100k,1,NVIDIA GeForce RTX 4090,GPU-eed52936-813f-8d68-1654-bfb56cb42bc3,24564,23036,1103,0
2026-08-21T02:48:27.9738240+12:00,4090-deep-100k,0,NVIDIA GeForce RTX 5090,GPU-67921d1c-ee8e-304f-b562-d6f87617c5a0,32607,30581,1607,0
2026-08-21T02:48:27.9738240+12:00,4090-deep-100k,1,NVIDIA GeForce RTX 4090,GPU-eed52936-813f-8d68-1654-bfb56cb42bc3,24564,23036,1103,0
2026-08-21T02:48:28.2852342+12:00,4090-deep-100k,0,NVIDIA GeForce RTX 5090,GPU-67921d1c-ee8e-304f-b562-d6f87617c5a0,32607,30581,1607,0
2026-08-21T02:48:28.2852342+12:00,4090-deep-100k,1,NVIDIA GeForce RTX 4090,GPU-eed52936-813f-8d68-1654-bfb56cb42bc3,24564,23036,1103,0
2026-08-21T02:48:28.5940342+12:00,4090-deep-100k,0,NVIDIA GeForce RTX 5090,GPU-67921d1c-ee8e-304f-b562-d6f87617c5a0,32607,30570,1617,0
2026-08-21T02:48:28.5940342+12:00,4090-deep-100k,1,NVIDIA GeForce RTX 4090,GPU-eed52936-813f-8d68-1654-bfb56cb42bc3,24564,23036,1103,0
2026-08-21T02:48:28.9207499+12:00,4090-deep-100k,0,NVIDIA GeForce RTX 5090,GPU-67921d1c-ee8e-304f-b562-d6f87617c5a0,32607,30570,1617,0
2026-08-21T02:48:28.9207499+12:00,4090-deep-100k,1,NVIDIA GeForce RTX 4090,GPU-eed52936-813f-8d68-1654-bfb56cb42bc3,24564,23036,1103,0
2026-08-21T02:48:29.2458665+12:00,4090-deep-100k,0,NVIDIA GeForce RTX 5090,GPU-67921d1c-ee8e-304f-b562-d6f87617c5a0,32607,30570,1617,0
2026-08-21T02:48:29.2458665+12:00,4090-deep-100k,1,NVIDIA GeForce RTX 4090,GPU-eed52936-813f-8d68-1654-bfb56cb42bc3,24564,23036,1103,0
2026-08-21T02:48:29.5591885+12:00,4090-deep-100k,0,NVIDIA GeForce RTX 5090,GPU-67921d1c-ee8e-304f-b562-d6f87617c5a0,32607,30564,1624,0
2026-08-21T02:48:29.5591885+12:00,4090-deep-100k,1,NVIDIA GeForce RTX 4090,GPU-eed52936-813f-8d68-1654-bfb56cb42bc3,24564,23036,1103,0
2026-08-21T02:48:29.8849605+12:00,4090-deep-100k,0,NVIDIA GeForce RTX 5090,GPU-67921d1c-ee8e-304f-b562-d6f87617c5a0,32607,30564,1624,0
2026-08-21T02:48:29.8849605+12:00,4090-deep-100k,1,NVIDIA GeForce RTX 4090,GPU-eed52936-813f-8d68-1654-bfb56cb42bc3,24564,23036,1103,0
2026-08-21T02:48:30.2106041+12:00,4090-deep-100k,0,NVIDIA GeForce RTX 5090,GPU-67921d1c-ee8e-304f-b562-d6f87617c5a0,32607,30564,1624,0
2026-08-21T02:48:30.2106041+12:00,4090-deep-100k,1,NVIDIA GeForce RTX 4090,GPU-eed52936-813f-8d68-1654-bfb56cb42bc3,24564,23036,1103,0
2026-08-21T02:48:30.5373268+12:00,4090-deep-100k,0,NVIDIA GeForce RTX 5090,GPU-67921d1c-ee8e-304f-b562-d6f87617c5a0,32607,30564,1624,0
2026-08-21T02:48:30.5373268+12:00,4090-deep-100k,1,NVIDIA GeForce RTX 4090,GPU-eed52936-813f-8d68-1654-bfb56cb42bc3,24564,23036,1103,0
2026-08-21T02:48:30.8652241+12:00,4090-deep-100k,0,NVIDIA GeForce RTX 5090,GPU-67921d1c-ee8e-304f-b562-d6f87617c5a0,32607,30569,1619,0
2026-08-21T02:48:30.8652241+12:00,4090-deep-100k,1,NVIDIA GeForce RTX 4090,GPU-eed52936-813f-8d68-1654-bfb56cb42bc3,24564,23036,1103,0
2026-08-21T02:48:31.1785147+12:00,4090-deep-100k,0,NVIDIA GeForce RTX 5090,GPU-67921d1c-ee8e-304f-b562-d6f87617c5a0,32607,30569,1619,0
2026-08-21T02:48:31.1785147+12:00,4090-deep-100k,1,NVIDIA GeForce RTX 4090,GPU-eed52936-813f-8d68-1654-bfb56cb42bc3,24564,23036,1103,0
2026-08-21T02:48:31.5064778+12:00,4090-deep-100k,0,NVIDIA GeForce RTX 5090,GPU-67921d1c-ee8e-304f-b562-d6f87617c5a0,32607,30567,1621,0
2026-08-21T02:48:31.5064778+12:00,4090-deep-100k,1,NVIDIA GeForce RTX 4090,GPU-eed52936-813f-8d68-1654-bfb56cb42bc3,24564,23036,1103,0
2026-08-21T02:48:31.8155275+12:00,4090-deep-100k,0,NVIDIA GeForce RTX 5090,GPU-67921d1c-ee8e-304f-b562-d6f87617c5a0,32607,30567,1621,0
2026-08-21T02:48:31.8155275+12:00,4090-deep-100k,1,NVIDIA GeForce RTX 4090,GPU-eed52936-813f-8d68-1654-bfb56cb42bc3,24564,23036,1103,0
2026-08-21T02:48:32.1266094+12:00,4090-deep-100k,0,NVIDIA GeForce RTX 5090,GPU-67921d1c-ee8e-304f-b562-d6f87617c5a0,32607,30567,1620,0
2026-08-21T02:48:32.1266094+12:00,4090-deep-100k,1,NVIDIA GeForce RTX 4090,GPU-eed52936-813f-8d68-1654-bfb56cb42bc3,24564,23036,1103,0
2026-08-21T02:48:32.4531970+12:00,4090-deep-100k,0,NVIDIA GeForce RTX 5090,GPU-67921d1c-ee8e-304f-b562-d6f87617c5a0,32607,30567,1620,0
2026-08-21T02:48:32.4531970+12:00,4090-deep-100k,1,NVIDIA GeForce RTX 4090,GPU-eed52936-813f-8d68-1654-bfb56cb42bc3,24564,23036,1103,0
2026-08-21T02:48:32.7665373+12:00,4090-deep-100k,0,NVIDIA GeForce RTX 5090,GPU-67921d1c-ee8e-304f-b562-d6f87617c5a0,32607,30567,1620,0
2026-08-21T02:48:32.7665373+12:00,4090-deep-100k,1,NVIDIA GeForce RTX 4090,GPU-eed52936-813f-8d68-1654-bfb56cb42bc3,24564,23036,1103,0
2026-08-21T02:48:33.0921289+12:00,4090-deep-100k,0,NVIDIA GeForce RTX 5090,GPU-67921d1c-ee8e-304f-b562-d6f87617c5a0,32607,30562,1626,0
2026-08-21T02:48:33.0921289+12:00,4090-deep-100k,1,NVIDIA GeForce RTX 4090,GPU-eed52936-813f-8d68-1654-bfb56cb42bc3,24564,23036,1103,0
2026-08-21T02:48:33.4017029+12:00,4090-deep-100k,0,NVIDIA GeForce RTX 5090,GPU-67921d1c-ee8e-304f-b562-d6f87617c5a0,32607,30562,1626,0
2026-08-21T02:48:33.4017029+12:00,4090-deep-100k,1,NVIDIA GeForce RTX 4090,GPU-eed52936-813f-8d68-1654-bfb56cb42bc3,24564,23036,1103,0
2026-08-21T02:48:33.7151882+12:00,4090-deep-100k,0,NVIDIA GeForce RTX 5090,GPU-67921d1c-ee8e-304f-b562-d6f87617c5a0,32607,30562,1626,0
2026-08-21T02:48:33.7151882+12:00,4090-deep-100k,1,NVIDIA GeForce RTX 4090,GPU-eed52936-813f-8d68-1654-bfb56cb42bc3,24564,23036,1103,0
2026-08-21T02:48:34.0404645+12:00,4090-deep-100k,0,NVIDIA GeForce RTX 5090,GPU-67921d1c-ee8e-304f-b562-d6f87617c5a0,32607,30562,1626,0
2026-08-21T02:48:34.0404645+12:00,4090-deep-100k,1,NVIDIA GeForce RTX 4090,GPU-eed52936-813f-8d68-1654-bfb56cb42bc3,24564,23036,1103,0
2026-08-21T02:48:34.3535702+12:00,4090-deep-100k,0,NVIDIA GeForce RTX 5090,GPU-67921d1c-ee8e-304f-b562-d6f87617c5a0,32607,30562,1626,0
2026-08-21T02:48:34.3535702+12:00,4090-deep-100k,1,NVIDIA GeForce RTX 4090,GPU-eed52936-813f-8d68-1654-bfb56cb42bc3,24564,23036,1103,0
2026-08-21T02:48:34.6657258+12:00,4090-deep-100k,0,NVIDIA GeForce RTX 5090,GPU-67921d1c-ee8e-304f-b562-d6f87617c5a0,32607,30562,1626,0
2026-08-21T02:48:34.6657258+12:00,4090-deep-100k,1,NVIDIA GeForce RTX 4090,GPU-eed52936-813f-8d68-1654-bfb56cb42bc3,24564,23036,1103,0
2026-08-21T02:48:34.9762217+12:00,4090-deep-100k,0,NVIDIA GeForce RTX 5090,GPU-67921d1c-ee8e-304f-b562-d6f87617c5a0,32607,30568,1620,0
2026-08-21T02:48:34.9762217+12:00,4090-deep-100k,1,NVIDIA GeForce RTX 4090,GPU-eed52936-813f-8d68-1654-bfb56cb42bc3,24564,23036,1103,0
2026-08-21T02:48:35.3051328+12:00,4090-deep-100k,0,NVIDIA GeForce RTX 5090,GPU-67921d1c-ee8e-304f-b562-d6f87617c5a0,32607,30568,1620,0
2026-08-21T02:48:35.3051328+12:00,4090-deep-100k,1,NVIDIA GeForce RTX 4090,GPU-eed52936-813f-8d68-1654-bfb56cb42bc3,24564,23036,1103,0
2026-08-21T02:48:35.6166343+12:00,4090-deep-100k,0,NVIDIA GeForce RTX 5090,GPU-67921d1c-ee8e-304f-b562-d6f87617c5a0,32607,30568,1620,0
2026-08-21T02:48:35.6166343+12:00,4090-deep-100k,1,NVIDIA GeForce RTX 4090,GPU-eed52936-813f-8d68-1654-bfb56cb42bc3,24564,23036,1103,0
2026-08-21T02:48:35.9263547+12:00,4090-deep-100k,0,NVIDIA GeForce RTX 5090,GPU-67921d1c-ee8e-304f-b562-d6f87617c5a0,32607,30568,1619,0
2026-08-21T02:48:35.9263547+12:00,4090-deep-100k,1,NVIDIA GeForce RTX 4090,GPU-eed52936-813f-8d68-1654-bfb56cb42bc3,24564,23036,1103,0
2026-08-21T02:48:36.2542907+12:00,4090-deep-100k,0,NVIDIA GeForce RTX 5090,GPU-67921d1c-ee8e-304f-b562-d6f87617c5a0,32607,30568,1619,0
2026-08-21T02:48:36.2542907+12:00,4090-deep-100k,1,NVIDIA GeForce RTX 4090,GPU-eed52936-813f-8d68-1654-bfb56cb42bc3,24564,23036,1103,0
2026-08-21T02:48:36.5658736+12:00,4090-deep-100k,0,NVIDIA GeForce RTX 5090,GPU-67921d1c-ee8e-304f-b562-d6f87617c5a0,32607,30568,1619,0
2026-08-21T02:48:36.5658736+12:00,4090-deep-100k,1,NVIDIA GeForce RTX 4090,GPU-eed52936-813f-8d68-1654-bfb56cb42bc3,24564,23036,1103,0
2026-08-21T02:48:36.8943164+12:00,4090-deep-100k,0,NVIDIA GeForce RTX 5090,GPU-67921d1c-ee8e-304f-b562-d6f87617c5a0,32607,30568,1619,0
2026-08-21T02:48:36.8943164+12:00,4090-deep-100k,1,NVIDIA GeForce RTX 4090,GPU-eed52936-813f-8d68-1654-bfb56cb42bc3,24564,23036,1103,0
2026-08-21T02:48:37.2057936+12:00,4090-deep-100k,0,NVIDIA GeForce RTX 5090,GPU-67921d1c-ee8e-304f-b562-d6f87617c5a0,32607,30568,1619,0
2026-08-21T02:48:37.2057936+12:00,4090-deep-100k,1,NVIDIA GeForce RTX 4090,GPU-eed52936-813f-8d68-1654-bfb56cb42bc3,24564,23036,1103,0
2026-08-21T02:48:37.5170636+12:00,4090-deep-100k,0,NVIDIA GeForce RTX 5090,GPU-67921d1c-ee8e-304f-b562-d6f87617c5a0,32607,30568,1619,0
2026-08-21T02:48:37.5170636+12:00,4090-deep-100k,1,NVIDIA GeForce RTX 4090,GPU-eed52936-813f-8d68-1654-bfb56cb42bc3,24564,23036,1103,0
2026-08-21T02:48:37.8453828+12:00,4090-deep-100k,0,NVIDIA GeForce RTX 5090,GPU-67921d1c-ee8e-304f-b562-d6f87617c5a0,32607,30568,1620,0
2026-08-21T02:48:37.8453828+12:00,4090-deep-100k,1,NVIDIA GeForce RTX 4090,GPU-eed52936-813f-8d68-1654-bfb56cb42bc3,24564,23036,1103,0
2026-08-21T02:48:38.1753937+12:00,4090-deep-100k,0,NVIDIA GeForce RTX 5090,GPU-67921d1c-ee8e-304f-b562-d6f87617c5a0,32607,30562,1626,0
2026-08-21T02:48:38.1753937+12:00,4090-deep-100k,1,NVIDIA GeForce RTX 4090,GPU-eed52936-813f-8d68-1654-bfb56cb42bc3,24564,23036,1103,0
2026-08-21T02:48:38.4811403+12:00,4090-deep-100k,0,NVIDIA GeForce RTX 5090,GPU-67921d1c-ee8e-304f-b562-d6f87617c5a0,32607,30562,1626,0
2026-08-21T02:48:38.4811403+12:00,4090-deep-100k,1,NVIDIA GeForce RTX 4090,GPU-eed52936-813f-8d68-1654-bfb56cb42bc3,24564,23036,1103,0
2026-08-21T02:48:38.8252475+12:00,4090-deep-100k,0,NVIDIA GeForce RTX 5090,GPU-67921d1c-ee8e-304f-b562-d6f87617c5a0,32607,30562,1626,0
2026-08-21T02:48:38.8252475+12:00,4090-deep-100k,1,NVIDIA GeForce RTX 4090,GPU-eed52936-813f-8d68-1654-bfb56cb42bc3,24564,23036,1103,0
2026-08-21T02:48:39.1524165+12:00,4090-deep-100k,0,NVIDIA GeForce RTX 5090,GPU-67921d1c-ee8e-304f-b562-d6f87617c5a0,32607,30568,1620,0
2026-08-21T02:48:39.1524165+12:00,4090-deep-100k,1,NVIDIA GeForce RTX 4090,GPU-eed52936-813f-8d68-1654-bfb56cb42bc3,24564,23036,1103,0
2026-08-21T02:48:39.4799809+12:00,4090-deep-100k,0,NVIDIA GeForce RTX 5090,GPU-67921d1c-ee8e-304f-b562-d6f87617c5a0,32607,30567,1620,0
2026-08-21T02:48:39.4799809+12:00,4090-deep-100k,1,NVIDIA GeForce RTX 4090,GPU-eed52936-813f-8d68-1654-bfb56cb42bc3,24564,23036,1103,0
2026-08-21T02:48:39.8070561+12:00,4090-deep-100k,0,NVIDIA GeForce RTX 5090,GPU-67921d1c-ee8e-304f-b562-d6f87617c5a0,32607,30567,1620,0
2026-08-21T02:48:39.8070561+12:00,4090-deep-100k,1,NVIDIA GeForce RTX 4090,GPU-eed52936-813f-8d68-1654-bfb56cb42bc3,24564,23036,1103,0
2026-08-21T02:48:40.1335541+12:00,4090-deep-100k,0,NVIDIA GeForce RTX 5090,GPU-67921d1c-ee8e-304f-b562-d6f87617c5a0,32607,30568,1620,0
2026-08-21T02:48:40.1335541+12:00,4090-deep-100k,1,NVIDIA GeForce RTX 4090,GPU-eed52936-813f-8d68-1654-bfb56cb42bc3,24564,23036,1103,0
2026-08-21T02:48:40.4587142+12:00,4090-deep-100k,0,NVIDIA GeForce RTX 5090,GPU-67921d1c-ee8e-304f-b562-d6f87617c5a0,32607,30568,1620,0
2026-08-21T02:48:40.4587142+12:00,4090-deep-100k,1,NVIDIA GeForce RTX 4090,GPU-eed52936-813f-8d68-1654-bfb56cb42bc3,24564,23036,1103,0
2026-08-21T02:48:40.7849701+12:00,4090-deep-100k,0,NVIDIA GeForce RTX 5090,GPU-67921d1c-ee8e-304f-b562-d6f87617c5a0,32607,30568,1620,0
2026-08-21T02:48:40.7849701+12:00,4090-deep-100k,1,NVIDIA GeForce RTX 4090,GPU-eed52936-813f-8d68-1654-bfb56cb42bc3,24564,23036,1103,0
2026-08-21T02:48:41.1132512+12:00,4090-deep-100k,0,NVIDIA GeForce RTX 5090,GPU-67921d1c-ee8e-304f-b562-d6f87617c5a0,32607,30562,1626,0
2026-08-21T02:48:41.1132512+12:00,4090-deep-100k,1,NVIDIA GeForce RTX 4090,GPU-eed52936-813f-8d68-1654-bfb56cb42bc3,24564,23036,1103,0
2026-08-21T02:48:41.4416652+12:00,4090-deep-100k,0,NVIDIA GeForce RTX 5090,GPU-67921d1c-ee8e-304f-b562-d6f87617c5a0,32607,30562,1626,0
2026-08-21T02:48:41.4416652+12:00,4090-deep-100k,1,NVIDIA GeForce RTX 4090,GPU-eed52936-813f-8d68-1654-bfb56cb42bc3,24564,23036,1103,0
2026-08-21T02:48:41.7660046+12:00,4090-deep-100k,0,NVIDIA GeForce RTX 5090,GPU-67921d1c-ee8e-304f-b562-d6f87617c5a0,32607,30562,1626,0
2026-08-21T02:48:41.7660046+12:00,4090-deep-100k,1,NVIDIA GeForce RTX 4090,GPU-eed52936-813f-8d68-1654-bfb56cb42bc3,24564,23036,1103,0
2026-08-21T02:48:42.0932332+12:00,4090-deep-100k,0,NVIDIA GeForce RTX 5090,GPU-67921d1c-ee8e-304f-b562-d6f87617c5a0,32607,30562,1626,0
2026-08-21T02:48:42.0932332+12:00,4090-deep-100k,1,NVIDIA GeForce RTX 4090,GPU-eed52936-813f-8d68-1654-bfb56cb42bc3,24564,23036,1103,0
2026-08-21T02:48:42.4039893+12:00,4090-deep-100k,0,NVIDIA GeForce RTX 5090,GPU-67921d1c-ee8e-304f-b562-d6f87617c5a0,32607,30562,1626,0
2026-08-21T02:48:42.4039893+12:00,4090-deep-100k,1,NVIDIA GeForce RTX 4090,GPU-eed52936-813f-8d68-1654-bfb56cb42bc3,24564,23036,1103,0
2026-08-21T02:48:42.7216400+12:00,4090-deep-100k,0,NVIDIA GeForce RTX 5090,GPU-67921d1c-ee8e-304f-b562-d6f87617c5a0,32607,30562,1626,0
2026-08-21T02:48:42.7216400+12:00,4090-deep-100k,1,NVIDIA GeForce RTX 4090,GPU-eed52936-813f-8d68-1654-bfb56cb42bc3,24564,23036,1103,0
2026-08-21T02:48:43.0288508+12:00,4090-deep-100k,0,NVIDIA GeForce RTX 5090,GPU-67921d1c-ee8e-304f-b562-d6f87617c5a0,32607,30568,1620,0
2026-08-21T02:48:43.0288508+12:00,4090-deep-100k,1,NVIDIA GeForce RTX 4090,GPU-eed52936-813f-8d68-1654-bfb56cb42bc3,24564,23036,1103,0
2026-08-21T02:48:43.3563479+12:00,4090-deep-100k,0,NVIDIA GeForce RTX 5090,GPU-67921d1c-ee8e-304f-b562-d6f87617c5a0,32607,30568,1620,0
2026-08-21T02:48:43.3563479+12:00,4090-deep-100k,1,NVIDIA GeForce RTX 4090,GPU-eed52936-813f-8d68-1654-bfb56cb42bc3,24564,23036,1103,0
2026-08-21T02:48:43.6707964+12:00,4090-deep-100k,0,NVIDIA GeForce RTX 5090,GPU-67921d1c-ee8e-304f-b562-d6f87617c5a0,32607,30568,1620,0
2026-08-21T02:48:43.6707964+12:00,4090-deep-100k,1,NVIDIA GeForce RTX 4090,GPU-eed52936-813f-8d68-1654-bfb56cb42bc3,24564,23036,1103,0
2026-08-21T02:48:43.9987754+12:00,4090-deep-100k,0,NVIDIA GeForce RTX 5090,GPU-67921d1c-ee8e-304f-b562-d6f87617c5a0,32607,30568,1620,0
2026-08-21T02:48:43.9987754+12:00,4090-deep-100k,1,NVIDIA GeForce RTX 4090,GPU-eed52936-813f-8d68-1654-bfb56cb42bc3,24564,23036,1103,0
2026-08-21T02:48:44.3105966+12:00,4090-deep-100k,0,NVIDIA GeForce RTX 5090,GPU-67921d1c-ee8e-304f-b562-d6f87617c5a0,32607,30568,1620,0
2026-08-21T02:48:44.3105966+12:00,4090-deep-100k,1,NVIDIA GeForce RTX 4090,GPU-eed52936-813f-8d68-1654-bfb56cb42bc3,24564,23036,1103,0
2026-08-21T02:48:44.6378228+12:00,4090-deep-100k,0,NVIDIA GeForce RTX 5090,GPU-67921d1c-ee8e-304f-b562-d6f87617c5a0,32607,30568,1620,0
2026-08-21T02:48:44.6378228+12:00,4090-deep-100k,1,NVIDIA GeForce RTX 4090,GPU-eed52936-813f-8d68-1654-bfb56cb42bc3,24564,23036,1103,0
2026-08-21T02:48:44.9503587+12:00,4090-deep-100k,0,NVIDIA GeForce RTX 5090,GPU-67921d1c-ee8e-304f-b562-d6f87617c5a0,32607,30568,1620,0
2026-08-21T02:48:44.9503587+12:00,4090-deep-100k,1,NVIDIA GeForce RTX 4090,GPU-eed52936-813f-8d68-1654-bfb56cb42bc3,24564,23036,1103,0
2026-08-21T02:48:45.2776939+12:00,4090-deep-100k,0,NVIDIA GeForce RTX 5090,GPU-67921d1c-ee8e-304f-b562-d6f87617c5a0,32607,30568,1620,0
2026-08-21T02:48:45.2776939+12:00,4090-deep-100k,1,NVIDIA GeForce RTX 4090,GPU-eed52936-813f-8d68-1654-bfb56cb42bc3,24564,23036,1103,0
2026-08-21T02:48:45.5913040+12:00,4090-deep-100k,0,NVIDIA GeForce RTX 5090,GPU-67921d1c-ee8e-304f-b562-d6f87617c5a0,32607,30568,1620,0
2026-08-21T02:48:45.5913040+12:00,4090-deep-100k,1,NVIDIA GeForce RTX 4090,GPU-eed52936-813f-8d68-1654-bfb56cb42bc3,24564,23036,1103,0
2026-08-21T02:48:45.9022413+12:00,4090-deep-100k,0,NVIDIA GeForce RTX 5090,GPU-67921d1c-ee8e-304f-b562-d6f87617c5a0,32607,30566,1622,0
2026-08-21T02:48:45.9022413+12:00,4090-deep-100k,1,NVIDIA GeForce RTX 4090,GPU-eed52936-813f-8d68-1654-bfb56cb42bc3,24564,23036,1103,0
2026-08-21T02:48:46.2283977+12:00,4090-deep-100k,0,NVIDIA GeForce RTX 5090,GPU-67921d1c-ee8e-304f-b562-d6f87617c5a0,32607,30562,1626,0
2026-08-21T02:48:46.2283977+12:00,4090-deep-100k,1,NVIDIA GeForce RTX 4090,GPU-eed52936-813f-8d68-1654-bfb56cb42bc3,24564,23036,1103,0
2026-08-21T02:48:46.5581961+12:00,4090-deep-100k,0,NVIDIA GeForce RTX 5090,GPU-67921d1c-ee8e-304f-b562-d6f87617c5a0,32607,30562,1626,0
2026-08-21T02:48:46.5581961+12:00,4090-deep-100k,1,NVIDIA GeForce RTX 4090,GPU-eed52936-813f-8d68-1654-bfb56cb42bc3,24564,23036,1103,0
2026-08-21T02:48:46.8843398+12:00,4090-deep-100k,0,NVIDIA GeForce RTX 5090,GPU-67921d1c-ee8e-304f-b562-d6f87617c5a0,32607,30567,1621,0
2026-08-21T02:48:46.8843398+12:00,4090-deep-100k,1,NVIDIA GeForce RTX 4090,GPU-eed52936-813f-8d68-1654-bfb56cb42bc3,24564,23036,1103,0
2026-08-21T02:48:47.2087464+12:00,4090-deep-100k,0,NVIDIA GeForce RTX 5090,GPU-67921d1c-ee8e-304f-b562-d6f87617c5a0,32607,30568,1620,0
2026-08-21T02:48:47.2087464+12:00,4090-deep-100k,1,NVIDIA GeForce RTX 4090,GPU-eed52936-813f-8d68-1654-bfb56cb42bc3,24564,23036,1103,0
2026-08-21T02:48:47.5359079+12:00,4090-deep-100k,0,NVIDIA GeForce RTX 5090,GPU-67921d1c-ee8e-304f-b562-d6f87617c5a0,32607,30568,1620,0
2026-08-21T02:48:47.5359079+12:00,4090-deep-100k,1,NVIDIA GeForce RTX 4090,GPU-eed52936-813f-8d68-1654-bfb56cb42bc3,24564,23036,1103,0
2026-08-21T02:48:47.8617573+12:00,4090-deep-100k,0,NVIDIA GeForce RTX 5090,GPU-67921d1c-ee8e-304f-b562-d6f87617c5a0,32607,30568,1620,0
2026-08-21T02:48:47.8617573+12:00,4090-deep-100k,1,NVIDIA GeForce RTX 4090,GPU-eed52936-813f-8d68-1654-bfb56cb42bc3,24564,23036,1103,0
2026-08-21T02:48:48.1902932+12:00,4090-deep-100k,0,NVIDIA GeForce RTX 5090,GPU-67921d1c-ee8e-304f-b562-d6f87617c5a0,32607,30568,1620,0
2026-08-21T02:48:48.1902932+12:00,4090-deep-100k,1,NVIDIA GeForce RTX 4090,GPU-eed52936-813f-8d68-1654-bfb56cb42bc3,24564,23036,1103,0
2026-08-21T02:48:48.5052827+12:00,4090-deep-100k,0,NVIDIA GeForce RTX 5090,GPU-67921d1c-ee8e-304f-b562-d6f87617c5a0,32607,30568,1620,0
2026-08-21T02:48:48.5052827+12:00,4090-deep-100k,1,NVIDIA GeForce RTX 4090,GPU-eed52936-813f-8d68-1654-bfb56cb42bc3,24564,23036,1103,0
2026-08-21T02:48:48.8323270+12:00,4090-deep-100k,0,NVIDIA GeForce RTX 5090,GPU-67921d1c-ee8e-304f-b562-d6f87617c5a0,32607,30568,1620,0
2026-08-21T02:48:48.8323270+12:00,4090-deep-100k,1,NVIDIA GeForce RTX 4090,GPU-eed52936-813f-8d68-1654-bfb56cb42bc3,24564,23036,1103,0
2026-08-21T02:48:49.1465171+12:00,4090-deep-100k,0,NVIDIA GeForce RTX 5090,GPU-67921d1c-ee8e-304f-b562-d6f87617c5a0,32607,30562,1626,0
2026-08-21T02:48:49.1465171+12:00,4090-deep-100k,1,NVIDIA GeForce RTX 4090,GPU-eed52936-813f-8d68-1654-bfb56cb42bc3,24564,23036,1103,0
2026-08-21T02:48:49.4708765+12:00,4090-deep-100k,0,NVIDIA GeForce RTX 5090,GPU-67921d1c-ee8e-304f-b562-d6f87617c5a0,32607,30562,1626,0
2026-08-21T02:48:49.4708765+12:00,4090-deep-100k,1,NVIDIA GeForce RTX 4090,GPU-eed52936-813f-8d68-1654-bfb56cb42bc3,24564,23036,1103,0
2026-08-21T02:48:49.7982025+12:00,4090-deep-100k,0,NVIDIA GeForce RTX 5090,GPU-67921d1c-ee8e-304f-b562-d6f87617c5a0,32607,30562,1626,0
2026-08-21T02:48:49.7982025+12:00,4090-deep-100k,1,NVIDIA GeForce RTX 4090,GPU-eed52936-813f-8d68-1654-bfb56cb42bc3,24564,23036,1103,0
2026-08-21T02:48:50.1069188+12:00,4090-deep-100k,0,NVIDIA GeForce RTX 5090,GPU-67921d1c-ee8e-304f-b562-d6f87617c5a0,32607,30562,1626,0
2026-08-21T02:48:50.1069188+12:00,4090-deep-100k,1,NVIDIA GeForce RTX 4090,GPU-eed52936-813f-8d68-1654-bfb56cb42bc3,24564,23036,1103,0
2026-08-21T02:48:50.4318253+12:00,4090-deep-100k,0,NVIDIA GeForce RTX 5090,GPU-67921d1c-ee8e-304f-b562-d6f87617c5a0,32607,30562,1626,0
2026-08-21T02:48:50.4318253+12:00,4090-deep-100k,1,NVIDIA GeForce RTX 4090,GPU-eed52936-813f-8d68-1654-bfb56cb42bc3,24564,23036,1103,0
2026-08-21T02:48:50.7627102+12:00,4090-deep-100k,0,NVIDIA GeForce RTX 5090,GPU-67921d1c-ee8e-304f-b562-d6f87617c5a0,32607,30562,1626,0
2026-08-21T02:48:50.7627102+12:00,4090-deep-100k,1,NVIDIA GeForce RTX 4090,GPU-eed52936-813f-8d68-1654-bfb56cb42bc3,24564,23036,1103,0
2026-08-21T02:48:51.0873634+12:00,4090-deep-100k,0,NVIDIA GeForce RTX 5090,GPU-67921d1c-ee8e-304f-b562-d6f87617c5a0,32607,30568,1620,0
2026-08-21T02:48:51.0873634+12:00,4090-deep-100k,1,NVIDIA GeForce RTX 4090,GPU-eed52936-813f-8d68-1654-bfb56cb42bc3,24564,23036,1103,0
2026-08-21T02:48:51.3990718+12:00,4090-deep-100k,0,NVIDIA GeForce RTX 5090,GPU-67921d1c-ee8e-304f-b562-d6f87617c5a0,32607,30568,1620,0
2026-08-21T02:48:51.3990718+12:00,4090-deep-100k,1,NVIDIA GeForce RTX 4090,GPU-eed52936-813f-8d68-1654-bfb56cb42bc3,24564,23036,1103,0
2026-08-21T02:48:51.7267791+12:00,4090-deep-100k,0,NVIDIA GeForce RTX 5090,GPU-67921d1c-ee8e-304f-b562-d6f87617c5a0,32607,30568,1620,0
2026-08-21T02:48:51.7267791+12:00,4090-deep-100k,1,NVIDIA GeForce RTX 4090,GPU-eed52936-813f-8d68-1654-bfb56cb42bc3,24564,23036,1103,0
2026-08-21T02:48:52.0386005+12:00,4090-deep-100k,0,NVIDIA GeForce RTX 5090,GPU-67921d1c-ee8e-304f-b562-d6f87617c5a0,32607,30568,1620,0
2026-08-21T02:48:52.0386005+12:00,4090-deep-100k,1,NVIDIA GeForce RTX 4090,GPU-eed52936-813f-8d68-1654-bfb56cb42bc3,24564,23036,1103,0
2026-08-21T02:48:52.3510989+12:00,4090-deep-100k,0,NVIDIA GeForce RTX 5090,GPU-67921d1c-ee8e-304f-b562-d6f87617c5a0,32607,30568,1620,0
2026-08-21T02:48:52.3510989+12:00,4090-deep-100k,1,NVIDIA GeForce RTX 4090,GPU-eed52936-813f-8d68-1654-bfb56cb42bc3,24564,23036,1103,0
2026-08-21T02:48:52.6617101+12:00,4090-deep-100k,0,NVIDIA GeForce RTX 5090,GPU-67921d1c-ee8e-304f-b562-d6f87617c5a0,32607,30568,1620,0
2026-08-21T02:48:52.6617101+12:00,4090-deep-100k,1,NVIDIA GeForce RTX 4090,GPU-eed52936-813f-8d68-1654-bfb56cb42bc3,24564,23036,1103,0
2026-08-21T02:48:52.9886235+12:00,4090-deep-100k,0,NVIDIA GeForce RTX 5090,GPU-67921d1c-ee8e-304f-b562-d6f87617c5a0,32607,30568,1620,0
2026-08-21T02:48:52.9886235+12:00,4090-deep-100k,1,NVIDIA GeForce RTX 4090,GPU-eed52936-813f-8d68-1654-bfb56cb42bc3,24564,23036,1103,0
2026-08-21T02:48:53.3021582+12:00,4090-deep-100k,0,NVIDIA GeForce RTX 5090,GPU-67921d1c-ee8e-304f-b562-d6f87617c5a0,32607,30568,1620,0
2026-08-21T02:48:53.3021582+12:00,4090-deep-100k,1,NVIDIA GeForce RTX 4090,GPU-eed52936-813f-8d68-1654-bfb56cb42bc3,24564,23036,1103,0
2026-08-21T02:48:53.6319026+12:00,4090-deep-100k,0,NVIDIA GeForce RTX 5090,GPU-67921d1c-ee8e-304f-b562-d6f87617c5a0,32607,30568,1620,0
2026-08-21T02:48:53.6319026+12:00,4090-deep-100k,1,NVIDIA GeForce RTX 4090,GPU-eed52936-813f-8d68-1654-bfb56cb42bc3,24564,23036,1103,0
2026-08-21T02:48:53.9431996+12:00,4090-deep-100k,0,NVIDIA GeForce RTX 5090,GPU-67921d1c-ee8e-304f-b562-d6f87617c5a0,32607,30566,1622,0
2026-08-21T02:48:53.9431996+12:00,4090-deep-100k,1,NVIDIA GeForce RTX 4090,GPU-eed52936-813f-8d68-1654-bfb56cb42bc3,24564,23036,1103,0
2026-08-21T02:48:54.2687646+12:00,4090-deep-100k,0,NVIDIA GeForce RTX 5090,GPU-67921d1c-ee8e-304f-b562-d6f87617c5a0,32607,30562,1626,0
2026-08-21T02:48:54.2687646+12:00,4090-deep-100k,1,NVIDIA GeForce RTX 4090,GPU-eed52936-813f-8d68-1654-bfb56cb42bc3,24564,23036,1103,0
2026-08-21T02:48:54.5951873+12:00,4090-deep-100k,0,NVIDIA GeForce RTX 5090,GPU-67921d1c-ee8e-304f-b562-d6f87617c5a0,32607,30562,1626,0
2026-08-21T02:48:54.5951873+12:00,4090-deep-100k,1,NVIDIA GeForce RTX 4090,GPU-eed52936-813f-8d68-1654-bfb56cb42bc3,24564,23036,1103,0
2026-08-21T02:48:54.9207546+12:00,4090-deep-100k,0,NVIDIA GeForce RTX 5090,GPU-67921d1c-ee8e-304f-b562-d6f87617c5a0,32607,30568,1620,0
2026-08-21T02:48:54.9207546+12:00,4090-deep-100k,1,NVIDIA GeForce RTX 4090,GPU-eed52936-813f-8d68-1654-bfb56cb42bc3,24564,23036,1103,0
2026-08-21T02:48:55.2461242+12:00,4090-deep-100k,0,NVIDIA GeForce RTX 5090,GPU-67921d1c-ee8e-304f-b562-d6f87617c5a0,32607,30568,1620,0
2026-08-21T02:48:55.2461242+12:00,4090-deep-100k,1,NVIDIA GeForce RTX 4090,GPU-eed52936-813f-8d68-1654-bfb56cb42bc3,24564,23036,1103,0
2026-08-21T02:48:55.5726518+12:00,4090-deep-100k,0,NVIDIA GeForce RTX 5090,GPU-67921d1c-ee8e-304f-b562-d6f87617c5a0,32607,30568,1620,0
2026-08-21T02:48:55.5726518+12:00,4090-deep-100k,1,NVIDIA GeForce RTX 4090,GPU-eed52936-813f-8d68-1654-bfb56cb42bc3,24564,23036,1103,0
2026-08-21T02:48:55.8835176+12:00,4090-deep-100k,0,NVIDIA GeForce RTX 5090,GPU-67921d1c-ee8e-304f-b562-d6f87617c5a0,32607,30568,1620,0
2026-08-21T02:48:55.8835176+12:00,4090-deep-100k,1,NVIDIA GeForce RTX 4090,GPU-eed52936-813f-8d68-1654-bfb56cb42bc3,24564,23036,1103,0
2026-08-21T02:48:56.2118702+12:00,4090-deep-100k,0,NVIDIA GeForce RTX 5090,GPU-67921d1c-ee8e-304f-b562-d6f87617c5a0,32607,30568,1620,0
2026-08-21T02:48:56.2118702+12:00,4090-deep-100k,1,NVIDIA GeForce RTX 4090,GPU-eed52936-813f-8d68-1654-bfb56cb42bc3,24564,23036,1103,0
2026-08-21T02:48:56.5277894+12:00,4090-deep-100k,0,NVIDIA GeForce RTX 5090,GPU-67921d1c-ee8e-304f-b562-d6f87617c5a0,32607,30568,1620,0
2026-08-21T02:48:56.5277894+12:00,4090-deep-100k,1,NVIDIA GeForce RTX 4090,GPU-eed52936-813f-8d68-1654-bfb56cb42bc3,24564,23036,1103,0
2026-08-21T02:48:56.8571617+12:00,4090-deep-100k,0,NVIDIA GeForce RTX 5090,GPU-67921d1c-ee8e-304f-b562-d6f87617c5a0,32607,30568,1620,0
2026-08-21T02:48:56.8571617+12:00,4090-deep-100k,1,NVIDIA GeForce RTX 4090,GPU-eed52936-813f-8d68-1654-bfb56cb42bc3,24564,23036,1103,0
2026-08-21T02:48:57.1693705+12:00,4090-deep-100k,0,NVIDIA GeForce RTX 5090,GPU-67921d1c-ee8e-304f-b562-d6f87617c5a0,32607,30568,1620,0
2026-08-21T02:48:57.1693705+12:00,4090-deep-100k,1,NVIDIA GeForce RTX 4090,GPU-eed52936-813f-8d68-1654-bfb56cb42bc3,24564,23036,1103,0
2026-08-21T02:48:57.4926343+12:00,4090-deep-100k,0,NVIDIA GeForce RTX 5090,GPU-67921d1c-ee8e-304f-b562-d6f87617c5a0,32607,30568,1620,0
2026-08-21T02:48:57.4926343+12:00,4090-deep-100k,1,NVIDIA GeForce RTX 4090,GPU-eed52936-813f-8d68-1654-bfb56cb42bc3,24564,23036,1103,0
2026-08-21T02:48:57.8192738+12:00,4090-deep-100k,0,NVIDIA GeForce RTX 5090,GPU-67921d1c-ee8e-304f-b562-d6f87617c5a0,32607,30568,1620,0
2026-08-21T02:48:57.8192738+12:00,4090-deep-100k,1,NVIDIA GeForce RTX 4090,GPU-eed52936-813f-8d68-1654-bfb56cb42bc3,24564,23036,1103,0
2026-08-21T02:48:58.1313780+12:00,4090-deep-100k,0,NVIDIA GeForce RTX 5090,GPU-67921d1c-ee8e-304f-b562-d6f87617c5a0,32607,30562,1626,0
2026-08-21T02:48:58.1313780+12:00,4090-deep-100k,1,NVIDIA GeForce RTX 4090,GPU-eed52936-813f-8d68-1654-bfb56cb42bc3,24564,23036,1103,0
2026-08-21T02:48:58.4441192+12:00,4090-deep-100k,0,NVIDIA GeForce RTX 5090,GPU-67921d1c-ee8e-304f-b562-d6f87617c5a0,32607,30562,1626,0
2026-08-21T02:48:58.4441192+12:00,4090-deep-100k,1,NVIDIA GeForce RTX 4090,GPU-eed52936-813f-8d68-1654-bfb56cb42bc3,24564,23036,1103,0
2026-08-21T02:48:58.7703960+12:00,4090-deep-100k,0,NVIDIA GeForce RTX 5090,GPU-67921d1c-ee8e-304f-b562-d6f87617c5a0,32607,30562,1626,0
2026-08-21T02:48:58.7703960+12:00,4090-deep-100k,1,NVIDIA GeForce RTX 4090,GPU-eed52936-813f-8d68-1654-bfb56cb42bc3,24564,23036,1103,0
2026-08-21T02:48:59.0950611+12:00,4090-deep-100k,0,NVIDIA GeForce RTX 5090,GPU-67921d1c-ee8e-304f-b562-d6f87617c5a0,32607,30568,1620,0
2026-08-21T02:48:59.0950611+12:00,4090-deep-100k,1,NVIDIA GeForce RTX 4090,GPU-eed52936-813f-8d68-1654-bfb56cb42bc3,24564,23036,1103,0
2026-08-21T02:48:59.4217829+12:00,4090-deep-100k,0,NVIDIA GeForce RTX 5090,GPU-67921d1c-ee8e-304f-b562-d6f87617c5a0,32607,30568,1620,0
2026-08-21T02:48:59.4217829+12:00,4090-deep-100k,1,NVIDIA GeForce RTX 4090,GPU-eed52936-813f-8d68-1654-bfb56cb42bc3,24564,23036,1103,0
2026-08-21T02:48:59.7325156+12:00,4090-deep-100k,0,NVIDIA GeForce RTX 5090,GPU-67921d1c-ee8e-304f-b562-d6f87617c5a0,32607,30580,1608,1
2026-08-21T02:48:59.7325156+12:00,4090-deep-100k,1,NVIDIA GeForce RTX 4090,GPU-eed52936-813f-8d68-1654-bfb56cb42bc3,24564,23036,1103,0
2026-08-21T02:49:00.0607575+12:00,4090-deep-100k,0,NVIDIA GeForce RTX 5090,GPU-67921d1c-ee8e-304f-b562-d6f87617c5a0,32607,30580,1608,1
2026-08-21T02:49:00.0607575+12:00,4090-deep-100k,1,NVIDIA GeForce RTX 4090,GPU-eed52936-813f-8d68-1654-bfb56cb42bc3,24564,23036,1103,0
2026-08-21T02:49:00.3727381+12:00,4090-deep-100k,0,NVIDIA GeForce RTX 5090,GPU-67921d1c-ee8e-304f-b562-d6f87617c5a0,32607,30580,1608,0
2026-08-21T02:49:00.3727381+12:00,4090-deep-100k,1,NVIDIA GeForce RTX 4090,GPU-eed52936-813f-8d68-1654-bfb56cb42bc3,24564,23036,1103,0
2026-08-21T02:49:00.6970368+12:00,4090-deep-100k,0,NVIDIA GeForce RTX 5090,GPU-67921d1c-ee8e-304f-b562-d6f87617c5a0,32607,30580,1608,0
2026-08-21T02:49:00.6970368+12:00,4090-deep-100k,1,NVIDIA GeForce RTX 4090,GPU-eed52936-813f-8d68-1654-bfb56cb42bc3,24564,23036,1103,0
2026-08-21T02:49:01.0096790+12:00,4090-deep-100k,0,NVIDIA GeForce RTX 5090,GPU-67921d1c-ee8e-304f-b562-d6f87617c5a0,32607,30564,1624,0
2026-08-21T02:49:01.0096790+12:00,4090-deep-100k,1,NVIDIA GeForce RTX 4090,GPU-eed52936-813f-8d68-1654-bfb56cb42bc3,24564,23036,1103,0
2026-08-21T02:49:01.3354485+12:00,4090-deep-100k,0,NVIDIA GeForce RTX 5090,GPU-67921d1c-ee8e-304f-b562-d6f87617c5a0,32607,30564,1624,0
2026-08-21T02:49:01.3354485+12:00,4090-deep-100k,1,NVIDIA GeForce RTX 4090,GPU-eed52936-813f-8d68-1654-bfb56cb42bc3,24564,23036,1103,0
2026-08-21T02:49:01.6477629+12:00,4090-deep-100k,0,NVIDIA GeForce RTX 5090,GPU-67921d1c-ee8e-304f-b562-d6f87617c5a0,32607,30564,1624,0
2026-08-21T02:49:01.6477629+12:00,4090-deep-100k,1,NVIDIA GeForce RTX 4090,GPU-eed52936-813f-8d68-1654-bfb56cb42bc3,24564,23036,1103,0
2026-08-21T02:49:01.9740692+12:00,4090-deep-100k,0,NVIDIA GeForce RTX 5090,GPU-67921d1c-ee8e-304f-b562-d6f87617c5a0,32607,30564,1624,0
2026-08-21T02:49:01.9740692+12:00,4090-deep-100k,1,NVIDIA GeForce RTX 4090,GPU-eed52936-813f-8d68-1654-bfb56cb42bc3,24564,23036,1103,0
2026-08-21T02:49:02.2982865+12:00,4090-deep-100k,0,NVIDIA GeForce RTX 5090,GPU-67921d1c-ee8e-304f-b562-d6f87617c5a0,32607,30564,1624,0
2026-08-21T02:49:02.2982865+12:00,4090-deep-100k,1,NVIDIA GeForce RTX 4090,GPU-eed52936-813f-8d68-1654-bfb56cb42bc3,24564,23036,1103,0
2026-08-21T02:49:02.6234450+12:00,4090-deep-100k,0,NVIDIA GeForce RTX 5090,GPU-67921d1c-ee8e-304f-b562-d6f87617c5a0,32607,30564,1624,0
2026-08-21T02:49:02.6234450+12:00,4090-deep-100k,1,NVIDIA GeForce RTX 4090,GPU-eed52936-813f-8d68-1654-bfb56cb42bc3,24564,23036,1103,0
2026-08-21T02:49:02.9493446+12:00,4090-deep-100k,0,NVIDIA GeForce RTX 5090,GPU-67921d1c-ee8e-304f-b562-d6f87617c5a0,32607,30570,1618,0
2026-08-21T02:49:02.9493446+12:00,4090-deep-100k,1,NVIDIA GeForce RTX 4090,GPU-eed52936-813f-8d68-1654-bfb56cb42bc3,24564,23036,1103,0
2026-08-21T02:49:03.2766781+12:00,4090-deep-100k,0,NVIDIA GeForce RTX 5090,GPU-67921d1c-ee8e-304f-b562-d6f87617c5a0,32607,30570,1618,0
2026-08-21T02:49:03.2766781+12:00,4090-deep-100k,1,NVIDIA GeForce RTX 4090,GPU-eed52936-813f-8d68-1654-bfb56cb42bc3,24564,23036,1103,0
2026-08-21T02:49:03.6066721+12:00,4090-deep-100k,0,NVIDIA GeForce RTX 5090,GPU-67921d1c-ee8e-304f-b562-d6f87617c5a0,32607,30570,1618,0
2026-08-21T02:49:03.6066721+12:00,4090-deep-100k,1,NVIDIA GeForce RTX 4090,GPU-eed52936-813f-8d68-1654-bfb56cb42bc3,24564,23036,1103,0
2026-08-21T02:49:03.9171576+12:00,4090-deep-100k,0,NVIDIA GeForce RTX 5090,GPU-67921d1c-ee8e-304f-b562-d6f87617c5a0,32607,30570,1618,0
2026-08-21T02:49:03.9171576+12:00,4090-deep-100k,1,NVIDIA GeForce RTX 4090,GPU-eed52936-813f-8d68-1654-bfb56cb42bc3,24564,23036,1103,0
2026-08-21T02:49:04.2446164+12:00,4090-deep-100k,0,NVIDIA GeForce RTX 5090,GPU-67921d1c-ee8e-304f-b562-d6f87617c5a0,32607,30570,1618,0
2026-08-21T02:49:04.2446164+12:00,4090-deep-100k,1,NVIDIA GeForce RTX 4090,GPU-eed52936-813f-8d68-1654-bfb56cb42bc3,24564,23036,1103,0
2026-08-21T02:49:04.5708779+12:00,4090-deep-100k,0,NVIDIA GeForce RTX 5090,GPU-67921d1c-ee8e-304f-b562-d6f87617c5a0,32607,30570,1618,0
2026-08-21T02:49:04.5708779+12:00,4090-deep-100k,1,NVIDIA GeForce RTX 4090,GPU-eed52936-813f-8d68-1654-bfb56cb42bc3,24564,23036,1103,0
2026-08-21T02:49:04.8966439+12:00,4090-deep-100k,0,NVIDIA GeForce RTX 5090,GPU-67921d1c-ee8e-304f-b562-d6f87617c5a0,32607,30566,1622,0
2026-08-21T02:49:04.8966439+12:00,4090-deep-100k,1,NVIDIA GeForce RTX 4090,GPU-eed52936-813f-8d68-1654-bfb56cb42bc3,24564,23036,1103,0
2026-08-21T02:49:05.2244544+12:00,4090-deep-100k,0,NVIDIA GeForce RTX 5090,GPU-67921d1c-ee8e-304f-b562-d6f87617c5a0,32607,30562,1626,0
2026-08-21T02:49:05.2244544+12:00,4090-deep-100k,1,NVIDIA GeForce RTX 4090,GPU-eed52936-813f-8d68-1654-bfb56cb42bc3,24564,23036,1103,0
2026-08-21T02:49:05.5364060+12:00,4090-deep-100k,0,NVIDIA GeForce RTX 5090,GPU-67921d1c-ee8e-304f-b562-d6f87617c5a0,32607,30562,1626,0
2026-08-21T02:49:05.5364060+12:00,4090-deep-100k,1,NVIDIA GeForce RTX 4090,GPU-eed52936-813f-8d68-1654-bfb56cb42bc3,24564,23036,1103,0
2026-08-21T02:49:05.8616758+12:00,4090-deep-100k,0,NVIDIA GeForce RTX 5090,GPU-67921d1c-ee8e-304f-b562-d6f87617c5a0,32607,30562,1626,0
2026-08-21T02:49:05.8616758+12:00,4090-deep-100k,1,NVIDIA GeForce RTX 4090,GPU-eed52936-813f-8d68-1654-bfb56cb42bc3,24564,23036,1103,0
2026-08-21T02:49:06.1904654+12:00,4090-deep-100k,0,NVIDIA GeForce RTX 5090,GPU-67921d1c-ee8e-304f-b562-d6f87617c5a0,32607,30562,1626,0
2026-08-21T02:49:06.1904654+12:00,4090-deep-100k,1,NVIDIA GeForce RTX 4090,GPU-eed52936-813f-8d68-1654-bfb56cb42bc3,24564,23036,1103,0
2026-08-21T02:49:06.4995221+12:00,4090-deep-100k,0,NVIDIA GeForce RTX 5090,GPU-67921d1c-ee8e-304f-b562-d6f87617c5a0,32607,30562,1626,0
2026-08-21T02:49:06.4995221+12:00,4090-deep-100k,1,NVIDIA GeForce RTX 4090,GPU-eed52936-813f-8d68-1654-bfb56cb42bc3,24564,23036,1103,0
2026-08-21T02:49:06.8154604+12:00,4090-deep-100k,0,NVIDIA GeForce RTX 5090,GPU-67921d1c-ee8e-304f-b562-d6f87617c5a0,32607,30562,1626,0
2026-08-21T02:49:06.8154604+12:00,4090-deep-100k,1,NVIDIA GeForce RTX 4090,GPU-eed52936-813f-8d68-1654-bfb56cb42bc3,24564,23036,1103,0
2026-08-21T02:49:07.1292132+12:00,4090-deep-100k,0,NVIDIA GeForce RTX 5090,GPU-67921d1c-ee8e-304f-b562-d6f87617c5a0,32607,30568,1620,0
2026-08-21T02:49:07.1292132+12:00,4090-deep-100k,1,NVIDIA GeForce RTX 4090,GPU-eed52936-813f-8d68-1654-bfb56cb42bc3,24564,23036,1103,0
2026-08-21T02:49:07.4394838+12:00,4090-deep-100k,0,NVIDIA GeForce RTX 5090,GPU-67921d1c-ee8e-304f-b562-d6f87617c5a0,32607,30568,1620,0
2026-08-21T02:49:07.4394838+12:00,4090-deep-100k,1,NVIDIA GeForce RTX 4090,GPU-eed52936-813f-8d68-1654-bfb56cb42bc3,24564,23036,1103,0
2026-08-21T02:49:07.7673971+12:00,4090-deep-100k,0,NVIDIA GeForce RTX 5090,GPU-67921d1c-ee8e-304f-b562-d6f87617c5a0,32607,30567,1621,0
2026-08-21T02:49:07.7673971+12:00,4090-deep-100k,1,NVIDIA GeForce RTX 4090,GPU-eed52936-813f-8d68-1654-bfb56cb42bc3,24564,23036,1103,0
2026-08-21T02:49:08.0782803+12:00,4090-deep-100k,0,NVIDIA GeForce RTX 5090,GPU-67921d1c-ee8e-304f-b562-d6f87617c5a0,32607,30568,1620,0
2026-08-21T02:49:08.0782803+12:00,4090-deep-100k,1,NVIDIA GeForce RTX 4090,GPU-eed52936-813f-8d68-1654-bfb56cb42bc3,24564,23036,1103,0
2026-08-21T02:49:08.4036052+12:00,4090-deep-100k,0,NVIDIA GeForce RTX 5090,GPU-67921d1c-ee8e-304f-b562-d6f87617c5a0,32607,30568,1620,0
2026-08-21T02:49:08.4036052+12:00,4090-deep-100k,1,NVIDIA GeForce RTX 4090,GPU-eed52936-813f-8d68-1654-bfb56cb42bc3,24564,23036,1103,0
2026-08-21T02:49:08.7310656+12:00,4090-deep-100k,0,NVIDIA GeForce RTX 5090,GPU-67921d1c-ee8e-304f-b562-d6f87617c5a0,32607,30568,1620,0
2026-08-21T02:49:08.7310656+12:00,4090-deep-100k,1,NVIDIA GeForce RTX 4090,GPU-eed52936-813f-8d68-1654-bfb56cb42bc3,24564,23036,1103,0
2026-08-21T02:49:09.0587437+12:00,4090-deep-100k,0,NVIDIA GeForce RTX 5090,GPU-67921d1c-ee8e-304f-b562-d6f87617c5a0,32607,30562,1626,0
2026-08-21T02:49:09.0587437+12:00,4090-deep-100k,1,NVIDIA GeForce RTX 4090,GPU-eed52936-813f-8d68-1654-bfb56cb42bc3,24564,23036,1103,0
2026-08-21T02:49:09.3901973+12:00,4090-deep-100k,0,NVIDIA GeForce RTX 5090,GPU-67921d1c-ee8e-304f-b562-d6f87617c5a0,32607,30562,1626,0
2026-08-21T02:49:09.3901973+12:00,4090-deep-100k,1,NVIDIA GeForce RTX 4090,GPU-eed52936-813f-8d68-1654-bfb56cb42bc3,24564,23036,1103,0
2026-08-21T02:49:09.7025427+12:00,4090-deep-100k,0,NVIDIA GeForce RTX 5090,GPU-67921d1c-ee8e-304f-b562-d6f87617c5a0,32607,30562,1626,0
2026-08-21T02:49:09.7025427+12:00,4090-deep-100k,1,NVIDIA GeForce RTX 4090,GPU-eed52936-813f-8d68-1654-bfb56cb42bc3,24564,23036,1103,0
2026-08-21T02:49:10.0136080+12:00,4090-deep-100k,0,NVIDIA GeForce RTX 5090,GPU-67921d1c-ee8e-304f-b562-d6f87617c5a0,32607,30562,1626,0
2026-08-21T02:49:10.0136080+12:00,4090-deep-100k,1,NVIDIA GeForce RTX 4090,GPU-eed52936-813f-8d68-1654-bfb56cb42bc3,24564,23036,1103,0
2026-08-21T02:49:10.3393039+12:00,4090-deep-100k,0,NVIDIA GeForce RTX 5090,GPU-67921d1c-ee8e-304f-b562-d6f87617c5a0,32607,30562,1626,0
2026-08-21T02:49:10.3393039+12:00,4090-deep-100k,1,NVIDIA GeForce RTX 4090,GPU-eed52936-813f-8d68-1654-bfb56cb42bc3,24564,23036,1103,0
2026-08-21T02:49:10.6518271+12:00,4090-deep-100k,0,NVIDIA GeForce RTX 5090,GPU-67921d1c-ee8e-304f-b562-d6f87617c5a0,32607,30562,1626,0
2026-08-21T02:49:10.6518271+12:00,4090-deep-100k,1,NVIDIA GeForce RTX 4090,GPU-eed52936-813f-8d68-1654-bfb56cb42bc3,24564,23036,1103,0
2026-08-21T02:49:10.9810803+12:00,4090-deep-100k,0,NVIDIA GeForce RTX 5090,GPU-67921d1c-ee8e-304f-b562-d6f87617c5a0,32607,30568,1620,0
2026-08-21T02:49:10.9810803+12:00,4090-deep-100k,1,NVIDIA GeForce RTX 4090,GPU-eed52936-813f-8d68-1654-bfb56cb42bc3,24564,23036,1103,0
2026-08-21T02:49:11.3063294+12:00,4090-deep-100k,0,NVIDIA GeForce RTX 5090,GPU-67921d1c-ee8e-304f-b562-d6f87617c5a0,32607,30568,1620,0
2026-08-21T02:49:11.3063294+12:00,4090-deep-100k,1,NVIDIA GeForce RTX 4090,GPU-eed52936-813f-8d68-1654-bfb56cb42bc3,24564,23036,1103,0
2026-08-21T02:49:11.6328432+12:00,4090-deep-100k,0,NVIDIA GeForce RTX 5090,GPU-67921d1c-ee8e-304f-b562-d6f87617c5a0,32607,30567,1621,0
2026-08-21T02:49:11.6328432+12:00,4090-deep-100k,1,NVIDIA GeForce RTX 4090,GPU-eed52936-813f-8d68-1654-bfb56cb42bc3,24564,23036,1103,0
2026-08-21T02:49:11.9444519+12:00,4090-deep-100k,0,NVIDIA GeForce RTX 5090,GPU-67921d1c-ee8e-304f-b562-d6f87617c5a0,32607,30568,1620,0
2026-08-21T02:49:11.9444519+12:00,4090-deep-100k,1,NVIDIA GeForce RTX 4090,GPU-eed52936-813f-8d68-1654-bfb56cb42bc3,24564,23036,1103,0
2026-08-21T02:49:12.2551895+12:00,4090-deep-100k,0,NVIDIA GeForce RTX 5090,GPU-67921d1c-ee8e-304f-b562-d6f87617c5a0,32607,30568,1620,0
2026-08-21T02:49:12.2551895+12:00,4090-deep-100k,1,NVIDIA GeForce RTX 4090,GPU-eed52936-813f-8d68-1654-bfb56cb42bc3,24564,23036,1103,0
2026-08-21T02:49:12.5831999+12:00,4090-deep-100k,0,NVIDIA GeForce RTX 5090,GPU-67921d1c-ee8e-304f-b562-d6f87617c5a0,32607,30568,1620,0
2026-08-21T02:49:12.5831999+12:00,4090-deep-100k,1,NVIDIA GeForce RTX 4090,GPU-eed52936-813f-8d68-1654-bfb56cb42bc3,24564,23036,1103,0
2026-08-21T02:49:12.9104696+12:00,4090-deep-100k,0,NVIDIA GeForce RTX 5090,GPU-67921d1c-ee8e-304f-b562-d6f87617c5a0,32607,30568,1620,0
2026-08-21T02:49:12.9104696+12:00,4090-deep-100k,1,NVIDIA GeForce RTX 4090,GPU-eed52936-813f-8d68-1654-bfb56cb42bc3,24564,23036,1103,0
2026-08-21T02:49:13.2371750+12:00,4090-deep-100k,0,NVIDIA GeForce RTX 5090,GPU-67921d1c-ee8e-304f-b562-d6f87617c5a0,32607,30568,1620,0
2026-08-21T02:49:13.2371750+12:00,4090-deep-100k,1,NVIDIA GeForce RTX 4090,GPU-eed52936-813f-8d68-1654-bfb56cb42bc3,24564,23036,1103,0
2026-08-21T02:49:13.5652517+12:00,4090-deep-100k,0,NVIDIA GeForce RTX 5090,GPU-67921d1c-ee8e-304f-b562-d6f87617c5a0,32607,30568,1620,0
2026-08-21T02:49:13.5652517+12:00,4090-deep-100k,1,NVIDIA GeForce RTX 4090,GPU-eed52936-813f-8d68-1654-bfb56cb42bc3,24564,23036,1103,0
2026-08-21T02:49:13.8898799+12:00,4090-deep-100k,0,NVIDIA GeForce RTX 5090,GPU-67921d1c-ee8e-304f-b562-d6f87617c5a0,32607,30566,1622,0
2026-08-21T02:49:13.8898799+12:00,4090-deep-100k,1,NVIDIA GeForce RTX 4090,GPU-eed52936-813f-8d68-1654-bfb56cb42bc3,24564,23036,1103,0
2026-08-21T02:49:14.2185563+12:00,4090-deep-100k,0,NVIDIA GeForce RTX 5090,GPU-67921d1c-ee8e-304f-b562-d6f87617c5a0,32607,30562,1626,0
2026-08-21T02:49:14.2185563+12:00,4090-deep-100k,1,NVIDIA GeForce RTX 4090,GPU-eed52936-813f-8d68-1654-bfb56cb42bc3,24564,23036,1103,0
2026-08-21T02:49:14.5303155+12:00,4090-deep-100k,0,NVIDIA GeForce RTX 5090,GPU-67921d1c-ee8e-304f-b562-d6f87617c5a0,32607,30562,1626,0
2026-08-21T02:49:14.5303155+12:00,4090-deep-100k,1,NVIDIA GeForce RTX 4090,GPU-eed52936-813f-8d68-1654-bfb56cb42bc3,24564,23036,1103,0
2026-08-21T02:49:14.8565488+12:00,4090-deep-100k,0,NVIDIA GeForce RTX 5090,GPU-67921d1c-ee8e-304f-b562-d6f87617c5a0,32607,30567,1621,0
2026-08-21T02:49:14.8565488+12:00,4090-deep-100k,1,NVIDIA GeForce RTX 4090,GPU-eed52936-813f-8d68-1654-bfb56cb42bc3,24564,23036,1103,0
2026-08-21T02:49:15.1849625+12:00,4090-deep-100k,0,NVIDIA GeForce RTX 5090,GPU-67921d1c-ee8e-304f-b562-d6f87617c5a0,32607,30568,1620,0
2026-08-21T02:49:15.1849625+12:00,4090-deep-100k,1,NVIDIA GeForce RTX 4090,GPU-eed52936-813f-8d68-1654-bfb56cb42bc3,24564,23036,1103,0
2026-08-21T02:49:15.4965498+12:00,4090-deep-100k,0,NVIDIA GeForce RTX 5090,GPU-67921d1c-ee8e-304f-b562-d6f87617c5a0,32607,30567,1621,0
2026-08-21T02:49:15.4965498+12:00,4090-deep-100k,1,NVIDIA GeForce RTX 4090,GPU-eed52936-813f-8d68-1654-bfb56cb42bc3,24564,23036,1103,0
2026-08-21T02:49:15.8091296+12:00,4090-deep-100k,0,NVIDIA GeForce RTX 5090,GPU-67921d1c-ee8e-304f-b562-d6f87617c5a0,32607,30567,1621,0
2026-08-21T02:49:15.8091296+12:00,4090-deep-100k,1,NVIDIA GeForce RTX 4090,GPU-eed52936-813f-8d68-1654-bfb56cb42bc3,24564,23036,1103,0
2026-08-21T02:49:16.1336992+12:00,4090-deep-100k,0,NVIDIA GeForce RTX 5090,GPU-67921d1c-ee8e-304f-b562-d6f87617c5a0,32607,30568,1620,0
2026-08-21T02:49:16.1336992+12:00,4090-deep-100k,1,NVIDIA GeForce RTX 4090,GPU-eed52936-813f-8d68-1654-bfb56cb42bc3,24564,23036,1103,0
2026-08-21T02:49:16.4591140+12:00,4090-deep-100k,0,NVIDIA GeForce RTX 5090,GPU-67921d1c-ee8e-304f-b562-d6f87617c5a0,32607,30568,1620,0
2026-08-21T02:49:16.4591140+12:00,4090-deep-100k,1,NVIDIA GeForce RTX 4090,GPU-eed52936-813f-8d68-1654-bfb56cb42bc3,24564,23036,1103,0
2026-08-21T02:49:16.7872164+12:00,4090-deep-100k,0,NVIDIA GeForce RTX 5090,GPU-67921d1c-ee8e-304f-b562-d6f87617c5a0,32607,30568,1620,0
2026-08-21T02:49:16.7872164+12:00,4090-deep-100k,1,NVIDIA GeForce RTX 4090,GPU-eed52936-813f-8d68-1654-bfb56cb42bc3,24564,23036,1103,0
2026-08-21T02:49:17.1112499+12:00,4090-deep-100k,0,NVIDIA GeForce RTX 5090,GPU-67921d1c-ee8e-304f-b562-d6f87617c5a0,32607,30568,1620,0
2026-08-21T02:49:17.1112499+12:00,4090-deep-100k,1,NVIDIA GeForce RTX 4090,GPU-eed52936-813f-8d68-1654-bfb56cb42bc3,24564,23036,1103,0
2026-08-21T02:49:17.4224039+12:00,4090-deep-100k,0,NVIDIA GeForce RTX 5090,GPU-67921d1c-ee8e-304f-b562-d6f87617c5a0,32607,30568,1620,0
2026-08-21T02:49:17.4224039+12:00,4090-deep-100k,1,NVIDIA GeForce RTX 4090,GPU-eed52936-813f-8d68-1654-bfb56cb42bc3,24564,23036,1103,0
2026-08-21T02:49:17.7340774+12:00,4090-deep-100k,0,NVIDIA GeForce RTX 5090,GPU-67921d1c-ee8e-304f-b562-d6f87617c5a0,32607,30568,1620,0
2026-08-21T02:49:17.7340774+12:00,4090-deep-100k,1,NVIDIA GeForce RTX 4090,GPU-eed52936-813f-8d68-1654-bfb56cb42bc3,24564,23036,1103,0
2026-08-21T02:49:18.0592410+12:00,4090-deep-100k,0,NVIDIA GeForce RTX 5090,GPU-67921d1c-ee8e-304f-b562-d6f87617c5a0,32607,30562,1626,0
2026-08-21T02:49:18.0592410+12:00,4090-deep-100k,1,NVIDIA GeForce RTX 4090,GPU-eed52936-813f-8d68-1654-bfb56cb42bc3,24564,23036,1103,0
2026-08-21T02:49:18.3717979+12:00,4090-deep-100k,0,NVIDIA GeForce RTX 5090,GPU-67921d1c-ee8e-304f-b562-d6f87617c5a0,32607,30562,1626,0
2026-08-21T02:49:18.3717979+12:00,4090-deep-100k,1,NVIDIA GeForce RTX 4090,GPU-eed52936-813f-8d68-1654-bfb56cb42bc3,24564,23036,1103,0
2026-08-21T02:49:18.6822118+12:00,4090-deep-100k,0,NVIDIA GeForce RTX 5090,GPU-67921d1c-ee8e-304f-b562-d6f87617c5a0,32607,30562,1626,0
2026-08-21T02:49:18.6822118+12:00,4090-deep-100k,1,NVIDIA GeForce RTX 4090,GPU-eed52936-813f-8d68-1654-bfb56cb42bc3,24564,23036,1103,0
2026-08-21T02:49:19.0106951+12:00,4090-deep-100k,0,NVIDIA GeForce RTX 5090,GPU-67921d1c-ee8e-304f-b562-d6f87617c5a0,32607,30568,1620,0
2026-08-21T02:49:19.0106951+12:00,4090-deep-100k,1,NVIDIA GeForce RTX 4090,GPU-eed52936-813f-8d68-1654-bfb56cb42bc3,24564,23036,1103,0
2026-08-21T02:49:19.3371679+12:00,4090-deep-100k,0,NVIDIA GeForce RTX 5090,GPU-67921d1c-ee8e-304f-b562-d6f87617c5a0,32607,30568,1620,0
2026-08-21T02:49:19.3371679+12:00,4090-deep-100k,1,NVIDIA GeForce RTX 4090,GPU-eed52936-813f-8d68-1654-bfb56cb42bc3,24564,23036,1103,0
2026-08-21T02:49:19.6504194+12:00,4090-deep-100k,0,NVIDIA GeForce RTX 5090,GPU-67921d1c-ee8e-304f-b562-d6f87617c5a0,32607,30568,1620,0
2026-08-21T02:49:19.6504194+12:00,4090-deep-100k,1,NVIDIA GeForce RTX 4090,GPU-eed52936-813f-8d68-1654-bfb56cb42bc3,24564,23036,1103,0
2026-08-21T02:49:19.9746369+12:00,4090-deep-100k,0,NVIDIA GeForce RTX 5090,GPU-67921d1c-ee8e-304f-b562-d6f87617c5a0,32607,30568,1620,0
2026-08-21T02:49:19.9746369+12:00,4090-deep-100k,1,NVIDIA GeForce RTX 4090,GPU-eed52936-813f-8d68-1654-bfb56cb42bc3,24564,23036,1103,0
2026-08-21T02:49:20.3012017+12:00,4090-deep-100k,0,NVIDIA GeForce RTX 5090,GPU-67921d1c-ee8e-304f-b562-d6f87617c5a0,32607,30568,1620,0
2026-08-21T02:49:20.3012017+12:00,4090-deep-100k,1,NVIDIA GeForce RTX 4090,GPU-eed52936-813f-8d68-1654-bfb56cb42bc3,24564,23036,1103,0
2026-08-21T02:49:20.6271965+12:00,4090-deep-100k,0,NVIDIA GeForce RTX 5090,GPU-67921d1c-ee8e-304f-b562-d6f87617c5a0,32607,30568,1620,0
2026-08-21T02:49:20.6271965+12:00,4090-deep-100k,1,NVIDIA GeForce RTX 4090,GPU-eed52936-813f-8d68-1654-bfb56cb42bc3,24564,23036,1103,0
2026-08-21T02:49:20.9546250+12:00,4090-deep-100k,0,NVIDIA GeForce RTX 5090,GPU-67921d1c-ee8e-304f-b562-d6f87617c5a0,32607,30568,1620,0
2026-08-21T02:49:20.9546250+12:00,4090-deep-100k,1,NVIDIA GeForce RTX 4090,GPU-eed52936-813f-8d68-1654-bfb56cb42bc3,24564,23036,1103,0
2026-08-21T02:49:21.2802048+12:00,4090-deep-100k,0,NVIDIA GeForce RTX 5090,GPU-67921d1c-ee8e-304f-b562-d6f87617c5a0,32607,30568,1620,0
2026-08-21T02:49:21.2802048+12:00,4090-deep-100k,1,NVIDIA GeForce RTX 4090,GPU-eed52936-813f-8d68-1654-bfb56cb42bc3,24564,23036,1103,0
2026-08-21T02:49:21.6085885+12:00,4090-deep-100k,0,NVIDIA GeForce RTX 5090,GPU-67921d1c-ee8e-304f-b562-d6f87617c5a0,32607,30568,1620,0
2026-08-21T02:49:21.6085885+12:00,4090-deep-100k,1,NVIDIA GeForce RTX 4090,GPU-eed52936-813f-8d68-1654-bfb56cb42bc3,24564,23036,1103,0
2026-08-21T02:49:21.9205362+12:00,4090-deep-100k,0,NVIDIA GeForce RTX 5090,GPU-67921d1c-ee8e-304f-b562-d6f87617c5a0,32607,30566,1622,0
2026-08-21T02:49:21.9205362+12:00,4090-deep-100k,1,NVIDIA GeForce RTX 4090,GPU-eed52936-813f-8d68-1654-bfb56cb42bc3,24564,23036,1103,0
2026-08-21T02:49:22.2365467+12:00,4090-deep-100k,0,NVIDIA GeForce RTX 5090,GPU-67921d1c-ee8e-304f-b562-d6f87617c5a0,32607,30562,1626,0
2026-08-21T02:49:22.2365467+12:00,4090-deep-100k,1,NVIDIA GeForce RTX 4090,GPU-eed52936-813f-8d68-1654-bfb56cb42bc3,24564,23036,1103,0
2026-08-21T02:49:22.5615484+12:00,4090-deep-100k,0,NVIDIA GeForce RTX 5090,GPU-67921d1c-ee8e-304f-b562-d6f87617c5a0,32607,30562,1626,0
2026-08-21T02:49:22.5615484+12:00,4090-deep-100k,1,NVIDIA GeForce RTX 4090,GPU-eed52936-813f-8d68-1654-bfb56cb42bc3,24564,23036,1103,0
2026-08-21T02:49:22.8724468+12:00,4090-deep-100k,0,NVIDIA GeForce RTX 5090,GPU-67921d1c-ee8e-304f-b562-d6f87617c5a0,32607,30567,1621,0
2026-08-21T02:49:22.8724468+12:00,4090-deep-100k,1,NVIDIA GeForce RTX 4090,GPU-eed52936-813f-8d68-1654-bfb56cb42bc3,24564,23036,1103,0
2026-08-21T02:49:23.1825240+12:00,4090-deep-100k,0,NVIDIA GeForce RTX 5090,GPU-67921d1c-ee8e-304f-b562-d6f87617c5a0,32607,30568,1620,0
2026-08-21T02:49:23.1825240+12:00,4090-deep-100k,1,NVIDIA GeForce RTX 4090,GPU-eed52936-813f-8d68-1654-bfb56cb42bc3,24564,23036,1103,0
2026-08-21T02:49:23.5097493+12:00,4090-deep-100k,0,NVIDIA GeForce RTX 5090,GPU-67921d1c-ee8e-304f-b562-d6f87617c5a0,32607,30568,1620,0
2026-08-21T02:49:23.5097493+12:00,4090-deep-100k,1,NVIDIA GeForce RTX 4090,GPU-eed52936-813f-8d68-1654-bfb56cb42bc3,24564,23036,1103,0
2026-08-21T02:49:23.8202207+12:00,4090-deep-100k,0,NVIDIA GeForce RTX 5090,GPU-67921d1c-ee8e-304f-b562-d6f87617c5a0,32607,30568,1620,0
2026-08-21T02:49:23.8202207+12:00,4090-deep-100k,1,NVIDIA GeForce RTX 4090,GPU-eed52936-813f-8d68-1654-bfb56cb42bc3,24564,23036,1103,0
2026-08-21T02:49:24.1480315+12:00,4090-deep-100k,0,NVIDIA GeForce RTX 5090,GPU-67921d1c-ee8e-304f-b562-d6f87617c5a0,32607,30568,1620,0
2026-08-21T02:49:24.1480315+12:00,4090-deep-100k,1,NVIDIA GeForce RTX 4090,GPU-eed52936-813f-8d68-1654-bfb56cb42bc3,24564,23036,1103,0
2026-08-21T02:49:24.4743711+12:00,4090-deep-100k,0,NVIDIA GeForce RTX 5090,GPU-67921d1c-ee8e-304f-b562-d6f87617c5a0,32607,30568,1620,0
2026-08-21T02:49:24.4743711+12:00,4090-deep-100k,1,NVIDIA GeForce RTX 4090,GPU-eed52936-813f-8d68-1654-bfb56cb42bc3,24564,23036,1103,0
2026-08-21T02:49:24.7863410+12:00,4090-deep-100k,0,NVIDIA GeForce RTX 5090,GPU-67921d1c-ee8e-304f-b562-d6f87617c5a0,32607,30568,1620,0
2026-08-21T02:49:24.7863410+12:00,4090-deep-100k,1,NVIDIA GeForce RTX 4090,GPU-eed52936-813f-8d68-1654-bfb56cb42bc3,24564,23036,1103,0
2026-08-21T02:49:25.1123597+12:00,4090-deep-100k,0,NVIDIA GeForce RTX 5090,GPU-67921d1c-ee8e-304f-b562-d6f87617c5a0,32607,30568,1620,0
2026-08-21T02:49:25.1123597+12:00,4090-deep-100k,1,NVIDIA GeForce RTX 4090,GPU-eed52936-813f-8d68-1654-bfb56cb42bc3,24564,23036,1103,0
2026-08-21T02:49:25.4415249+12:00,4090-deep-100k,0,NVIDIA GeForce RTX 5090,GPU-67921d1c-ee8e-304f-b562-d6f87617c5a0,32607,30568,1620,0
2026-08-21T02:49:25.4415249+12:00,4090-deep-100k,1,NVIDIA GeForce RTX 4090,GPU-eed52936-813f-8d68-1654-bfb56cb42bc3,24564,23036,1103,0
2026-08-21T02:49:25.7666170+12:00,4090-deep-100k,0,NVIDIA GeForce RTX 5090,GPU-67921d1c-ee8e-304f-b562-d6f87617c5a0,32607,30568,1620,0
2026-08-21T02:49:25.7666170+12:00,4090-deep-100k,1,NVIDIA GeForce RTX 4090,GPU-eed52936-813f-8d68-1654-bfb56cb42bc3,24564,23036,1103,0
2026-08-21T02:49:26.0929326+12:00,4090-deep-100k,0,NVIDIA GeForce RTX 5090,GPU-67921d1c-ee8e-304f-b562-d6f87617c5a0,32607,30562,1626,0
2026-08-21T02:49:26.0929326+12:00,4090-deep-100k,1,NVIDIA GeForce RTX 4090,GPU-eed52936-813f-8d68-1654-bfb56cb42bc3,24564,23036,1103,0
2026-08-21T02:49:26.4050735+12:00,4090-deep-100k,0,NVIDIA GeForce RTX 5090,GPU-67921d1c-ee8e-304f-b562-d6f87617c5a0,32607,30562,1626,0
2026-08-21T02:49:26.4050735+12:00,4090-deep-100k,1,NVIDIA GeForce RTX 4090,GPU-eed52936-813f-8d68-1654-bfb56cb42bc3,24564,23036,1103,0
2026-08-21T02:49:26.7350901+12:00,4090-deep-100k,0,NVIDIA GeForce RTX 5090,GPU-67921d1c-ee8e-304f-b562-d6f87617c5a0,32607,30562,1626,0
2026-08-21T02:49:26.7350901+12:00,4090-deep-100k,1,NVIDIA GeForce RTX 4090,GPU-eed52936-813f-8d68-1654-bfb56cb42bc3,24564,23036,1103,0
2026-08-21T02:49:27.0603179+12:00,4090-deep-100k,0,NVIDIA GeForce RTX 5090,GPU-67921d1c-ee8e-304f-b562-d6f87617c5a0,32607,30568,1620,0
2026-08-21T02:49:27.0603179+12:00,4090-deep-100k,1,NVIDIA GeForce RTX 4090,GPU-eed52936-813f-8d68-1654-bfb56cb42bc3,24564,23036,1103,0
2026-08-21T02:49:27.3696494+12:00,4090-deep-100k,0,NVIDIA GeForce RTX 5090,GPU-67921d1c-ee8e-304f-b562-d6f87617c5a0,32607,30568,1620,0
2026-08-21T02:49:27.3696494+12:00,4090-deep-100k,1,NVIDIA GeForce RTX 4090,GPU-eed52936-813f-8d68-1654-bfb56cb42bc3,24564,23036,1103,0
2026-08-21T02:49:27.6827347+12:00,4090-deep-100k,0,NVIDIA GeForce RTX 5090,GPU-67921d1c-ee8e-304f-b562-d6f87617c5a0,32607,30567,1621,0
2026-08-21T02:49:27.6827347+12:00,4090-deep-100k,1,NVIDIA GeForce RTX 4090,GPU-eed52936-813f-8d68-1654-bfb56cb42bc3,24564,23036,1103,0
2026-08-21T02:49:28.0110693+12:00,4090-deep-100k,0,NVIDIA GeForce RTX 5090,GPU-67921d1c-ee8e-304f-b562-d6f87617c5a0,32607,30568,1620,0
2026-08-21T02:49:28.0110693+12:00,4090-deep-100k,1,NVIDIA GeForce RTX 4090,GPU-eed52936-813f-8d68-1654-bfb56cb42bc3,24564,23036,1103,0
2026-08-21T02:49:28.3355377+12:00,4090-deep-100k,0,NVIDIA GeForce RTX 5090,GPU-67921d1c-ee8e-304f-b562-d6f87617c5a0,32607,30568,1620,0
2026-08-21T02:49:28.3355377+12:00,4090-deep-100k,1,NVIDIA GeForce RTX 4090,GPU-eed52936-813f-8d68-1654-bfb56cb42bc3,24564,23036,1103,0
2026-08-21T02:49:28.6481229+12:00,4090-deep-100k,0,NVIDIA GeForce RTX 5090,GPU-67921d1c-ee8e-304f-b562-d6f87617c5a0,32607,30568,1620,0
2026-08-21T02:49:28.6481229+12:00,4090-deep-100k,1,NVIDIA GeForce RTX 4090,GPU-eed52936-813f-8d68-1654-bfb56cb42bc3,24564,23036,1103,0
2026-08-21T02:49:28.9752226+12:00,4090-deep-100k,0,NVIDIA GeForce RTX 5090,GPU-67921d1c-ee8e-304f-b562-d6f87617c5a0,32607,30568,1620,0
2026-08-21T02:49:28.9752226+12:00,4090-deep-100k,1,NVIDIA GeForce RTX 4090,GPU-eed52936-813f-8d68-1654-bfb56cb42bc3,24564,23036,1103,0
2026-08-21T02:49:29.3019413+12:00,4090-deep-100k,0,NVIDIA GeForce RTX 5090,GPU-67921d1c-ee8e-304f-b562-d6f87617c5a0,32607,30568,1620,0
2026-08-21T02:49:29.3019413+12:00,4090-deep-100k,1,NVIDIA GeForce RTX 4090,GPU-eed52936-813f-8d68-1654-bfb56cb42bc3,24564,23036,1103,0
2026-08-21T02:49:29.6142846+12:00,4090-deep-100k,0,NVIDIA GeForce RTX 5090,GPU-67921d1c-ee8e-304f-b562-d6f87617c5a0,32607,30568,1620,0
2026-08-21T02:49:29.6142846+12:00,4090-deep-100k,1,NVIDIA GeForce RTX 4090,GPU-eed52936-813f-8d68-1654-bfb56cb42bc3,24564,23036,1103,0
2026-08-21T02:49:29.9250468+12:00,4090-deep-100k,0,NVIDIA GeForce RTX 5090,GPU-67921d1c-ee8e-304f-b562-d6f87617c5a0,32607,30566,1622,0
2026-08-21T02:49:29.9250468+12:00,4090-deep-100k,1,NVIDIA GeForce RTX 4090,GPU-eed52936-813f-8d68-1654-bfb56cb42bc3,24564,23036,1103,0
2026-08-21T02:49:30.2548925+12:00,4090-deep-100k,0,NVIDIA GeForce RTX 5090,GPU-67921d1c-ee8e-304f-b562-d6f87617c5a0,32607,30562,1626,0
2026-08-21T02:49:30.2548925+12:00,4090-deep-100k,1,NVIDIA GeForce RTX 4090,GPU-eed52936-813f-8d68-1654-bfb56cb42bc3,24564,23036,1103,0
2026-08-21T02:49:30.5666002+12:00,4090-deep-100k,0,NVIDIA GeForce RTX 5090,GPU-67921d1c-ee8e-304f-b562-d6f87617c5a0,32607,30562,1626,0
2026-08-21T02:49:30.5666002+12:00,4090-deep-100k,1,NVIDIA GeForce RTX 4090,GPU-eed52936-813f-8d68-1654-bfb56cb42bc3,24564,23036,1103,0
2026-08-21T02:49:30.8909139+12:00,4090-deep-100k,0,NVIDIA GeForce RTX 5090,GPU-67921d1c-ee8e-304f-b562-d6f87617c5a0,32607,30567,1621,0
2026-08-21T02:49:30.8909139+12:00,4090-deep-100k,1,NVIDIA GeForce RTX 4090,GPU-eed52936-813f-8d68-1654-bfb56cb42bc3,24564,23036,1103,0
2026-08-21T02:49:31.2164851+12:00,4090-deep-100k,0,NVIDIA GeForce RTX 5090,GPU-67921d1c-ee8e-304f-b562-d6f87617c5a0,32607,30568,1620,0
2026-08-21T02:49:31.2164851+12:00,4090-deep-100k,1,NVIDIA GeForce RTX 4090,GPU-eed52936-813f-8d68-1654-bfb56cb42bc3,24564,23036,1103,0
2026-08-21T02:49:31.5435182+12:00,4090-deep-100k,0,NVIDIA GeForce RTX 5090,GPU-67921d1c-ee8e-304f-b562-d6f87617c5a0,32607,30568,1620,0
2026-08-21T02:49:31.5435182+12:00,4090-deep-100k,1,NVIDIA GeForce RTX 4090,GPU-eed52936-813f-8d68-1654-bfb56cb42bc3,24564,23036,1103,0
2026-08-21T02:49:31.8711618+12:00,4090-deep-100k,0,NVIDIA GeForce RTX 5090,GPU-67921d1c-ee8e-304f-b562-d6f87617c5a0,32607,30568,1620,0
2026-08-21T02:49:31.8711618+12:00,4090-deep-100k,1,NVIDIA GeForce RTX 4090,GPU-eed52936-813f-8d68-1654-bfb56cb42bc3,24564,23036,1103,0
2026-08-21T02:49:32.1978186+12:00,4090-deep-100k,0,NVIDIA GeForce RTX 5090,GPU-67921d1c-ee8e-304f-b562-d6f87617c5a0,32607,30568,1620,0
2026-08-21T02:49:32.1978186+12:00,4090-deep-100k,1,NVIDIA GeForce RTX 4090,GPU-eed52936-813f-8d68-1654-bfb56cb42bc3,24564,23036,1103,0
2026-08-21T02:49:32.5241784+12:00,4090-deep-100k,0,NVIDIA GeForce RTX 5090,GPU-67921d1c-ee8e-304f-b562-d6f87617c5a0,32607,30580,1608,0
2026-08-21T02:49:32.5241784+12:00,4090-deep-100k,1,NVIDIA GeForce RTX 4090,GPU-eed52936-813f-8d68-1654-bfb56cb42bc3,24564,23036,1103,0
2026-08-21T02:49:32.8501485+12:00,4090-deep-100k,0,NVIDIA GeForce RTX 5090,GPU-67921d1c-ee8e-304f-b562-d6f87617c5a0,32607,30580,1608,0
2026-08-21T02:49:32.8501485+12:00,4090-deep-100k,1,NVIDIA GeForce RTX 4090,GPU-eed52936-813f-8d68-1654-bfb56cb42bc3,24564,23036,1103,0
2026-08-21T02:49:33.1661353+12:00,4090-deep-100k,0,NVIDIA GeForce RTX 5090,GPU-67921d1c-ee8e-304f-b562-d6f87617c5a0,32607,30580,1608,0
2026-08-21T02:49:33.1661353+12:00,4090-deep-100k,1,NVIDIA GeForce RTX 4090,GPU-eed52936-813f-8d68-1654-bfb56cb42bc3,24564,23036,1103,0
2026-08-21T02:49:33.4870873+12:00,4090-deep-100k,0,NVIDIA GeForce RTX 5090,GPU-67921d1c-ee8e-304f-b562-d6f87617c5a0,32607,30580,1608,0
2026-08-21T02:49:33.4870873+12:00,4090-deep-100k,1,NVIDIA GeForce RTX 4090,GPU-eed52936-813f-8d68-1654-bfb56cb42bc3,24564,23036,1103,0
2026-08-21T02:49:33.8140043+12:00,4090-deep-100k,0,NVIDIA GeForce RTX 5090,GPU-67921d1c-ee8e-304f-b562-d6f87617c5a0,32607,30580,1608,0
2026-08-21T02:49:33.8140043+12:00,4090-deep-100k,1,NVIDIA GeForce RTX 4090,GPU-eed52936-813f-8d68-1654-bfb56cb42bc3,24564,23036,1103,0
2026-08-21T02:49:34.1388671+12:00,4090-deep-100k,0,NVIDIA GeForce RTX 5090,GPU-67921d1c-ee8e-304f-b562-d6f87617c5a0,32607,30565,1623,0
2026-08-21T02:49:34.1388671+12:00,4090-deep-100k,1,NVIDIA GeForce RTX 4090,GPU-eed52936-813f-8d68-1654-bfb56cb42bc3,24564,23036,1103,0
2026-08-21T02:49:34.4670344+12:00,4090-deep-100k,0,NVIDIA GeForce RTX 5090,GPU-67921d1c-ee8e-304f-b562-d6f87617c5a0,32607,30565,1623,0
2026-08-21T02:49:34.4670344+12:00,4090-deep-100k,1,NVIDIA GeForce RTX 4090,GPU-eed52936-813f-8d68-1654-bfb56cb42bc3,24564,23036,1103,0
2026-08-21T02:49:34.7928088+12:00,4090-deep-100k,0,NVIDIA GeForce RTX 5090,GPU-67921d1c-ee8e-304f-b562-d6f87617c5a0,32607,30565,1623,0
2026-08-21T02:49:34.7928088+12:00,4090-deep-100k,1,NVIDIA GeForce RTX 4090,GPU-eed52936-813f-8d68-1654-bfb56cb42bc3,24564,23036,1103,0
2026-08-21T02:49:35.1213900+12:00,4090-deep-100k,0,NVIDIA GeForce RTX 5090,GPU-67921d1c-ee8e-304f-b562-d6f87617c5a0,32607,30570,1618,0
2026-08-21T02:49:35.1213900+12:00,4090-deep-100k,1,NVIDIA GeForce RTX 4090,GPU-eed52936-813f-8d68-1654-bfb56cb42bc3,24564,23036,1103,0
2026-08-21T02:49:35.4324418+12:00,4090-deep-100k,0,NVIDIA GeForce RTX 5090,GPU-67921d1c-ee8e-304f-b562-d6f87617c5a0,32607,30570,1618,0
2026-08-21T02:49:35.4324418+12:00,4090-deep-100k,1,NVIDIA GeForce RTX 4090,GPU-eed52936-813f-8d68-1654-bfb56cb42bc3,24564,23036,1103,0
2026-08-21T02:49:35.7578085+12:00,4090-deep-100k,0,NVIDIA GeForce RTX 5090,GPU-67921d1c-ee8e-304f-b562-d6f87617c5a0,32607,30570,1618,0
2026-08-21T02:49:35.7578085+12:00,4090-deep-100k,1,NVIDIA GeForce RTX 4090,GPU-eed52936-813f-8d68-1654-bfb56cb42bc3,24564,23036,1103,0
2026-08-21T02:49:36.0859053+12:00,4090-deep-100k,0,NVIDIA GeForce RTX 5090,GPU-67921d1c-ee8e-304f-b562-d6f87617c5a0,32607,30570,1618,0
2026-08-21T02:49:36.0859053+12:00,4090-deep-100k,1,NVIDIA GeForce RTX 4090,GPU-eed52936-813f-8d68-1654-bfb56cb42bc3,24564,23036,1103,0
2026-08-21T02:49:36.4127311+12:00,4090-deep-100k,0,NVIDIA GeForce RTX 5090,GPU-67921d1c-ee8e-304f-b562-d6f87617c5a0,32607,30570,1618,0
2026-08-21T02:49:36.4127311+12:00,4090-deep-100k,1,NVIDIA GeForce RTX 4090,GPU-eed52936-813f-8d68-1654-bfb56cb42bc3,24564,23036,1103,0
2026-08-21T02:49:36.7242330+12:00,4090-deep-100k,0,NVIDIA GeForce RTX 5090,GPU-67921d1c-ee8e-304f-b562-d6f87617c5a0,32607,30570,1618,0
2026-08-21T02:49:36.7242330+12:00,4090-deep-100k,1,NVIDIA GeForce RTX 4090,GPU-eed52936-813f-8d68-1654-bfb56cb42bc3,24564,23036,1103,0
2026-08-21T02:49:37.0634991+12:00,4090-deep-100k,0,NVIDIA GeForce RTX 5090,GPU-67921d1c-ee8e-304f-b562-d6f87617c5a0,32607,30570,1618,0
2026-08-21T02:49:37.0634991+12:00,4090-deep-100k,1,NVIDIA GeForce RTX 4090,GPU-eed52936-813f-8d68-1654-bfb56cb42bc3,24564,23036,1103,0
2026-08-21T02:49:37.3772669+12:00,4090-deep-100k,0,NVIDIA GeForce RTX 5090,GPU-67921d1c-ee8e-304f-b562-d6f87617c5a0,32607,30570,1618,0
2026-08-21T02:49:37.3772669+12:00,4090-deep-100k,1,NVIDIA GeForce RTX 4090,GPU-eed52936-813f-8d68-1654-bfb56cb42bc3,24564,23036,1103,0
2026-08-21T02:49:37.6910110+12:00,4090-deep-100k,0,NVIDIA GeForce RTX 5090,GPU-67921d1c-ee8e-304f-b562-d6f87617c5a0,32607,30567,1621,0
2026-08-21T02:49:37.6910110+12:00,4090-deep-100k,1,NVIDIA GeForce RTX 4090,GPU-eed52936-813f-8d68-1654-bfb56cb42bc3,24564,23036,1103,0
2026-08-21T02:49:38.0013938+12:00,4090-deep-100k,0,NVIDIA GeForce RTX 5090,GPU-67921d1c-ee8e-304f-b562-d6f87617c5a0,32607,30562,1626,0
2026-08-21T02:49:38.0013938+12:00,4090-deep-100k,1,NVIDIA GeForce RTX 4090,GPU-eed52936-813f-8d68-1654-bfb56cb42bc3,24564,23036,1103,0
2026-08-21T02:49:38.3297439+12:00,4090-deep-100k,0,NVIDIA GeForce RTX 5090,GPU-67921d1c-ee8e-304f-b562-d6f87617c5a0,32607,30562,1626,0
2026-08-21T02:49:38.3297439+12:00,4090-deep-100k,1,NVIDIA GeForce RTX 4090,GPU-eed52936-813f-8d68-1654-bfb56cb42bc3,24564,23036,1103,0
2026-08-21T02:49:38.6408760+12:00,4090-deep-100k,0,NVIDIA GeForce RTX 5090,GPU-67921d1c-ee8e-304f-b562-d6f87617c5a0,32607,30562,1626,0
2026-08-21T02:49:38.6408760+12:00,4090-deep-100k,1,NVIDIA GeForce RTX 4090,GPU-eed52936-813f-8d68-1654-bfb56cb42bc3,24564,23036,1103,0
2026-08-21T02:49:38.9522129+12:00,4090-deep-100k,0,NVIDIA GeForce RTX 5090,GPU-67921d1c-ee8e-304f-b562-d6f87617c5a0,32607,30568,1620,0
2026-08-21T02:49:38.9522129+12:00,4090-deep-100k,1,NVIDIA GeForce RTX 4090,GPU-eed52936-813f-8d68-1654-bfb56cb42bc3,24564,23036,1103,0
2026-08-21T02:49:39.2643770+12:00,4090-deep-100k,0,NVIDIA GeForce RTX 5090,GPU-67921d1c-ee8e-304f-b562-d6f87617c5a0,32607,30568,1620,0
2026-08-21T02:49:39.2643770+12:00,4090-deep-100k,1,NVIDIA GeForce RTX 4090,GPU-eed52936-813f-8d68-1654-bfb56cb42bc3,24564,23036,1103,0
2026-08-21T02:49:39.5765269+12:00,4090-deep-100k,0,NVIDIA GeForce RTX 5090,GPU-67921d1c-ee8e-304f-b562-d6f87617c5a0,32607,30568,1620,0
2026-08-21T02:49:39.5765269+12:00,4090-deep-100k,1,NVIDIA GeForce RTX 4090,GPU-eed52936-813f-8d68-1654-bfb56cb42bc3,24564,23036,1103,0
2026-08-21T02:49:39.9032015+12:00,4090-deep-100k,0,NVIDIA GeForce RTX 5090,GPU-67921d1c-ee8e-304f-b562-d6f87617c5a0,32607,30568,1620,0
2026-08-21T02:49:39.9032015+12:00,4090-deep-100k,1,NVIDIA GeForce RTX 4090,GPU-eed52936-813f-8d68-1654-bfb56cb42bc3,24564,23036,1103,0
2026-08-21T02:49:40.2324368+12:00,4090-deep-100k,0,NVIDIA GeForce RTX 5090,GPU-67921d1c-ee8e-304f-b562-d6f87617c5a0,32607,30568,1620,0
2026-08-21T02:49:40.2324368+12:00,4090-deep-100k,1,NVIDIA GeForce RTX 4090,GPU-eed52936-813f-8d68-1654-bfb56cb42bc3,24564,23036,1103,0
2026-08-21T02:49:40.5564550+12:00,4090-deep-100k,0,NVIDIA GeForce RTX 5090,GPU-67921d1c-ee8e-304f-b562-d6f87617c5a0,32607,30568,1620,0
2026-08-21T02:49:40.5564550+12:00,4090-deep-100k,1,NVIDIA GeForce RTX 4090,GPU-eed52936-813f-8d68-1654-bfb56cb42bc3,24564,23036,1103,0
2026-08-21T02:49:40.8820946+12:00,4090-deep-100k,0,NVIDIA GeForce RTX 5090,GPU-67921d1c-ee8e-304f-b562-d6f87617c5a0,32607,30568,1620,0
2026-08-21T02:49:40.8820946+12:00,4090-deep-100k,1,NVIDIA GeForce RTX 4090,GPU-eed52936-813f-8d68-1654-bfb56cb42bc3,24564,23036,1103,0
2026-08-21T02:49:41.2090300+12:00,4090-deep-100k,0,NVIDIA GeForce RTX 5090,GPU-67921d1c-ee8e-304f-b562-d6f87617c5a0,32607,30568,1620,0
2026-08-21T02:49:41.2090300+12:00,4090-deep-100k,1,NVIDIA GeForce RTX 4090,GPU-eed52936-813f-8d68-1654-bfb56cb42bc3,24564,23036,1103,0
2026-08-21T02:49:41.5365675+12:00,4090-deep-100k,0,NVIDIA GeForce RTX 5090,GPU-67921d1c-ee8e-304f-b562-d6f87617c5a0,32607,30568,1620,0
2026-08-21T02:49:41.5365675+12:00,4090-deep-100k,1,NVIDIA GeForce RTX 4090,GPU-eed52936-813f-8d68-1654-bfb56cb42bc3,24564,23036,1103,0
2026-08-21T02:49:41.8633252+12:00,4090-deep-100k,0,NVIDIA GeForce RTX 5090,GPU-67921d1c-ee8e-304f-b562-d6f87617c5a0,32607,30566,1622,0
2026-08-21T02:49:41.8633252+12:00,4090-deep-100k,1,NVIDIA GeForce RTX 4090,GPU-eed52936-813f-8d68-1654-bfb56cb42bc3,24564,23036,1103,0
2026-08-21T02:49:42.1907006+12:00,4090-deep-100k,0,NVIDIA GeForce RTX 5090,GPU-67921d1c-ee8e-304f-b562-d6f87617c5a0,32607,30562,1626,0
2026-08-21T02:49:42.1907006+12:00,4090-deep-100k,1,NVIDIA GeForce RTX 4090,GPU-eed52936-813f-8d68-1654-bfb56cb42bc3,24564,23036,1103,0
2026-08-21T02:49:42.5031980+12:00,4090-deep-100k,0,NVIDIA GeForce RTX 5090,GPU-67921d1c-ee8e-304f-b562-d6f87617c5a0,32607,30562,1626,0
2026-08-21T02:49:42.5031980+12:00,4090-deep-100k,1,NVIDIA GeForce RTX 4090,GPU-eed52936-813f-8d68-1654-bfb56cb42bc3,24564,23036,1103,0
2026-08-21T02:49:42.8159368+12:00,4090-deep-100k,0,NVIDIA GeForce RTX 5090,GPU-67921d1c-ee8e-304f-b562-d6f87617c5a0,32607,30562,1626,0
2026-08-21T02:49:42.8159368+12:00,4090-deep-100k,1,NVIDIA GeForce RTX 4090,GPU-eed52936-813f-8d68-1654-bfb56cb42bc3,24564,23036,1103,0
2026-08-21T02:49:43.1409701+12:00,4090-deep-100k,0,NVIDIA GeForce RTX 5090,GPU-67921d1c-ee8e-304f-b562-d6f87617c5a0,32607,30568,1620,0
2026-08-21T02:49:43.1409701+12:00,4090-deep-100k,1,NVIDIA GeForce RTX 4090,GPU-eed52936-813f-8d68-1654-bfb56cb42bc3,24564,23036,1103,0
2026-08-21T02:49:43.4519084+12:00,4090-deep-100k,0,NVIDIA GeForce RTX 5090,GPU-67921d1c-ee8e-304f-b562-d6f87617c5a0,32607,30568,1620,0
2026-08-21T02:49:43.4519084+12:00,4090-deep-100k,1,NVIDIA GeForce RTX 4090,GPU-eed52936-813f-8d68-1654-bfb56cb42bc3,24564,23036,1103,0
2026-08-21T02:49:43.7771873+12:00,4090-deep-100k,0,NVIDIA GeForce RTX 5090,GPU-67921d1c-ee8e-304f-b562-d6f87617c5a0,32607,30568,1620,0
2026-08-21T02:49:43.7771873+12:00,4090-deep-100k,1,NVIDIA GeForce RTX 4090,GPU-eed52936-813f-8d68-1654-bfb56cb42bc3,24564,23036,1103,0
2026-08-21T02:49:44.0894795+12:00,4090-deep-100k,0,NVIDIA GeForce RTX 5090,GPU-67921d1c-ee8e-304f-b562-d6f87617c5a0,32607,30568,1619,0
2026-08-21T02:49:44.0894795+12:00,4090-deep-100k,1,NVIDIA GeForce RTX 4090,GPU-eed52936-813f-8d68-1654-bfb56cb42bc3,24564,23036,1103,0
2026-08-21T02:49:44.4186019+12:00,4090-deep-100k,0,NVIDIA GeForce RTX 5090,GPU-67921d1c-ee8e-304f-b562-d6f87617c5a0,32607,30568,1619,0
2026-08-21T02:49:44.4186019+12:00,4090-deep-100k,1,NVIDIA GeForce RTX 4090,GPU-eed52936-813f-8d68-1654-bfb56cb42bc3,24564,23036,1103,0
2026-08-21T02:49:44.7443820+12:00,4090-deep-100k,0,NVIDIA GeForce RTX 5090,GPU-67921d1c-ee8e-304f-b562-d6f87617c5a0,32607,30568,1619,0
2026-08-21T02:49:44.7443820+12:00,4090-deep-100k,1,NVIDIA GeForce RTX 4090,GPU-eed52936-813f-8d68-1654-bfb56cb42bc3,24564,23036,1103,0
2026-08-21T02:49:45.0755117+12:00,4090-deep-100k,0,NVIDIA GeForce RTX 5090,GPU-67921d1c-ee8e-304f-b562-d6f87617c5a0,32607,30562,1626,0
2026-08-21T02:49:45.0755117+12:00,4090-deep-100k,1,NVIDIA GeForce RTX 4090,GPU-eed52936-813f-8d68-1654-bfb56cb42bc3,24564,23036,1103,0
2026-08-21T02:49:45.4008336+12:00,4090-deep-100k,0,NVIDIA GeForce RTX 5090,GPU-67921d1c-ee8e-304f-b562-d6f87617c5a0,32607,30562,1626,0
2026-08-21T02:49:45.4008336+12:00,4090-deep-100k,1,NVIDIA GeForce RTX 4090,GPU-eed52936-813f-8d68-1654-bfb56cb42bc3,24564,23036,1103,0
2026-08-21T02:49:45.7123248+12:00,4090-deep-100k,0,NVIDIA GeForce RTX 5090,GPU-67921d1c-ee8e-304f-b562-d6f87617c5a0,32607,30562,1626,0
2026-08-21T02:49:45.7123248+12:00,4090-deep-100k,1,NVIDIA GeForce RTX 4090,GPU-eed52936-813f-8d68-1654-bfb56cb42bc3,24564,23036,1103,0
2026-08-21T02:49:46.0382247+12:00,4090-deep-100k,0,NVIDIA GeForce RTX 5090,GPU-67921d1c-ee8e-304f-b562-d6f87617c5a0,32607,30562,1626,0
2026-08-21T02:49:46.0382247+12:00,4090-deep-100k,1,NVIDIA GeForce RTX 4090,GPU-eed52936-813f-8d68-1654-bfb56cb42bc3,24564,23036,1103,0
2026-08-21T02:49:46.3698451+12:00,4090-deep-100k,0,NVIDIA GeForce RTX 5090,GPU-67921d1c-ee8e-304f-b562-d6f87617c5a0,32607,30561,1627,0
2026-08-21T02:49:46.3698451+12:00,4090-deep-100k,1,NVIDIA GeForce RTX 4090,GPU-eed52936-813f-8d68-1654-bfb56cb42bc3,24564,23036,1103,0
2026-08-21T02:49:46.6979964+12:00,4090-deep-100k,0,NVIDIA GeForce RTX 5090,GPU-67921d1c-ee8e-304f-b562-d6f87617c5a0,32607,30561,1627,0
2026-08-21T02:49:46.6979964+12:00,4090-deep-100k,1,NVIDIA GeForce RTX 4090,GPU-eed52936-813f-8d68-1654-bfb56cb42bc3,24564,23036,1103,0
2026-08-21T02:49:47.0359681+12:00,4090-deep-100k,0,NVIDIA GeForce RTX 5090,GPU-67921d1c-ee8e-304f-b562-d6f87617c5a0,32607,30567,1621,0
2026-08-21T02:49:47.0359681+12:00,4090-deep-100k,1,NVIDIA GeForce RTX 4090,GPU-eed52936-813f-8d68-1654-bfb56cb42bc3,24564,23036,1103,0
2026-08-21T02:49:47.3697847+12:00,4090-deep-100k,0,NVIDIA GeForce RTX 5090,GPU-67921d1c-ee8e-304f-b562-d6f87617c5a0,32607,30567,1621,0
2026-08-21T02:49:47.3697847+12:00,4090-deep-100k,1,NVIDIA GeForce RTX 4090,GPU-eed52936-813f-8d68-1654-bfb56cb42bc3,24564,23036,1103,0
2026-08-21T02:49:47.6812591+12:00,4090-deep-100k,0,NVIDIA GeForce RTX 5090,GPU-67921d1c-ee8e-304f-b562-d6f87617c5a0,32607,30567,1621,0
2026-08-21T02:49:47.6812591+12:00,4090-deep-100k,1,NVIDIA GeForce RTX 4090,GPU-eed52936-813f-8d68-1654-bfb56cb42bc3,24564,23036,1103,0
2026-08-21T02:49:48.0099317+12:00,4090-deep-100k,0,NVIDIA GeForce RTX 5090,GPU-67921d1c-ee8e-304f-b562-d6f87617c5a0,32607,30566,1622,0
2026-08-21T02:49:48.0099317+12:00,4090-deep-100k,1,NVIDIA GeForce RTX 4090,GPU-eed52936-813f-8d68-1654-bfb56cb42bc3,24564,23036,1103,0
2026-08-21T02:49:48.3352588+12:00,4090-deep-100k,0,NVIDIA GeForce RTX 5090,GPU-67921d1c-ee8e-304f-b562-d6f87617c5a0,32607,30566,1622,0
2026-08-21T02:49:48.3352588+12:00,4090-deep-100k,1,NVIDIA GeForce RTX 4090,GPU-eed52936-813f-8d68-1654-bfb56cb42bc3,24564,23036,1103,0
2026-08-21T02:49:48.6469587+12:00,4090-deep-100k,0,NVIDIA GeForce RTX 5090,GPU-67921d1c-ee8e-304f-b562-d6f87617c5a0,32607,30566,1622,0
2026-08-21T02:49:48.6469587+12:00,4090-deep-100k,1,NVIDIA GeForce RTX 4090,GPU-eed52936-813f-8d68-1654-bfb56cb42bc3,24564,23036,1103,0
2026-08-21T02:49:48.9741705+12:00,4090-deep-100k,0,NVIDIA GeForce RTX 5090,GPU-67921d1c-ee8e-304f-b562-d6f87617c5a0,32607,30559,1629,0
2026-08-21T02:49:48.9741705+12:00,4090-deep-100k,1,NVIDIA GeForce RTX 4090,GPU-eed52936-813f-8d68-1654-bfb56cb42bc3,24564,23036,1103,0
2026-08-21T02:49:49.2882157+12:00,4090-deep-100k,0,NVIDIA GeForce RTX 5090,GPU-67921d1c-ee8e-304f-b562-d6f87617c5a0,32607,30559,1629,0
2026-08-21T02:49:49.2882157+12:00,4090-deep-100k,1,NVIDIA GeForce RTX 4090,GPU-eed52936-813f-8d68-1654-bfb56cb42bc3,24564,23036,1103,0
2026-08-21T02:49:49.6148606+12:00,4090-deep-100k,0,NVIDIA GeForce RTX 5090,GPU-67921d1c-ee8e-304f-b562-d6f87617c5a0,32607,30559,1629,0
2026-08-21T02:49:49.6148606+12:00,4090-deep-100k,1,NVIDIA GeForce RTX 4090,GPU-eed52936-813f-8d68-1654-bfb56cb42bc3,24564,23036,1103,0
2026-08-21T02:49:49.9260040+12:00,4090-deep-100k,0,NVIDIA GeForce RTX 5090,GPU-67921d1c-ee8e-304f-b562-d6f87617c5a0,32607,30559,1629,0
2026-08-21T02:49:49.9260040+12:00,4090-deep-100k,1,NVIDIA GeForce RTX 4090,GPU-eed52936-813f-8d68-1654-bfb56cb42bc3,24564,23036,1103,0
2026-08-21T02:49:50.2512823+12:00,4090-deep-100k,0,NVIDIA GeForce RTX 5090,GPU-67921d1c-ee8e-304f-b562-d6f87617c5a0,32607,30559,1629,0
2026-08-21T02:49:50.2512823+12:00,4090-deep-100k,1,NVIDIA GeForce RTX 4090,GPU-eed52936-813f-8d68-1654-bfb56cb42bc3,24564,23036,1103,0
2026-08-21T02:49:50.5629690+12:00,4090-deep-100k,0,NVIDIA GeForce RTX 5090,GPU-67921d1c-ee8e-304f-b562-d6f87617c5a0,32607,30559,1629,0
2026-08-21T02:49:50.5629690+12:00,4090-deep-100k,1,NVIDIA GeForce RTX 4090,GPU-eed52936-813f-8d68-1654-bfb56cb42bc3,24564,23036,1103,0
2026-08-21T02:49:50.8895032+12:00,4090-deep-100k,0,NVIDIA GeForce RTX 5090,GPU-67921d1c-ee8e-304f-b562-d6f87617c5a0,32607,30565,1623,0
2026-08-21T02:49:50.8895032+12:00,4090-deep-100k,1,NVIDIA GeForce RTX 4090,GPU-eed52936-813f-8d68-1654-bfb56cb42bc3,24564,23036,1103,0
2026-08-21T02:49:51.2162990+12:00,4090-deep-100k,0,NVIDIA GeForce RTX 5090,GPU-67921d1c-ee8e-304f-b562-d6f87617c5a0,32607,30565,1623,0
2026-08-21T02:49:51.2162990+12:00,4090-deep-100k,1,NVIDIA GeForce RTX 4090,GPU-eed52936-813f-8d68-1654-bfb56cb42bc3,24564,23036,1103,0
2026-08-21T02:49:51.5425759+12:00,4090-deep-100k,0,NVIDIA GeForce RTX 5090,GPU-67921d1c-ee8e-304f-b562-d6f87617c5a0,32607,30565,1623,0
2026-08-21T02:49:51.5425759+12:00,4090-deep-100k,1,NVIDIA GeForce RTX 4090,GPU-eed52936-813f-8d68-1654-bfb56cb42bc3,24564,23036,1103,0
2026-08-21T02:49:51.8698448+12:00,4090-deep-100k,0,NVIDIA GeForce RTX 5090,GPU-67921d1c-ee8e-304f-b562-d6f87617c5a0,32607,30566,1622,0
2026-08-21T02:49:51.8698448+12:00,4090-deep-100k,1,NVIDIA GeForce RTX 4090,GPU-eed52936-813f-8d68-1654-bfb56cb42bc3,24564,23036,1103,0
2026-08-21T02:49:52.1957131+12:00,4090-deep-100k,0,NVIDIA GeForce RTX 5090,GPU-67921d1c-ee8e-304f-b562-d6f87617c5a0,32607,30566,1622,0
2026-08-21T02:49:52.1957131+12:00,4090-deep-100k,1,NVIDIA GeForce RTX 4090,GPU-eed52936-813f-8d68-1654-bfb56cb42bc3,24564,23036,1103,0
2026-08-21T02:49:52.5209108+12:00,4090-deep-100k,0,NVIDIA GeForce RTX 5090,GPU-67921d1c-ee8e-304f-b562-d6f87617c5a0,32607,30566,1622,0
2026-08-21T02:49:52.5209108+12:00,4090-deep-100k,1,NVIDIA GeForce RTX 4090,GPU-eed52936-813f-8d68-1654-bfb56cb42bc3,24564,23036,1103,0
2026-08-21T02:49:52.8332153+12:00,4090-deep-100k,0,NVIDIA GeForce RTX 5090,GPU-67921d1c-ee8e-304f-b562-d6f87617c5a0,32607,30566,1622,0
2026-08-21T02:49:52.8332153+12:00,4090-deep-100k,1,NVIDIA GeForce RTX 4090,GPU-eed52936-813f-8d68-1654-bfb56cb42bc3,24564,23036,1103,0
2026-08-21T02:49:53.1590788+12:00,4090-deep-100k,0,NVIDIA GeForce RTX 5090,GPU-67921d1c-ee8e-304f-b562-d6f87617c5a0,32607,30565,1623,0
2026-08-21T02:49:53.1590788+12:00,4090-deep-100k,1,NVIDIA GeForce RTX 4090,GPU-eed52936-813f-8d68-1654-bfb56cb42bc3,24564,23036,1103,0
2026-08-21T02:49:53.4682152+12:00,4090-deep-100k,0,NVIDIA GeForce RTX 5090,GPU-67921d1c-ee8e-304f-b562-d6f87617c5a0,32607,30565,1623,0
2026-08-21T02:49:53.4682152+12:00,4090-deep-100k,1,NVIDIA GeForce RTX 4090,GPU-eed52936-813f-8d68-1654-bfb56cb42bc3,24564,23036,1103,0
2026-08-21T02:49:53.7947341+12:00,4090-deep-100k,0,NVIDIA GeForce RTX 5090,GPU-67921d1c-ee8e-304f-b562-d6f87617c5a0,32607,30565,1623,0
2026-08-21T02:49:53.7947341+12:00,4090-deep-100k,1,NVIDIA GeForce RTX 4090,GPU-eed52936-813f-8d68-1654-bfb56cb42bc3,24564,23036,1103,0
2026-08-21T02:49:54.1066853+12:00,4090-deep-100k,0,NVIDIA GeForce RTX 5090,GPU-67921d1c-ee8e-304f-b562-d6f87617c5a0,32607,30559,1629,0
2026-08-21T02:49:54.1066853+12:00,4090-deep-100k,1,NVIDIA GeForce RTX 4090,GPU-eed52936-813f-8d68-1654-bfb56cb42bc3,24564,23036,1103,0
2026-08-21T02:49:54.4206758+12:00,4090-deep-100k,0,NVIDIA GeForce RTX 5090,GPU-67921d1c-ee8e-304f-b562-d6f87617c5a0,32607,30559,1629,0
2026-08-21T02:49:54.4206758+12:00,4090-deep-100k,1,NVIDIA GeForce RTX 4090,GPU-eed52936-813f-8d68-1654-bfb56cb42bc3,24564,23036,1103,0
2026-08-21T02:49:54.7294241+12:00,4090-deep-100k,0,NVIDIA GeForce RTX 5090,GPU-67921d1c-ee8e-304f-b562-d6f87617c5a0,32607,30559,1629,0
2026-08-21T02:49:54.7294241+12:00,4090-deep-100k,1,NVIDIA GeForce RTX 4090,GPU-eed52936-813f-8d68-1654-bfb56cb42bc3,24564,23036,1103,0
2026-08-21T02:49:55.0657586+12:00,4090-deep-100k,0,NVIDIA GeForce RTX 5090,GPU-67921d1c-ee8e-304f-b562-d6f87617c5a0,32607,30565,1623,0
2026-08-21T02:49:55.0657586+12:00,4090-deep-100k,1,NVIDIA GeForce RTX 4090,GPU-eed52936-813f-8d68-1654-bfb56cb42bc3,24564,23036,1103,0
2026-08-21T02:49:55.3966092+12:00,4090-deep-100k,0,NVIDIA GeForce RTX 5090,GPU-67921d1c-ee8e-304f-b562-d6f87617c5a0,32607,30565,1623,0
2026-08-21T02:49:55.3966092+12:00,4090-deep-100k,1,NVIDIA GeForce RTX 4090,GPU-eed52936-813f-8d68-1654-bfb56cb42bc3,24564,23036,1103,0
2026-08-21T02:49:55.7237761+12:00,4090-deep-100k,0,NVIDIA GeForce RTX 5090,GPU-67921d1c-ee8e-304f-b562-d6f87617c5a0,32607,30565,1623,0
2026-08-21T02:49:55.7237761+12:00,4090-deep-100k,1,NVIDIA GeForce RTX 4090,GPU-eed52936-813f-8d68-1654-bfb56cb42bc3,24564,23036,1103,0
2026-08-21T02:49:56.0531813+12:00,4090-deep-100k,0,NVIDIA GeForce RTX 5090,GPU-67921d1c-ee8e-304f-b562-d6f87617c5a0,32607,30566,1622,0
2026-08-21T02:49:56.0531813+12:00,4090-deep-100k,1,NVIDIA GeForce RTX 4090,GPU-eed52936-813f-8d68-1654-bfb56cb42bc3,24564,23036,1103,0
2026-08-21T02:49:56.3779306+12:00,4090-deep-100k,0,NVIDIA GeForce RTX 5090,GPU-67921d1c-ee8e-304f-b562-d6f87617c5a0,32607,30566,1622,0
2026-08-21T02:49:56.3779306+12:00,4090-deep-100k,1,NVIDIA GeForce RTX 4090,GPU-eed52936-813f-8d68-1654-bfb56cb42bc3,24564,23036,1103,0
2026-08-21T02:49:56.6918637+12:00,4090-deep-100k,0,NVIDIA GeForce RTX 5090,GPU-67921d1c-ee8e-304f-b562-d6f87617c5a0,32607,30566,1622,0
2026-08-21T02:49:56.6918637+12:00,4090-deep-100k,1,NVIDIA GeForce RTX 4090,GPU-eed52936-813f-8d68-1654-bfb56cb42bc3,24564,23036,1103,0
2026-08-21T02:49:57.0054693+12:00,4090-deep-100k,0,NVIDIA GeForce RTX 5090,GPU-67921d1c-ee8e-304f-b562-d6f87617c5a0,32607,30566,1622,0
2026-08-21T02:49:57.0054693+12:00,4090-deep-100k,1,NVIDIA GeForce RTX 4090,GPU-eed52936-813f-8d68-1654-bfb56cb42bc3,24564,23036,1103,0
2026-08-21T02:49:57.3323019+12:00,4090-deep-100k,0,NVIDIA GeForce RTX 5090,GPU-67921d1c-ee8e-304f-b562-d6f87617c5a0,32607,30566,1622,0
2026-08-21T02:49:57.3323019+12:00,4090-deep-100k,1,NVIDIA GeForce RTX 4090,GPU-eed52936-813f-8d68-1654-bfb56cb42bc3,24564,23036,1103,0
2026-08-21T02:49:57.6445313+12:00,4090-deep-100k,0,NVIDIA GeForce RTX 5090,GPU-67921d1c-ee8e-304f-b562-d6f87617c5a0,32607,30566,1622,0
2026-08-21T02:49:57.6445313+12:00,4090-deep-100k,1,NVIDIA GeForce RTX 4090,GPU-eed52936-813f-8d68-1654-bfb56cb42bc3,24564,23036,1103,0
2026-08-21T02:49:57.9698158+12:00,4090-deep-100k,0,NVIDIA GeForce RTX 5090,GPU-67921d1c-ee8e-304f-b562-d6f87617c5a0,32607,30563,1625,0
2026-08-21T02:49:57.9698158+12:00,4090-deep-100k,1,NVIDIA GeForce RTX 4090,GPU-eed52936-813f-8d68-1654-bfb56cb42bc3,24564,23036,1103,0
2026-08-21T02:49:58.2970576+12:00,4090-deep-100k,0,NVIDIA GeForce RTX 5090,GPU-67921d1c-ee8e-304f-b562-d6f87617c5a0,32607,30559,1629,0
2026-08-21T02:49:58.2970576+12:00,4090-deep-100k,1,NVIDIA GeForce RTX 4090,GPU-eed52936-813f-8d68-1654-bfb56cb42bc3,24564,23036,1103,0
