timestamp,phase,gpu_index,name,uuid,total_mib,used_mib,free_mib,utilization_gpu
2026-08-21T02:50:13.0467210+12:00,4090-deep-105k,0,NVIDIA GeForce RTX 5090,GPU-67921d1c-ee8e-304f-b562-d6f87617c5a0,32607,30569,1619,0
2026-08-21T02:50:13.0467210+12:00,4090-deep-105k,1,NVIDIA GeForce RTX 4090,GPU-eed52936-813f-8d68-1654-bfb56cb42bc3,24564,23036,1103,0
2026-08-21T02:50:13.3809863+12:00,4090-deep-105k,0,NVIDIA GeForce RTX 5090,GPU-67921d1c-ee8e-304f-b562-d6f87617c5a0,32607,30570,1618,0
2026-08-21T02:50:13.3809863+12:00,4090-deep-105k,1,NVIDIA GeForce RTX 4090,GPU-eed52936-813f-8d68-1654-bfb56cb42bc3,24564,23036,1103,0
2026-08-21T02:50:13.7097016+12:00,4090-deep-105k,0,NVIDIA GeForce RTX 5090,GPU-67921d1c-ee8e-304f-b562-d6f87617c5a0,32607,30583,1605,0
2026-08-21T02:50:13.7097016+12:00,4090-deep-105k,1,NVIDIA GeForce RTX 4090,GPU-eed52936-813f-8d68-1654-bfb56cb42bc3,24564,23036,1103,0
2026-08-21T02:50:14.0370882+12:00,4090-deep-105k,0,NVIDIA GeForce RTX 5090,GPU-67921d1c-ee8e-304f-b562-d6f87617c5a0,32607,30583,1605,1
2026-08-21T02:50:14.0370882+12:00,4090-deep-105k,1,NVIDIA GeForce RTX 4090,GPU-eed52936-813f-8d68-1654-bfb56cb42bc3,24564,23036,1103,0
2026-08-21T02:50:14.3482821+12:00,4090-deep-105k,0,NVIDIA GeForce RTX 5090,GPU-67921d1c-ee8e-304f-b562-d6f87617c5a0,32607,30583,1605,1
2026-08-21T02:50:14.3482821+12:00,4090-deep-105k,1,NVIDIA GeForce RTX 4090,GPU-eed52936-813f-8d68-1654-bfb56cb42bc3,24564,23036,1103,0
2026-08-21T02:50:14.6745933+12:00,4090-deep-105k,0,NVIDIA GeForce RTX 5090,GPU-67921d1c-ee8e-304f-b562-d6f87617c5a0,32607,30583,1605,1
2026-08-21T02:50:14.6745933+12:00,4090-deep-105k,1,NVIDIA GeForce RTX 4090,GPU-eed52936-813f-8d68-1654-bfb56cb42bc3,24564,23036,1103,0
2026-08-21T02:50:15.0024750+12:00,4090-deep-105k,0,NVIDIA GeForce RTX 5090,GPU-67921d1c-ee8e-304f-b562-d6f87617c5a0,32607,30575,1613,1
2026-08-21T02:50:15.0024750+12:00,4090-deep-105k,1,NVIDIA GeForce RTX 4090,GPU-eed52936-813f-8d68-1654-bfb56cb42bc3,24564,23036,1103,0
2026-08-21T02:50:15.3133860+12:00,4090-deep-105k,0,NVIDIA GeForce RTX 5090,GPU-67921d1c-ee8e-304f-b562-d6f87617c5a0,32607,30575,1613,0
2026-08-21T02:50:15.3133860+12:00,4090-deep-105k,1,NVIDIA GeForce RTX 4090,GPU-eed52936-813f-8d68-1654-bfb56cb42bc3,24564,23036,1103,0
2026-08-21T02:50:15.6391663+12:00,4090-deep-105k,0,NVIDIA GeForce RTX 5090,GPU-67921d1c-ee8e-304f-b562-d6f87617c5a0,32607,30575,1613,0
2026-08-21T02:50:15.6391663+12:00,4090-deep-105k,1,NVIDIA GeForce RTX 4090,GPU-eed52936-813f-8d68-1654-bfb56cb42bc3,24564,23036,1103,0
2026-08-21T02:50:15.9671993+12:00,4090-deep-105k,0,NVIDIA GeForce RTX 5090,GPU-67921d1c-ee8e-304f-b562-d6f87617c5a0,32607,30564,1624,0
2026-08-21T02:50:15.9671993+12:00,4090-deep-105k,1,NVIDIA GeForce RTX 4090,GPU-eed52936-813f-8d68-1654-bfb56cb42bc3,24564,23036,1103,0
2026-08-21T02:50:16.2932638+12:00,4090-deep-105k,0,NVIDIA GeForce RTX 5090,GPU-67921d1c-ee8e-304f-b562-d6f87617c5a0,32607,30564,1624,0
2026-08-21T02:50:16.2932638+12:00,4090-deep-105k,1,NVIDIA GeForce RTX 4090,GPU-eed52936-813f-8d68-1654-bfb56cb42bc3,24564,23036,1103,0
2026-08-21T02:50:16.6048233+12:00,4090-deep-105k,0,NVIDIA GeForce RTX 5090,GPU-67921d1c-ee8e-304f-b562-d6f87617c5a0,32607,30564,1624,0
2026-08-21T02:50:16.6048233+12:00,4090-deep-105k,1,NVIDIA GeForce RTX 4090,GPU-eed52936-813f-8d68-1654-bfb56cb42bc3,24564,23036,1103,0
2026-08-21T02:50:16.9318424+12:00,4090-deep-105k,0,NVIDIA GeForce RTX 5090,GPU-67921d1c-ee8e-304f-b562-d6f87617c5a0,32607,30564,1624,0
2026-08-21T02:50:16.9318424+12:00,4090-deep-105k,1,NVIDIA GeForce RTX 4090,GPU-eed52936-813f-8d68-1654-bfb56cb42bc3,24564,23036,1103,0
2026-08-21T02:50:17.2567087+12:00,4090-deep-105k,0,NVIDIA GeForce RTX 5090,GPU-67921d1c-ee8e-304f-b562-d6f87617c5a0,32607,30564,1624,0
2026-08-21T02:50:17.2567087+12:00,4090-deep-105k,1,NVIDIA GeForce RTX 4090,GPU-eed52936-813f-8d68-1654-bfb56cb42bc3,24564,23036,1103,0
2026-08-21T02:50:17.5863929+12:00,4090-deep-105k,0,NVIDIA GeForce RTX 5090,GPU-67921d1c-ee8e-304f-b562-d6f87617c5a0,32607,30570,1618,0
2026-08-21T02:50:17.5863929+12:00,4090-deep-105k,1,NVIDIA GeForce RTX 4090,GPU-eed52936-813f-8d68-1654-bfb56cb42bc3,24564,23036,1103,0
2026-08-21T02:50:17.9142903+12:00,4090-deep-105k,0,NVIDIA GeForce RTX 5090,GPU-67921d1c-ee8e-304f-b562-d6f87617c5a0,32607,30570,1618,0
2026-08-21T02:50:17.9142903+12:00,4090-deep-105k,1,NVIDIA GeForce RTX 4090,GPU-eed52936-813f-8d68-1654-bfb56cb42bc3,24564,23036,1103,0
2026-08-21T02:50:18.2386805+12:00,4090-deep-105k,0,NVIDIA GeForce RTX 5090,GPU-67921d1c-ee8e-304f-b562-d6f87617c5a0,32607,30570,1618,0
2026-08-21T02:50:18.2386805+12:00,4090-deep-105k,1,NVIDIA GeForce RTX 4090,GPU-eed52936-813f-8d68-1654-bfb56cb42bc3,24564,23036,1103,0
2026-08-21T02:50:18.5711252+12:00,4090-deep-105k,0,NVIDIA GeForce RTX 5090,GPU-67921d1c-ee8e-304f-b562-d6f87617c5a0,32607,30571,1617,0
2026-08-21T02:50:18.5711252+12:00,4090-deep-105k,1,NVIDIA GeForce RTX 4090,GPU-eed52936-813f-8d68-1654-bfb56cb42bc3,24564,23036,1103,0
2026-08-21T02:50:18.8807411+12:00,4090-deep-105k,0,NVIDIA GeForce RTX 5090,GPU-67921d1c-ee8e-304f-b562-d6f87617c5a0,32607,30571,1617,0
2026-08-21T02:50:18.8807411+12:00,4090-deep-105k,1,NVIDIA GeForce RTX 4090,GPU-eed52936-813f-8d68-1654-bfb56cb42bc3,24564,23036,1103,0
2026-08-21T02:50:19.2081872+12:00,4090-deep-105k,0,NVIDIA GeForce RTX 5090,GPU-67921d1c-ee8e-304f-b562-d6f87617c5a0,32607,30571,1617,0
2026-08-21T02:50:19.2081872+12:00,4090-deep-105k,1,NVIDIA GeForce RTX 4090,GPU-eed52936-813f-8d68-1654-bfb56cb42bc3,24564,23036,1103,0
2026-08-21T02:50:19.5317670+12:00,4090-deep-105k,0,NVIDIA GeForce RTX 5090,GPU-67921d1c-ee8e-304f-b562-d6f87617c5a0,32607,30568,1620,0
2026-08-21T02:50:19.5317670+12:00,4090-deep-105k,1,NVIDIA GeForce RTX 4090,GPU-eed52936-813f-8d68-1654-bfb56cb42bc3,24564,23036,1103,0
2026-08-21T02:50:19.8434359+12:00,4090-deep-105k,0,NVIDIA GeForce RTX 5090,GPU-67921d1c-ee8e-304f-b562-d6f87617c5a0,32607,30560,1628,0
2026-08-21T02:50:19.8434359+12:00,4090-deep-105k,1,NVIDIA GeForce RTX 4090,GPU-eed52936-813f-8d68-1654-bfb56cb42bc3,24564,23036,1103,0
2026-08-21T02:50:20.1742206+12:00,4090-deep-105k,0,NVIDIA GeForce RTX 5090,GPU-67921d1c-ee8e-304f-b562-d6f87617c5a0,32607,30560,1628,0
2026-08-21T02:50:20.1742206+12:00,4090-deep-105k,1,NVIDIA GeForce RTX 4090,GPU-eed52936-813f-8d68-1654-bfb56cb42bc3,24564,23036,1103,0
2026-08-21T02:50:20.4816784+12:00,4090-deep-105k,0,NVIDIA GeForce RTX 5090,GPU-67921d1c-ee8e-304f-b562-d6f87617c5a0,32607,30560,1628,0
2026-08-21T02:50:20.4816784+12:00,4090-deep-105k,1,NVIDIA GeForce RTX 4090,GPU-eed52936-813f-8d68-1654-bfb56cb42bc3,24564,23036,1103,0
2026-08-21T02:50:20.7914626+12:00,4090-deep-105k,0,NVIDIA GeForce RTX 5090,GPU-67921d1c-ee8e-304f-b562-d6f87617c5a0,32607,30560,1628,0
2026-08-21T02:50:20.7914626+12:00,4090-deep-105k,1,NVIDIA GeForce RTX 4090,GPU-eed52936-813f-8d68-1654-bfb56cb42bc3,24564,23036,1103,0
2026-08-21T02:50:21.1028063+12:00,4090-deep-105k,0,NVIDIA GeForce RTX 5090,GPU-67921d1c-ee8e-304f-b562-d6f87617c5a0,32607,30560,1628,0
2026-08-21T02:50:21.1028063+12:00,4090-deep-105k,1,NVIDIA GeForce RTX 4090,GPU-eed52936-813f-8d68-1654-bfb56cb42bc3,24564,23036,1103,0
2026-08-21T02:50:21.4167996+12:00,4090-deep-105k,0,NVIDIA GeForce RTX 5090,GPU-67921d1c-ee8e-304f-b562-d6f87617c5a0,32607,30564,1624,0
2026-08-21T02:50:21.4167996+12:00,4090-deep-105k,1,NVIDIA GeForce RTX 4090,GPU-eed52936-813f-8d68-1654-bfb56cb42bc3,24564,23036,1103,0
2026-08-21T02:50:21.7441050+12:00,4090-deep-105k,0,NVIDIA GeForce RTX 5090,GPU-67921d1c-ee8e-304f-b562-d6f87617c5a0,32607,30565,1623,0
2026-08-21T02:50:21.7441050+12:00,4090-deep-105k,1,NVIDIA GeForce RTX 4090,GPU-eed52936-813f-8d68-1654-bfb56cb42bc3,24564,23036,1103,0
2026-08-21T02:50:22.0734919+12:00,4090-deep-105k,0,NVIDIA GeForce RTX 5090,GPU-67921d1c-ee8e-304f-b562-d6f87617c5a0,32607,30565,1623,0
2026-08-21T02:50:22.0734919+12:00,4090-deep-105k,1,NVIDIA GeForce RTX 4090,GPU-eed52936-813f-8d68-1654-bfb56cb42bc3,24564,23036,1103,0
2026-08-21T02:50:22.4007850+12:00,4090-deep-105k,0,NVIDIA GeForce RTX 5090,GPU-67921d1c-ee8e-304f-b562-d6f87617c5a0,32607,30566,1622,0
2026-08-21T02:50:22.4007850+12:00,4090-deep-105k,1,NVIDIA GeForce RTX 4090,GPU-eed52936-813f-8d68-1654-bfb56cb42bc3,24564,23036,1103,0
2026-08-21T02:50:22.7289671+12:00,4090-deep-105k,0,NVIDIA GeForce RTX 5090,GPU-67921d1c-ee8e-304f-b562-d6f87617c5a0,32607,30566,1622,0
2026-08-21T02:50:22.7289671+12:00,4090-deep-105k,1,NVIDIA GeForce RTX 4090,GPU-eed52936-813f-8d68-1654-bfb56cb42bc3,24564,23036,1103,0
2026-08-21T02:50:23.0405710+12:00,4090-deep-105k,0,NVIDIA GeForce RTX 5090,GPU-67921d1c-ee8e-304f-b562-d6f87617c5a0,32607,30566,1622,0
2026-08-21T02:50:23.0405710+12:00,4090-deep-105k,1,NVIDIA GeForce RTX 4090,GPU-eed52936-813f-8d68-1654-bfb56cb42bc3,24564,23036,1103,0
2026-08-21T02:50:23.3521959+12:00,4090-deep-105k,0,NVIDIA GeForce RTX 5090,GPU-67921d1c-ee8e-304f-b562-d6f87617c5a0,32607,30566,1622,0
2026-08-21T02:50:23.3521959+12:00,4090-deep-105k,1,NVIDIA GeForce RTX 4090,GPU-eed52936-813f-8d68-1654-bfb56cb42bc3,24564,23036,1103,0
2026-08-21T02:50:23.6793778+12:00,4090-deep-105k,0,NVIDIA GeForce RTX 5090,GPU-67921d1c-ee8e-304f-b562-d6f87617c5a0,32607,30559,1629,0
2026-08-21T02:50:23.6793778+12:00,4090-deep-105k,1,NVIDIA GeForce RTX 4090,GPU-eed52936-813f-8d68-1654-bfb56cb42bc3,24564,23036,1103,0
2026-08-21T02:50:23.9920595+12:00,4090-deep-105k,0,NVIDIA GeForce RTX 5090,GPU-67921d1c-ee8e-304f-b562-d6f87617c5a0,32607,30559,1629,0
2026-08-21T02:50:23.9920595+12:00,4090-deep-105k,1,NVIDIA GeForce RTX 4090,GPU-eed52936-813f-8d68-1654-bfb56cb42bc3,24564,23036,1103,0
2026-08-21T02:50:24.3045359+12:00,4090-deep-105k,0,NVIDIA GeForce RTX 5090,GPU-67921d1c-ee8e-304f-b562-d6f87617c5a0,32607,30559,1629,0
2026-08-21T02:50:24.3045359+12:00,4090-deep-105k,1,NVIDIA GeForce RTX 4090,GPU-eed52936-813f-8d68-1654-bfb56cb42bc3,24564,23036,1103,0
2026-08-21T02:50:24.6322948+12:00,4090-deep-105k,0,NVIDIA GeForce RTX 5090,GPU-67921d1c-ee8e-304f-b562-d6f87617c5a0,32607,30559,1629,0
2026-08-21T02:50:24.6322948+12:00,4090-deep-105k,1,NVIDIA GeForce RTX 4090,GPU-eed52936-813f-8d68-1654-bfb56cb42bc3,24564,23036,1103,0
2026-08-21T02:50:24.9589844+12:00,4090-deep-105k,0,NVIDIA GeForce RTX 5090,GPU-67921d1c-ee8e-304f-b562-d6f87617c5a0,32607,30559,1629,0
2026-08-21T02:50:24.9589844+12:00,4090-deep-105k,1,NVIDIA GeForce RTX 4090,GPU-eed52936-813f-8d68-1654-bfb56cb42bc3,24564,23036,1103,0
2026-08-21T02:50:25.2869921+12:00,4090-deep-105k,0,NVIDIA GeForce RTX 5090,GPU-67921d1c-ee8e-304f-b562-d6f87617c5a0,32607,30559,1629,0
2026-08-21T02:50:25.2869921+12:00,4090-deep-105k,1,NVIDIA GeForce RTX 4090,GPU-eed52936-813f-8d68-1654-bfb56cb42bc3,24564,23036,1103,0
2026-08-21T02:50:25.5971761+12:00,4090-deep-105k,0,NVIDIA GeForce RTX 5090,GPU-67921d1c-ee8e-304f-b562-d6f87617c5a0,32607,30565,1623,0
2026-08-21T02:50:25.5971761+12:00,4090-deep-105k,1,NVIDIA GeForce RTX 4090,GPU-eed52936-813f-8d68-1654-bfb56cb42bc3,24564,23036,1103,0
2026-08-21T02:50:25.9246515+12:00,4090-deep-105k,0,NVIDIA GeForce RTX 5090,GPU-67921d1c-ee8e-304f-b562-d6f87617c5a0,32607,30565,1623,0
2026-08-21T02:50:25.9246515+12:00,4090-deep-105k,1,NVIDIA GeForce RTX 4090,GPU-eed52936-813f-8d68-1654-bfb56cb42bc3,24564,23036,1103,0
2026-08-21T02:50:26.2541567+12:00,4090-deep-105k,0,NVIDIA GeForce RTX 5090,GPU-67921d1c-ee8e-304f-b562-d6f87617c5a0,32607,30565,1623,0
2026-08-21T02:50:26.2541567+12:00,4090-deep-105k,1,NVIDIA GeForce RTX 4090,GPU-eed52936-813f-8d68-1654-bfb56cb42bc3,24564,23036,1103,0
2026-08-21T02:50:26.5763070+12:00,4090-deep-105k,0,NVIDIA GeForce RTX 5090,GPU-67921d1c-ee8e-304f-b562-d6f87617c5a0,32607,30565,1623,0
2026-08-21T02:50:26.5763070+12:00,4090-deep-105k,1,NVIDIA GeForce RTX 4090,GPU-eed52936-813f-8d68-1654-bfb56cb42bc3,24564,23036,1103,0
2026-08-21T02:50:26.9019961+12:00,4090-deep-105k,0,NVIDIA GeForce RTX 5090,GPU-67921d1c-ee8e-304f-b562-d6f87617c5a0,32607,30565,1623,0
2026-08-21T02:50:26.9019961+12:00,4090-deep-105k,1,NVIDIA GeForce RTX 4090,GPU-eed52936-813f-8d68-1654-bfb56cb42bc3,24564,23036,1103,0
2026-08-21T02:50:27.2301908+12:00,4090-deep-105k,0,NVIDIA GeForce RTX 5090,GPU-67921d1c-ee8e-304f-b562-d6f87617c5a0,32607,30565,1623,0
2026-08-21T02:50:27.2301908+12:00,4090-deep-105k,1,NVIDIA GeForce RTX 4090,GPU-eed52936-813f-8d68-1654-bfb56cb42bc3,24564,23036,1103,0
2026-08-21T02:50:27.5559210+12:00,4090-deep-105k,0,NVIDIA GeForce RTX 5090,GPU-67921d1c-ee8e-304f-b562-d6f87617c5a0,32607,30559,1629,0
2026-08-21T02:50:27.5559210+12:00,4090-deep-105k,1,NVIDIA GeForce RTX 4090,GPU-eed52936-813f-8d68-1654-bfb56cb42bc3,24564,23036,1103,0
2026-08-21T02:50:27.8672467+12:00,4090-deep-105k,0,NVIDIA GeForce RTX 5090,GPU-67921d1c-ee8e-304f-b562-d6f87617c5a0,32607,30559,1629,0
2026-08-21T02:50:27.8672467+12:00,4090-deep-105k,1,NVIDIA GeForce RTX 4090,GPU-eed52936-813f-8d68-1654-bfb56cb42bc3,24564,23036,1103,0
2026-08-21T02:50:28.1935114+12:00,4090-deep-105k,0,NVIDIA GeForce RTX 5090,GPU-67921d1c-ee8e-304f-b562-d6f87617c5a0,32607,30559,1629,0
2026-08-21T02:50:28.1935114+12:00,4090-deep-105k,1,NVIDIA GeForce RTX 4090,GPU-eed52936-813f-8d68-1654-bfb56cb42bc3,24564,23036,1103,0
2026-08-21T02:50:28.5055381+12:00,4090-deep-105k,0,NVIDIA GeForce RTX 5090,GPU-67921d1c-ee8e-304f-b562-d6f87617c5a0,32607,30559,1629,0
2026-08-21T02:50:28.5055381+12:00,4090-deep-105k,1,NVIDIA GeForce RTX 4090,GPU-eed52936-813f-8d68-1654-bfb56cb42bc3,24564,23036,1103,0
2026-08-21T02:50:28.8150042+12:00,4090-deep-105k,0,NVIDIA GeForce RTX 5090,GPU-67921d1c-ee8e-304f-b562-d6f87617c5a0,32607,30559,1629,0
2026-08-21T02:50:28.8150042+12:00,4090-deep-105k,1,NVIDIA GeForce RTX 4090,GPU-eed52936-813f-8d68-1654-bfb56cb42bc3,24564,23036,1103,0
2026-08-21T02:50:29.1265210+12:00,4090-deep-105k,0,NVIDIA GeForce RTX 5090,GPU-67921d1c-ee8e-304f-b562-d6f87617c5a0,32607,30559,1629,0
2026-08-21T02:50:29.1265210+12:00,4090-deep-105k,1,NVIDIA GeForce RTX 4090,GPU-eed52936-813f-8d68-1654-bfb56cb42bc3,24564,23036,1103,0
2026-08-21T02:50:29.4537550+12:00,4090-deep-105k,0,NVIDIA GeForce RTX 5090,GPU-67921d1c-ee8e-304f-b562-d6f87617c5a0,32607,30564,1624,0
2026-08-21T02:50:29.4537550+12:00,4090-deep-105k,1,NVIDIA GeForce RTX 4090,GPU-eed52936-813f-8d68-1654-bfb56cb42bc3,24564,23036,1103,0
2026-08-21T02:50:29.7819664+12:00,4090-deep-105k,0,NVIDIA GeForce RTX 5090,GPU-67921d1c-ee8e-304f-b562-d6f87617c5a0,32607,30565,1623,0
2026-08-21T02:50:29.7819664+12:00,4090-deep-105k,1,NVIDIA GeForce RTX 4090,GPU-eed52936-813f-8d68-1654-bfb56cb42bc3,24564,23036,1103,0
2026-08-21T02:50:30.0910320+12:00,4090-deep-105k,0,NVIDIA GeForce RTX 5090,GPU-67921d1c-ee8e-304f-b562-d6f87617c5a0,32607,30565,1623,0
2026-08-21T02:50:30.0910320+12:00,4090-deep-105k,1,NVIDIA GeForce RTX 4090,GPU-eed52936-813f-8d68-1654-bfb56cb42bc3,24564,23036,1103,0
2026-08-21T02:50:30.4045652+12:00,4090-deep-105k,0,NVIDIA GeForce RTX 5090,GPU-67921d1c-ee8e-304f-b562-d6f87617c5a0,32607,30565,1623,0
2026-08-21T02:50:30.4045652+12:00,4090-deep-105k,1,NVIDIA GeForce RTX 4090,GPU-eed52936-813f-8d68-1654-bfb56cb42bc3,24564,23036,1103,0
2026-08-21T02:50:30.7138032+12:00,4090-deep-105k,0,NVIDIA GeForce RTX 5090,GPU-67921d1c-ee8e-304f-b562-d6f87617c5a0,32607,30565,1623,0
2026-08-21T02:50:30.7138032+12:00,4090-deep-105k,1,NVIDIA GeForce RTX 4090,GPU-eed52936-813f-8d68-1654-bfb56cb42bc3,24564,23036,1103,0
2026-08-21T02:50:31.0448736+12:00,4090-deep-105k,0,NVIDIA GeForce RTX 5090,GPU-67921d1c-ee8e-304f-b562-d6f87617c5a0,32607,30565,1623,0
2026-08-21T02:50:31.0448736+12:00,4090-deep-105k,1,NVIDIA GeForce RTX 4090,GPU-eed52936-813f-8d68-1654-bfb56cb42bc3,24564,23036,1103,0
2026-08-21T02:50:31.3568416+12:00,4090-deep-105k,0,NVIDIA GeForce RTX 5090,GPU-67921d1c-ee8e-304f-b562-d6f87617c5a0,32607,30565,1623,0
2026-08-21T02:50:31.3568416+12:00,4090-deep-105k,1,NVIDIA GeForce RTX 4090,GPU-eed52936-813f-8d68-1654-bfb56cb42bc3,24564,23036,1103,0
2026-08-21T02:50:31.6858978+12:00,4090-deep-105k,0,NVIDIA GeForce RTX 5090,GPU-67921d1c-ee8e-304f-b562-d6f87617c5a0,32607,30565,1623,0
2026-08-21T02:50:31.6858978+12:00,4090-deep-105k,1,NVIDIA GeForce RTX 4090,GPU-eed52936-813f-8d68-1654-bfb56cb42bc3,24564,23036,1103,0
2026-08-21T02:50:31.9972260+12:00,4090-deep-105k,0,NVIDIA GeForce RTX 5090,GPU-67921d1c-ee8e-304f-b562-d6f87617c5a0,32607,30565,1623,0
2026-08-21T02:50:31.9972260+12:00,4090-deep-105k,1,NVIDIA GeForce RTX 4090,GPU-eed52936-813f-8d68-1654-bfb56cb42bc3,24564,23036,1103,0
2026-08-21T02:50:32.3099561+12:00,4090-deep-105k,0,NVIDIA GeForce RTX 5090,GPU-67921d1c-ee8e-304f-b562-d6f87617c5a0,32607,30565,1623,0
2026-08-21T02:50:32.3099561+12:00,4090-deep-105k,1,NVIDIA GeForce RTX 4090,GPU-eed52936-813f-8d68-1654-bfb56cb42bc3,24564,23036,1103,0
2026-08-21T02:50:32.6366287+12:00,4090-deep-105k,0,NVIDIA GeForce RTX 5090,GPU-67921d1c-ee8e-304f-b562-d6f87617c5a0,32607,30559,1629,0
2026-08-21T02:50:32.6366287+12:00,4090-deep-105k,1,NVIDIA GeForce RTX 4090,GPU-eed52936-813f-8d68-1654-bfb56cb42bc3,24564,23036,1103,0
2026-08-21T02:50:32.9473364+12:00,4090-deep-105k,0,NVIDIA GeForce RTX 5090,GPU-67921d1c-ee8e-304f-b562-d6f87617c5a0,32607,30559,1629,0
2026-08-21T02:50:32.9473364+12:00,4090-deep-105k,1,NVIDIA GeForce RTX 4090,GPU-eed52936-813f-8d68-1654-bfb56cb42bc3,24564,23036,1103,0
2026-08-21T02:50:33.2777716+12:00,4090-deep-105k,0,NVIDIA GeForce RTX 5090,GPU-67921d1c-ee8e-304f-b562-d6f87617c5a0,32607,30559,1629,0
2026-08-21T02:50:33.2777716+12:00,4090-deep-105k,1,NVIDIA GeForce RTX 4090,GPU-eed52936-813f-8d68-1654-bfb56cb42bc3,24564,23036,1103,0
2026-08-21T02:50:33.5865672+12:00,4090-deep-105k,0,NVIDIA GeForce RTX 5090,GPU-67921d1c-ee8e-304f-b562-d6f87617c5a0,32607,30565,1623,0
2026-08-21T02:50:33.5865672+12:00,4090-deep-105k,1,NVIDIA GeForce RTX 4090,GPU-eed52936-813f-8d68-1654-bfb56cb42bc3,24564,23036,1103,0
2026-08-21T02:50:33.9128992+12:00,4090-deep-105k,0,NVIDIA GeForce RTX 5090,GPU-67921d1c-ee8e-304f-b562-d6f87617c5a0,32607,30565,1623,0
2026-08-21T02:50:33.9128992+12:00,4090-deep-105k,1,NVIDIA GeForce RTX 4090,GPU-eed52936-813f-8d68-1654-bfb56cb42bc3,24564,23036,1103,0
2026-08-21T02:50:34.2388560+12:00,4090-deep-105k,0,NVIDIA GeForce RTX 5090,GPU-67921d1c-ee8e-304f-b562-d6f87617c5a0,32607,30565,1623,0
2026-08-21T02:50:34.2388560+12:00,4090-deep-105k,1,NVIDIA GeForce RTX 4090,GPU-eed52936-813f-8d68-1654-bfb56cb42bc3,24564,23036,1103,0
2026-08-21T02:50:34.5486892+12:00,4090-deep-105k,0,NVIDIA GeForce RTX 5090,GPU-67921d1c-ee8e-304f-b562-d6f87617c5a0,32607,30565,1623,0
2026-08-21T02:50:34.5486892+12:00,4090-deep-105k,1,NVIDIA GeForce RTX 4090,GPU-eed52936-813f-8d68-1654-bfb56cb42bc3,24564,23036,1103,0
2026-08-21T02:50:34.8616170+12:00,4090-deep-105k,0,NVIDIA GeForce RTX 5090,GPU-67921d1c-ee8e-304f-b562-d6f87617c5a0,32607,30565,1623,0
2026-08-21T02:50:34.8616170+12:00,4090-deep-105k,1,NVIDIA GeForce RTX 4090,GPU-eed52936-813f-8d68-1654-bfb56cb42bc3,24564,23036,1103,0
2026-08-21T02:50:35.1890734+12:00,4090-deep-105k,0,NVIDIA GeForce RTX 5090,GPU-67921d1c-ee8e-304f-b562-d6f87617c5a0,32607,30565,1623,0
2026-08-21T02:50:35.1890734+12:00,4090-deep-105k,1,NVIDIA GeForce RTX 4090,GPU-eed52936-813f-8d68-1654-bfb56cb42bc3,24564,23036,1103,0
2026-08-21T02:50:35.5012389+12:00,4090-deep-105k,0,NVIDIA GeForce RTX 5090,GPU-67921d1c-ee8e-304f-b562-d6f87617c5a0,32607,30563,1625,0
2026-08-21T02:50:35.5012389+12:00,4090-deep-105k,1,NVIDIA GeForce RTX 4090,GPU-eed52936-813f-8d68-1654-bfb56cb42bc3,24564,23036,1103,0
2026-08-21T02:50:35.8122628+12:00,4090-deep-105k,0,NVIDIA GeForce RTX 5090,GPU-67921d1c-ee8e-304f-b562-d6f87617c5a0,32607,30559,1629,0
2026-08-21T02:50:35.8122628+12:00,4090-deep-105k,1,NVIDIA GeForce RTX 4090,GPU-eed52936-813f-8d68-1654-bfb56cb42bc3,24564,23036,1103,0
2026-08-21T02:50:36.1251003+12:00,4090-deep-105k,0,NVIDIA GeForce RTX 5090,GPU-67921d1c-ee8e-304f-b562-d6f87617c5a0,32607,30559,1629,0
2026-08-21T02:50:36.1251003+12:00,4090-deep-105k,1,NVIDIA GeForce RTX 4090,GPU-eed52936-813f-8d68-1654-bfb56cb42bc3,24564,23036,1103,0
2026-08-21T02:50:36.4522900+12:00,4090-deep-105k,0,NVIDIA GeForce RTX 5090,GPU-67921d1c-ee8e-304f-b562-d6f87617c5a0,32607,30559,1629,0
2026-08-21T02:50:36.4522900+12:00,4090-deep-105k,1,NVIDIA GeForce RTX 4090,GPU-eed52936-813f-8d68-1654-bfb56cb42bc3,24564,23036,1103,0
2026-08-21T02:50:36.7771459+12:00,4090-deep-105k,0,NVIDIA GeForce RTX 5090,GPU-67921d1c-ee8e-304f-b562-d6f87617c5a0,32607,30559,1629,0
2026-08-21T02:50:36.7771459+12:00,4090-deep-105k,1,NVIDIA GeForce RTX 4090,GPU-eed52936-813f-8d68-1654-bfb56cb42bc3,24564,23036,1103,0
2026-08-21T02:50:37.0899743+12:00,4090-deep-105k,0,NVIDIA GeForce RTX 5090,GPU-67921d1c-ee8e-304f-b562-d6f87617c5a0,32607,30559,1629,0
2026-08-21T02:50:37.0899743+12:00,4090-deep-105k,1,NVIDIA GeForce RTX 4090,GPU-eed52936-813f-8d68-1654-bfb56cb42bc3,24564,23036,1103,0
2026-08-21T02:50:37.4143270+12:00,4090-deep-105k,0,NVIDIA GeForce RTX 5090,GPU-67921d1c-ee8e-304f-b562-d6f87617c5a0,32607,30564,1624,0
2026-08-21T02:50:37.4143270+12:00,4090-deep-105k,1,NVIDIA GeForce RTX 4090,GPU-eed52936-813f-8d68-1654-bfb56cb42bc3,24564,23036,1103,0
2026-08-21T02:50:37.7387715+12:00,4090-deep-105k,0,NVIDIA GeForce RTX 5090,GPU-67921d1c-ee8e-304f-b562-d6f87617c5a0,32607,30565,1623,0
2026-08-21T02:50:37.7387715+12:00,4090-deep-105k,1,NVIDIA GeForce RTX 4090,GPU-eed52936-813f-8d68-1654-bfb56cb42bc3,24564,23036,1103,0
2026-08-21T02:50:38.0656199+12:00,4090-deep-105k,0,NVIDIA GeForce RTX 5090,GPU-67921d1c-ee8e-304f-b562-d6f87617c5a0,32607,30565,1623,0
2026-08-21T02:50:38.0656199+12:00,4090-deep-105k,1,NVIDIA GeForce RTX 4090,GPU-eed52936-813f-8d68-1654-bfb56cb42bc3,24564,23036,1103,0
2026-08-21T02:50:38.3930712+12:00,4090-deep-105k,0,NVIDIA GeForce RTX 5090,GPU-67921d1c-ee8e-304f-b562-d6f87617c5a0,32607,30565,1623,0
2026-08-21T02:50:38.3930712+12:00,4090-deep-105k,1,NVIDIA GeForce RTX 4090,GPU-eed52936-813f-8d68-1654-bfb56cb42bc3,24564,23036,1103,0
2026-08-21T02:50:38.7190776+12:00,4090-deep-105k,0,NVIDIA GeForce RTX 5090,GPU-67921d1c-ee8e-304f-b562-d6f87617c5a0,32607,30565,1623,0
2026-08-21T02:50:38.7190776+12:00,4090-deep-105k,1,NVIDIA GeForce RTX 4090,GPU-eed52936-813f-8d68-1654-bfb56cb42bc3,24564,23036,1103,0
2026-08-21T02:50:39.0457971+12:00,4090-deep-105k,0,NVIDIA GeForce RTX 5090,GPU-67921d1c-ee8e-304f-b562-d6f87617c5a0,32607,30565,1623,0
2026-08-21T02:50:39.0457971+12:00,4090-deep-105k,1,NVIDIA GeForce RTX 4090,GPU-eed52936-813f-8d68-1654-bfb56cb42bc3,24564,23036,1103,0
2026-08-21T02:50:39.3736569+12:00,4090-deep-105k,0,NVIDIA GeForce RTX 5090,GPU-67921d1c-ee8e-304f-b562-d6f87617c5a0,32607,30565,1623,0
2026-08-21T02:50:39.3736569+12:00,4090-deep-105k,1,NVIDIA GeForce RTX 4090,GPU-eed52936-813f-8d68-1654-bfb56cb42bc3,24564,23036,1103,0
2026-08-21T02:50:39.6993045+12:00,4090-deep-105k,0,NVIDIA GeForce RTX 5090,GPU-67921d1c-ee8e-304f-b562-d6f87617c5a0,32607,30565,1623,0
2026-08-21T02:50:39.6993045+12:00,4090-deep-105k,1,NVIDIA GeForce RTX 4090,GPU-eed52936-813f-8d68-1654-bfb56cb42bc3,24564,23036,1103,0
2026-08-21T02:50:40.0266303+12:00,4090-deep-105k,0,NVIDIA GeForce RTX 5090,GPU-67921d1c-ee8e-304f-b562-d6f87617c5a0,32607,30565,1623,0
2026-08-21T02:50:40.0266303+12:00,4090-deep-105k,1,NVIDIA GeForce RTX 4090,GPU-eed52936-813f-8d68-1654-bfb56cb42bc3,24564,23036,1103,0
2026-08-21T02:50:40.3541392+12:00,4090-deep-105k,0,NVIDIA GeForce RTX 5090,GPU-67921d1c-ee8e-304f-b562-d6f87617c5a0,32607,30565,1623,0
2026-08-21T02:50:40.3541392+12:00,4090-deep-105k,1,NVIDIA GeForce RTX 4090,GPU-eed52936-813f-8d68-1654-bfb56cb42bc3,24564,23036,1103,0
2026-08-21T02:50:40.6817647+12:00,4090-deep-105k,0,NVIDIA GeForce RTX 5090,GPU-67921d1c-ee8e-304f-b562-d6f87617c5a0,32607,30559,1629,0
2026-08-21T02:50:40.6817647+12:00,4090-deep-105k,1,NVIDIA GeForce RTX 4090,GPU-eed52936-813f-8d68-1654-bfb56cb42bc3,24564,23036,1103,0
2026-08-21T02:50:40.9933363+12:00,4090-deep-105k,0,NVIDIA GeForce RTX 5090,GPU-67921d1c-ee8e-304f-b562-d6f87617c5a0,32607,30559,1629,0
2026-08-21T02:50:40.9933363+12:00,4090-deep-105k,1,NVIDIA GeForce RTX 4090,GPU-eed52936-813f-8d68-1654-bfb56cb42bc3,24564,23036,1103,0
2026-08-21T02:50:41.3350664+12:00,4090-deep-105k,0,NVIDIA GeForce RTX 5090,GPU-67921d1c-ee8e-304f-b562-d6f87617c5a0,32607,30559,1629,0
2026-08-21T02:50:41.3350664+12:00,4090-deep-105k,1,NVIDIA GeForce RTX 4090,GPU-eed52936-813f-8d68-1654-bfb56cb42bc3,24564,23036,1103,0
2026-08-21T02:50:41.6628606+12:00,4090-deep-105k,0,NVIDIA GeForce RTX 5090,GPU-67921d1c-ee8e-304f-b562-d6f87617c5a0,32607,30565,1623,0
2026-08-21T02:50:41.6628606+12:00,4090-deep-105k,1,NVIDIA GeForce RTX 4090,GPU-eed52936-813f-8d68-1654-bfb56cb42bc3,24564,23036,1103,0
2026-08-21T02:50:41.9893956+12:00,4090-deep-105k,0,NVIDIA GeForce RTX 5090,GPU-67921d1c-ee8e-304f-b562-d6f87617c5a0,32607,30565,1623,0
2026-08-21T02:50:41.9893956+12:00,4090-deep-105k,1,NVIDIA GeForce RTX 4090,GPU-eed52936-813f-8d68-1654-bfb56cb42bc3,24564,23036,1103,0
2026-08-21T02:50:42.3165267+12:00,4090-deep-105k,0,NVIDIA GeForce RTX 5090,GPU-67921d1c-ee8e-304f-b562-d6f87617c5a0,32607,30565,1623,0
2026-08-21T02:50:42.3165267+12:00,4090-deep-105k,1,NVIDIA GeForce RTX 4090,GPU-eed52936-813f-8d68-1654-bfb56cb42bc3,24564,23036,1103,0
2026-08-21T02:50:42.6446391+12:00,4090-deep-105k,0,NVIDIA GeForce RTX 5090,GPU-67921d1c-ee8e-304f-b562-d6f87617c5a0,32607,30565,1623,0
2026-08-21T02:50:42.6446391+12:00,4090-deep-105k,1,NVIDIA GeForce RTX 4090,GPU-eed52936-813f-8d68-1654-bfb56cb42bc3,24564,23036,1103,0
2026-08-21T02:50:42.9713531+12:00,4090-deep-105k,0,NVIDIA GeForce RTX 5090,GPU-67921d1c-ee8e-304f-b562-d6f87617c5a0,32607,30565,1623,0
2026-08-21T02:50:42.9713531+12:00,4090-deep-105k,1,NVIDIA GeForce RTX 4090,GPU-eed52936-813f-8d68-1654-bfb56cb42bc3,24564,23036,1103,0
2026-08-21T02:50:43.3020914+12:00,4090-deep-105k,0,NVIDIA GeForce RTX 5090,GPU-67921d1c-ee8e-304f-b562-d6f87617c5a0,32607,30565,1623,0
2026-08-21T02:50:43.3020914+12:00,4090-deep-105k,1,NVIDIA GeForce RTX 4090,GPU-eed52936-813f-8d68-1654-bfb56cb42bc3,24564,23036,1103,0
2026-08-21T02:50:43.6096434+12:00,4090-deep-105k,0,NVIDIA GeForce RTX 5090,GPU-67921d1c-ee8e-304f-b562-d6f87617c5a0,32607,30565,1623,0
2026-08-21T02:50:43.6096434+12:00,4090-deep-105k,1,NVIDIA GeForce RTX 4090,GPU-eed52936-813f-8d68-1654-bfb56cb42bc3,24564,23036,1103,0
2026-08-21T02:50:43.9376784+12:00,4090-deep-105k,0,NVIDIA GeForce RTX 5090,GPU-67921d1c-ee8e-304f-b562-d6f87617c5a0,32607,30577,1611,0
2026-08-21T02:50:43.9376784+12:00,4090-deep-105k,1,NVIDIA GeForce RTX 4090,GPU-eed52936-813f-8d68-1654-bfb56cb42bc3,24564,23036,1103,0
2026-08-21T02:50:44.2652370+12:00,4090-deep-105k,0,NVIDIA GeForce RTX 5090,GPU-67921d1c-ee8e-304f-b562-d6f87617c5a0,32607,30577,1611,0
2026-08-21T02:50:44.2652370+12:00,4090-deep-105k,1,NVIDIA GeForce RTX 4090,GPU-eed52936-813f-8d68-1654-bfb56cb42bc3,24564,23036,1103,0
2026-08-21T02:50:44.5754275+12:00,4090-deep-105k,0,NVIDIA GeForce RTX 5090,GPU-67921d1c-ee8e-304f-b562-d6f87617c5a0,32607,30577,1611,0
2026-08-21T02:50:44.5754275+12:00,4090-deep-105k,1,NVIDIA GeForce RTX 4090,GPU-eed52936-813f-8d68-1654-bfb56cb42bc3,24564,23036,1103,0
2026-08-21T02:50:44.9043789+12:00,4090-deep-105k,0,NVIDIA GeForce RTX 5090,GPU-67921d1c-ee8e-304f-b562-d6f87617c5a0,32607,30577,1611,0
2026-08-21T02:50:44.9043789+12:00,4090-deep-105k,1,NVIDIA GeForce RTX 4090,GPU-eed52936-813f-8d68-1654-bfb56cb42bc3,24564,23036,1103,0
2026-08-21T02:50:45.2335845+12:00,4090-deep-105k,0,NVIDIA GeForce RTX 5090,GPU-67921d1c-ee8e-304f-b562-d6f87617c5a0,32607,30577,1611,0
2026-08-21T02:50:45.2335845+12:00,4090-deep-105k,1,NVIDIA GeForce RTX 4090,GPU-eed52936-813f-8d68-1654-bfb56cb42bc3,24564,23036,1103,0
2026-08-21T02:50:45.5594994+12:00,4090-deep-105k,0,NVIDIA GeForce RTX 5090,GPU-67921d1c-ee8e-304f-b562-d6f87617c5a0,32607,30567,1621,0
2026-08-21T02:50:45.5594994+12:00,4090-deep-105k,1,NVIDIA GeForce RTX 4090,GPU-eed52936-813f-8d68-1654-bfb56cb42bc3,24564,23036,1103,0
2026-08-21T02:50:45.8838091+12:00,4090-deep-105k,0,NVIDIA GeForce RTX 5090,GPU-67921d1c-ee8e-304f-b562-d6f87617c5a0,32607,30567,1621,0
2026-08-21T02:50:45.8838091+12:00,4090-deep-105k,1,NVIDIA GeForce RTX 4090,GPU-eed52936-813f-8d68-1654-bfb56cb42bc3,24564,23036,1103,0
2026-08-21T02:50:46.2113136+12:00,4090-deep-105k,0,NVIDIA GeForce RTX 5090,GPU-67921d1c-ee8e-304f-b562-d6f87617c5a0,32607,30567,1621,0
2026-08-21T02:50:46.2113136+12:00,4090-deep-105k,1,NVIDIA GeForce RTX 4090,GPU-eed52936-813f-8d68-1654-bfb56cb42bc3,24564,23036,1103,0
2026-08-21T02:50:46.5191800+12:00,4090-deep-105k,0,NVIDIA GeForce RTX 5090,GPU-67921d1c-ee8e-304f-b562-d6f87617c5a0,32607,30568,1620,0
2026-08-21T02:50:46.5191800+12:00,4090-deep-105k,1,NVIDIA GeForce RTX 4090,GPU-eed52936-813f-8d68-1654-bfb56cb42bc3,24564,23036,1103,0
2026-08-21T02:50:46.8442485+12:00,4090-deep-105k,0,NVIDIA GeForce RTX 5090,GPU-67921d1c-ee8e-304f-b562-d6f87617c5a0,32607,30567,1621,0
2026-08-21T02:50:46.8442485+12:00,4090-deep-105k,1,NVIDIA GeForce RTX 4090,GPU-eed52936-813f-8d68-1654-bfb56cb42bc3,24564,23036,1103,0
2026-08-21T02:50:47.1785379+12:00,4090-deep-105k,0,NVIDIA GeForce RTX 5090,GPU-67921d1c-ee8e-304f-b562-d6f87617c5a0,32607,30567,1621,0
2026-08-21T02:50:47.1785379+12:00,4090-deep-105k,1,NVIDIA GeForce RTX 4090,GPU-eed52936-813f-8d68-1654-bfb56cb42bc3,24564,23036,1103,0
2026-08-21T02:50:47.4849865+12:00,4090-deep-105k,0,NVIDIA GeForce RTX 5090,GPU-67921d1c-ee8e-304f-b562-d6f87617c5a0,32607,30567,1621,0
2026-08-21T02:50:47.4849865+12:00,4090-deep-105k,1,NVIDIA GeForce RTX 4090,GPU-eed52936-813f-8d68-1654-bfb56cb42bc3,24564,23036,1103,0
2026-08-21T02:50:47.8018176+12:00,4090-deep-105k,0,NVIDIA GeForce RTX 5090,GPU-67921d1c-ee8e-304f-b562-d6f87617c5a0,32607,30567,1621,0
2026-08-21T02:50:47.8018176+12:00,4090-deep-105k,1,NVIDIA GeForce RTX 4090,GPU-eed52936-813f-8d68-1654-bfb56cb42bc3,24564,23036,1103,0
2026-08-21T02:50:48.1162988+12:00,4090-deep-105k,0,NVIDIA GeForce RTX 5090,GPU-67921d1c-ee8e-304f-b562-d6f87617c5a0,32607,30567,1621,0
2026-08-21T02:50:48.1162988+12:00,4090-deep-105k,1,NVIDIA GeForce RTX 4090,GPU-eed52936-813f-8d68-1654-bfb56cb42bc3,24564,23036,1103,0
2026-08-21T02:50:48.4449364+12:00,4090-deep-105k,0,NVIDIA GeForce RTX 5090,GPU-67921d1c-ee8e-304f-b562-d6f87617c5a0,32607,30565,1623,0
2026-08-21T02:50:48.4449364+12:00,4090-deep-105k,1,NVIDIA GeForce RTX 4090,GPU-eed52936-813f-8d68-1654-bfb56cb42bc3,24564,23036,1103,0
2026-08-21T02:50:48.7587112+12:00,4090-deep-105k,0,NVIDIA GeForce RTX 5090,GPU-67921d1c-ee8e-304f-b562-d6f87617c5a0,32607,30561,1627,0
2026-08-21T02:50:48.7587112+12:00,4090-deep-105k,1,NVIDIA GeForce RTX 4090,GPU-eed52936-813f-8d68-1654-bfb56cb42bc3,24564,23036,1103,0
2026-08-21T02:50:49.0867373+12:00,4090-deep-105k,0,NVIDIA GeForce RTX 5090,GPU-67921d1c-ee8e-304f-b562-d6f87617c5a0,32607,30561,1627,0
2026-08-21T02:50:49.0867373+12:00,4090-deep-105k,1,NVIDIA GeForce RTX 4090,GPU-eed52936-813f-8d68-1654-bfb56cb42bc3,24564,23036,1103,0
2026-08-21T02:50:49.3990162+12:00,4090-deep-105k,0,NVIDIA GeForce RTX 5090,GPU-67921d1c-ee8e-304f-b562-d6f87617c5a0,32607,30564,1624,0
2026-08-21T02:50:49.3990162+12:00,4090-deep-105k,1,NVIDIA GeForce RTX 4090,GPU-eed52936-813f-8d68-1654-bfb56cb42bc3,24564,23036,1103,0
2026-08-21T02:50:49.7128313+12:00,4090-deep-105k,0,NVIDIA GeForce RTX 5090,GPU-67921d1c-ee8e-304f-b562-d6f87617c5a0,32607,30564,1624,0
2026-08-21T02:50:49.7128313+12:00,4090-deep-105k,1,NVIDIA GeForce RTX 4090,GPU-eed52936-813f-8d68-1654-bfb56cb42bc3,24564,23036,1103,0
2026-08-21T02:50:50.0278346+12:00,4090-deep-105k,0,NVIDIA GeForce RTX 5090,GPU-67921d1c-ee8e-304f-b562-d6f87617c5a0,32607,30564,1624,0
2026-08-21T02:50:50.0278346+12:00,4090-deep-105k,1,NVIDIA GeForce RTX 4090,GPU-eed52936-813f-8d68-1654-bfb56cb42bc3,24564,23036,1103,0
2026-08-21T02:50:50.3599233+12:00,4090-deep-105k,0,NVIDIA GeForce RTX 5090,GPU-67921d1c-ee8e-304f-b562-d6f87617c5a0,32607,30564,1624,0
2026-08-21T02:50:50.3599233+12:00,4090-deep-105k,1,NVIDIA GeForce RTX 4090,GPU-eed52936-813f-8d68-1654-bfb56cb42bc3,24564,23036,1103,0
2026-08-21T02:50:50.6949367+12:00,4090-deep-105k,0,NVIDIA GeForce RTX 5090,GPU-67921d1c-ee8e-304f-b562-d6f87617c5a0,32607,30565,1623,0
2026-08-21T02:50:50.6949367+12:00,4090-deep-105k,1,NVIDIA GeForce RTX 4090,GPU-eed52936-813f-8d68-1654-bfb56cb42bc3,24564,23036,1103,0
2026-08-21T02:50:51.0260398+12:00,4090-deep-105k,0,NVIDIA GeForce RTX 5090,GPU-67921d1c-ee8e-304f-b562-d6f87617c5a0,32607,30565,1623,0
2026-08-21T02:50:51.0260398+12:00,4090-deep-105k,1,NVIDIA GeForce RTX 4090,GPU-eed52936-813f-8d68-1654-bfb56cb42bc3,24564,23036,1103,0
2026-08-21T02:50:51.3726855+12:00,4090-deep-105k,0,NVIDIA GeForce RTX 5090,GPU-67921d1c-ee8e-304f-b562-d6f87617c5a0,32607,30565,1623,0
2026-08-21T02:50:51.3726855+12:00,4090-deep-105k,1,NVIDIA GeForce RTX 4090,GPU-eed52936-813f-8d68-1654-bfb56cb42bc3,24564,23036,1103,99
2026-08-21T02:50:51.6835197+12:00,4090-deep-105k,0,NVIDIA GeForce RTX 5090,GPU-67921d1c-ee8e-304f-b562-d6f87617c5a0,32607,30565,1623,0
2026-08-21T02:50:51.6835197+12:00,4090-deep-105k,1,NVIDIA GeForce RTX 4090,GPU-eed52936-813f-8d68-1654-bfb56cb42bc3,24564,23036,1103,99
2026-08-21T02:50:51.9973068+12:00,4090-deep-105k,0,NVIDIA GeForce RTX 5090,GPU-67921d1c-ee8e-304f-b562-d6f87617c5a0,32607,30565,1623,0
2026-08-21T02:50:51.9973068+12:00,4090-deep-105k,1,NVIDIA GeForce RTX 4090,GPU-eed52936-813f-8d68-1654-bfb56cb42bc3,24564,23036,1103,73
2026-08-21T02:50:52.3099389+12:00,4090-deep-105k,0,NVIDIA GeForce RTX 5090,GPU-67921d1c-ee8e-304f-b562-d6f87617c5a0,32607,30565,1623,0
2026-08-21T02:50:52.3099389+12:00,4090-deep-105k,1,NVIDIA GeForce RTX 4090,GPU-eed52936-813f-8d68-1654-bfb56cb42bc3,24564,23036,1103,74
2026-08-21T02:50:52.6215989+12:00,4090-deep-105k,0,NVIDIA GeForce RTX 5090,GPU-67921d1c-ee8e-304f-b562-d6f87617c5a0,32607,30559,1629,0
2026-08-21T02:50:52.6215989+12:00,4090-deep-105k,1,NVIDIA GeForce RTX 4090,GPU-eed52936-813f-8d68-1654-bfb56cb42bc3,24564,23036,1103,74
2026-08-21T02:50:52.9339255+12:00,4090-deep-105k,0,NVIDIA GeForce RTX 5090,GPU-67921d1c-ee8e-304f-b562-d6f87617c5a0,32607,30559,1629,0
2026-08-21T02:50:52.9339255+12:00,4090-deep-105k,1,NVIDIA GeForce RTX 4090,GPU-eed52936-813f-8d68-1654-bfb56cb42bc3,24564,23036,1103,95
2026-08-21T02:50:53.2594141+12:00,4090-deep-105k,0,NVIDIA GeForce RTX 5090,GPU-67921d1c-ee8e-304f-b562-d6f87617c5a0,32607,30559,1629,0
2026-08-21T02:50:53.2594141+12:00,4090-deep-105k,1,NVIDIA GeForce RTX 4090,GPU-eed52936-813f-8d68-1654-bfb56cb42bc3,24564,23036,1103,95
2026-08-21T02:50:53.5750733+12:00,4090-deep-105k,0,NVIDIA GeForce RTX 5090,GPU-67921d1c-ee8e-304f-b562-d6f87617c5a0,32607,30564,1624,0
2026-08-21T02:50:53.5750733+12:00,4090-deep-105k,1,NVIDIA GeForce RTX 4090,GPU-eed52936-813f-8d68-1654-bfb56cb42bc3,24564,23036,1103,95
2026-08-21T02:50:53.8858649+12:00,4090-deep-105k,0,NVIDIA GeForce RTX 5090,GPU-67921d1c-ee8e-304f-b562-d6f87617c5a0,32607,30564,1624,0
2026-08-21T02:50:53.8858649+12:00,4090-deep-105k,1,NVIDIA GeForce RTX 4090,GPU-eed52936-813f-8d68-1654-bfb56cb42bc3,24564,23036,1103,94
2026-08-21T02:50:54.1964996+12:00,4090-deep-105k,0,NVIDIA GeForce RTX 5090,GPU-67921d1c-ee8e-304f-b562-d6f87617c5a0,32607,30564,1624,0
2026-08-21T02:50:54.1964996+12:00,4090-deep-105k,1,NVIDIA GeForce RTX 4090,GPU-eed52936-813f-8d68-1654-bfb56cb42bc3,24564,23036,1103,94
2026-08-21T02:50:54.5069347+12:00,4090-deep-105k,0,NVIDIA GeForce RTX 5090,GPU-67921d1c-ee8e-304f-b562-d6f87617c5a0,32607,30565,1623,0
2026-08-21T02:50:54.5069347+12:00,4090-deep-105k,1,NVIDIA GeForce RTX 4090,GPU-eed52936-813f-8d68-1654-bfb56cb42bc3,24564,23036,1103,99
2026-08-21T02:50:54.8222370+12:00,4090-deep-105k,0,NVIDIA GeForce RTX 5090,GPU-67921d1c-ee8e-304f-b562-d6f87617c5a0,32607,30565,1623,0
2026-08-21T02:50:54.8222370+12:00,4090-deep-105k,1,NVIDIA GeForce RTX 4090,GPU-eed52936-813f-8d68-1654-bfb56cb42bc3,24564,23036,1103,74
2026-08-21T02:50:55.1527609+12:00,4090-deep-105k,0,NVIDIA GeForce RTX 5090,GPU-67921d1c-ee8e-304f-b562-d6f87617c5a0,32607,30565,1623,0
2026-08-21T02:50:55.1527609+12:00,4090-deep-105k,1,NVIDIA GeForce RTX 4090,GPU-eed52936-813f-8d68-1654-bfb56cb42bc3,24564,23036,1103,74
2026-08-21T02:50:55.4805899+12:00,4090-deep-105k,0,NVIDIA GeForce RTX 5090,GPU-67921d1c-ee8e-304f-b562-d6f87617c5a0,32607,30563,1625,0
2026-08-21T02:50:55.4805899+12:00,4090-deep-105k,1,NVIDIA GeForce RTX 4090,GPU-eed52936-813f-8d68-1654-bfb56cb42bc3,24564,23036,1103,78
2026-08-21T02:50:55.7908875+12:00,4090-deep-105k,0,NVIDIA GeForce RTX 5090,GPU-67921d1c-ee8e-304f-b562-d6f87617c5a0,32607,30559,1629,0
2026-08-21T02:50:55.7908875+12:00,4090-deep-105k,1,NVIDIA GeForce RTX 4090,GPU-eed52936-813f-8d68-1654-bfb56cb42bc3,24564,23036,1103,95
2026-08-21T02:50:56.1202213+12:00,4090-deep-105k,0,NVIDIA GeForce RTX 5090,GPU-67921d1c-ee8e-304f-b562-d6f87617c5a0,32607,30559,1629,0
2026-08-21T02:50:56.1202213+12:00,4090-deep-105k,1,NVIDIA GeForce RTX 4090,GPU-eed52936-813f-8d68-1654-bfb56cb42bc3,24564,23036,1103,95
2026-08-21T02:50:56.4461521+12:00,4090-deep-105k,0,NVIDIA GeForce RTX 5090,GPU-67921d1c-ee8e-304f-b562-d6f87617c5a0,32607,30559,1629,0
2026-08-21T02:50:56.4461521+12:00,4090-deep-105k,1,NVIDIA GeForce RTX 4090,GPU-eed52936-813f-8d68-1654-bfb56cb42bc3,24564,23036,1103,95
2026-08-21T02:50:56.7606443+12:00,4090-deep-105k,0,NVIDIA GeForce RTX 5090,GPU-67921d1c-ee8e-304f-b562-d6f87617c5a0,32607,30559,1629,0
2026-08-21T02:50:56.7606443+12:00,4090-deep-105k,1,NVIDIA GeForce RTX 4090,GPU-eed52936-813f-8d68-1654-bfb56cb42bc3,24564,23036,1103,99
2026-08-21T02:50:57.0744887+12:00,4090-deep-105k,0,NVIDIA GeForce RTX 5090,GPU-67921d1c-ee8e-304f-b562-d6f87617c5a0,32607,30559,1629,0
2026-08-21T02:50:57.0744887+12:00,4090-deep-105k,1,NVIDIA GeForce RTX 4090,GPU-eed52936-813f-8d68-1654-bfb56cb42bc3,24564,23036,1103,99
2026-08-21T02:50:57.3947577+12:00,4090-deep-105k,0,NVIDIA GeForce RTX 5090,GPU-67921d1c-ee8e-304f-b562-d6f87617c5a0,32607,30564,1624,0
2026-08-21T02:50:57.3947577+12:00,4090-deep-105k,1,NVIDIA GeForce RTX 4090,GPU-eed52936-813f-8d68-1654-bfb56cb42bc3,24564,23036,1103,94
2026-08-21T02:50:57.7300076+12:00,4090-deep-105k,0,NVIDIA GeForce RTX 5090,GPU-67921d1c-ee8e-304f-b562-d6f87617c5a0,32607,30564,1624,0
2026-08-21T02:50:57.7300076+12:00,4090-deep-105k,1,NVIDIA GeForce RTX 4090,GPU-eed52936-813f-8d68-1654-bfb56cb42bc3,24564,23036,1103,94
2026-08-21T02:50:58.0403257+12:00,4090-deep-105k,0,NVIDIA GeForce RTX 5090,GPU-67921d1c-ee8e-304f-b562-d6f87617c5a0,32607,30564,1624,0
2026-08-21T02:50:58.0403257+12:00,4090-deep-105k,1,NVIDIA GeForce RTX 4090,GPU-eed52936-813f-8d68-1654-bfb56cb42bc3,24564,23036,1103,95
2026-08-21T02:50:58.3535095+12:00,4090-deep-105k,0,NVIDIA GeForce RTX 5090,GPU-67921d1c-ee8e-304f-b562-d6f87617c5a0,32607,30564,1624,0
2026-08-21T02:50:58.3535095+12:00,4090-deep-105k,1,NVIDIA GeForce RTX 4090,GPU-eed52936-813f-8d68-1654-bfb56cb42bc3,24564,23036,1103,78
2026-08-21T02:50:58.6793762+12:00,4090-deep-105k,0,NVIDIA GeForce RTX 5090,GPU-67921d1c-ee8e-304f-b562-d6f87617c5a0,32607,30565,1623,0
2026-08-21T02:50:58.6793762+12:00,4090-deep-105k,1,NVIDIA GeForce RTX 4090,GPU-eed52936-813f-8d68-1654-bfb56cb42bc3,24564,23036,1103,78
2026-08-21T02:50:58.9937777+12:00,4090-deep-105k,0,NVIDIA GeForce RTX 5090,GPU-67921d1c-ee8e-304f-b562-d6f87617c5a0,32607,30565,1623,0
2026-08-21T02:50:58.9937777+12:00,4090-deep-105k,1,NVIDIA GeForce RTX 4090,GPU-eed52936-813f-8d68-1654-bfb56cb42bc3,24564,23036,1103,94
2026-08-21T02:50:59.3091998+12:00,4090-deep-105k,0,NVIDIA GeForce RTX 5090,GPU-67921d1c-ee8e-304f-b562-d6f87617c5a0,32607,30565,1623,0
2026-08-21T02:50:59.3091998+12:00,4090-deep-105k,1,NVIDIA GeForce RTX 4090,GPU-eed52936-813f-8d68-1654-bfb56cb42bc3,24564,23036,1103,95
2026-08-21T02:50:59.6190411+12:00,4090-deep-105k,0,NVIDIA GeForce RTX 5090,GPU-67921d1c-ee8e-304f-b562-d6f87617c5a0,32607,30565,1623,0
2026-08-21T02:50:59.6190411+12:00,4090-deep-105k,1,NVIDIA GeForce RTX 4090,GPU-eed52936-813f-8d68-1654-bfb56cb42bc3,24564,23036,1103,95
2026-08-21T02:50:59.9305996+12:00,4090-deep-105k,0,NVIDIA GeForce RTX 5090,GPU-67921d1c-ee8e-304f-b562-d6f87617c5a0,32607,30565,1623,0
2026-08-21T02:50:59.9305996+12:00,4090-deep-105k,1,NVIDIA GeForce RTX 4090,GPU-eed52936-813f-8d68-1654-bfb56cb42bc3,24564,23036,1103,79
2026-08-21T02:51:00.2427371+12:00,4090-deep-105k,0,NVIDIA GeForce RTX 5090,GPU-67921d1c-ee8e-304f-b562-d6f87617c5a0,32607,30565,1623,0
2026-08-21T02:51:00.2427371+12:00,4090-deep-105k,1,NVIDIA GeForce RTX 4090,GPU-eed52936-813f-8d68-1654-bfb56cb42bc3,24564,23036,1103,79
2026-08-21T02:51:00.5581070+12:00,4090-deep-105k,0,NVIDIA GeForce RTX 5090,GPU-67921d1c-ee8e-304f-b562-d6f87617c5a0,32607,30559,1629,0
2026-08-21T02:51:00.5581070+12:00,4090-deep-105k,1,NVIDIA GeForce RTX 4090,GPU-eed52936-813f-8d68-1654-bfb56cb42bc3,24564,23036,1103,96
2026-08-21T02:51:00.8805237+12:00,4090-deep-105k,0,NVIDIA GeForce RTX 5090,GPU-67921d1c-ee8e-304f-b562-d6f87617c5a0,32607,30559,1629,0
2026-08-21T02:51:00.8805237+12:00,4090-deep-105k,1,NVIDIA GeForce RTX 4090,GPU-eed52936-813f-8d68-1654-bfb56cb42bc3,24564,23036,1103,95
2026-08-21T02:51:01.2097520+12:00,4090-deep-105k,0,NVIDIA GeForce RTX 5090,GPU-67921d1c-ee8e-304f-b562-d6f87617c5a0,32607,30559,1629,0
2026-08-21T02:51:01.2097520+12:00,4090-deep-105k,1,NVIDIA GeForce RTX 4090,GPU-eed52936-813f-8d68-1654-bfb56cb42bc3,24564,23036,1103,95
2026-08-21T02:51:01.5356914+12:00,4090-deep-105k,0,NVIDIA GeForce RTX 5090,GPU-67921d1c-ee8e-304f-b562-d6f87617c5a0,32607,30564,1624,0
2026-08-21T02:51:01.5356914+12:00,4090-deep-105k,1,NVIDIA GeForce RTX 4090,GPU-eed52936-813f-8d68-1654-bfb56cb42bc3,24564,23036,1103,88
2026-08-21T02:51:01.8482233+12:00,4090-deep-105k,0,NVIDIA GeForce RTX 5090,GPU-67921d1c-ee8e-304f-b562-d6f87617c5a0,32607,30564,1624,0
2026-08-21T02:51:01.8482233+12:00,4090-deep-105k,1,NVIDIA GeForce RTX 4090,GPU-eed52936-813f-8d68-1654-bfb56cb42bc3,24564,23036,1103,88
2026-08-21T02:51:02.1598328+12:00,4090-deep-105k,0,NVIDIA GeForce RTX 5090,GPU-67921d1c-ee8e-304f-b562-d6f87617c5a0,32607,30564,1624,0
2026-08-21T02:51:02.1598328+12:00,4090-deep-105k,1,NVIDIA GeForce RTX 4090,GPU-eed52936-813f-8d68-1654-bfb56cb42bc3,24564,23036,1103,88
2026-08-21T02:51:02.4745249+12:00,4090-deep-105k,0,NVIDIA GeForce RTX 5090,GPU-67921d1c-ee8e-304f-b562-d6f87617c5a0,32607,30565,1623,0
2026-08-21T02:51:02.4745249+12:00,4090-deep-105k,1,NVIDIA GeForce RTX 4090,GPU-eed52936-813f-8d68-1654-bfb56cb42bc3,24564,23036,1103,95
2026-08-21T02:51:02.7893634+12:00,4090-deep-105k,0,NVIDIA GeForce RTX 5090,GPU-67921d1c-ee8e-304f-b562-d6f87617c5a0,32607,30565,1623,0
2026-08-21T02:51:02.7893634+12:00,4090-deep-105k,1,NVIDIA GeForce RTX 4090,GPU-eed52936-813f-8d68-1654-bfb56cb42bc3,24564,23036,1103,86
2026-08-21T02:51:03.1034730+12:00,4090-deep-105k,0,NVIDIA GeForce RTX 5090,GPU-67921d1c-ee8e-304f-b562-d6f87617c5a0,32607,30565,1623,0
2026-08-21T02:51:03.1034730+12:00,4090-deep-105k,1,NVIDIA GeForce RTX 4090,GPU-eed52936-813f-8d68-1654-bfb56cb42bc3,24564,23036,1103,86
2026-08-21T02:51:03.4326327+12:00,4090-deep-105k,0,NVIDIA GeForce RTX 5090,GPU-67921d1c-ee8e-304f-b562-d6f87617c5a0,32607,30564,1624,0
2026-08-21T02:51:03.4326327+12:00,4090-deep-105k,1,NVIDIA GeForce RTX 4090,GPU-eed52936-813f-8d68-1654-bfb56cb42bc3,24564,23036,1103,95
2026-08-21T02:51:03.7467969+12:00,4090-deep-105k,0,NVIDIA GeForce RTX 5090,GPU-67921d1c-ee8e-304f-b562-d6f87617c5a0,32607,30559,1629,0
2026-08-21T02:51:03.7467969+12:00,4090-deep-105k,1,NVIDIA GeForce RTX 4090,GPU-eed52936-813f-8d68-1654-bfb56cb42bc3,24564,23036,1103,95
2026-08-21T02:51:04.0602200+12:00,4090-deep-105k,0,NVIDIA GeForce RTX 5090,GPU-67921d1c-ee8e-304f-b562-d6f87617c5a0,32607,30559,1629,0
2026-08-21T02:51:04.0602200+12:00,4090-deep-105k,1,NVIDIA GeForce RTX 4090,GPU-eed52936-813f-8d68-1654-bfb56cb42bc3,24564,23036,1103,95
2026-08-21T02:51:04.3734943+12:00,4090-deep-105k,0,NVIDIA GeForce RTX 5090,GPU-67921d1c-ee8e-304f-b562-d6f87617c5a0,32607,30559,1629,0
2026-08-21T02:51:04.3734943+12:00,4090-deep-105k,1,NVIDIA GeForce RTX 4090,GPU-eed52936-813f-8d68-1654-bfb56cb42bc3,24564,23036,1103,78
2026-08-21T02:51:04.6982874+12:00,4090-deep-105k,0,NVIDIA GeForce RTX 5090,GPU-67921d1c-ee8e-304f-b562-d6f87617c5a0,32607,30559,1629,0
2026-08-21T02:51:04.6982874+12:00,4090-deep-105k,1,NVIDIA GeForce RTX 4090,GPU-eed52936-813f-8d68-1654-bfb56cb42bc3,24564,23036,1103,78
2026-08-21T02:51:05.0087722+12:00,4090-deep-105k,0,NVIDIA GeForce RTX 5090,GPU-67921d1c-ee8e-304f-b562-d6f87617c5a0,32607,30559,1629,0
2026-08-21T02:51:05.0087722+12:00,4090-deep-105k,1,NVIDIA GeForce RTX 4090,GPU-eed52936-813f-8d68-1654-bfb56cb42bc3,24564,23036,1103,99
2026-08-21T02:51:05.3230945+12:00,4090-deep-105k,0,NVIDIA GeForce RTX 5090,GPU-67921d1c-ee8e-304f-b562-d6f87617c5a0,32607,30559,1629,0
2026-08-21T02:51:05.3230945+12:00,4090-deep-105k,1,NVIDIA GeForce RTX 4090,GPU-eed52936-813f-8d68-1654-bfb56cb42bc3,24564,23036,1103,99
2026-08-21T02:51:05.6330001+12:00,4090-deep-105k,0,NVIDIA GeForce RTX 5090,GPU-67921d1c-ee8e-304f-b562-d6f87617c5a0,32607,30564,1624,0
2026-08-21T02:51:05.6330001+12:00,4090-deep-105k,1,NVIDIA GeForce RTX 4090,GPU-eed52936-813f-8d68-1654-bfb56cb42bc3,24564,23036,1103,99
2026-08-21T02:51:05.9458507+12:00,4090-deep-105k,0,NVIDIA GeForce RTX 5090,GPU-67921d1c-ee8e-304f-b562-d6f87617c5a0,32607,30564,1624,0
2026-08-21T02:51:05.9458507+12:00,4090-deep-105k,1,NVIDIA GeForce RTX 4090,GPU-eed52936-813f-8d68-1654-bfb56cb42bc3,24564,23036,1103,78
2026-08-21T02:51:06.2576306+12:00,4090-deep-105k,0,NVIDIA GeForce RTX 5090,GPU-67921d1c-ee8e-304f-b562-d6f87617c5a0,32607,30564,1624,0
2026-08-21T02:51:06.2576306+12:00,4090-deep-105k,1,NVIDIA GeForce RTX 4090,GPU-eed52936-813f-8d68-1654-bfb56cb42bc3,24564,23036,1103,78
2026-08-21T02:51:06.5686392+12:00,4090-deep-105k,0,NVIDIA GeForce RTX 5090,GPU-67921d1c-ee8e-304f-b562-d6f87617c5a0,32607,30565,1623,0
2026-08-21T02:51:06.5686392+12:00,4090-deep-105k,1,NVIDIA GeForce RTX 4090,GPU-eed52936-813f-8d68-1654-bfb56cb42bc3,24564,23036,1103,95
2026-08-21T02:51:06.8942785+12:00,4090-deep-105k,0,NVIDIA GeForce RTX 5090,GPU-67921d1c-ee8e-304f-b562-d6f87617c5a0,32607,30565,1623,0
2026-08-21T02:51:06.8942785+12:00,4090-deep-105k,1,NVIDIA GeForce RTX 4090,GPU-eed52936-813f-8d68-1654-bfb56cb42bc3,24564,23036,1103,79
2026-08-21T02:51:07.2213816+12:00,4090-deep-105k,0,NVIDIA GeForce RTX 5090,GPU-67921d1c-ee8e-304f-b562-d6f87617c5a0,32607,30565,1623,0
2026-08-21T02:51:07.2213816+12:00,4090-deep-105k,1,NVIDIA GeForce RTX 4090,GPU-eed52936-813f-8d68-1654-bfb56cb42bc3,24564,23036,1103,79
2026-08-21T02:51:07.5323564+12:00,4090-deep-105k,0,NVIDIA GeForce RTX 5090,GPU-67921d1c-ee8e-304f-b562-d6f87617c5a0,32607,30563,1625,0
2026-08-21T02:51:07.5323564+12:00,4090-deep-105k,1,NVIDIA GeForce RTX 4090,GPU-eed52936-813f-8d68-1654-bfb56cb42bc3,24564,23036,1103,98
2026-08-21T02:51:07.8415983+12:00,4090-deep-105k,0,NVIDIA GeForce RTX 5090,GPU-67921d1c-ee8e-304f-b562-d6f87617c5a0,32607,30559,1629,0
2026-08-21T02:51:07.8415983+12:00,4090-deep-105k,1,NVIDIA GeForce RTX 4090,GPU-eed52936-813f-8d68-1654-bfb56cb42bc3,24564,23036,1103,99
2026-08-21T02:51:08.1531563+12:00,4090-deep-105k,0,NVIDIA GeForce RTX 5090,GPU-67921d1c-ee8e-304f-b562-d6f87617c5a0,32607,30559,1629,0
2026-08-21T02:51:08.1531563+12:00,4090-deep-105k,1,NVIDIA GeForce RTX 4090,GPU-eed52936-813f-8d68-1654-bfb56cb42bc3,24564,23036,1103,99
2026-08-21T02:51:08.4676316+12:00,4090-deep-105k,0,NVIDIA GeForce RTX 5090,GPU-67921d1c-ee8e-304f-b562-d6f87617c5a0,32607,30559,1629,0
2026-08-21T02:51:08.4676316+12:00,4090-deep-105k,1,NVIDIA GeForce RTX 4090,GPU-eed52936-813f-8d68-1654-bfb56cb42bc3,24564,23036,1103,99
2026-08-21T02:51:08.7773413+12:00,4090-deep-105k,0,NVIDIA GeForce RTX 5090,GPU-67921d1c-ee8e-304f-b562-d6f87617c5a0,32607,30559,1629,0
2026-08-21T02:51:08.7773413+12:00,4090-deep-105k,1,NVIDIA GeForce RTX 4090,GPU-eed52936-813f-8d68-1654-bfb56cb42bc3,24564,23036,1103,94
2026-08-21T02:51:09.0916271+12:00,4090-deep-105k,0,NVIDIA GeForce RTX 5090,GPU-67921d1c-ee8e-304f-b562-d6f87617c5a0,32607,30559,1629,0
2026-08-21T02:51:09.0916271+12:00,4090-deep-105k,1,NVIDIA GeForce RTX 4090,GPU-eed52936-813f-8d68-1654-bfb56cb42bc3,24564,23036,1103,94
2026-08-21T02:51:09.4311368+12:00,4090-deep-105k,0,NVIDIA GeForce RTX 5090,GPU-67921d1c-ee8e-304f-b562-d6f87617c5a0,32607,30564,1624,0
2026-08-21T02:51:09.4311368+12:00,4090-deep-105k,1,NVIDIA GeForce RTX 4090,GPU-eed52936-813f-8d68-1654-bfb56cb42bc3,24564,23036,1103,77
2026-08-21T02:51:09.7483917+12:00,4090-deep-105k,0,NVIDIA GeForce RTX 5090,GPU-67921d1c-ee8e-304f-b562-d6f87617c5a0,32607,30564,1624,0
2026-08-21T02:51:09.7483917+12:00,4090-deep-105k,1,NVIDIA GeForce RTX 4090,GPU-eed52936-813f-8d68-1654-bfb56cb42bc3,24564,23036,1103,77
2026-08-21T02:51:10.0604096+12:00,4090-deep-105k,0,NVIDIA GeForce RTX 5090,GPU-67921d1c-ee8e-304f-b562-d6f87617c5a0,32607,30564,1624,0
2026-08-21T02:51:10.0604096+12:00,4090-deep-105k,1,NVIDIA GeForce RTX 4090,GPU-eed52936-813f-8d68-1654-bfb56cb42bc3,24564,23036,1103,95
2026-08-21T02:51:10.3734880+12:00,4090-deep-105k,0,NVIDIA GeForce RTX 5090,GPU-67921d1c-ee8e-304f-b562-d6f87617c5a0,32607,30564,1624,0
2026-08-21T02:51:10.3734880+12:00,4090-deep-105k,1,NVIDIA GeForce RTX 4090,GPU-eed52936-813f-8d68-1654-bfb56cb42bc3,24564,23036,1103,78
2026-08-21T02:51:10.6852216+12:00,4090-deep-105k,0,NVIDIA GeForce RTX 5090,GPU-67921d1c-ee8e-304f-b562-d6f87617c5a0,32607,30565,1623,0
2026-08-21T02:51:10.6852216+12:00,4090-deep-105k,1,NVIDIA GeForce RTX 4090,GPU-eed52936-813f-8d68-1654-bfb56cb42bc3,24564,23036,1103,78
2026-08-21T02:51:10.9970663+12:00,4090-deep-105k,0,NVIDIA GeForce RTX 5090,GPU-67921d1c-ee8e-304f-b562-d6f87617c5a0,32607,30565,1623,0
2026-08-21T02:51:10.9970663+12:00,4090-deep-105k,1,NVIDIA GeForce RTX 4090,GPU-eed52936-813f-8d68-1654-bfb56cb42bc3,24564,23036,1103,95
2026-08-21T02:51:11.3085581+12:00,4090-deep-105k,0,NVIDIA GeForce RTX 5090,GPU-67921d1c-ee8e-304f-b562-d6f87617c5a0,32607,30565,1623,0
2026-08-21T02:51:11.3085581+12:00,4090-deep-105k,1,NVIDIA GeForce RTX 4090,GPU-eed52936-813f-8d68-1654-bfb56cb42bc3,24564,23036,1103,79
2026-08-21T02:51:11.6215156+12:00,4090-deep-105k,0,NVIDIA GeForce RTX 5090,GPU-67921d1c-ee8e-304f-b562-d6f87617c5a0,32607,30559,1629,0
2026-08-21T02:51:11.6215156+12:00,4090-deep-105k,1,NVIDIA GeForce RTX 4090,GPU-eed52936-813f-8d68-1654-bfb56cb42bc3,24564,23036,1103,79
2026-08-21T02:51:11.9499827+12:00,4090-deep-105k,0,NVIDIA GeForce RTX 5090,GPU-67921d1c-ee8e-304f-b562-d6f87617c5a0,32607,30559,1629,0
2026-08-21T02:51:11.9499827+12:00,4090-deep-105k,1,NVIDIA GeForce RTX 4090,GPU-eed52936-813f-8d68-1654-bfb56cb42bc3,24564,23036,1103,95
2026-08-21T02:51:12.2627947+12:00,4090-deep-105k,0,NVIDIA GeForce RTX 5090,GPU-67921d1c-ee8e-304f-b562-d6f87617c5a0,32607,30559,1629,0
2026-08-21T02:51:12.2627947+12:00,4090-deep-105k,1,NVIDIA GeForce RTX 4090,GPU-eed52936-813f-8d68-1654-bfb56cb42bc3,24564,23036,1103,78
2026-08-21T02:51:12.5735436+12:00,4090-deep-105k,0,NVIDIA GeForce RTX 5090,GPU-67921d1c-ee8e-304f-b562-d6f87617c5a0,32607,30559,1629,0
2026-08-21T02:51:12.5735436+12:00,4090-deep-105k,1,NVIDIA GeForce RTX 4090,GPU-eed52936-813f-8d68-1654-bfb56cb42bc3,24564,23036,1103,78
2026-08-21T02:51:12.8852257+12:00,4090-deep-105k,0,NVIDIA GeForce RTX 5090,GPU-67921d1c-ee8e-304f-b562-d6f87617c5a0,32607,30559,1629,0
2026-08-21T02:51:12.8852257+12:00,4090-deep-105k,1,NVIDIA GeForce RTX 4090,GPU-eed52936-813f-8d68-1654-bfb56cb42bc3,24564,23036,1103,95
2026-08-21T02:51:13.1993604+12:00,4090-deep-105k,0,NVIDIA GeForce RTX 5090,GPU-67921d1c-ee8e-304f-b562-d6f87617c5a0,32607,30559,1629,0
2026-08-21T02:51:13.1993604+12:00,4090-deep-105k,1,NVIDIA GeForce RTX 4090,GPU-eed52936-813f-8d68-1654-bfb56cb42bc3,24564,23036,1103,95
2026-08-21T02:51:13.5103203+12:00,4090-deep-105k,0,NVIDIA GeForce RTX 5090,GPU-67921d1c-ee8e-304f-b562-d6f87617c5a0,32607,30564,1624,0
2026-08-21T02:51:13.5103203+12:00,4090-deep-105k,1,NVIDIA GeForce RTX 4090,GPU-eed52936-813f-8d68-1654-bfb56cb42bc3,24564,23036,1103,77
2026-08-21T02:51:13.8244124+12:00,4090-deep-105k,0,NVIDIA GeForce RTX 5090,GPU-67921d1c-ee8e-304f-b562-d6f87617c5a0,32607,30564,1624,0
2026-08-21T02:51:13.8244124+12:00,4090-deep-105k,1,NVIDIA GeForce RTX 4090,GPU-eed52936-813f-8d68-1654-bfb56cb42bc3,24564,23036,1103,95
2026-08-21T02:51:14.1397012+12:00,4090-deep-105k,0,NVIDIA GeForce RTX 5090,GPU-67921d1c-ee8e-304f-b562-d6f87617c5a0,32607,30564,1624,0
2026-08-21T02:51:14.1397012+12:00,4090-deep-105k,1,NVIDIA GeForce RTX 4090,GPU-eed52936-813f-8d68-1654-bfb56cb42bc3,24564,23036,1103,95
2026-08-21T02:51:14.4514854+12:00,4090-deep-105k,0,NVIDIA GeForce RTX 5090,GPU-67921d1c-ee8e-304f-b562-d6f87617c5a0,32607,30565,1623,0
2026-08-21T02:51:14.4514854+12:00,4090-deep-105k,1,NVIDIA GeForce RTX 4090,GPU-eed52936-813f-8d68-1654-bfb56cb42bc3,24564,23036,1103,72
2026-08-21T02:51:14.7641752+12:00,4090-deep-105k,0,NVIDIA GeForce RTX 5090,GPU-67921d1c-ee8e-304f-b562-d6f87617c5a0,32607,30565,1623,0
2026-08-21T02:51:14.7641752+12:00,4090-deep-105k,1,NVIDIA GeForce RTX 4090,GPU-eed52936-813f-8d68-1654-bfb56cb42bc3,24564,23036,1103,94
2026-08-21T02:51:15.0783957+12:00,4090-deep-105k,0,NVIDIA GeForce RTX 5090,GPU-67921d1c-ee8e-304f-b562-d6f87617c5a0,32607,30565,1623,0
2026-08-21T02:51:15.0783957+12:00,4090-deep-105k,1,NVIDIA GeForce RTX 4090,GPU-eed52936-813f-8d68-1654-bfb56cb42bc3,24564,23036,1103,94
2026-08-21T02:51:15.3960330+12:00,4090-deep-105k,0,NVIDIA GeForce RTX 5090,GPU-67921d1c-ee8e-304f-b562-d6f87617c5a0,32607,30565,1623,0
2026-08-21T02:51:15.3960330+12:00,4090-deep-105k,1,NVIDIA GeForce RTX 4090,GPU-eed52936-813f-8d68-1654-bfb56cb42bc3,24564,23036,1103,84
2026-08-21T02:51:15.7091614+12:00,4090-deep-105k,0,NVIDIA GeForce RTX 5090,GPU-67921d1c-ee8e-304f-b562-d6f87617c5a0,32607,30559,1629,0
2026-08-21T02:51:15.7091614+12:00,4090-deep-105k,1,NVIDIA GeForce RTX 4090,GPU-eed52936-813f-8d68-1654-bfb56cb42bc3,24564,23036,1103,84
2026-08-21T02:51:16.0187837+12:00,4090-deep-105k,0,NVIDIA GeForce RTX 5090,GPU-67921d1c-ee8e-304f-b562-d6f87617c5a0,32607,30559,1629,0
2026-08-21T02:51:16.0187837+12:00,4090-deep-105k,1,NVIDIA GeForce RTX 4090,GPU-eed52936-813f-8d68-1654-bfb56cb42bc3,24564,23036,1103,98
2026-08-21T02:51:16.3441970+12:00,4090-deep-105k,0,NVIDIA GeForce RTX 5090,GPU-67921d1c-ee8e-304f-b562-d6f87617c5a0,32607,30559,1629,0
2026-08-21T02:51:16.3441970+12:00,4090-deep-105k,1,NVIDIA GeForce RTX 4090,GPU-eed52936-813f-8d68-1654-bfb56cb42bc3,24564,23036,1103,99
2026-08-21T02:51:16.6740757+12:00,4090-deep-105k,0,NVIDIA GeForce RTX 5090,GPU-67921d1c-ee8e-304f-b562-d6f87617c5a0,32607,30559,1629,0
2026-08-21T02:51:16.6740757+12:00,4090-deep-105k,1,NVIDIA GeForce RTX 4090,GPU-eed52936-813f-8d68-1654-bfb56cb42bc3,24564,23036,1103,99
2026-08-21T02:51:17.0029635+12:00,4090-deep-105k,0,NVIDIA GeForce RTX 5090,GPU-67921d1c-ee8e-304f-b562-d6f87617c5a0,32607,30559,1629,0
2026-08-21T02:51:17.0029635+12:00,4090-deep-105k,1,NVIDIA GeForce RTX 4090,GPU-eed52936-813f-8d68-1654-bfb56cb42bc3,24564,23036,1103,99
2026-08-21T02:51:17.3166142+12:00,4090-deep-105k,0,NVIDIA GeForce RTX 5090,GPU-67921d1c-ee8e-304f-b562-d6f87617c5a0,32607,30559,1629,0
2026-08-21T02:51:17.3166142+12:00,4090-deep-105k,1,NVIDIA GeForce RTX 4090,GPU-eed52936-813f-8d68-1654-bfb56cb42bc3,24564,23036,1103,99
2026-08-21T02:51:17.6261698+12:00,4090-deep-105k,0,NVIDIA GeForce RTX 5090,GPU-67921d1c-ee8e-304f-b562-d6f87617c5a0,32607,30564,1624,0
2026-08-21T02:51:17.6261698+12:00,4090-deep-105k,1,NVIDIA GeForce RTX 4090,GPU-eed52936-813f-8d68-1654-bfb56cb42bc3,24564,23036,1103,99
2026-08-21T02:51:17.9381151+12:00,4090-deep-105k,0,NVIDIA GeForce RTX 5090,GPU-67921d1c-ee8e-304f-b562-d6f87617c5a0,32607,30564,1624,0
2026-08-21T02:51:17.9381151+12:00,4090-deep-105k,1,NVIDIA GeForce RTX 4090,GPU-eed52936-813f-8d68-1654-bfb56cb42bc3,24564,23036,1103,78
2026-08-21T02:51:18.2504720+12:00,4090-deep-105k,0,NVIDIA GeForce RTX 5090,GPU-67921d1c-ee8e-304f-b562-d6f87617c5a0,32607,30577,1611,0
2026-08-21T02:51:18.2504720+12:00,4090-deep-105k,1,NVIDIA GeForce RTX 4090,GPU-eed52936-813f-8d68-1654-bfb56cb42bc3,24564,23036,1103,78
2026-08-21T02:51:18.5622224+12:00,4090-deep-105k,0,NVIDIA GeForce RTX 5090,GPU-67921d1c-ee8e-304f-b562-d6f87617c5a0,32607,30577,1611,4
2026-08-21T02:51:18.5622224+12:00,4090-deep-105k,1,NVIDIA GeForce RTX 4090,GPU-eed52936-813f-8d68-1654-bfb56cb42bc3,24564,23036,1103,95
2026-08-21T02:51:18.8740238+12:00,4090-deep-105k,0,NVIDIA GeForce RTX 5090,GPU-67921d1c-ee8e-304f-b562-d6f87617c5a0,32607,30577,1611,0
2026-08-21T02:51:18.8740238+12:00,4090-deep-105k,1,NVIDIA GeForce RTX 4090,GPU-eed52936-813f-8d68-1654-bfb56cb42bc3,24564,23036,1103,75
2026-08-21T02:51:19.1850351+12:00,4090-deep-105k,0,NVIDIA GeForce RTX 5090,GPU-67921d1c-ee8e-304f-b562-d6f87617c5a0,32607,30577,1611,0
2026-08-21T02:51:19.1850351+12:00,4090-deep-105k,1,NVIDIA GeForce RTX 4090,GPU-eed52936-813f-8d68-1654-bfb56cb42bc3,24564,23036,1103,75
2026-08-21T02:51:19.5140072+12:00,4090-deep-105k,0,NVIDIA GeForce RTX 5090,GPU-67921d1c-ee8e-304f-b562-d6f87617c5a0,32607,30571,1617,0
2026-08-21T02:51:19.5140072+12:00,4090-deep-105k,1,NVIDIA GeForce RTX 4090,GPU-eed52936-813f-8d68-1654-bfb56cb42bc3,24564,23036,1103,98
2026-08-21T02:51:19.8400361+12:00,4090-deep-105k,0,NVIDIA GeForce RTX 5090,GPU-67921d1c-ee8e-304f-b562-d6f87617c5a0,32607,30568,1620,0
2026-08-21T02:51:19.8400361+12:00,4090-deep-105k,1,NVIDIA GeForce RTX 4090,GPU-eed52936-813f-8d68-1654-bfb56cb42bc3,24564,23036,1103,99
2026-08-21T02:51:20.1542518+12:00,4090-deep-105k,0,NVIDIA GeForce RTX 5090,GPU-67921d1c-ee8e-304f-b562-d6f87617c5a0,32607,30568,1620,0
2026-08-21T02:51:20.1542518+12:00,4090-deep-105k,1,NVIDIA GeForce RTX 4090,GPU-eed52936-813f-8d68-1654-bfb56cb42bc3,24564,23036,1103,99
2026-08-21T02:51:20.4655725+12:00,4090-deep-105k,0,NVIDIA GeForce RTX 5090,GPU-67921d1c-ee8e-304f-b562-d6f87617c5a0,32607,30565,1623,0
2026-08-21T02:51:20.4655725+12:00,4090-deep-105k,1,NVIDIA GeForce RTX 4090,GPU-eed52936-813f-8d68-1654-bfb56cb42bc3,24564,23036,1103,81
2026-08-21T02:51:20.7787576+12:00,4090-deep-105k,0,NVIDIA GeForce RTX 5090,GPU-67921d1c-ee8e-304f-b562-d6f87617c5a0,32607,30561,1627,0
2026-08-21T02:51:20.7787576+12:00,4090-deep-105k,1,NVIDIA GeForce RTX 4090,GPU-eed52936-813f-8d68-1654-bfb56cb42bc3,24564,23036,1103,95
2026-08-21T02:51:21.0907609+12:00,4090-deep-105k,0,NVIDIA GeForce RTX 5090,GPU-67921d1c-ee8e-304f-b562-d6f87617c5a0,32607,30561,1627,0
2026-08-21T02:51:21.0907609+12:00,4090-deep-105k,1,NVIDIA GeForce RTX 4090,GPU-eed52936-813f-8d68-1654-bfb56cb42bc3,24564,23036,1103,95
2026-08-21T02:51:21.4047713+12:00,4090-deep-105k,0,NVIDIA GeForce RTX 5090,GPU-67921d1c-ee8e-304f-b562-d6f87617c5a0,32607,30566,1622,0
2026-08-21T02:51:21.4047713+12:00,4090-deep-105k,1,NVIDIA GeForce RTX 4090,GPU-eed52936-813f-8d68-1654-bfb56cb42bc3,24564,23036,1103,81
2026-08-21T02:51:21.7171139+12:00,4090-deep-105k,0,NVIDIA GeForce RTX 5090,GPU-67921d1c-ee8e-304f-b562-d6f87617c5a0,32607,30566,1622,0
2026-08-21T02:51:21.7171139+12:00,4090-deep-105k,1,NVIDIA GeForce RTX 4090,GPU-eed52936-813f-8d68-1654-bfb56cb42bc3,24564,23036,1103,81
2026-08-21T02:51:22.0436185+12:00,4090-deep-105k,0,NVIDIA GeForce RTX 5090,GPU-67921d1c-ee8e-304f-b562-d6f87617c5a0,32607,30566,1622,0
2026-08-21T02:51:22.0436185+12:00,4090-deep-105k,1,NVIDIA GeForce RTX 4090,GPU-eed52936-813f-8d68-1654-bfb56cb42bc3,24564,23036,1103,99
2026-08-21T02:51:22.3558545+12:00,4090-deep-105k,0,NVIDIA GeForce RTX 5090,GPU-67921d1c-ee8e-304f-b562-d6f87617c5a0,32607,30566,1622,0
2026-08-21T02:51:22.3558545+12:00,4090-deep-105k,1,NVIDIA GeForce RTX 4090,GPU-eed52936-813f-8d68-1654-bfb56cb42bc3,24564,23036,1103,95
2026-08-21T02:51:22.6667167+12:00,4090-deep-105k,0,NVIDIA GeForce RTX 5090,GPU-67921d1c-ee8e-304f-b562-d6f87617c5a0,32607,30567,1621,0
2026-08-21T02:51:22.6667167+12:00,4090-deep-105k,1,NVIDIA GeForce RTX 4090,GPU-eed52936-813f-8d68-1654-bfb56cb42bc3,24564,23036,1103,95
2026-08-21T02:51:22.9790729+12:00,4090-deep-105k,0,NVIDIA GeForce RTX 5090,GPU-67921d1c-ee8e-304f-b562-d6f87617c5a0,32607,30567,1621,0
2026-08-21T02:51:22.9790729+12:00,4090-deep-105k,1,NVIDIA GeForce RTX 4090,GPU-eed52936-813f-8d68-1654-bfb56cb42bc3,24564,23036,1103,74
2026-08-21T02:51:23.2917230+12:00,4090-deep-105k,0,NVIDIA GeForce RTX 5090,GPU-67921d1c-ee8e-304f-b562-d6f87617c5a0,32607,30567,1621,0
2026-08-21T02:51:23.2917230+12:00,4090-deep-105k,1,NVIDIA GeForce RTX 4090,GPU-eed52936-813f-8d68-1654-bfb56cb42bc3,24564,23036,1103,98
2026-08-21T02:51:23.6003183+12:00,4090-deep-105k,0,NVIDIA GeForce RTX 5090,GPU-67921d1c-ee8e-304f-b562-d6f87617c5a0,32607,30564,1623,0
2026-08-21T02:51:23.6003183+12:00,4090-deep-105k,1,NVIDIA GeForce RTX 4090,GPU-eed52936-813f-8d68-1654-bfb56cb42bc3,24564,23036,1103,98
2026-08-21T02:51:23.9141924+12:00,4090-deep-105k,0,NVIDIA GeForce RTX 5090,GPU-67921d1c-ee8e-304f-b562-d6f87617c5a0,32607,30564,1623,0
2026-08-21T02:51:23.9141924+12:00,4090-deep-105k,1,NVIDIA GeForce RTX 4090,GPU-eed52936-813f-8d68-1654-bfb56cb42bc3,24564,23036,1103,99
2026-08-21T02:51:24.2267245+12:00,4090-deep-105k,0,NVIDIA GeForce RTX 5090,GPU-67921d1c-ee8e-304f-b562-d6f87617c5a0,32607,30564,1623,0
2026-08-21T02:51:24.2267245+12:00,4090-deep-105k,1,NVIDIA GeForce RTX 4090,GPU-eed52936-813f-8d68-1654-bfb56cb42bc3,24564,23036,1103,99
2026-08-21T02:51:24.5395161+12:00,4090-deep-105k,0,NVIDIA GeForce RTX 5090,GPU-67921d1c-ee8e-304f-b562-d6f87617c5a0,32607,30559,1629,0
2026-08-21T02:51:24.5395161+12:00,4090-deep-105k,1,NVIDIA GeForce RTX 4090,GPU-eed52936-813f-8d68-1654-bfb56cb42bc3,24564,23036,1103,74
2026-08-21T02:51:24.8487240+12:00,4090-deep-105k,0,NVIDIA GeForce RTX 5090,GPU-67921d1c-ee8e-304f-b562-d6f87617c5a0,32607,30559,1629,0
2026-08-21T02:51:24.8487240+12:00,4090-deep-105k,1,NVIDIA GeForce RTX 4090,GPU-eed52936-813f-8d68-1654-bfb56cb42bc3,24564,23036,1103,95
2026-08-21T02:51:25.1590371+12:00,4090-deep-105k,0,NVIDIA GeForce RTX 5090,GPU-67921d1c-ee8e-304f-b562-d6f87617c5a0,32607,30559,1629,0
2026-08-21T02:51:25.1590371+12:00,4090-deep-105k,1,NVIDIA GeForce RTX 4090,GPU-eed52936-813f-8d68-1654-bfb56cb42bc3,24564,23036,1103,95
2026-08-21T02:51:25.4800509+12:00,4090-deep-105k,0,NVIDIA GeForce RTX 5090,GPU-67921d1c-ee8e-304f-b562-d6f87617c5a0,32607,30564,1624,0
2026-08-21T02:51:25.4800509+12:00,4090-deep-105k,1,NVIDIA GeForce RTX 4090,GPU-eed52936-813f-8d68-1654-bfb56cb42bc3,24564,23036,1103,99
2026-08-21T02:51:25.8000182+12:00,4090-deep-105k,0,NVIDIA GeForce RTX 5090,GPU-67921d1c-ee8e-304f-b562-d6f87617c5a0,32607,30564,1624,0
2026-08-21T02:51:25.8000182+12:00,4090-deep-105k,1,NVIDIA GeForce RTX 4090,GPU-eed52936-813f-8d68-1654-bfb56cb42bc3,24564,23036,1103,76
2026-08-21T02:51:26.1105881+12:00,4090-deep-105k,0,NVIDIA GeForce RTX 5090,GPU-67921d1c-ee8e-304f-b562-d6f87617c5a0,32607,30564,1624,0
2026-08-21T02:51:26.1105881+12:00,4090-deep-105k,1,NVIDIA GeForce RTX 4090,GPU-eed52936-813f-8d68-1654-bfb56cb42bc3,24564,23036,1103,76
2026-08-21T02:51:26.4261149+12:00,4090-deep-105k,0,NVIDIA GeForce RTX 5090,GPU-67921d1c-ee8e-304f-b562-d6f87617c5a0,32607,30565,1623,0
2026-08-21T02:51:26.4261149+12:00,4090-deep-105k,1,NVIDIA GeForce RTX 4090,GPU-eed52936-813f-8d68-1654-bfb56cb42bc3,24564,23036,1103,95
2026-08-21T02:51:26.7345088+12:00,4090-deep-105k,0,NVIDIA GeForce RTX 5090,GPU-67921d1c-ee8e-304f-b562-d6f87617c5a0,32607,30565,1623,0
2026-08-21T02:51:26.7345088+12:00,4090-deep-105k,1,NVIDIA GeForce RTX 4090,GPU-eed52936-813f-8d68-1654-bfb56cb42bc3,24564,23036,1103,95
2026-08-21T02:51:27.0612733+12:00,4090-deep-105k,0,NVIDIA GeForce RTX 5090,GPU-67921d1c-ee8e-304f-b562-d6f87617c5a0,32607,30565,1623,0
2026-08-21T02:51:27.0612733+12:00,4090-deep-105k,1,NVIDIA GeForce RTX 4090,GPU-eed52936-813f-8d68-1654-bfb56cb42bc3,24564,23036,1103,99
2026-08-21T02:51:27.3750466+12:00,4090-deep-105k,0,NVIDIA GeForce RTX 5090,GPU-67921d1c-ee8e-304f-b562-d6f87617c5a0,32607,30565,1623,0
2026-08-21T02:51:27.3750466+12:00,4090-deep-105k,1,NVIDIA GeForce RTX 4090,GPU-eed52936-813f-8d68-1654-bfb56cb42bc3,24564,23036,1103,75
2026-08-21T02:51:27.6903691+12:00,4090-deep-105k,0,NVIDIA GeForce RTX 5090,GPU-67921d1c-ee8e-304f-b562-d6f87617c5a0,32607,30565,1623,0
2026-08-21T02:51:27.6903691+12:00,4090-deep-105k,1,NVIDIA GeForce RTX 4090,GPU-eed52936-813f-8d68-1654-bfb56cb42bc3,24564,23036,1103,75
2026-08-21T02:51:28.0008069+12:00,4090-deep-105k,0,NVIDIA GeForce RTX 5090,GPU-67921d1c-ee8e-304f-b562-d6f87617c5a0,32607,30565,1623,0
2026-08-21T02:51:28.0008069+12:00,4090-deep-105k,1,NVIDIA GeForce RTX 4090,GPU-eed52936-813f-8d68-1654-bfb56cb42bc3,24564,23036,1103,94
2026-08-21T02:51:28.3143085+12:00,4090-deep-105k,0,NVIDIA GeForce RTX 5090,GPU-67921d1c-ee8e-304f-b562-d6f87617c5a0,32607,30565,1623,0
2026-08-21T02:51:28.3143085+12:00,4090-deep-105k,1,NVIDIA GeForce RTX 4090,GPU-eed52936-813f-8d68-1654-bfb56cb42bc3,24564,23036,1103,99
2026-08-21T02:51:28.6234815+12:00,4090-deep-105k,0,NVIDIA GeForce RTX 5090,GPU-67921d1c-ee8e-304f-b562-d6f87617c5a0,32607,30559,1629,0
2026-08-21T02:51:28.6234815+12:00,4090-deep-105k,1,NVIDIA GeForce RTX 4090,GPU-eed52936-813f-8d68-1654-bfb56cb42bc3,24564,23036,1103,99
2026-08-21T02:51:28.9491035+12:00,4090-deep-105k,0,NVIDIA GeForce RTX 5090,GPU-67921d1c-ee8e-304f-b562-d6f87617c5a0,32607,30559,1629,0
2026-08-21T02:51:28.9491035+12:00,4090-deep-105k,1,NVIDIA GeForce RTX 4090,GPU-eed52936-813f-8d68-1654-bfb56cb42bc3,24564,23036,1103,74
2026-08-21T02:51:29.2618578+12:00,4090-deep-105k,0,NVIDIA GeForce RTX 5090,GPU-67921d1c-ee8e-304f-b562-d6f87617c5a0,32607,30559,1629,0
2026-08-21T02:51:29.2618578+12:00,4090-deep-105k,1,NVIDIA GeForce RTX 4090,GPU-eed52936-813f-8d68-1654-bfb56cb42bc3,24564,23036,1103,99
2026-08-21T02:51:29.6380222+12:00,4090-deep-105k,0,NVIDIA GeForce RTX 5090,GPU-67921d1c-ee8e-304f-b562-d6f87617c5a0,32607,30564,1624,0
2026-08-21T02:51:29.6380222+12:00,4090-deep-105k,1,NVIDIA GeForce RTX 4090,GPU-eed52936-813f-8d68-1654-bfb56cb42bc3,24564,23036,1103,99
2026-08-21T02:51:29.9481093+12:00,4090-deep-105k,0,NVIDIA GeForce RTX 5090,GPU-67921d1c-ee8e-304f-b562-d6f87617c5a0,32607,30564,1624,0
2026-08-21T02:51:29.9481093+12:00,4090-deep-105k,1,NVIDIA GeForce RTX 4090,GPU-eed52936-813f-8d68-1654-bfb56cb42bc3,24564,23036,1103,95
2026-08-21T02:51:30.2758467+12:00,4090-deep-105k,0,NVIDIA GeForce RTX 5090,GPU-67921d1c-ee8e-304f-b562-d6f87617c5a0,32607,30564,1624,0
2026-08-21T02:51:30.2758467+12:00,4090-deep-105k,1,NVIDIA GeForce RTX 4090,GPU-eed52936-813f-8d68-1654-bfb56cb42bc3,24564,23036,1103,84
2026-08-21T02:51:30.5874853+12:00,4090-deep-105k,0,NVIDIA GeForce RTX 5090,GPU-67921d1c-ee8e-304f-b562-d6f87617c5a0,32607,30565,1623,0
2026-08-21T02:51:30.5874853+12:00,4090-deep-105k,1,NVIDIA GeForce RTX 4090,GPU-eed52936-813f-8d68-1654-bfb56cb42bc3,24564,23036,1103,84
2026-08-21T02:51:30.8967972+12:00,4090-deep-105k,0,NVIDIA GeForce RTX 5090,GPU-67921d1c-ee8e-304f-b562-d6f87617c5a0,32607,30565,1623,0
2026-08-21T02:51:30.8967972+12:00,4090-deep-105k,1,NVIDIA GeForce RTX 4090,GPU-eed52936-813f-8d68-1654-bfb56cb42bc3,24564,23036,1103,96
2026-08-21T02:51:31.2105789+12:00,4090-deep-105k,0,NVIDIA GeForce RTX 5090,GPU-67921d1c-ee8e-304f-b562-d6f87617c5a0,32607,30565,1623,0
2026-08-21T02:51:31.2105789+12:00,4090-deep-105k,1,NVIDIA GeForce RTX 4090,GPU-eed52936-813f-8d68-1654-bfb56cb42bc3,24564,23036,1103,96
2026-08-21T02:51:31.5299295+12:00,4090-deep-105k,0,NVIDIA GeForce RTX 5090,GPU-67921d1c-ee8e-304f-b562-d6f87617c5a0,32607,30565,1623,0
2026-08-21T02:51:31.5299295+12:00,4090-deep-105k,1,NVIDIA GeForce RTX 4090,GPU-eed52936-813f-8d68-1654-bfb56cb42bc3,24564,23036,1103,95
2026-08-21T02:51:31.8553229+12:00,4090-deep-105k,0,NVIDIA GeForce RTX 5090,GPU-67921d1c-ee8e-304f-b562-d6f87617c5a0,32607,30565,1623,0
2026-08-21T02:51:31.8553229+12:00,4090-deep-105k,1,NVIDIA GeForce RTX 4090,GPU-eed52936-813f-8d68-1654-bfb56cb42bc3,24564,23036,1103,99
2026-08-21T02:51:32.1834173+12:00,4090-deep-105k,0,NVIDIA GeForce RTX 5090,GPU-67921d1c-ee8e-304f-b562-d6f87617c5a0,32607,30565,1623,0
2026-08-21T02:51:32.1834173+12:00,4090-deep-105k,1,NVIDIA GeForce RTX 4090,GPU-eed52936-813f-8d68-1654-bfb56cb42bc3,24564,23036,1103,99
2026-08-21T02:51:32.4965929+12:00,4090-deep-105k,0,NVIDIA GeForce RTX 5090,GPU-67921d1c-ee8e-304f-b562-d6f87617c5a0,32607,30563,1625,0
2026-08-21T02:51:32.4965929+12:00,4090-deep-105k,1,NVIDIA GeForce RTX 4090,GPU-eed52936-813f-8d68-1654-bfb56cb42bc3,24564,23036,1103,73
2026-08-21T02:51:32.8086884+12:00,4090-deep-105k,0,NVIDIA GeForce RTX 5090,GPU-67921d1c-ee8e-304f-b562-d6f87617c5a0,32607,30559,1629,0
2026-08-21T02:51:32.8086884+12:00,4090-deep-105k,1,NVIDIA GeForce RTX 4090,GPU-eed52936-813f-8d68-1654-bfb56cb42bc3,24564,23036,1103,99
2026-08-21T02:51:33.1210642+12:00,4090-deep-105k,0,NVIDIA GeForce RTX 5090,GPU-67921d1c-ee8e-304f-b562-d6f87617c5a0,32607,30559,1629,0
2026-08-21T02:51:33.1210642+12:00,4090-deep-105k,1,NVIDIA GeForce RTX 4090,GPU-eed52936-813f-8d68-1654-bfb56cb42bc3,24564,23036,1103,99
2026-08-21T02:51:33.4345067+12:00,4090-deep-105k,0,NVIDIA GeForce RTX 5090,GPU-67921d1c-ee8e-304f-b562-d6f87617c5a0,32607,30564,1624,0
2026-08-21T02:51:33.4345067+12:00,4090-deep-105k,1,NVIDIA GeForce RTX 4090,GPU-eed52936-813f-8d68-1654-bfb56cb42bc3,24564,23036,1103,95
2026-08-21T02:51:33.7490028+12:00,4090-deep-105k,0,NVIDIA GeForce RTX 5090,GPU-67921d1c-ee8e-304f-b562-d6f87617c5a0,32607,30564,1624,0
2026-08-21T02:51:33.7490028+12:00,4090-deep-105k,1,NVIDIA GeForce RTX 4090,GPU-eed52936-813f-8d68-1654-bfb56cb42bc3,24564,23036,1103,95
2026-08-21T02:51:34.0600182+12:00,4090-deep-105k,0,NVIDIA GeForce RTX 5090,GPU-67921d1c-ee8e-304f-b562-d6f87617c5a0,32607,30564,1624,0
2026-08-21T02:51:34.0600182+12:00,4090-deep-105k,1,NVIDIA GeForce RTX 4090,GPU-eed52936-813f-8d68-1654-bfb56cb42bc3,24564,23036,1103,99
2026-08-21T02:51:34.3710935+12:00,4090-deep-105k,0,NVIDIA GeForce RTX 5090,GPU-67921d1c-ee8e-304f-b562-d6f87617c5a0,32607,30564,1624,0
2026-08-21T02:51:34.3710935+12:00,4090-deep-105k,1,NVIDIA GeForce RTX 4090,GPU-eed52936-813f-8d68-1654-bfb56cb42bc3,24564,23036,1103,74
2026-08-21T02:51:34.6852231+12:00,4090-deep-105k,0,NVIDIA GeForce RTX 5090,GPU-67921d1c-ee8e-304f-b562-d6f87617c5a0,32607,30565,1623,0
2026-08-21T02:51:34.6852231+12:00,4090-deep-105k,1,NVIDIA GeForce RTX 4090,GPU-eed52936-813f-8d68-1654-bfb56cb42bc3,24564,23036,1103,74
2026-08-21T02:51:34.9982460+12:00,4090-deep-105k,0,NVIDIA GeForce RTX 5090,GPU-67921d1c-ee8e-304f-b562-d6f87617c5a0,32607,30565,1623,0
2026-08-21T02:51:34.9982460+12:00,4090-deep-105k,1,NVIDIA GeForce RTX 4090,GPU-eed52936-813f-8d68-1654-bfb56cb42bc3,24564,23036,1103,99
2026-08-21T02:51:35.3119951+12:00,4090-deep-105k,0,NVIDIA GeForce RTX 5090,GPU-67921d1c-ee8e-304f-b562-d6f87617c5a0,32607,30565,1623,0
2026-08-21T02:51:35.3119951+12:00,4090-deep-105k,1,NVIDIA GeForce RTX 4090,GPU-eed52936-813f-8d68-1654-bfb56cb42bc3,24564,23036,1103,95
2026-08-21T02:51:35.6255528+12:00,4090-deep-105k,0,NVIDIA GeForce RTX 5090,GPU-67921d1c-ee8e-304f-b562-d6f87617c5a0,32607,30565,1623,0
2026-08-21T02:51:35.6255528+12:00,4090-deep-105k,1,NVIDIA GeForce RTX 4090,GPU-eed52936-813f-8d68-1654-bfb56cb42bc3,24564,23036,1103,95
2026-08-21T02:51:35.9387436+12:00,4090-deep-105k,0,NVIDIA GeForce RTX 5090,GPU-67921d1c-ee8e-304f-b562-d6f87617c5a0,32607,30565,1623,0
2026-08-21T02:51:35.9387436+12:00,4090-deep-105k,1,NVIDIA GeForce RTX 4090,GPU-eed52936-813f-8d68-1654-bfb56cb42bc3,24564,23036,1103,98
2026-08-21T02:51:36.2493822+12:00,4090-deep-105k,0,NVIDIA GeForce RTX 5090,GPU-67921d1c-ee8e-304f-b562-d6f87617c5a0,32607,30565,1623,0
2026-08-21T02:51:36.2493822+12:00,4090-deep-105k,1,NVIDIA GeForce RTX 4090,GPU-eed52936-813f-8d68-1654-bfb56cb42bc3,24564,23036,1103,98
2026-08-21T02:51:36.5628949+12:00,4090-deep-105k,0,NVIDIA GeForce RTX 5090,GPU-67921d1c-ee8e-304f-b562-d6f87617c5a0,32607,30559,1629,0
2026-08-21T02:51:36.5628949+12:00,4090-deep-105k,1,NVIDIA GeForce RTX 4090,GPU-eed52936-813f-8d68-1654-bfb56cb42bc3,24564,23036,1103,74
2026-08-21T02:51:36.8897561+12:00,4090-deep-105k,0,NVIDIA GeForce RTX 5090,GPU-67921d1c-ee8e-304f-b562-d6f87617c5a0,32607,30559,1629,0
2026-08-21T02:51:36.8897561+12:00,4090-deep-105k,1,NVIDIA GeForce RTX 4090,GPU-eed52936-813f-8d68-1654-bfb56cb42bc3,24564,23036,1103,99
2026-08-21T02:51:37.2018069+12:00,4090-deep-105k,0,NVIDIA GeForce RTX 5090,GPU-67921d1c-ee8e-304f-b562-d6f87617c5a0,32607,30559,1629,0
2026-08-21T02:51:37.2018069+12:00,4090-deep-105k,1,NVIDIA GeForce RTX 4090,GPU-eed52936-813f-8d68-1654-bfb56cb42bc3,24564,23036,1103,99
2026-08-21T02:51:37.5160446+12:00,4090-deep-105k,0,NVIDIA GeForce RTX 5090,GPU-67921d1c-ee8e-304f-b562-d6f87617c5a0,32607,30564,1624,0
2026-08-21T02:51:37.5160446+12:00,4090-deep-105k,1,NVIDIA GeForce RTX 4090,GPU-eed52936-813f-8d68-1654-bfb56cb42bc3,24564,23036,1103,95
2026-08-21T02:51:37.8279776+12:00,4090-deep-105k,0,NVIDIA GeForce RTX 5090,GPU-67921d1c-ee8e-304f-b562-d6f87617c5a0,32607,30564,1624,0
2026-08-21T02:51:37.8279776+12:00,4090-deep-105k,1,NVIDIA GeForce RTX 4090,GPU-eed52936-813f-8d68-1654-bfb56cb42bc3,24564,23036,1103,99
2026-08-21T02:51:38.1398705+12:00,4090-deep-105k,0,NVIDIA GeForce RTX 5090,GPU-67921d1c-ee8e-304f-b562-d6f87617c5a0,32607,30564,1624,0
2026-08-21T02:51:38.1398705+12:00,4090-deep-105k,1,NVIDIA GeForce RTX 4090,GPU-eed52936-813f-8d68-1654-bfb56cb42bc3,24564,23036,1103,99
2026-08-21T02:51:38.4516150+12:00,4090-deep-105k,0,NVIDIA GeForce RTX 5090,GPU-67921d1c-ee8e-304f-b562-d6f87617c5a0,32607,30565,1623,0
2026-08-21T02:51:38.4516150+12:00,4090-deep-105k,1,NVIDIA GeForce RTX 4090,GPU-eed52936-813f-8d68-1654-bfb56cb42bc3,24564,23036,1103,71
2026-08-21T02:51:38.7659770+12:00,4090-deep-105k,0,NVIDIA GeForce RTX 5090,GPU-67921d1c-ee8e-304f-b562-d6f87617c5a0,32607,30565,1623,0
2026-08-21T02:51:38.7659770+12:00,4090-deep-105k,1,NVIDIA GeForce RTX 4090,GPU-eed52936-813f-8d68-1654-bfb56cb42bc3,24564,23036,1103,99
2026-08-21T02:51:39.0766806+12:00,4090-deep-105k,0,NVIDIA GeForce RTX 5090,GPU-67921d1c-ee8e-304f-b562-d6f87617c5a0,32607,30565,1623,0
2026-08-21T02:51:39.0766806+12:00,4090-deep-105k,1,NVIDIA GeForce RTX 4090,GPU-eed52936-813f-8d68-1654-bfb56cb42bc3,24564,23036,1103,99
2026-08-21T02:51:39.3876449+12:00,4090-deep-105k,0,NVIDIA GeForce RTX 5090,GPU-67921d1c-ee8e-304f-b562-d6f87617c5a0,32607,30565,1623,0
2026-08-21T02:51:39.3876449+12:00,4090-deep-105k,1,NVIDIA GeForce RTX 4090,GPU-eed52936-813f-8d68-1654-bfb56cb42bc3,24564,23036,1103,95
2026-08-21T02:51:39.6991243+12:00,4090-deep-105k,0,NVIDIA GeForce RTX 5090,GPU-67921d1c-ee8e-304f-b562-d6f87617c5a0,32607,30565,1623,0
2026-08-21T02:51:39.6991243+12:00,4090-deep-105k,1,NVIDIA GeForce RTX 4090,GPU-eed52936-813f-8d68-1654-bfb56cb42bc3,24564,23036,1103,95
2026-08-21T02:51:40.0275465+12:00,4090-deep-105k,0,NVIDIA GeForce RTX 5090,GPU-67921d1c-ee8e-304f-b562-d6f87617c5a0,32607,30565,1623,0
2026-08-21T02:51:40.0275465+12:00,4090-deep-105k,1,NVIDIA GeForce RTX 4090,GPU-eed52936-813f-8d68-1654-bfb56cb42bc3,24564,23036,1103,97
2026-08-21T02:51:40.3387506+12:00,4090-deep-105k,0,NVIDIA GeForce RTX 5090,GPU-67921d1c-ee8e-304f-b562-d6f87617c5a0,32607,30565,1623,0
2026-08-21T02:51:40.3387506+12:00,4090-deep-105k,1,NVIDIA GeForce RTX 4090,GPU-eed52936-813f-8d68-1654-bfb56cb42bc3,24564,23036,1103,98
2026-08-21T02:51:40.6539883+12:00,4090-deep-105k,0,NVIDIA GeForce RTX 5090,GPU-67921d1c-ee8e-304f-b562-d6f87617c5a0,32607,30559,1629,0
2026-08-21T02:51:40.6539883+12:00,4090-deep-105k,1,NVIDIA GeForce RTX 4090,GPU-eed52936-813f-8d68-1654-bfb56cb42bc3,24564,23036,1103,98
2026-08-21T02:51:40.9698359+12:00,4090-deep-105k,0,NVIDIA GeForce RTX 5090,GPU-67921d1c-ee8e-304f-b562-d6f87617c5a0,32607,30559,1629,0
2026-08-21T02:51:40.9698359+12:00,4090-deep-105k,1,NVIDIA GeForce RTX 4090,GPU-eed52936-813f-8d68-1654-bfb56cb42bc3,24564,23036,1103,72
2026-08-21T02:51:41.2826846+12:00,4090-deep-105k,0,NVIDIA GeForce RTX 5090,GPU-67921d1c-ee8e-304f-b562-d6f87617c5a0,32607,30559,1629,0
2026-08-21T02:51:41.2826846+12:00,4090-deep-105k,1,NVIDIA GeForce RTX 4090,GPU-eed52936-813f-8d68-1654-bfb56cb42bc3,24564,23036,1103,99
2026-08-21T02:51:41.6082124+12:00,4090-deep-105k,0,NVIDIA GeForce RTX 5090,GPU-67921d1c-ee8e-304f-b562-d6f87617c5a0,32607,30564,1624,0
2026-08-21T02:51:41.6082124+12:00,4090-deep-105k,1,NVIDIA GeForce RTX 4090,GPU-eed52936-813f-8d68-1654-bfb56cb42bc3,24564,23036,1103,99
2026-08-21T02:51:41.9387618+12:00,4090-deep-105k,0,NVIDIA GeForce RTX 5090,GPU-67921d1c-ee8e-304f-b562-d6f87617c5a0,32607,30564,1624,0
2026-08-21T02:51:41.9387618+12:00,4090-deep-105k,1,NVIDIA GeForce RTX 4090,GPU-eed52936-813f-8d68-1654-bfb56cb42bc3,24564,23036,1103,95
2026-08-21T02:51:42.2506091+12:00,4090-deep-105k,0,NVIDIA GeForce RTX 5090,GPU-67921d1c-ee8e-304f-b562-d6f87617c5a0,32607,30564,1624,0
2026-08-21T02:51:42.2506091+12:00,4090-deep-105k,1,NVIDIA GeForce RTX 4090,GPU-eed52936-813f-8d68-1654-bfb56cb42bc3,24564,23036,1103,95
2026-08-21T02:51:42.5631343+12:00,4090-deep-105k,0,NVIDIA GeForce RTX 5090,GPU-67921d1c-ee8e-304f-b562-d6f87617c5a0,32607,30565,1623,0
2026-08-21T02:51:42.5631343+12:00,4090-deep-105k,1,NVIDIA GeForce RTX 4090,GPU-eed52936-813f-8d68-1654-bfb56cb42bc3,24564,23036,1103,99
2026-08-21T02:51:42.8752165+12:00,4090-deep-105k,0,NVIDIA GeForce RTX 5090,GPU-67921d1c-ee8e-304f-b562-d6f87617c5a0,32607,30565,1623,0
2026-08-21T02:51:42.8752165+12:00,4090-deep-105k,1,NVIDIA GeForce RTX 4090,GPU-eed52936-813f-8d68-1654-bfb56cb42bc3,24564,23036,1103,98
2026-08-21T02:51:43.1870580+12:00,4090-deep-105k,0,NVIDIA GeForce RTX 5090,GPU-67921d1c-ee8e-304f-b562-d6f87617c5a0,32607,30565,1623,0
2026-08-21T02:51:43.1870580+12:00,4090-deep-105k,1,NVIDIA GeForce RTX 4090,GPU-eed52936-813f-8d68-1654-bfb56cb42bc3,24564,23036,1103,98
2026-08-21T02:51:43.5012436+12:00,4090-deep-105k,0,NVIDIA GeForce RTX 5090,GPU-67921d1c-ee8e-304f-b562-d6f87617c5a0,32607,30563,1625,0
2026-08-21T02:51:43.5012436+12:00,4090-deep-105k,1,NVIDIA GeForce RTX 4090,GPU-eed52936-813f-8d68-1654-bfb56cb42bc3,24564,23036,1103,71
2026-08-21T02:51:43.8156856+12:00,4090-deep-105k,0,NVIDIA GeForce RTX 5090,GPU-67921d1c-ee8e-304f-b562-d6f87617c5a0,32607,30559,1629,0
2026-08-21T02:51:43.8156856+12:00,4090-deep-105k,1,NVIDIA GeForce RTX 4090,GPU-eed52936-813f-8d68-1654-bfb56cb42bc3,24564,23036,1103,99
2026-08-21T02:51:44.1278694+12:00,4090-deep-105k,0,NVIDIA GeForce RTX 5090,GPU-67921d1c-ee8e-304f-b562-d6f87617c5a0,32607,30559,1629,0
2026-08-21T02:51:44.1278694+12:00,4090-deep-105k,1,NVIDIA GeForce RTX 4090,GPU-eed52936-813f-8d68-1654-bfb56cb42bc3,24564,23036,1103,99
2026-08-21T02:51:44.4419993+12:00,4090-deep-105k,0,NVIDIA GeForce RTX 5090,GPU-67921d1c-ee8e-304f-b562-d6f87617c5a0,32607,30559,1629,0
2026-08-21T02:51:44.4419993+12:00,4090-deep-105k,1,NVIDIA GeForce RTX 4090,GPU-eed52936-813f-8d68-1654-bfb56cb42bc3,24564,23036,1103,98
2026-08-21T02:51:44.7533366+12:00,4090-deep-105k,0,NVIDIA GeForce RTX 5090,GPU-67921d1c-ee8e-304f-b562-d6f87617c5a0,32607,30559,1629,0
2026-08-21T02:51:44.7533366+12:00,4090-deep-105k,1,NVIDIA GeForce RTX 4090,GPU-eed52936-813f-8d68-1654-bfb56cb42bc3,24564,23036,1103,98
2026-08-21T02:51:45.0679164+12:00,4090-deep-105k,0,NVIDIA GeForce RTX 5090,GPU-67921d1c-ee8e-304f-b562-d6f87617c5a0,32607,30559,1629,0
2026-08-21T02:51:45.0679164+12:00,4090-deep-105k,1,NVIDIA GeForce RTX 4090,GPU-eed52936-813f-8d68-1654-bfb56cb42bc3,24564,23036,1103,95
2026-08-21T02:51:45.3826392+12:00,4090-deep-105k,0,NVIDIA GeForce RTX 5090,GPU-67921d1c-ee8e-304f-b562-d6f87617c5a0,32607,30564,1624,0
2026-08-21T02:51:45.3826392+12:00,4090-deep-105k,1,NVIDIA GeForce RTX 4090,GPU-eed52936-813f-8d68-1654-bfb56cb42bc3,24564,23036,1103,99
2026-08-21T02:51:45.6919328+12:00,4090-deep-105k,0,NVIDIA GeForce RTX 5090,GPU-67921d1c-ee8e-304f-b562-d6f87617c5a0,32607,30564,1624,0
2026-08-21T02:51:45.6919328+12:00,4090-deep-105k,1,NVIDIA GeForce RTX 4090,GPU-eed52936-813f-8d68-1654-bfb56cb42bc3,24564,23036,1103,99
2026-08-21T02:51:46.0022498+12:00,4090-deep-105k,0,NVIDIA GeForce RTX 5090,GPU-67921d1c-ee8e-304f-b562-d6f87617c5a0,32607,30564,1624,0
2026-08-21T02:51:46.0022498+12:00,4090-deep-105k,1,NVIDIA GeForce RTX 4090,GPU-eed52936-813f-8d68-1654-bfb56cb42bc3,24564,23036,1103,77
2026-08-21T02:51:46.3154605+12:00,4090-deep-105k,0,NVIDIA GeForce RTX 5090,GPU-67921d1c-ee8e-304f-b562-d6f87617c5a0,32607,30564,1624,0
2026-08-21T02:51:46.3154605+12:00,4090-deep-105k,1,NVIDIA GeForce RTX 4090,GPU-eed52936-813f-8d68-1654-bfb56cb42bc3,24564,23036,1103,77
2026-08-21T02:51:46.6256826+12:00,4090-deep-105k,0,NVIDIA GeForce RTX 5090,GPU-67921d1c-ee8e-304f-b562-d6f87617c5a0,32607,30565,1623,0
2026-08-21T02:51:46.6256826+12:00,4090-deep-105k,1,NVIDIA GeForce RTX 4090,GPU-eed52936-813f-8d68-1654-bfb56cb42bc3,24564,23036,1103,77
2026-08-21T02:51:46.9566362+12:00,4090-deep-105k,0,NVIDIA GeForce RTX 5090,GPU-67921d1c-ee8e-304f-b562-d6f87617c5a0,32607,30565,1623,0
2026-08-21T02:51:46.9566362+12:00,4090-deep-105k,1,NVIDIA GeForce RTX 4090,GPU-eed52936-813f-8d68-1654-bfb56cb42bc3,24564,23036,1103,99
2026-08-21T02:51:47.2668968+12:00,4090-deep-105k,0,NVIDIA GeForce RTX 5090,GPU-67921d1c-ee8e-304f-b562-d6f87617c5a0,32607,30565,1623,0
2026-08-21T02:51:47.2668968+12:00,4090-deep-105k,1,NVIDIA GeForce RTX 4090,GPU-eed52936-813f-8d68-1654-bfb56cb42bc3,24564,23036,1103,94
2026-08-21T02:51:47.6051470+12:00,4090-deep-105k,0,NVIDIA GeForce RTX 5090,GPU-67921d1c-ee8e-304f-b562-d6f87617c5a0,32607,30565,1623,0
2026-08-21T02:51:47.6051470+12:00,4090-deep-105k,1,NVIDIA GeForce RTX 4090,GPU-eed52936-813f-8d68-1654-bfb56cb42bc3,24564,23036,1103,94
2026-08-21T02:51:47.9371327+12:00,4090-deep-105k,0,NVIDIA GeForce RTX 5090,GPU-67921d1c-ee8e-304f-b562-d6f87617c5a0,32607,30565,1623,0
2026-08-21T02:51:47.9371327+12:00,4090-deep-105k,1,NVIDIA GeForce RTX 4090,GPU-eed52936-813f-8d68-1654-bfb56cb42bc3,24564,23036,1103,95
2026-08-21T02:51:48.2481499+12:00,4090-deep-105k,0,NVIDIA GeForce RTX 5090,GPU-67921d1c-ee8e-304f-b562-d6f87617c5a0,32607,30565,1623,0
2026-08-21T02:51:48.2481499+12:00,4090-deep-105k,1,NVIDIA GeForce RTX 4090,GPU-eed52936-813f-8d68-1654-bfb56cb42bc3,24564,23036,1103,95
2026-08-21T02:51:48.5606686+12:00,4090-deep-105k,0,NVIDIA GeForce RTX 5090,GPU-67921d1c-ee8e-304f-b562-d6f87617c5a0,32607,30559,1629,0
2026-08-21T02:51:48.5606686+12:00,4090-deep-105k,1,NVIDIA GeForce RTX 4090,GPU-eed52936-813f-8d68-1654-bfb56cb42bc3,24564,23036,1103,99
2026-08-21T02:51:48.8718532+12:00,4090-deep-105k,0,NVIDIA GeForce RTX 5090,GPU-67921d1c-ee8e-304f-b562-d6f87617c5a0,32607,30559,1629,0
2026-08-21T02:51:48.8718532+12:00,4090-deep-105k,1,NVIDIA GeForce RTX 4090,GPU-eed52936-813f-8d68-1654-bfb56cb42bc3,24564,23036,1103,87
2026-08-21T02:51:49.1849259+12:00,4090-deep-105k,0,NVIDIA GeForce RTX 5090,GPU-67921d1c-ee8e-304f-b562-d6f87617c5a0,32607,30559,1629,0
2026-08-21T02:51:49.1849259+12:00,4090-deep-105k,1,NVIDIA GeForce RTX 4090,GPU-eed52936-813f-8d68-1654-bfb56cb42bc3,24564,23036,1103,87
2026-08-21T02:51:49.4957864+12:00,4090-deep-105k,0,NVIDIA GeForce RTX 5090,GPU-67921d1c-ee8e-304f-b562-d6f87617c5a0,32607,30564,1624,0
2026-08-21T02:51:49.4957864+12:00,4090-deep-105k,1,NVIDIA GeForce RTX 4090,GPU-eed52936-813f-8d68-1654-bfb56cb42bc3,24564,23036,1103,73
2026-08-21T02:51:49.8110075+12:00,4090-deep-105k,0,NVIDIA GeForce RTX 5090,GPU-67921d1c-ee8e-304f-b562-d6f87617c5a0,32607,30564,1624,0
2026-08-21T02:51:49.8110075+12:00,4090-deep-105k,1,NVIDIA GeForce RTX 4090,GPU-eed52936-813f-8d68-1654-bfb56cb42bc3,24564,23036,1103,99
2026-08-21T02:51:50.1238770+12:00,4090-deep-105k,0,NVIDIA GeForce RTX 5090,GPU-67921d1c-ee8e-304f-b562-d6f87617c5a0,32607,30564,1624,0
2026-08-21T02:51:50.1238770+12:00,4090-deep-105k,1,NVIDIA GeForce RTX 4090,GPU-eed52936-813f-8d68-1654-bfb56cb42bc3,24564,23036,1103,99
2026-08-21T02:51:50.4360210+12:00,4090-deep-105k,0,NVIDIA GeForce RTX 5090,GPU-67921d1c-ee8e-304f-b562-d6f87617c5a0,32607,30565,1623,0
2026-08-21T02:51:50.4360210+12:00,4090-deep-105k,1,NVIDIA GeForce RTX 4090,GPU-eed52936-813f-8d68-1654-bfb56cb42bc3,24564,23036,1103,99
2026-08-21T02:51:50.7505162+12:00,4090-deep-105k,0,NVIDIA GeForce RTX 5090,GPU-67921d1c-ee8e-304f-b562-d6f87617c5a0,32607,30565,1623,0
2026-08-21T02:51:50.7505162+12:00,4090-deep-105k,1,NVIDIA GeForce RTX 4090,GPU-eed52936-813f-8d68-1654-bfb56cb42bc3,24564,23036,1103,99
2026-08-21T02:51:51.0653873+12:00,4090-deep-105k,0,NVIDIA GeForce RTX 5090,GPU-67921d1c-ee8e-304f-b562-d6f87617c5a0,32607,30565,1623,0
2026-08-21T02:51:51.0653873+12:00,4090-deep-105k,1,NVIDIA GeForce RTX 4090,GPU-eed52936-813f-8d68-1654-bfb56cb42bc3,24564,23036,1103,94
2026-08-21T02:51:51.3760788+12:00,4090-deep-105k,0,NVIDIA GeForce RTX 5090,GPU-67921d1c-ee8e-304f-b562-d6f87617c5a0,32607,30565,1623,0
2026-08-21T02:51:51.3760788+12:00,4090-deep-105k,1,NVIDIA GeForce RTX 4090,GPU-eed52936-813f-8d68-1654-bfb56cb42bc3,24564,23036,1103,96
2026-08-21T02:51:51.6882954+12:00,4090-deep-105k,0,NVIDIA GeForce RTX 5090,GPU-67921d1c-ee8e-304f-b562-d6f87617c5a0,32607,30559,1629,0
2026-08-21T02:51:51.6882954+12:00,4090-deep-105k,1,NVIDIA GeForce RTX 4090,GPU-eed52936-813f-8d68-1654-bfb56cb42bc3,24564,23036,1103,96
2026-08-21T02:51:52.0192154+12:00,4090-deep-105k,0,NVIDIA GeForce RTX 5090,GPU-67921d1c-ee8e-304f-b562-d6f87617c5a0,32607,30559,1629,0
2026-08-21T02:51:52.0192154+12:00,4090-deep-105k,1,NVIDIA GeForce RTX 4090,GPU-eed52936-813f-8d68-1654-bfb56cb42bc3,24564,23036,1103,99
2026-08-21T02:51:52.3293823+12:00,4090-deep-105k,0,NVIDIA GeForce RTX 5090,GPU-67921d1c-ee8e-304f-b562-d6f87617c5a0,32607,30559,1629,0
2026-08-21T02:51:52.3293823+12:00,4090-deep-105k,1,NVIDIA GeForce RTX 4090,GPU-eed52936-813f-8d68-1654-bfb56cb42bc3,24564,23036,1103,87
2026-08-21T02:51:52.6447896+12:00,4090-deep-105k,0,NVIDIA GeForce RTX 5090,GPU-67921d1c-ee8e-304f-b562-d6f87617c5a0,32607,30559,1629,0
2026-08-21T02:51:52.6447896+12:00,4090-deep-105k,1,NVIDIA GeForce RTX 4090,GPU-eed52936-813f-8d68-1654-bfb56cb42bc3,24564,23036,1103,87
2026-08-21T02:51:52.9584968+12:00,4090-deep-105k,0,NVIDIA GeForce RTX 5090,GPU-67921d1c-ee8e-304f-b562-d6f87617c5a0,32607,30559,1629,0
2026-08-21T02:51:52.9584968+12:00,4090-deep-105k,1,NVIDIA GeForce RTX 4090,GPU-eed52936-813f-8d68-1654-bfb56cb42bc3,24564,23036,1103,74
2026-08-21T02:51:53.2714279+12:00,4090-deep-105k,0,NVIDIA GeForce RTX 5090,GPU-67921d1c-ee8e-304f-b562-d6f87617c5a0,32607,30559,1629,0
2026-08-21T02:51:53.2714279+12:00,4090-deep-105k,1,NVIDIA GeForce RTX 4090,GPU-eed52936-813f-8d68-1654-bfb56cb42bc3,24564,23036,1103,96
2026-08-21T02:51:53.5894880+12:00,4090-deep-105k,0,NVIDIA GeForce RTX 5090,GPU-67921d1c-ee8e-304f-b562-d6f87617c5a0,32607,30579,1609,0
2026-08-21T02:51:53.5894880+12:00,4090-deep-105k,1,NVIDIA GeForce RTX 4090,GPU-eed52936-813f-8d68-1654-bfb56cb42bc3,24564,23036,1103,96
2026-08-21T02:51:53.9111065+12:00,4090-deep-105k,0,NVIDIA GeForce RTX 5090,GPU-67921d1c-ee8e-304f-b562-d6f87617c5a0,32607,30579,1609,0
2026-08-21T02:51:53.9111065+12:00,4090-deep-105k,1,NVIDIA GeForce RTX 4090,GPU-eed52936-813f-8d68-1654-bfb56cb42bc3,24564,23036,1103,99
2026-08-21T02:51:54.2207783+12:00,4090-deep-105k,0,NVIDIA GeForce RTX 5090,GPU-67921d1c-ee8e-304f-b562-d6f87617c5a0,32607,30579,1609,0
2026-08-21T02:51:54.2207783+12:00,4090-deep-105k,1,NVIDIA GeForce RTX 4090,GPU-eed52936-813f-8d68-1654-bfb56cb42bc3,24564,23036,1103,99
2026-08-21T02:51:54.5352169+12:00,4090-deep-105k,0,NVIDIA GeForce RTX 5090,GPU-67921d1c-ee8e-304f-b562-d6f87617c5a0,32607,30579,1609,0
2026-08-21T02:51:54.5352169+12:00,4090-deep-105k,1,NVIDIA GeForce RTX 4090,GPU-eed52936-813f-8d68-1654-bfb56cb42bc3,24564,23036,1103,97
2026-08-21T02:51:54.8481182+12:00,4090-deep-105k,0,NVIDIA GeForce RTX 5090,GPU-67921d1c-ee8e-304f-b562-d6f87617c5a0,32607,30579,1609,0
2026-08-21T02:51:54.8481182+12:00,4090-deep-105k,1,NVIDIA GeForce RTX 4090,GPU-eed52936-813f-8d68-1654-bfb56cb42bc3,24564,23036,1103,95
2026-08-21T02:51:55.1602439+12:00,4090-deep-105k,0,NVIDIA GeForce RTX 5090,GPU-67921d1c-ee8e-304f-b562-d6f87617c5a0,32607,30579,1609,0
2026-08-21T02:51:55.1602439+12:00,4090-deep-105k,1,NVIDIA GeForce RTX 4090,GPU-eed52936-813f-8d68-1654-bfb56cb42bc3,24564,23036,1103,95
2026-08-21T02:51:55.4884820+12:00,4090-deep-105k,0,NVIDIA GeForce RTX 5090,GPU-67921d1c-ee8e-304f-b562-d6f87617c5a0,32607,30573,1615,0
2026-08-21T02:51:55.4884820+12:00,4090-deep-105k,1,NVIDIA GeForce RTX 4090,GPU-eed52936-813f-8d68-1654-bfb56cb42bc3,24564,23036,1103,99
2026-08-21T02:51:55.8037450+12:00,4090-deep-105k,0,NVIDIA GeForce RTX 5090,GPU-67921d1c-ee8e-304f-b562-d6f87617c5a0,32607,30569,1619,0
2026-08-21T02:51:55.8037450+12:00,4090-deep-105k,1,NVIDIA GeForce RTX 4090,GPU-eed52936-813f-8d68-1654-bfb56cb42bc3,24564,23036,1103,99
2026-08-21T02:51:56.1132205+12:00,4090-deep-105k,0,NVIDIA GeForce RTX 5090,GPU-67921d1c-ee8e-304f-b562-d6f87617c5a0,32607,30569,1619,0
2026-08-21T02:51:56.1132205+12:00,4090-deep-105k,1,NVIDIA GeForce RTX 4090,GPU-eed52936-813f-8d68-1654-bfb56cb42bc3,24564,23036,1103,99
2026-08-21T02:51:56.4269783+12:00,4090-deep-105k,0,NVIDIA GeForce RTX 5090,GPU-67921d1c-ee8e-304f-b562-d6f87617c5a0,32607,30567,1621,0
2026-08-21T02:51:56.4269783+12:00,4090-deep-105k,1,NVIDIA GeForce RTX 4090,GPU-eed52936-813f-8d68-1654-bfb56cb42bc3,24564,23036,1103,99
2026-08-21T02:51:56.7559126+12:00,4090-deep-105k,0,NVIDIA GeForce RTX 5090,GPU-67921d1c-ee8e-304f-b562-d6f87617c5a0,32607,30563,1625,0
2026-08-21T02:51:56.7559126+12:00,4090-deep-105k,1,NVIDIA GeForce RTX 4090,GPU-eed52936-813f-8d68-1654-bfb56cb42bc3,24564,23036,1103,99
2026-08-21T02:51:57.0669790+12:00,4090-deep-105k,0,NVIDIA GeForce RTX 5090,GPU-67921d1c-ee8e-304f-b562-d6f87617c5a0,32607,30563,1625,0
2026-08-21T02:51:57.0669790+12:00,4090-deep-105k,1,NVIDIA GeForce RTX 4090,GPU-eed52936-813f-8d68-1654-bfb56cb42bc3,24564,23036,1103,72
2026-08-21T02:51:57.3789839+12:00,4090-deep-105k,0,NVIDIA GeForce RTX 5090,GPU-67921d1c-ee8e-304f-b562-d6f87617c5a0,32607,30563,1625,0
2026-08-21T02:51:57.3789839+12:00,4090-deep-105k,1,NVIDIA GeForce RTX 4090,GPU-eed52936-813f-8d68-1654-bfb56cb42bc3,24564,23036,1103,74
2026-08-21T02:51:57.7073418+12:00,4090-deep-105k,0,NVIDIA GeForce RTX 5090,GPU-67921d1c-ee8e-304f-b562-d6f87617c5a0,32607,30568,1620,0
2026-08-21T02:51:57.7073418+12:00,4090-deep-105k,1,NVIDIA GeForce RTX 4090,GPU-eed52936-813f-8d68-1654-bfb56cb42bc3,24564,23036,1103,74
2026-08-21T02:51:58.0173885+12:00,4090-deep-105k,0,NVIDIA GeForce RTX 5090,GPU-67921d1c-ee8e-304f-b562-d6f87617c5a0,32607,30568,1620,0
2026-08-21T02:51:58.0173885+12:00,4090-deep-105k,1,NVIDIA GeForce RTX 4090,GPU-eed52936-813f-8d68-1654-bfb56cb42bc3,24564,23036,1103,99
2026-08-21T02:51:58.3313916+12:00,4090-deep-105k,0,NVIDIA GeForce RTX 5090,GPU-67921d1c-ee8e-304f-b562-d6f87617c5a0,32607,30568,1620,0
2026-08-21T02:51:58.3313916+12:00,4090-deep-105k,1,NVIDIA GeForce RTX 4090,GPU-eed52936-813f-8d68-1654-bfb56cb42bc3,24564,23036,1103,99
2026-08-21T02:51:58.6454330+12:00,4090-deep-105k,0,NVIDIA GeForce RTX 5090,GPU-67921d1c-ee8e-304f-b562-d6f87617c5a0,32607,30575,1613,0
2026-08-21T02:51:58.6454330+12:00,4090-deep-105k,1,NVIDIA GeForce RTX 4090,GPU-eed52936-813f-8d68-1654-bfb56cb42bc3,24564,23036,1103,99
2026-08-21T02:51:58.9561496+12:00,4090-deep-105k,0,NVIDIA GeForce RTX 5090,GPU-67921d1c-ee8e-304f-b562-d6f87617c5a0,32607,30575,1613,0
2026-08-21T02:51:58.9561496+12:00,4090-deep-105k,1,NVIDIA GeForce RTX 4090,GPU-eed52936-813f-8d68-1654-bfb56cb42bc3,24564,23036,1103,98
2026-08-21T02:51:59.2677322+12:00,4090-deep-105k,0,NVIDIA GeForce RTX 5090,GPU-67921d1c-ee8e-304f-b562-d6f87617c5a0,32607,30575,1613,0
2026-08-21T02:51:59.2677322+12:00,4090-deep-105k,1,NVIDIA GeForce RTX 4090,GPU-eed52936-813f-8d68-1654-bfb56cb42bc3,24564,23036,1103,94
2026-08-21T02:51:59.5794442+12:00,4090-deep-105k,0,NVIDIA GeForce RTX 5090,GPU-67921d1c-ee8e-304f-b562-d6f87617c5a0,32607,30572,1616,0
2026-08-21T02:51:59.5794442+12:00,4090-deep-105k,1,NVIDIA GeForce RTX 4090,GPU-eed52936-813f-8d68-1654-bfb56cb42bc3,24564,23036,1103,94
2026-08-21T02:51:59.8947891+12:00,4090-deep-105k,0,NVIDIA GeForce RTX 5090,GPU-67921d1c-ee8e-304f-b562-d6f87617c5a0,32607,30572,1616,0
2026-08-21T02:51:59.8947891+12:00,4090-deep-105k,1,NVIDIA GeForce RTX 4090,GPU-eed52936-813f-8d68-1654-bfb56cb42bc3,24564,23036,1103,95
2026-08-21T02:52:00.2041089+12:00,4090-deep-105k,0,NVIDIA GeForce RTX 5090,GPU-67921d1c-ee8e-304f-b562-d6f87617c5a0,32607,30572,1616,0
2026-08-21T02:52:00.2041089+12:00,4090-deep-105k,1,NVIDIA GeForce RTX 4090,GPU-eed52936-813f-8d68-1654-bfb56cb42bc3,24564,23036,1103,95
2026-08-21T02:52:00.5283750+12:00,4090-deep-105k,0,NVIDIA GeForce RTX 5090,GPU-67921d1c-ee8e-304f-b562-d6f87617c5a0,32607,30565,1623,0
2026-08-21T02:52:00.5283750+12:00,4090-deep-105k,1,NVIDIA GeForce RTX 4090,GPU-eed52936-813f-8d68-1654-bfb56cb42bc3,24564,23036,1103,99
2026-08-21T02:52:00.8422386+12:00,4090-deep-105k,0,NVIDIA GeForce RTX 5090,GPU-67921d1c-ee8e-304f-b562-d6f87617c5a0,32607,30561,1627,0
2026-08-21T02:52:00.8422386+12:00,4090-deep-105k,1,NVIDIA GeForce RTX 4090,GPU-eed52936-813f-8d68-1654-bfb56cb42bc3,24564,23036,1103,99
2026-08-21T02:52:01.1561436+12:00,4090-deep-105k,0,NVIDIA GeForce RTX 5090,GPU-67921d1c-ee8e-304f-b562-d6f87617c5a0,32607,30561,1627,0
2026-08-21T02:52:01.1561436+12:00,4090-deep-105k,1,NVIDIA GeForce RTX 4090,GPU-eed52936-813f-8d68-1654-bfb56cb42bc3,24564,23036,1103,99
2026-08-21T02:52:01.4675171+12:00,4090-deep-105k,0,NVIDIA GeForce RTX 5090,GPU-67921d1c-ee8e-304f-b562-d6f87617c5a0,32607,30566,1622,0
2026-08-21T02:52:01.4675171+12:00,4090-deep-105k,1,NVIDIA GeForce RTX 4090,GPU-eed52936-813f-8d68-1654-bfb56cb42bc3,24564,23036,1103,98
2026-08-21T02:52:01.7804066+12:00,4090-deep-105k,0,NVIDIA GeForce RTX 5090,GPU-67921d1c-ee8e-304f-b562-d6f87617c5a0,32607,30566,1622,0
2026-08-21T02:52:01.7804066+12:00,4090-deep-105k,1,NVIDIA GeForce RTX 4090,GPU-eed52936-813f-8d68-1654-bfb56cb42bc3,24564,23036,1103,89
2026-08-21T02:52:02.0931037+12:00,4090-deep-105k,0,NVIDIA GeForce RTX 5090,GPU-67921d1c-ee8e-304f-b562-d6f87617c5a0,32607,30566,1622,0
2026-08-21T02:52:02.0931037+12:00,4090-deep-105k,1,NVIDIA GeForce RTX 4090,GPU-eed52936-813f-8d68-1654-bfb56cb42bc3,24564,23036,1103,89
2026-08-21T02:52:02.4077932+12:00,4090-deep-105k,0,NVIDIA GeForce RTX 5090,GPU-67921d1c-ee8e-304f-b562-d6f87617c5a0,32607,30567,1621,0
2026-08-21T02:52:02.4077932+12:00,4090-deep-105k,1,NVIDIA GeForce RTX 4090,GPU-eed52936-813f-8d68-1654-bfb56cb42bc3,24564,23036,1103,74
2026-08-21T02:52:02.7343771+12:00,4090-deep-105k,0,NVIDIA GeForce RTX 5090,GPU-67921d1c-ee8e-304f-b562-d6f87617c5a0,32607,30567,1621,0
2026-08-21T02:52:02.7343771+12:00,4090-deep-105k,1,NVIDIA GeForce RTX 4090,GPU-eed52936-813f-8d68-1654-bfb56cb42bc3,24564,23036,1103,74
2026-08-21T02:52:03.0648238+12:00,4090-deep-105k,0,NVIDIA GeForce RTX 5090,GPU-67921d1c-ee8e-304f-b562-d6f87617c5a0,32607,30567,1621,0
2026-08-21T02:52:03.0648238+12:00,4090-deep-105k,1,NVIDIA GeForce RTX 4090,GPU-eed52936-813f-8d68-1654-bfb56cb42bc3,24564,23036,1103,73
2026-08-21T02:52:03.3780285+12:00,4090-deep-105k,0,NVIDIA GeForce RTX 5090,GPU-67921d1c-ee8e-304f-b562-d6f87617c5a0,32607,30567,1621,0
2026-08-21T02:52:03.3780285+12:00,4090-deep-105k,1,NVIDIA GeForce RTX 4090,GPU-eed52936-813f-8d68-1654-bfb56cb42bc3,24564,23036,1103,89
2026-08-21T02:52:03.7068750+12:00,4090-deep-105k,0,NVIDIA GeForce RTX 5090,GPU-67921d1c-ee8e-304f-b562-d6f87617c5a0,32607,30566,1622,0
2026-08-21T02:52:03.7068750+12:00,4090-deep-105k,1,NVIDIA GeForce RTX 4090,GPU-eed52936-813f-8d68-1654-bfb56cb42bc3,24564,23036,1103,89
2026-08-21T02:52:04.0181077+12:00,4090-deep-105k,0,NVIDIA GeForce RTX 5090,GPU-67921d1c-ee8e-304f-b562-d6f87617c5a0,32607,30566,1622,0
2026-08-21T02:52:04.0181077+12:00,4090-deep-105k,1,NVIDIA GeForce RTX 4090,GPU-eed52936-813f-8d68-1654-bfb56cb42bc3,24564,23036,1103,99
2026-08-21T02:52:04.3315112+12:00,4090-deep-105k,0,NVIDIA GeForce RTX 5090,GPU-67921d1c-ee8e-304f-b562-d6f87617c5a0,32607,30566,1622,0
2026-08-21T02:52:04.3315112+12:00,4090-deep-105k,1,NVIDIA GeForce RTX 4090,GPU-eed52936-813f-8d68-1654-bfb56cb42bc3,24564,23036,1103,99
2026-08-21T02:52:04.6456547+12:00,4090-deep-105k,0,NVIDIA GeForce RTX 5090,GPU-67921d1c-ee8e-304f-b562-d6f87617c5a0,32607,30559,1629,0
2026-08-21T02:52:04.6456547+12:00,4090-deep-105k,1,NVIDIA GeForce RTX 4090,GPU-eed52936-813f-8d68-1654-bfb56cb42bc3,24564,23036,1103,99
2026-08-21T02:52:04.9562577+12:00,4090-deep-105k,0,NVIDIA GeForce RTX 5090,GPU-67921d1c-ee8e-304f-b562-d6f87617c5a0,32607,30559,1629,0
2026-08-21T02:52:04.9562577+12:00,4090-deep-105k,1,NVIDIA GeForce RTX 4090,GPU-eed52936-813f-8d68-1654-bfb56cb42bc3,24564,23036,1103,99
2026-08-21T02:52:05.2849749+12:00,4090-deep-105k,0,NVIDIA GeForce RTX 5090,GPU-67921d1c-ee8e-304f-b562-d6f87617c5a0,32607,30559,1629,0
2026-08-21T02:52:05.2849749+12:00,4090-deep-105k,1,NVIDIA GeForce RTX 4090,GPU-eed52936-813f-8d68-1654-bfb56cb42bc3,24564,23036,1103,99
2026-08-21T02:52:05.5998191+12:00,4090-deep-105k,0,NVIDIA GeForce RTX 5090,GPU-67921d1c-ee8e-304f-b562-d6f87617c5a0,32607,30564,1624,0
2026-08-21T02:52:05.5998191+12:00,4090-deep-105k,1,NVIDIA GeForce RTX 4090,GPU-eed52936-813f-8d68-1654-bfb56cb42bc3,24564,23036,1103,99
2026-08-21T02:52:05.9130046+12:00,4090-deep-105k,0,NVIDIA GeForce RTX 5090,GPU-67921d1c-ee8e-304f-b562-d6f87617c5a0,32607,30564,1624,0
2026-08-21T02:52:05.9130046+12:00,4090-deep-105k,1,NVIDIA GeForce RTX 4090,GPU-eed52936-813f-8d68-1654-bfb56cb42bc3,24564,23036,1103,95
2026-08-21T02:52:06.2401558+12:00,4090-deep-105k,0,NVIDIA GeForce RTX 5090,GPU-67921d1c-ee8e-304f-b562-d6f87617c5a0,32607,30564,1624,0
2026-08-21T02:52:06.2401558+12:00,4090-deep-105k,1,NVIDIA GeForce RTX 4090,GPU-eed52936-813f-8d68-1654-bfb56cb42bc3,24564,23036,1103,95
2026-08-21T02:52:06.5550863+12:00,4090-deep-105k,0,NVIDIA GeForce RTX 5090,GPU-67921d1c-ee8e-304f-b562-d6f87617c5a0,32607,30565,1623,0
2026-08-21T02:52:06.5550863+12:00,4090-deep-105k,1,NVIDIA GeForce RTX 4090,GPU-eed52936-813f-8d68-1654-bfb56cb42bc3,24564,23036,1103,94
2026-08-21T02:52:06.8702076+12:00,4090-deep-105k,0,NVIDIA GeForce RTX 5090,GPU-67921d1c-ee8e-304f-b562-d6f87617c5a0,32607,30565,1623,0
2026-08-21T02:52:06.8702076+12:00,4090-deep-105k,1,NVIDIA GeForce RTX 4090,GPU-eed52936-813f-8d68-1654-bfb56cb42bc3,24564,23036,1103,96
2026-08-21T02:52:07.1944279+12:00,4090-deep-105k,0,NVIDIA GeForce RTX 5090,GPU-67921d1c-ee8e-304f-b562-d6f87617c5a0,32607,30565,1623,0
2026-08-21T02:52:07.1944279+12:00,4090-deep-105k,1,NVIDIA GeForce RTX 4090,GPU-eed52936-813f-8d68-1654-bfb56cb42bc3,24564,23036,1103,96
2026-08-21T02:52:07.5236615+12:00,4090-deep-105k,0,NVIDIA GeForce RTX 5090,GPU-67921d1c-ee8e-304f-b562-d6f87617c5a0,32607,30565,1623,0
2026-08-21T02:52:07.5236615+12:00,4090-deep-105k,1,NVIDIA GeForce RTX 4090,GPU-eed52936-813f-8d68-1654-bfb56cb42bc3,24564,23036,1103,82
2026-08-21T02:52:07.8341762+12:00,4090-deep-105k,0,NVIDIA GeForce RTX 5090,GPU-67921d1c-ee8e-304f-b562-d6f87617c5a0,32607,30565,1623,0
2026-08-21T02:52:07.8341762+12:00,4090-deep-105k,1,NVIDIA GeForce RTX 4090,GPU-eed52936-813f-8d68-1654-bfb56cb42bc3,24564,23036,1103,95
2026-08-21T02:52:08.1454804+12:00,4090-deep-105k,0,NVIDIA GeForce RTX 5090,GPU-67921d1c-ee8e-304f-b562-d6f87617c5a0,32607,30565,1623,0
2026-08-21T02:52:08.1454804+12:00,4090-deep-105k,1,NVIDIA GeForce RTX 4090,GPU-eed52936-813f-8d68-1654-bfb56cb42bc3,24564,23036,1103,95
2026-08-21T02:52:08.4569841+12:00,4090-deep-105k,0,NVIDIA GeForce RTX 5090,GPU-67921d1c-ee8e-304f-b562-d6f87617c5a0,32607,30563,1625,0
2026-08-21T02:52:08.4569841+12:00,4090-deep-105k,1,NVIDIA GeForce RTX 4090,GPU-eed52936-813f-8d68-1654-bfb56cb42bc3,24564,23036,1103,93
2026-08-21T02:52:08.7712972+12:00,4090-deep-105k,0,NVIDIA GeForce RTX 5090,GPU-67921d1c-ee8e-304f-b562-d6f87617c5a0,32607,30559,1629,0
2026-08-21T02:52:08.7712972+12:00,4090-deep-105k,1,NVIDIA GeForce RTX 4090,GPU-eed52936-813f-8d68-1654-bfb56cb42bc3,24564,23036,1103,94
2026-08-21T02:52:09.0839133+12:00,4090-deep-105k,0,NVIDIA GeForce RTX 5090,GPU-67921d1c-ee8e-304f-b562-d6f87617c5a0,32607,30559,1629,0
2026-08-21T02:52:09.0839133+12:00,4090-deep-105k,1,NVIDIA GeForce RTX 4090,GPU-eed52936-813f-8d68-1654-bfb56cb42bc3,24564,23036,1103,94
2026-08-21T02:52:09.3991249+12:00,4090-deep-105k,0,NVIDIA GeForce RTX 5090,GPU-67921d1c-ee8e-304f-b562-d6f87617c5a0,32607,30564,1624,0
2026-08-21T02:52:09.3991249+12:00,4090-deep-105k,1,NVIDIA GeForce RTX 4090,GPU-eed52936-813f-8d68-1654-bfb56cb42bc3,24564,23036,1103,94
2026-08-21T02:52:09.7288499+12:00,4090-deep-105k,0,NVIDIA GeForce RTX 5090,GPU-67921d1c-ee8e-304f-b562-d6f87617c5a0,32607,30564,1624,0
2026-08-21T02:52:09.7288499+12:00,4090-deep-105k,1,NVIDIA GeForce RTX 4090,GPU-eed52936-813f-8d68-1654-bfb56cb42bc3,24564,23036,1103,94
2026-08-21T02:52:10.0424850+12:00,4090-deep-105k,0,NVIDIA GeForce RTX 5090,GPU-67921d1c-ee8e-304f-b562-d6f87617c5a0,32607,30564,1624,0
2026-08-21T02:52:10.0424850+12:00,4090-deep-105k,1,NVIDIA GeForce RTX 4090,GPU-eed52936-813f-8d68-1654-bfb56cb42bc3,24564,23036,1103,95
2026-08-21T02:52:10.3561797+12:00,4090-deep-105k,0,NVIDIA GeForce RTX 5090,GPU-67921d1c-ee8e-304f-b562-d6f87617c5a0,32607,30564,1624,0
2026-08-21T02:52:10.3561797+12:00,4090-deep-105k,1,NVIDIA GeForce RTX 4090,GPU-eed52936-813f-8d68-1654-bfb56cb42bc3,24564,23036,1103,94
2026-08-21T02:52:10.6850852+12:00,4090-deep-105k,0,NVIDIA GeForce RTX 5090,GPU-67921d1c-ee8e-304f-b562-d6f87617c5a0,32607,30565,1623,0
2026-08-21T02:52:10.6850852+12:00,4090-deep-105k,1,NVIDIA GeForce RTX 4090,GPU-eed52936-813f-8d68-1654-bfb56cb42bc3,24564,23036,1103,94
2026-08-21T02:52:10.9980182+12:00,4090-deep-105k,0,NVIDIA GeForce RTX 5090,GPU-67921d1c-ee8e-304f-b562-d6f87617c5a0,32607,30565,1623,0
2026-08-21T02:52:10.9980182+12:00,4090-deep-105k,1,NVIDIA GeForce RTX 4090,GPU-eed52936-813f-8d68-1654-bfb56cb42bc3,24564,23036,1103,95
2026-08-21T02:52:11.3254424+12:00,4090-deep-105k,0,NVIDIA GeForce RTX 5090,GPU-67921d1c-ee8e-304f-b562-d6f87617c5a0,32607,30565,1623,0
2026-08-21T02:52:11.3254424+12:00,4090-deep-105k,1,NVIDIA GeForce RTX 4090,GPU-eed52936-813f-8d68-1654-bfb56cb42bc3,24564,23036,1103,93
2026-08-21T02:52:11.6591451+12:00,4090-deep-105k,0,NVIDIA GeForce RTX 5090,GPU-67921d1c-ee8e-304f-b562-d6f87617c5a0,32607,30565,1623,0
2026-08-21T02:52:11.6591451+12:00,4090-deep-105k,1,NVIDIA GeForce RTX 4090,GPU-eed52936-813f-8d68-1654-bfb56cb42bc3,24564,23036,1103,93
2026-08-21T02:52:11.9806473+12:00,4090-deep-105k,0,NVIDIA GeForce RTX 5090,GPU-67921d1c-ee8e-304f-b562-d6f87617c5a0,32607,30565,1623,0
2026-08-21T02:52:11.9806473+12:00,4090-deep-105k,1,NVIDIA GeForce RTX 4090,GPU-eed52936-813f-8d68-1654-bfb56cb42bc3,24564,23036,1103,94
2026-08-21T02:52:12.2924286+12:00,4090-deep-105k,0,NVIDIA GeForce RTX 5090,GPU-67921d1c-ee8e-304f-b562-d6f87617c5a0,32607,30565,1623,0
2026-08-21T02:52:12.2924286+12:00,4090-deep-105k,1,NVIDIA GeForce RTX 4090,GPU-eed52936-813f-8d68-1654-bfb56cb42bc3,24564,23036,1103,95
2026-08-21T02:52:12.6220571+12:00,4090-deep-105k,0,NVIDIA GeForce RTX 5090,GPU-67921d1c-ee8e-304f-b562-d6f87617c5a0,32607,30559,1629,0
2026-08-21T02:52:12.6220571+12:00,4090-deep-105k,1,NVIDIA GeForce RTX 4090,GPU-eed52936-813f-8d68-1654-bfb56cb42bc3,24564,23036,1103,95
2026-08-21T02:52:12.9362115+12:00,4090-deep-105k,0,NVIDIA GeForce RTX 5090,GPU-67921d1c-ee8e-304f-b562-d6f87617c5a0,32607,30559,1629,0
2026-08-21T02:52:12.9362115+12:00,4090-deep-105k,1,NVIDIA GeForce RTX 4090,GPU-eed52936-813f-8d68-1654-bfb56cb42bc3,24564,23036,1103,95
2026-08-21T02:52:13.2484192+12:00,4090-deep-105k,0,NVIDIA GeForce RTX 5090,GPU-67921d1c-ee8e-304f-b562-d6f87617c5a0,32607,30559,1629,0
2026-08-21T02:52:13.2484192+12:00,4090-deep-105k,1,NVIDIA GeForce RTX 4090,GPU-eed52936-813f-8d68-1654-bfb56cb42bc3,24564,23036,1103,95
2026-08-21T02:52:13.5584181+12:00,4090-deep-105k,0,NVIDIA GeForce RTX 5090,GPU-67921d1c-ee8e-304f-b562-d6f87617c5a0,32607,30564,1624,0
2026-08-21T02:52:13.5584181+12:00,4090-deep-105k,1,NVIDIA GeForce RTX 4090,GPU-eed52936-813f-8d68-1654-bfb56cb42bc3,24564,23036,1103,96
2026-08-21T02:52:13.8711025+12:00,4090-deep-105k,0,NVIDIA GeForce RTX 5090,GPU-67921d1c-ee8e-304f-b562-d6f87617c5a0,32607,30564,1624,0
2026-08-21T02:52:13.8711025+12:00,4090-deep-105k,1,NVIDIA GeForce RTX 4090,GPU-eed52936-813f-8d68-1654-bfb56cb42bc3,24564,23036,1103,94
2026-08-21T02:52:14.1868160+12:00,4090-deep-105k,0,NVIDIA GeForce RTX 5090,GPU-67921d1c-ee8e-304f-b562-d6f87617c5a0,32607,30564,1624,0
2026-08-21T02:52:14.1868160+12:00,4090-deep-105k,1,NVIDIA GeForce RTX 4090,GPU-eed52936-813f-8d68-1654-bfb56cb42bc3,24564,23036,1103,94
2026-08-21T02:52:14.4997613+12:00,4090-deep-105k,0,NVIDIA GeForce RTX 5090,GPU-67921d1c-ee8e-304f-b562-d6f87617c5a0,32607,30565,1623,0
2026-08-21T02:52:14.4997613+12:00,4090-deep-105k,1,NVIDIA GeForce RTX 4090,GPU-eed52936-813f-8d68-1654-bfb56cb42bc3,24564,23036,1103,95
2026-08-21T02:52:14.8122124+12:00,4090-deep-105k,0,NVIDIA GeForce RTX 5090,GPU-67921d1c-ee8e-304f-b562-d6f87617c5a0,32607,30565,1623,0
2026-08-21T02:52:14.8122124+12:00,4090-deep-105k,1,NVIDIA GeForce RTX 4090,GPU-eed52936-813f-8d68-1654-bfb56cb42bc3,24564,23036,1103,95
2026-08-21T02:52:15.1238924+12:00,4090-deep-105k,0,NVIDIA GeForce RTX 5090,GPU-67921d1c-ee8e-304f-b562-d6f87617c5a0,32607,30565,1623,0
2026-08-21T02:52:15.1238924+12:00,4090-deep-105k,1,NVIDIA GeForce RTX 4090,GPU-eed52936-813f-8d68-1654-bfb56cb42bc3,24564,23036,1103,95
2026-08-21T02:52:15.4366776+12:00,4090-deep-105k,0,NVIDIA GeForce RTX 5090,GPU-67921d1c-ee8e-304f-b562-d6f87617c5a0,32607,30565,1623,0
2026-08-21T02:52:15.4366776+12:00,4090-deep-105k,1,NVIDIA GeForce RTX 4090,GPU-eed52936-813f-8d68-1654-bfb56cb42bc3,24564,23036,1103,94
2026-08-21T02:52:15.7494462+12:00,4090-deep-105k,0,NVIDIA GeForce RTX 5090,GPU-67921d1c-ee8e-304f-b562-d6f87617c5a0,32607,30565,1623,0
2026-08-21T02:52:15.7494462+12:00,4090-deep-105k,1,NVIDIA GeForce RTX 4090,GPU-eed52936-813f-8d68-1654-bfb56cb42bc3,24564,23036,1103,94
2026-08-21T02:52:16.0760461+12:00,4090-deep-105k,0,NVIDIA GeForce RTX 5090,GPU-67921d1c-ee8e-304f-b562-d6f87617c5a0,32607,30565,1623,0
2026-08-21T02:52:16.0760461+12:00,4090-deep-105k,1,NVIDIA GeForce RTX 4090,GPU-eed52936-813f-8d68-1654-bfb56cb42bc3,24564,23036,1103,94
2026-08-21T02:52:16.3882874+12:00,4090-deep-105k,0,NVIDIA GeForce RTX 5090,GPU-67921d1c-ee8e-304f-b562-d6f87617c5a0,32607,30565,1623,0
2026-08-21T02:52:16.3882874+12:00,4090-deep-105k,1,NVIDIA GeForce RTX 4090,GPU-eed52936-813f-8d68-1654-bfb56cb42bc3,24564,23036,1103,95
2026-08-21T02:52:16.7141835+12:00,4090-deep-105k,0,NVIDIA GeForce RTX 5090,GPU-67921d1c-ee8e-304f-b562-d6f87617c5a0,32607,30559,1629,0
2026-08-21T02:52:16.7141835+12:00,4090-deep-105k,1,NVIDIA GeForce RTX 4090,GPU-eed52936-813f-8d68-1654-bfb56cb42bc3,24564,23036,1103,95
2026-08-21T02:52:17.0273420+12:00,4090-deep-105k,0,NVIDIA GeForce RTX 5090,GPU-67921d1c-ee8e-304f-b562-d6f87617c5a0,32607,30559,1629,0
2026-08-21T02:52:17.0273420+12:00,4090-deep-105k,1,NVIDIA GeForce RTX 4090,GPU-eed52936-813f-8d68-1654-bfb56cb42bc3,24564,23036,1103,95
2026-08-21T02:52:17.3383000+12:00,4090-deep-105k,0,NVIDIA GeForce RTX 5090,GPU-67921d1c-ee8e-304f-b562-d6f87617c5a0,32607,30559,1629,0
2026-08-21T02:52:17.3383000+12:00,4090-deep-105k,1,NVIDIA GeForce RTX 4090,GPU-eed52936-813f-8d68-1654-bfb56cb42bc3,24564,23036,1103,91
2026-08-21T02:52:17.6540783+12:00,4090-deep-105k,0,NVIDIA GeForce RTX 5090,GPU-67921d1c-ee8e-304f-b562-d6f87617c5a0,32607,30564,1624,0
2026-08-21T02:52:17.6540783+12:00,4090-deep-105k,1,NVIDIA GeForce RTX 4090,GPU-eed52936-813f-8d68-1654-bfb56cb42bc3,24564,23036,1103,91
2026-08-21T02:52:17.9625871+12:00,4090-deep-105k,0,NVIDIA GeForce RTX 5090,GPU-67921d1c-ee8e-304f-b562-d6f87617c5a0,32607,30564,1624,0
2026-08-21T02:52:17.9625871+12:00,4090-deep-105k,1,NVIDIA GeForce RTX 4090,GPU-eed52936-813f-8d68-1654-bfb56cb42bc3,24564,23036,1103,94
2026-08-21T02:52:18.2732730+12:00,4090-deep-105k,0,NVIDIA GeForce RTX 5090,GPU-67921d1c-ee8e-304f-b562-d6f87617c5a0,32607,30564,1624,0
2026-08-21T02:52:18.2732730+12:00,4090-deep-105k,1,NVIDIA GeForce RTX 4090,GPU-eed52936-813f-8d68-1654-bfb56cb42bc3,24564,23036,1103,95
2026-08-21T02:52:18.6003795+12:00,4090-deep-105k,0,NVIDIA GeForce RTX 5090,GPU-67921d1c-ee8e-304f-b562-d6f87617c5a0,32607,30565,1623,0
2026-08-21T02:52:18.6003795+12:00,4090-deep-105k,1,NVIDIA GeForce RTX 4090,GPU-eed52936-813f-8d68-1654-bfb56cb42bc3,24564,23036,1103,95
2026-08-21T02:52:18.9279965+12:00,4090-deep-105k,0,NVIDIA GeForce RTX 5090,GPU-67921d1c-ee8e-304f-b562-d6f87617c5a0,32607,30565,1623,0
2026-08-21T02:52:18.9279965+12:00,4090-deep-105k,1,NVIDIA GeForce RTX 4090,GPU-eed52936-813f-8d68-1654-bfb56cb42bc3,24564,23036,1103,94
2026-08-21T02:52:19.2407423+12:00,4090-deep-105k,0,NVIDIA GeForce RTX 5090,GPU-67921d1c-ee8e-304f-b562-d6f87617c5a0,32607,30565,1623,0
2026-08-21T02:52:19.2407423+12:00,4090-deep-105k,1,NVIDIA GeForce RTX 4090,GPU-eed52936-813f-8d68-1654-bfb56cb42bc3,24564,23036,1103,94
2026-08-21T02:52:19.5524523+12:00,4090-deep-105k,0,NVIDIA GeForce RTX 5090,GPU-67921d1c-ee8e-304f-b562-d6f87617c5a0,32607,30565,1623,0
2026-08-21T02:52:19.5524523+12:00,4090-deep-105k,1,NVIDIA GeForce RTX 4090,GPU-eed52936-813f-8d68-1654-bfb56cb42bc3,24564,23036,1103,94
2026-08-21T02:52:19.8798217+12:00,4090-deep-105k,0,NVIDIA GeForce RTX 5090,GPU-67921d1c-ee8e-304f-b562-d6f87617c5a0,32607,30565,1623,0
2026-08-21T02:52:19.8798217+12:00,4090-deep-105k,1,NVIDIA GeForce RTX 4090,GPU-eed52936-813f-8d68-1654-bfb56cb42bc3,24564,23036,1103,95
2026-08-21T02:52:20.1938853+12:00,4090-deep-105k,0,NVIDIA GeForce RTX 5090,GPU-67921d1c-ee8e-304f-b562-d6f87617c5a0,32607,30565,1623,0
2026-08-21T02:52:20.1938853+12:00,4090-deep-105k,1,NVIDIA GeForce RTX 4090,GPU-eed52936-813f-8d68-1654-bfb56cb42bc3,24564,23036,1103,95
2026-08-21T02:52:20.5070700+12:00,4090-deep-105k,0,NVIDIA GeForce RTX 5090,GPU-67921d1c-ee8e-304f-b562-d6f87617c5a0,32607,30563,1625,0
2026-08-21T02:52:20.5070700+12:00,4090-deep-105k,1,NVIDIA GeForce RTX 4090,GPU-eed52936-813f-8d68-1654-bfb56cb42bc3,24564,23036,1103,95
2026-08-21T02:52:20.8201275+12:00,4090-deep-105k,0,NVIDIA GeForce RTX 5090,GPU-67921d1c-ee8e-304f-b562-d6f87617c5a0,32607,30559,1629,0
2026-08-21T02:52:20.8201275+12:00,4090-deep-105k,1,NVIDIA GeForce RTX 4090,GPU-eed52936-813f-8d68-1654-bfb56cb42bc3,24564,23036,1103,93
2026-08-21T02:52:21.1501886+12:00,4090-deep-105k,0,NVIDIA GeForce RTX 5090,GPU-67921d1c-ee8e-304f-b562-d6f87617c5a0,32607,30559,1629,0
2026-08-21T02:52:21.1501886+12:00,4090-deep-105k,1,NVIDIA GeForce RTX 4090,GPU-eed52936-813f-8d68-1654-bfb56cb42bc3,24564,23036,1103,93
2026-08-21T02:52:21.4657919+12:00,4090-deep-105k,0,NVIDIA GeForce RTX 5090,GPU-67921d1c-ee8e-304f-b562-d6f87617c5a0,32607,30564,1624,0
2026-08-21T02:52:21.4657919+12:00,4090-deep-105k,1,NVIDIA GeForce RTX 4090,GPU-eed52936-813f-8d68-1654-bfb56cb42bc3,24564,23036,1103,93
2026-08-21T02:52:21.7830356+12:00,4090-deep-105k,0,NVIDIA GeForce RTX 5090,GPU-67921d1c-ee8e-304f-b562-d6f87617c5a0,32607,30564,1624,0
2026-08-21T02:52:21.7830356+12:00,4090-deep-105k,1,NVIDIA GeForce RTX 4090,GPU-eed52936-813f-8d68-1654-bfb56cb42bc3,24564,23036,1103,94
2026-08-21T02:52:22.0965835+12:00,4090-deep-105k,0,NVIDIA GeForce RTX 5090,GPU-67921d1c-ee8e-304f-b562-d6f87617c5a0,32607,30564,1624,0
2026-08-21T02:52:22.0965835+12:00,4090-deep-105k,1,NVIDIA GeForce RTX 4090,GPU-eed52936-813f-8d68-1654-bfb56cb42bc3,24564,23036,1103,94
2026-08-21T02:52:22.4101000+12:00,4090-deep-105k,0,NVIDIA GeForce RTX 5090,GPU-67921d1c-ee8e-304f-b562-d6f87617c5a0,32607,30565,1623,0
2026-08-21T02:52:22.4101000+12:00,4090-deep-105k,1,NVIDIA GeForce RTX 4090,GPU-eed52936-813f-8d68-1654-bfb56cb42bc3,24564,23036,1103,93
2026-08-21T02:52:22.7220618+12:00,4090-deep-105k,0,NVIDIA GeForce RTX 5090,GPU-67921d1c-ee8e-304f-b562-d6f87617c5a0,32607,30565,1623,0
2026-08-21T02:52:22.7220618+12:00,4090-deep-105k,1,NVIDIA GeForce RTX 4090,GPU-eed52936-813f-8d68-1654-bfb56cb42bc3,24564,23036,1103,93
2026-08-21T02:52:23.0340314+12:00,4090-deep-105k,0,NVIDIA GeForce RTX 5090,GPU-67921d1c-ee8e-304f-b562-d6f87617c5a0,32607,30565,1623,0
2026-08-21T02:52:23.0340314+12:00,4090-deep-105k,1,NVIDIA GeForce RTX 4090,GPU-eed52936-813f-8d68-1654-bfb56cb42bc3,24564,23036,1103,94
2026-08-21T02:52:23.3447777+12:00,4090-deep-105k,0,NVIDIA GeForce RTX 5090,GPU-67921d1c-ee8e-304f-b562-d6f87617c5a0,32607,30565,1623,0
2026-08-21T02:52:23.3447777+12:00,4090-deep-105k,1,NVIDIA GeForce RTX 4090,GPU-eed52936-813f-8d68-1654-bfb56cb42bc3,24564,23036,1103,94
2026-08-21T02:52:23.6554147+12:00,4090-deep-105k,0,NVIDIA GeForce RTX 5090,GPU-67921d1c-ee8e-304f-b562-d6f87617c5a0,32607,30565,1623,0
2026-08-21T02:52:23.6554147+12:00,4090-deep-105k,1,NVIDIA GeForce RTX 4090,GPU-eed52936-813f-8d68-1654-bfb56cb42bc3,24564,23036,1103,94
2026-08-21T02:52:23.9677227+12:00,4090-deep-105k,0,NVIDIA GeForce RTX 5090,GPU-67921d1c-ee8e-304f-b562-d6f87617c5a0,32607,30565,1623,0
2026-08-21T02:52:23.9677227+12:00,4090-deep-105k,1,NVIDIA GeForce RTX 4090,GPU-eed52936-813f-8d68-1654-bfb56cb42bc3,24564,23036,1103,95
2026-08-21T02:52:24.2949650+12:00,4090-deep-105k,0,NVIDIA GeForce RTX 5090,GPU-67921d1c-ee8e-304f-b562-d6f87617c5a0,32607,30565,1623,0
2026-08-21T02:52:24.2949650+12:00,4090-deep-105k,1,NVIDIA GeForce RTX 4090,GPU-eed52936-813f-8d68-1654-bfb56cb42bc3,24564,23036,1103,93
2026-08-21T02:52:24.6077819+12:00,4090-deep-105k,0,NVIDIA GeForce RTX 5090,GPU-67921d1c-ee8e-304f-b562-d6f87617c5a0,32607,30559,1629,0
2026-08-21T02:52:24.6077819+12:00,4090-deep-105k,1,NVIDIA GeForce RTX 4090,GPU-eed52936-813f-8d68-1654-bfb56cb42bc3,24564,23036,1103,93
2026-08-21T02:52:24.9197030+12:00,4090-deep-105k,0,NVIDIA GeForce RTX 5090,GPU-67921d1c-ee8e-304f-b562-d6f87617c5a0,32607,30559,1629,0
2026-08-21T02:52:24.9197030+12:00,4090-deep-105k,1,NVIDIA GeForce RTX 4090,GPU-eed52936-813f-8d68-1654-bfb56cb42bc3,24564,23036,1103,94
2026-08-21T02:52:25.2324800+12:00,4090-deep-105k,0,NVIDIA GeForce RTX 5090,GPU-67921d1c-ee8e-304f-b562-d6f87617c5a0,32607,30559,1629,0
2026-08-21T02:52:25.2324800+12:00,4090-deep-105k,1,NVIDIA GeForce RTX 4090,GPU-eed52936-813f-8d68-1654-bfb56cb42bc3,24564,23036,1103,94
2026-08-21T02:52:25.5640463+12:00,4090-deep-105k,0,NVIDIA GeForce RTX 5090,GPU-67921d1c-ee8e-304f-b562-d6f87617c5a0,32607,30564,1624,0
2026-08-21T02:52:25.5640463+12:00,4090-deep-105k,1,NVIDIA GeForce RTX 4090,GPU-eed52936-813f-8d68-1654-bfb56cb42bc3,24564,23036,1103,95
2026-08-21T02:52:25.8758045+12:00,4090-deep-105k,0,NVIDIA GeForce RTX 5090,GPU-67921d1c-ee8e-304f-b562-d6f87617c5a0,32607,30564,1624,0
2026-08-21T02:52:25.8758045+12:00,4090-deep-105k,1,NVIDIA GeForce RTX 4090,GPU-eed52936-813f-8d68-1654-bfb56cb42bc3,24564,23036,1103,95
2026-08-21T02:52:26.1892428+12:00,4090-deep-105k,0,NVIDIA GeForce RTX 5090,GPU-67921d1c-ee8e-304f-b562-d6f87617c5a0,32607,30564,1624,0
2026-08-21T02:52:26.1892428+12:00,4090-deep-105k,1,NVIDIA GeForce RTX 4090,GPU-eed52936-813f-8d68-1654-bfb56cb42bc3,24564,23036,1103,95
2026-08-21T02:52:26.5005620+12:00,4090-deep-105k,0,NVIDIA GeForce RTX 5090,GPU-67921d1c-ee8e-304f-b562-d6f87617c5a0,32607,30565,1623,0
2026-08-21T02:52:26.5005620+12:00,4090-deep-105k,1,NVIDIA GeForce RTX 4090,GPU-eed52936-813f-8d68-1654-bfb56cb42bc3,24564,23036,1103,93
2026-08-21T02:52:26.8111146+12:00,4090-deep-105k,0,NVIDIA GeForce RTX 5090,GPU-67921d1c-ee8e-304f-b562-d6f87617c5a0,32607,30565,1623,0
2026-08-21T02:52:26.8111146+12:00,4090-deep-105k,1,NVIDIA GeForce RTX 4090,GPU-eed52936-813f-8d68-1654-bfb56cb42bc3,24564,23036,1103,96
2026-08-21T02:52:27.1235369+12:00,4090-deep-105k,0,NVIDIA GeForce RTX 5090,GPU-67921d1c-ee8e-304f-b562-d6f87617c5a0,32607,30565,1623,0
2026-08-21T02:52:27.1235369+12:00,4090-deep-105k,1,NVIDIA GeForce RTX 4090,GPU-eed52936-813f-8d68-1654-bfb56cb42bc3,24564,23036,1103,96
2026-08-21T02:52:27.4368988+12:00,4090-deep-105k,0,NVIDIA GeForce RTX 5090,GPU-67921d1c-ee8e-304f-b562-d6f87617c5a0,32607,30565,1623,0
2026-08-21T02:52:27.4368988+12:00,4090-deep-105k,1,NVIDIA GeForce RTX 4090,GPU-eed52936-813f-8d68-1654-bfb56cb42bc3,24564,23036,1103,95
2026-08-21T02:52:27.7643272+12:00,4090-deep-105k,0,NVIDIA GeForce RTX 5090,GPU-67921d1c-ee8e-304f-b562-d6f87617c5a0,32607,30565,1623,0
2026-08-21T02:52:27.7643272+12:00,4090-deep-105k,1,NVIDIA GeForce RTX 4090,GPU-eed52936-813f-8d68-1654-bfb56cb42bc3,24564,23036,1103,95
2026-08-21T02:52:28.0760014+12:00,4090-deep-105k,0,NVIDIA GeForce RTX 5090,GPU-67921d1c-ee8e-304f-b562-d6f87617c5a0,32607,30565,1623,0
2026-08-21T02:52:28.0760014+12:00,4090-deep-105k,1,NVIDIA GeForce RTX 4090,GPU-eed52936-813f-8d68-1654-bfb56cb42bc3,24564,23036,1103,95
2026-08-21T02:52:28.3876972+12:00,4090-deep-105k,0,NVIDIA GeForce RTX 5090,GPU-67921d1c-ee8e-304f-b562-d6f87617c5a0,32607,30565,1623,0
2026-08-21T02:52:28.3876972+12:00,4090-deep-105k,1,NVIDIA GeForce RTX 4090,GPU-eed52936-813f-8d68-1654-bfb56cb42bc3,24564,23036,1103,97
2026-08-21T02:52:28.7004471+12:00,4090-deep-105k,0,NVIDIA GeForce RTX 5090,GPU-67921d1c-ee8e-304f-b562-d6f87617c5a0,32607,30559,1629,0
2026-08-21T02:52:28.7004471+12:00,4090-deep-105k,1,NVIDIA GeForce RTX 4090,GPU-eed52936-813f-8d68-1654-bfb56cb42bc3,24564,23036,1103,97
2026-08-21T02:52:29.0140584+12:00,4090-deep-105k,0,NVIDIA GeForce RTX 5090,GPU-67921d1c-ee8e-304f-b562-d6f87617c5a0,32607,30559,1629,0
2026-08-21T02:52:29.0140584+12:00,4090-deep-105k,1,NVIDIA GeForce RTX 4090,GPU-eed52936-813f-8d68-1654-bfb56cb42bc3,24564,23036,1103,95
2026-08-21T02:52:29.3235571+12:00,4090-deep-105k,0,NVIDIA GeForce RTX 5090,GPU-67921d1c-ee8e-304f-b562-d6f87617c5a0,32607,30559,1629,0
2026-08-21T02:52:29.3235571+12:00,4090-deep-105k,1,NVIDIA GeForce RTX 4090,GPU-eed52936-813f-8d68-1654-bfb56cb42bc3,24564,23036,1103,97
2026-08-21T02:52:29.6354145+12:00,4090-deep-105k,0,NVIDIA GeForce RTX 5090,GPU-67921d1c-ee8e-304f-b562-d6f87617c5a0,32607,30564,1624,0
2026-08-21T02:52:29.6354145+12:00,4090-deep-105k,1,NVIDIA GeForce RTX 4090,GPU-eed52936-813f-8d68-1654-bfb56cb42bc3,24564,23036,1103,97
2026-08-21T02:52:29.9639210+12:00,4090-deep-105k,0,NVIDIA GeForce RTX 5090,GPU-67921d1c-ee8e-304f-b562-d6f87617c5a0,32607,30564,1624,0
2026-08-21T02:52:29.9639210+12:00,4090-deep-105k,1,NVIDIA GeForce RTX 4090,GPU-eed52936-813f-8d68-1654-bfb56cb42bc3,24564,23036,1103,94
2026-08-21T02:52:30.2757789+12:00,4090-deep-105k,0,NVIDIA GeForce RTX 5090,GPU-67921d1c-ee8e-304f-b562-d6f87617c5a0,32607,30564,1624,0
2026-08-21T02:52:30.2757789+12:00,4090-deep-105k,1,NVIDIA GeForce RTX 4090,GPU-eed52936-813f-8d68-1654-bfb56cb42bc3,24564,23036,1103,95
2026-08-21T02:52:30.5893770+12:00,4090-deep-105k,0,NVIDIA GeForce RTX 5090,GPU-67921d1c-ee8e-304f-b562-d6f87617c5a0,32607,30565,1623,0
2026-08-21T02:52:30.5893770+12:00,4090-deep-105k,1,NVIDIA GeForce RTX 4090,GPU-eed52936-813f-8d68-1654-bfb56cb42bc3,24564,23036,1103,95
2026-08-21T02:52:30.8994205+12:00,4090-deep-105k,0,NVIDIA GeForce RTX 5090,GPU-67921d1c-ee8e-304f-b562-d6f87617c5a0,32607,30577,1611,1
2026-08-21T02:52:30.8994205+12:00,4090-deep-105k,1,NVIDIA GeForce RTX 4090,GPU-eed52936-813f-8d68-1654-bfb56cb42bc3,24564,23036,1103,0
2026-08-21T02:52:31.2094341+12:00,4090-deep-105k,0,NVIDIA GeForce RTX 5090,GPU-67921d1c-ee8e-304f-b562-d6f87617c5a0,32607,30587,1601,1
2026-08-21T02:52:31.2094341+12:00,4090-deep-105k,1,NVIDIA GeForce RTX 4090,GPU-eed52936-813f-8d68-1654-bfb56cb42bc3,24564,23036,1103,0
2026-08-21T02:52:31.5226684+12:00,4090-deep-105k,0,NVIDIA GeForce RTX 5090,GPU-67921d1c-ee8e-304f-b562-d6f87617c5a0,32607,30587,1601,0
2026-08-21T02:52:31.5226684+12:00,4090-deep-105k,1,NVIDIA GeForce RTX 4090,GPU-eed52936-813f-8d68-1654-bfb56cb42bc3,24564,23036,1103,0
2026-08-21T02:52:31.8335450+12:00,4090-deep-105k,0,NVIDIA GeForce RTX 5090,GPU-67921d1c-ee8e-304f-b562-d6f87617c5a0,32607,30587,1601,1
2026-08-21T02:52:31.8335450+12:00,4090-deep-105k,1,NVIDIA GeForce RTX 4090,GPU-eed52936-813f-8d68-1654-bfb56cb42bc3,24564,23036,1103,0
2026-08-21T02:52:32.1461468+12:00,4090-deep-105k,0,NVIDIA GeForce RTX 5090,GPU-67921d1c-ee8e-304f-b562-d6f87617c5a0,32607,30587,1601,1
2026-08-21T02:52:32.1461468+12:00,4090-deep-105k,1,NVIDIA GeForce RTX 4090,GPU-eed52936-813f-8d68-1654-bfb56cb42bc3,24564,23036,1103,0
2026-08-21T02:52:32.4573002+12:00,4090-deep-105k,0,NVIDIA GeForce RTX 5090,GPU-67921d1c-ee8e-304f-b562-d6f87617c5a0,32607,30584,1604,0
2026-08-21T02:52:32.4573002+12:00,4090-deep-105k,1,NVIDIA GeForce RTX 4090,GPU-eed52936-813f-8d68-1654-bfb56cb42bc3,24564,23036,1103,0
2026-08-21T02:52:32.7705186+12:00,4090-deep-105k,0,NVIDIA GeForce RTX 5090,GPU-67921d1c-ee8e-304f-b562-d6f87617c5a0,32607,30578,1610,0
2026-08-21T02:52:32.7705186+12:00,4090-deep-105k,1,NVIDIA GeForce RTX 4090,GPU-eed52936-813f-8d68-1654-bfb56cb42bc3,24564,23036,1103,0
2026-08-21T02:52:33.0815689+12:00,4090-deep-105k,0,NVIDIA GeForce RTX 5090,GPU-67921d1c-ee8e-304f-b562-d6f87617c5a0,32607,30578,1610,0
2026-08-21T02:52:33.0815689+12:00,4090-deep-105k,1,NVIDIA GeForce RTX 4090,GPU-eed52936-813f-8d68-1654-bfb56cb42bc3,24564,23036,1103,0
2026-08-21T02:52:33.3932314+12:00,4090-deep-105k,0,NVIDIA GeForce RTX 5090,GPU-67921d1c-ee8e-304f-b562-d6f87617c5a0,32607,30578,1610,0
2026-08-21T02:52:33.3932314+12:00,4090-deep-105k,1,NVIDIA GeForce RTX 4090,GPU-eed52936-813f-8d68-1654-bfb56cb42bc3,24564,23036,1103,0
2026-08-21T02:52:33.7039046+12:00,4090-deep-105k,0,NVIDIA GeForce RTX 5090,GPU-67921d1c-ee8e-304f-b562-d6f87617c5a0,32607,30573,1615,0
2026-08-21T02:52:33.7039046+12:00,4090-deep-105k,1,NVIDIA GeForce RTX 4090,GPU-eed52936-813f-8d68-1654-bfb56cb42bc3,24564,23036,1103,0
2026-08-21T02:52:34.0164321+12:00,4090-deep-105k,0,NVIDIA GeForce RTX 5090,GPU-67921d1c-ee8e-304f-b562-d6f87617c5a0,32607,30573,1615,0
2026-08-21T02:52:34.0164321+12:00,4090-deep-105k,1,NVIDIA GeForce RTX 4090,GPU-eed52936-813f-8d68-1654-bfb56cb42bc3,24564,23036,1103,0
2026-08-21T02:52:34.3438638+12:00,4090-deep-105k,0,NVIDIA GeForce RTX 5090,GPU-67921d1c-ee8e-304f-b562-d6f87617c5a0,32607,30573,1615,0
2026-08-21T02:52:34.3438638+12:00,4090-deep-105k,1,NVIDIA GeForce RTX 4090,GPU-eed52936-813f-8d68-1654-bfb56cb42bc3,24564,23036,1103,0
2026-08-21T02:52:34.6567427+12:00,4090-deep-105k,0,NVIDIA GeForce RTX 5090,GPU-67921d1c-ee8e-304f-b562-d6f87617c5a0,32607,30573,1615,0
2026-08-21T02:52:34.6567427+12:00,4090-deep-105k,1,NVIDIA GeForce RTX 4090,GPU-eed52936-813f-8d68-1654-bfb56cb42bc3,24564,23036,1103,0
2026-08-21T02:52:34.9831704+12:00,4090-deep-105k,0,NVIDIA GeForce RTX 5090,GPU-67921d1c-ee8e-304f-b562-d6f87617c5a0,32607,30573,1615,0
2026-08-21T02:52:34.9831704+12:00,4090-deep-105k,1,NVIDIA GeForce RTX 4090,GPU-eed52936-813f-8d68-1654-bfb56cb42bc3,24564,23036,1103,0
2026-08-21T02:52:35.2947847+12:00,4090-deep-105k,0,NVIDIA GeForce RTX 5090,GPU-67921d1c-ee8e-304f-b562-d6f87617c5a0,32607,30573,1615,0
2026-08-21T02:52:35.2947847+12:00,4090-deep-105k,1,NVIDIA GeForce RTX 4090,GPU-eed52936-813f-8d68-1654-bfb56cb42bc3,24564,23036,1103,0
2026-08-21T02:52:35.6198088+12:00,4090-deep-105k,0,NVIDIA GeForce RTX 5090,GPU-67921d1c-ee8e-304f-b562-d6f87617c5a0,32607,30567,1621,0
2026-08-21T02:52:35.6198088+12:00,4090-deep-105k,1,NVIDIA GeForce RTX 4090,GPU-eed52936-813f-8d68-1654-bfb56cb42bc3,24564,23036,1103,0
2026-08-21T02:52:35.9461045+12:00,4090-deep-105k,0,NVIDIA GeForce RTX 5090,GPU-67921d1c-ee8e-304f-b562-d6f87617c5a0,32607,30567,1621,0
2026-08-21T02:52:35.9461045+12:00,4090-deep-105k,1,NVIDIA GeForce RTX 4090,GPU-eed52936-813f-8d68-1654-bfb56cb42bc3,24564,23036,1103,0
2026-08-21T02:52:36.2578858+12:00,4090-deep-105k,0,NVIDIA GeForce RTX 5090,GPU-67921d1c-ee8e-304f-b562-d6f87617c5a0,32607,30567,1621,0
2026-08-21T02:52:36.2578858+12:00,4090-deep-105k,1,NVIDIA GeForce RTX 4090,GPU-eed52936-813f-8d68-1654-bfb56cb42bc3,24564,23036,1103,0
2026-08-21T02:52:36.5860394+12:00,4090-deep-105k,0,NVIDIA GeForce RTX 5090,GPU-67921d1c-ee8e-304f-b562-d6f87617c5a0,32607,30567,1621,0
2026-08-21T02:52:36.5860394+12:00,4090-deep-105k,1,NVIDIA GeForce RTX 4090,GPU-eed52936-813f-8d68-1654-bfb56cb42bc3,24564,23036,1103,0
2026-08-21T02:52:36.9123976+12:00,4090-deep-105k,0,NVIDIA GeForce RTX 5090,GPU-67921d1c-ee8e-304f-b562-d6f87617c5a0,32607,30567,1621,0
2026-08-21T02:52:36.9123976+12:00,4090-deep-105k,1,NVIDIA GeForce RTX 4090,GPU-eed52936-813f-8d68-1654-bfb56cb42bc3,24564,23036,1103,0
2026-08-21T02:52:37.2229550+12:00,4090-deep-105k,0,NVIDIA GeForce RTX 5090,GPU-67921d1c-ee8e-304f-b562-d6f87617c5a0,32607,30560,1628,0
2026-08-21T02:52:37.2229550+12:00,4090-deep-105k,1,NVIDIA GeForce RTX 4090,GPU-eed52936-813f-8d68-1654-bfb56cb42bc3,24564,23036,1103,0
2026-08-21T02:52:37.5515940+12:00,4090-deep-105k,0,NVIDIA GeForce RTX 5090,GPU-67921d1c-ee8e-304f-b562-d6f87617c5a0,32607,30566,1622,0
2026-08-21T02:52:37.5515940+12:00,4090-deep-105k,1,NVIDIA GeForce RTX 4090,GPU-eed52936-813f-8d68-1654-bfb56cb42bc3,24564,23036,1103,0
2026-08-21T02:52:37.8595601+12:00,4090-deep-105k,0,NVIDIA GeForce RTX 5090,GPU-67921d1c-ee8e-304f-b562-d6f87617c5a0,32607,30566,1622,0
2026-08-21T02:52:37.8595601+12:00,4090-deep-105k,1,NVIDIA GeForce RTX 4090,GPU-eed52936-813f-8d68-1654-bfb56cb42bc3,24564,23036,1103,0
2026-08-21T02:52:38.1854461+12:00,4090-deep-105k,0,NVIDIA GeForce RTX 5090,GPU-67921d1c-ee8e-304f-b562-d6f87617c5a0,32607,30565,1623,0
2026-08-21T02:52:38.1854461+12:00,4090-deep-105k,1,NVIDIA GeForce RTX 4090,GPU-eed52936-813f-8d68-1654-bfb56cb42bc3,24564,23036,1103,0
2026-08-21T02:52:38.4972919+12:00,4090-deep-105k,0,NVIDIA GeForce RTX 5090,GPU-67921d1c-ee8e-304f-b562-d6f87617c5a0,32607,30566,1622,0
2026-08-21T02:52:38.4972919+12:00,4090-deep-105k,1,NVIDIA GeForce RTX 4090,GPU-eed52936-813f-8d68-1654-bfb56cb42bc3,24564,23036,1103,0
2026-08-21T02:52:38.8258501+12:00,4090-deep-105k,0,NVIDIA GeForce RTX 5090,GPU-67921d1c-ee8e-304f-b562-d6f87617c5a0,32607,30566,1622,0
2026-08-21T02:52:38.8258501+12:00,4090-deep-105k,1,NVIDIA GeForce RTX 4090,GPU-eed52936-813f-8d68-1654-bfb56cb42bc3,24564,23036,1103,0
2026-08-21T02:52:39.1531698+12:00,4090-deep-105k,0,NVIDIA GeForce RTX 5090,GPU-67921d1c-ee8e-304f-b562-d6f87617c5a0,32607,30566,1622,0
2026-08-21T02:52:39.1531698+12:00,4090-deep-105k,1,NVIDIA GeForce RTX 4090,GPU-eed52936-813f-8d68-1654-bfb56cb42bc3,24564,23036,1103,0
2026-08-21T02:52:39.4650342+12:00,4090-deep-105k,0,NVIDIA GeForce RTX 5090,GPU-67921d1c-ee8e-304f-b562-d6f87617c5a0,32607,30564,1624,0
2026-08-21T02:52:39.4650342+12:00,4090-deep-105k,1,NVIDIA GeForce RTX 4090,GPU-eed52936-813f-8d68-1654-bfb56cb42bc3,24564,23036,1103,0
2026-08-21T02:52:39.7927338+12:00,4090-deep-105k,0,NVIDIA GeForce RTX 5090,GPU-67921d1c-ee8e-304f-b562-d6f87617c5a0,32607,30560,1628,0
2026-08-21T02:52:39.7927338+12:00,4090-deep-105k,1,NVIDIA GeForce RTX 4090,GPU-eed52936-813f-8d68-1654-bfb56cb42bc3,24564,23036,1103,0
2026-08-21T02:52:40.1185226+12:00,4090-deep-105k,0,NVIDIA GeForce RTX 5090,GPU-67921d1c-ee8e-304f-b562-d6f87617c5a0,32607,30560,1628,0
2026-08-21T02:52:40.1185226+12:00,4090-deep-105k,1,NVIDIA GeForce RTX 4090,GPU-eed52936-813f-8d68-1654-bfb56cb42bc3,24564,23036,1103,0
2026-08-21T02:52:40.4283330+12:00,4090-deep-105k,0,NVIDIA GeForce RTX 5090,GPU-67921d1c-ee8e-304f-b562-d6f87617c5a0,32607,30560,1628,0
2026-08-21T02:52:40.4283330+12:00,4090-deep-105k,1,NVIDIA GeForce RTX 4090,GPU-eed52936-813f-8d68-1654-bfb56cb42bc3,24564,23036,1103,0
2026-08-21T02:52:40.7398852+12:00,4090-deep-105k,0,NVIDIA GeForce RTX 5090,GPU-67921d1c-ee8e-304f-b562-d6f87617c5a0,32607,30560,1628,0
2026-08-21T02:52:40.7398852+12:00,4090-deep-105k,1,NVIDIA GeForce RTX 4090,GPU-eed52936-813f-8d68-1654-bfb56cb42bc3,24564,23036,1103,0
2026-08-21T02:52:41.0521289+12:00,4090-deep-105k,0,NVIDIA GeForce RTX 5090,GPU-67921d1c-ee8e-304f-b562-d6f87617c5a0,32607,30560,1628,0
2026-08-21T02:52:41.0521289+12:00,4090-deep-105k,1,NVIDIA GeForce RTX 4090,GPU-eed52936-813f-8d68-1654-bfb56cb42bc3,24564,23036,1103,0
2026-08-21T02:52:41.3769396+12:00,4090-deep-105k,0,NVIDIA GeForce RTX 5090,GPU-67921d1c-ee8e-304f-b562-d6f87617c5a0,32607,30560,1628,0
2026-08-21T02:52:41.3769396+12:00,4090-deep-105k,1,NVIDIA GeForce RTX 4090,GPU-eed52936-813f-8d68-1654-bfb56cb42bc3,24564,23036,1103,0
2026-08-21T02:52:41.6892239+12:00,4090-deep-105k,0,NVIDIA GeForce RTX 5090,GPU-67921d1c-ee8e-304f-b562-d6f87617c5a0,32607,30565,1623,0
2026-08-21T02:52:41.6892239+12:00,4090-deep-105k,1,NVIDIA GeForce RTX 4090,GPU-eed52936-813f-8d68-1654-bfb56cb42bc3,24564,23036,1103,0
2026-08-21T02:52:42.0161889+12:00,4090-deep-105k,0,NVIDIA GeForce RTX 5090,GPU-67921d1c-ee8e-304f-b562-d6f87617c5a0,32607,30565,1623,0
2026-08-21T02:52:42.0161889+12:00,4090-deep-105k,1,NVIDIA GeForce RTX 4090,GPU-eed52936-813f-8d68-1654-bfb56cb42bc3,24564,23036,1103,0
2026-08-21T02:52:42.3263835+12:00,4090-deep-105k,0,NVIDIA GeForce RTX 5090,GPU-67921d1c-ee8e-304f-b562-d6f87617c5a0,32607,30565,1623,0
2026-08-21T02:52:42.3263835+12:00,4090-deep-105k,1,NVIDIA GeForce RTX 4090,GPU-eed52936-813f-8d68-1654-bfb56cb42bc3,24564,23036,1103,0
2026-08-21T02:52:42.6387572+12:00,4090-deep-105k,0,NVIDIA GeForce RTX 5090,GPU-67921d1c-ee8e-304f-b562-d6f87617c5a0,32607,30566,1622,0
2026-08-21T02:52:42.6387572+12:00,4090-deep-105k,1,NVIDIA GeForce RTX 4090,GPU-eed52936-813f-8d68-1654-bfb56cb42bc3,24564,23036,1103,0
2026-08-21T02:52:42.9502384+12:00,4090-deep-105k,0,NVIDIA GeForce RTX 5090,GPU-67921d1c-ee8e-304f-b562-d6f87617c5a0,32607,30566,1622,0
2026-08-21T02:52:42.9502384+12:00,4090-deep-105k,1,NVIDIA GeForce RTX 4090,GPU-eed52936-813f-8d68-1654-bfb56cb42bc3,24564,23036,1103,0
2026-08-21T02:52:43.2776079+12:00,4090-deep-105k,0,NVIDIA GeForce RTX 5090,GPU-67921d1c-ee8e-304f-b562-d6f87617c5a0,32607,30566,1622,0
2026-08-21T02:52:43.2776079+12:00,4090-deep-105k,1,NVIDIA GeForce RTX 4090,GPU-eed52936-813f-8d68-1654-bfb56cb42bc3,24564,23036,1103,0
2026-08-21T02:52:43.5896527+12:00,4090-deep-105k,0,NVIDIA GeForce RTX 5090,GPU-67921d1c-ee8e-304f-b562-d6f87617c5a0,32607,30566,1622,0
2026-08-21T02:52:43.5896527+12:00,4090-deep-105k,1,NVIDIA GeForce RTX 4090,GPU-eed52936-813f-8d68-1654-bfb56cb42bc3,24564,23036,1103,0
2026-08-21T02:52:43.9161560+12:00,4090-deep-105k,0,NVIDIA GeForce RTX 5090,GPU-67921d1c-ee8e-304f-b562-d6f87617c5a0,32607,30566,1622,0
2026-08-21T02:52:43.9161560+12:00,4090-deep-105k,1,NVIDIA GeForce RTX 4090,GPU-eed52936-813f-8d68-1654-bfb56cb42bc3,24564,23036,1103,0
2026-08-21T02:52:44.2292027+12:00,4090-deep-105k,0,NVIDIA GeForce RTX 5090,GPU-67921d1c-ee8e-304f-b562-d6f87617c5a0,32607,30566,1622,0
2026-08-21T02:52:44.2292027+12:00,4090-deep-105k,1,NVIDIA GeForce RTX 4090,GPU-eed52936-813f-8d68-1654-bfb56cb42bc3,24564,23036,1103,0
2026-08-21T02:52:44.5411036+12:00,4090-deep-105k,0,NVIDIA GeForce RTX 5090,GPU-67921d1c-ee8e-304f-b562-d6f87617c5a0,32607,30564,1624,0
2026-08-21T02:52:44.5411036+12:00,4090-deep-105k,1,NVIDIA GeForce RTX 4090,GPU-eed52936-813f-8d68-1654-bfb56cb42bc3,24564,23036,1103,0
2026-08-21T02:52:44.8516861+12:00,4090-deep-105k,0,NVIDIA GeForce RTX 5090,GPU-67921d1c-ee8e-304f-b562-d6f87617c5a0,32607,30560,1628,0
2026-08-21T02:52:44.8516861+12:00,4090-deep-105k,1,NVIDIA GeForce RTX 4090,GPU-eed52936-813f-8d68-1654-bfb56cb42bc3,24564,23036,1103,0
2026-08-21T02:52:45.1796258+12:00,4090-deep-105k,0,NVIDIA GeForce RTX 5090,GPU-67921d1c-ee8e-304f-b562-d6f87617c5a0,32607,30560,1628,0
2026-08-21T02:52:45.1796258+12:00,4090-deep-105k,1,NVIDIA GeForce RTX 4090,GPU-eed52936-813f-8d68-1654-bfb56cb42bc3,24564,23036,1103,0
2026-08-21T02:52:45.4883236+12:00,4090-deep-105k,0,NVIDIA GeForce RTX 5090,GPU-67921d1c-ee8e-304f-b562-d6f87617c5a0,32607,30565,1623,0
2026-08-21T02:52:45.4883236+12:00,4090-deep-105k,1,NVIDIA GeForce RTX 4090,GPU-eed52936-813f-8d68-1654-bfb56cb42bc3,24564,23036,1103,0
2026-08-21T02:52:45.8145666+12:00,4090-deep-105k,0,NVIDIA GeForce RTX 5090,GPU-67921d1c-ee8e-304f-b562-d6f87617c5a0,32607,30565,1623,0
2026-08-21T02:52:45.8145666+12:00,4090-deep-105k,1,NVIDIA GeForce RTX 4090,GPU-eed52936-813f-8d68-1654-bfb56cb42bc3,24564,23036,1103,0
2026-08-21T02:52:46.1244749+12:00,4090-deep-105k,0,NVIDIA GeForce RTX 5090,GPU-67921d1c-ee8e-304f-b562-d6f87617c5a0,32607,30565,1623,0
2026-08-21T02:52:46.1244749+12:00,4090-deep-105k,1,NVIDIA GeForce RTX 4090,GPU-eed52936-813f-8d68-1654-bfb56cb42bc3,24564,23036,1103,0
2026-08-21T02:52:46.4502253+12:00,4090-deep-105k,0,NVIDIA GeForce RTX 5090,GPU-67921d1c-ee8e-304f-b562-d6f87617c5a0,32607,30566,1622,0
2026-08-21T02:52:46.4502253+12:00,4090-deep-105k,1,NVIDIA GeForce RTX 4090,GPU-eed52936-813f-8d68-1654-bfb56cb42bc3,24564,23036,1103,0
2026-08-21T02:52:46.7774828+12:00,4090-deep-105k,0,NVIDIA GeForce RTX 5090,GPU-67921d1c-ee8e-304f-b562-d6f87617c5a0,32607,30566,1622,0
2026-08-21T02:52:46.7774828+12:00,4090-deep-105k,1,NVIDIA GeForce RTX 4090,GPU-eed52936-813f-8d68-1654-bfb56cb42bc3,24564,23036,1103,0
2026-08-21T02:52:47.0895777+12:00,4090-deep-105k,0,NVIDIA GeForce RTX 5090,GPU-67921d1c-ee8e-304f-b562-d6f87617c5a0,32607,30566,1622,0
2026-08-21T02:52:47.0895777+12:00,4090-deep-105k,1,NVIDIA GeForce RTX 4090,GPU-eed52936-813f-8d68-1654-bfb56cb42bc3,24564,23036,1103,0
2026-08-21T02:52:47.4035136+12:00,4090-deep-105k,0,NVIDIA GeForce RTX 5090,GPU-67921d1c-ee8e-304f-b562-d6f87617c5a0,32607,30566,1622,0
2026-08-21T02:52:47.4035136+12:00,4090-deep-105k,1,NVIDIA GeForce RTX 4090,GPU-eed52936-813f-8d68-1654-bfb56cb42bc3,24564,23036,1103,0
2026-08-21T02:52:47.7296119+12:00,4090-deep-105k,0,NVIDIA GeForce RTX 5090,GPU-67921d1c-ee8e-304f-b562-d6f87617c5a0,32607,30566,1622,0
2026-08-21T02:52:47.7296119+12:00,4090-deep-105k,1,NVIDIA GeForce RTX 4090,GPU-eed52936-813f-8d68-1654-bfb56cb42bc3,24564,23036,1103,0
2026-08-21T02:52:48.0404396+12:00,4090-deep-105k,0,NVIDIA GeForce RTX 5090,GPU-67921d1c-ee8e-304f-b562-d6f87617c5a0,32607,30566,1622,0
2026-08-21T02:52:48.0404396+12:00,4090-deep-105k,1,NVIDIA GeForce RTX 4090,GPU-eed52936-813f-8d68-1654-bfb56cb42bc3,24564,23036,1103,0
2026-08-21T02:52:48.3666830+12:00,4090-deep-105k,0,NVIDIA GeForce RTX 5090,GPU-67921d1c-ee8e-304f-b562-d6f87617c5a0,32607,30566,1622,0
2026-08-21T02:52:48.3666830+12:00,4090-deep-105k,1,NVIDIA GeForce RTX 4090,GPU-eed52936-813f-8d68-1654-bfb56cb42bc3,24564,23036,1103,0
2026-08-21T02:52:48.6772445+12:00,4090-deep-105k,0,NVIDIA GeForce RTX 5090,GPU-67921d1c-ee8e-304f-b562-d6f87617c5a0,32607,30560,1628,0
2026-08-21T02:52:48.6772445+12:00,4090-deep-105k,1,NVIDIA GeForce RTX 4090,GPU-eed52936-813f-8d68-1654-bfb56cb42bc3,24564,23036,1103,0
2026-08-21T02:52:48.9886550+12:00,4090-deep-105k,0,NVIDIA GeForce RTX 5090,GPU-67921d1c-ee8e-304f-b562-d6f87617c5a0,32607,30560,1628,0
2026-08-21T02:52:48.9886550+12:00,4090-deep-105k,1,NVIDIA GeForce RTX 4090,GPU-eed52936-813f-8d68-1654-bfb56cb42bc3,24564,23036,1103,0
2026-08-21T02:52:49.3151658+12:00,4090-deep-105k,0,NVIDIA GeForce RTX 5090,GPU-67921d1c-ee8e-304f-b562-d6f87617c5a0,32607,30572,1616,2
2026-08-21T02:52:49.3151658+12:00,4090-deep-105k,1,NVIDIA GeForce RTX 4090,GPU-eed52936-813f-8d68-1654-bfb56cb42bc3,24564,23036,1103,0
2026-08-21T02:52:49.6262179+12:00,4090-deep-105k,0,NVIDIA GeForce RTX 5090,GPU-67921d1c-ee8e-304f-b562-d6f87617c5a0,32607,30596,1592,2
2026-08-21T02:52:49.6262179+12:00,4090-deep-105k,1,NVIDIA GeForce RTX 4090,GPU-eed52936-813f-8d68-1654-bfb56cb42bc3,24564,23036,1103,0
2026-08-21T02:52:49.9365973+12:00,4090-deep-105k,0,NVIDIA GeForce RTX 5090,GPU-67921d1c-ee8e-304f-b562-d6f87617c5a0,32607,30596,1592,0
2026-08-21T02:52:49.9365973+12:00,4090-deep-105k,1,NVIDIA GeForce RTX 4090,GPU-eed52936-813f-8d68-1654-bfb56cb42bc3,24564,23036,1103,0
2026-08-21T02:52:50.2624056+12:00,4090-deep-105k,0,NVIDIA GeForce RTX 5090,GPU-67921d1c-ee8e-304f-b562-d6f87617c5a0,32607,30596,1592,0
2026-08-21T02:52:50.2624056+12:00,4090-deep-105k,1,NVIDIA GeForce RTX 4090,GPU-eed52936-813f-8d68-1654-bfb56cb42bc3,24564,23036,1103,0
2026-08-21T02:52:50.5722556+12:00,4090-deep-105k,0,NVIDIA GeForce RTX 5090,GPU-67921d1c-ee8e-304f-b562-d6f87617c5a0,32607,30596,1592,0
2026-08-21T02:52:50.5722556+12:00,4090-deep-105k,1,NVIDIA GeForce RTX 4090,GPU-eed52936-813f-8d68-1654-bfb56cb42bc3,24564,23036,1103,0
2026-08-21T02:52:50.8994257+12:00,4090-deep-105k,0,NVIDIA GeForce RTX 5090,GPU-67921d1c-ee8e-304f-b562-d6f87617c5a0,32607,30596,1592,0
2026-08-21T02:52:50.8994257+12:00,4090-deep-105k,1,NVIDIA GeForce RTX 4090,GPU-eed52936-813f-8d68-1654-bfb56cb42bc3,24564,23036,1103,0
2026-08-21T02:52:51.2133996+12:00,4090-deep-105k,0,NVIDIA GeForce RTX 5090,GPU-67921d1c-ee8e-304f-b562-d6f87617c5a0,32607,30584,1604,0
2026-08-21T02:52:51.2133996+12:00,4090-deep-105k,1,NVIDIA GeForce RTX 4090,GPU-eed52936-813f-8d68-1654-bfb56cb42bc3,24564,23036,1103,0
2026-08-21T02:52:51.5395870+12:00,4090-deep-105k,0,NVIDIA GeForce RTX 5090,GPU-67921d1c-ee8e-304f-b562-d6f87617c5a0,32607,30584,1604,0
2026-08-21T02:52:51.5395870+12:00,4090-deep-105k,1,NVIDIA GeForce RTX 4090,GPU-eed52936-813f-8d68-1654-bfb56cb42bc3,24564,23036,1103,0
2026-08-21T02:52:51.8665488+12:00,4090-deep-105k,0,NVIDIA GeForce RTX 5090,GPU-67921d1c-ee8e-304f-b562-d6f87617c5a0,32607,30584,1604,0
2026-08-21T02:52:51.8665488+12:00,4090-deep-105k,1,NVIDIA GeForce RTX 4090,GPU-eed52936-813f-8d68-1654-bfb56cb42bc3,24564,23036,1103,0
2026-08-21T02:52:52.1767417+12:00,4090-deep-105k,0,NVIDIA GeForce RTX 5090,GPU-67921d1c-ee8e-304f-b562-d6f87617c5a0,32607,30573,1615,0
2026-08-21T02:52:52.1767417+12:00,4090-deep-105k,1,NVIDIA GeForce RTX 4090,GPU-eed52936-813f-8d68-1654-bfb56cb42bc3,24564,23036,1103,0
2026-08-21T02:52:52.4910293+12:00,4090-deep-105k,0,NVIDIA GeForce RTX 5090,GPU-67921d1c-ee8e-304f-b562-d6f87617c5a0,32607,30573,1615,0
2026-08-21T02:52:52.4910293+12:00,4090-deep-105k,1,NVIDIA GeForce RTX 4090,GPU-eed52936-813f-8d68-1654-bfb56cb42bc3,24564,23036,1103,0
2026-08-21T02:52:52.8191768+12:00,4090-deep-105k,0,NVIDIA GeForce RTX 5090,GPU-67921d1c-ee8e-304f-b562-d6f87617c5a0,32607,30573,1615,0
2026-08-21T02:52:52.8191768+12:00,4090-deep-105k,1,NVIDIA GeForce RTX 4090,GPU-eed52936-813f-8d68-1654-bfb56cb42bc3,24564,23036,1103,0
2026-08-21T02:52:53.1452505+12:00,4090-deep-105k,0,NVIDIA GeForce RTX 5090,GPU-67921d1c-ee8e-304f-b562-d6f87617c5a0,32607,30573,1615,0
2026-08-21T02:52:53.1452505+12:00,4090-deep-105k,1,NVIDIA GeForce RTX 4090,GPU-eed52936-813f-8d68-1654-bfb56cb42bc3,24564,23036,1103,0
2026-08-21T02:52:53.4559404+12:00,4090-deep-105k,0,NVIDIA GeForce RTX 5090,GPU-67921d1c-ee8e-304f-b562-d6f87617c5a0,32607,30578,1610,0
2026-08-21T02:52:53.4559404+12:00,4090-deep-105k,1,NVIDIA GeForce RTX 4090,GPU-eed52936-813f-8d68-1654-bfb56cb42bc3,24564,23036,1103,0
2026-08-21T02:52:53.7694442+12:00,4090-deep-105k,0,NVIDIA GeForce RTX 5090,GPU-67921d1c-ee8e-304f-b562-d6f87617c5a0,32607,30578,1610,0
2026-08-21T02:52:53.7694442+12:00,4090-deep-105k,1,NVIDIA GeForce RTX 4090,GPU-eed52936-813f-8d68-1654-bfb56cb42bc3,24564,23036,1103,0
2026-08-21T02:52:54.0925926+12:00,4090-deep-105k,0,NVIDIA GeForce RTX 5090,GPU-67921d1c-ee8e-304f-b562-d6f87617c5a0,32607,30578,1610,0
2026-08-21T02:52:54.0925926+12:00,4090-deep-105k,1,NVIDIA GeForce RTX 4090,GPU-eed52936-813f-8d68-1654-bfb56cb42bc3,24564,23036,1103,0
2026-08-21T02:52:54.4050213+12:00,4090-deep-105k,0,NVIDIA GeForce RTX 5090,GPU-67921d1c-ee8e-304f-b562-d6f87617c5a0,32607,30579,1609,0
2026-08-21T02:52:54.4050213+12:00,4090-deep-105k,1,NVIDIA GeForce RTX 4090,GPU-eed52936-813f-8d68-1654-bfb56cb42bc3,24564,23036,1103,0
2026-08-21T02:52:54.7293465+12:00,4090-deep-105k,0,NVIDIA GeForce RTX 5090,GPU-67921d1c-ee8e-304f-b562-d6f87617c5a0,32607,30565,1623,0
2026-08-21T02:52:54.7293465+12:00,4090-deep-105k,1,NVIDIA GeForce RTX 4090,GPU-eed52936-813f-8d68-1654-bfb56cb42bc3,24564,23036,1103,0
2026-08-21T02:52:55.0423114+12:00,4090-deep-105k,0,NVIDIA GeForce RTX 5090,GPU-67921d1c-ee8e-304f-b562-d6f87617c5a0,32607,30565,1623,0
2026-08-21T02:52:55.0423114+12:00,4090-deep-105k,1,NVIDIA GeForce RTX 4090,GPU-eed52936-813f-8d68-1654-bfb56cb42bc3,24564,23036,1103,0
2026-08-21T02:52:55.3690030+12:00,4090-deep-105k,0,NVIDIA GeForce RTX 5090,GPU-67921d1c-ee8e-304f-b562-d6f87617c5a0,32607,30565,1623,0
2026-08-21T02:52:55.3690030+12:00,4090-deep-105k,1,NVIDIA GeForce RTX 4090,GPU-eed52936-813f-8d68-1654-bfb56cb42bc3,24564,23036,1103,0
2026-08-21T02:52:55.6782841+12:00,4090-deep-105k,0,NVIDIA GeForce RTX 5090,GPU-67921d1c-ee8e-304f-b562-d6f87617c5a0,32607,30560,1628,0
2026-08-21T02:52:55.6782841+12:00,4090-deep-105k,1,NVIDIA GeForce RTX 4090,GPU-eed52936-813f-8d68-1654-bfb56cb42bc3,24564,23036,1103,0
2026-08-21T02:52:56.0043324+12:00,4090-deep-105k,0,NVIDIA GeForce RTX 5090,GPU-67921d1c-ee8e-304f-b562-d6f87617c5a0,32607,30560,1628,0
2026-08-21T02:52:56.0043324+12:00,4090-deep-105k,1,NVIDIA GeForce RTX 4090,GPU-eed52936-813f-8d68-1654-bfb56cb42bc3,24564,23036,1103,0
2026-08-21T02:52:56.3302491+12:00,4090-deep-105k,0,NVIDIA GeForce RTX 5090,GPU-67921d1c-ee8e-304f-b562-d6f87617c5a0,32607,30560,1628,0
2026-08-21T02:52:56.3302491+12:00,4090-deep-105k,1,NVIDIA GeForce RTX 4090,GPU-eed52936-813f-8d68-1654-bfb56cb42bc3,24564,23036,1103,0
2026-08-21T02:52:56.6568076+12:00,4090-deep-105k,0,NVIDIA GeForce RTX 5090,GPU-67921d1c-ee8e-304f-b562-d6f87617c5a0,32607,30560,1628,0
2026-08-21T02:52:56.6568076+12:00,4090-deep-105k,1,NVIDIA GeForce RTX 4090,GPU-eed52936-813f-8d68-1654-bfb56cb42bc3,24564,23036,1103,0
2026-08-21T02:52:56.9674613+12:00,4090-deep-105k,0,NVIDIA GeForce RTX 5090,GPU-67921d1c-ee8e-304f-b562-d6f87617c5a0,32607,30560,1628,0
2026-08-21T02:52:56.9674613+12:00,4090-deep-105k,1,NVIDIA GeForce RTX 4090,GPU-eed52936-813f-8d68-1654-bfb56cb42bc3,24564,23036,1103,0
2026-08-21T02:52:57.2925152+12:00,4090-deep-105k,0,NVIDIA GeForce RTX 5090,GPU-67921d1c-ee8e-304f-b562-d6f87617c5a0,32607,30560,1628,0
2026-08-21T02:52:57.2925152+12:00,4090-deep-105k,1,NVIDIA GeForce RTX 4090,GPU-eed52936-813f-8d68-1654-bfb56cb42bc3,24564,23036,1103,0
2026-08-21T02:52:57.6045750+12:00,4090-deep-105k,0,NVIDIA GeForce RTX 5090,GPU-67921d1c-ee8e-304f-b562-d6f87617c5a0,32607,30565,1623,0
2026-08-21T02:52:57.6045750+12:00,4090-deep-105k,1,NVIDIA GeForce RTX 4090,GPU-eed52936-813f-8d68-1654-bfb56cb42bc3,24564,23036,1103,0
2026-08-21T02:52:57.9301755+12:00,4090-deep-105k,0,NVIDIA GeForce RTX 5090,GPU-67921d1c-ee8e-304f-b562-d6f87617c5a0,32607,30565,1623,0
2026-08-21T02:52:57.9301755+12:00,4090-deep-105k,1,NVIDIA GeForce RTX 4090,GPU-eed52936-813f-8d68-1654-bfb56cb42bc3,24564,23036,1103,0
2026-08-21T02:52:58.2403677+12:00,4090-deep-105k,0,NVIDIA GeForce RTX 5090,GPU-67921d1c-ee8e-304f-b562-d6f87617c5a0,32607,30565,1623,0
2026-08-21T02:52:58.2403677+12:00,4090-deep-105k,1,NVIDIA GeForce RTX 4090,GPU-eed52936-813f-8d68-1654-bfb56cb42bc3,24564,23036,1103,0
2026-08-21T02:52:58.5699154+12:00,4090-deep-105k,0,NVIDIA GeForce RTX 5090,GPU-67921d1c-ee8e-304f-b562-d6f87617c5a0,32607,30566,1622,0
2026-08-21T02:52:58.5699154+12:00,4090-deep-105k,1,NVIDIA GeForce RTX 4090,GPU-eed52936-813f-8d68-1654-bfb56cb42bc3,24564,23036,1103,0
2026-08-21T02:52:58.8796242+12:00,4090-deep-105k,0,NVIDIA GeForce RTX 5090,GPU-67921d1c-ee8e-304f-b562-d6f87617c5a0,32607,30566,1622,0
2026-08-21T02:52:58.8796242+12:00,4090-deep-105k,1,NVIDIA GeForce RTX 4090,GPU-eed52936-813f-8d68-1654-bfb56cb42bc3,24564,23036,1103,0
2026-08-21T02:52:59.2075499+12:00,4090-deep-105k,0,NVIDIA GeForce RTX 5090,GPU-67921d1c-ee8e-304f-b562-d6f87617c5a0,32607,30566,1622,0
2026-08-21T02:52:59.2075499+12:00,4090-deep-105k,1,NVIDIA GeForce RTX 4090,GPU-eed52936-813f-8d68-1654-bfb56cb42bc3,24564,23036,1103,0
2026-08-21T02:52:59.5320296+12:00,4090-deep-105k,0,NVIDIA GeForce RTX 5090,GPU-67921d1c-ee8e-304f-b562-d6f87617c5a0,32607,30566,1622,0
2026-08-21T02:52:59.5320296+12:00,4090-deep-105k,1,NVIDIA GeForce RTX 4090,GPU-eed52936-813f-8d68-1654-bfb56cb42bc3,24564,23036,1103,0
2026-08-21T02:52:59.8515139+12:00,4090-deep-105k,0,NVIDIA GeForce RTX 5090,GPU-67921d1c-ee8e-304f-b562-d6f87617c5a0,32607,30566,1622,0
2026-08-21T02:52:59.8515139+12:00,4090-deep-105k,1,NVIDIA GeForce RTX 4090,GPU-eed52936-813f-8d68-1654-bfb56cb42bc3,24564,23036,1103,0
2026-08-21T02:53:00.1721297+12:00,4090-deep-105k,0,NVIDIA GeForce RTX 5090,GPU-67921d1c-ee8e-304f-b562-d6f87617c5a0,32607,30566,1622,0
2026-08-21T02:53:00.1721297+12:00,4090-deep-105k,1,NVIDIA GeForce RTX 4090,GPU-eed52936-813f-8d68-1654-bfb56cb42bc3,24564,23036,1103,0
2026-08-21T02:53:00.4823028+12:00,4090-deep-105k,0,NVIDIA GeForce RTX 5090,GPU-67921d1c-ee8e-304f-b562-d6f87617c5a0,32607,30564,1624,0
2026-08-21T02:53:00.4823028+12:00,4090-deep-105k,1,NVIDIA GeForce RTX 4090,GPU-eed52936-813f-8d68-1654-bfb56cb42bc3,24564,23036,1103,0
2026-08-21T02:53:00.8103349+12:00,4090-deep-105k,0,NVIDIA GeForce RTX 5090,GPU-67921d1c-ee8e-304f-b562-d6f87617c5a0,32607,30560,1628,0
2026-08-21T02:53:00.8103349+12:00,4090-deep-105k,1,NVIDIA GeForce RTX 4090,GPU-eed52936-813f-8d68-1654-bfb56cb42bc3,24564,23036,1103,0
2026-08-21T02:53:01.1373181+12:00,4090-deep-105k,0,NVIDIA GeForce RTX 5090,GPU-67921d1c-ee8e-304f-b562-d6f87617c5a0,32607,30560,1628,0
2026-08-21T02:53:01.1373181+12:00,4090-deep-105k,1,NVIDIA GeForce RTX 4090,GPU-eed52936-813f-8d68-1654-bfb56cb42bc3,24564,23036,1103,0
2026-08-21T02:53:01.4636891+12:00,4090-deep-105k,0,NVIDIA GeForce RTX 5090,GPU-67921d1c-ee8e-304f-b562-d6f87617c5a0,32607,30565,1623,0
2026-08-21T02:53:01.4636891+12:00,4090-deep-105k,1,NVIDIA GeForce RTX 4090,GPU-eed52936-813f-8d68-1654-bfb56cb42bc3,24564,23036,1103,0
2026-08-21T02:53:01.7905587+12:00,4090-deep-105k,0,NVIDIA GeForce RTX 5090,GPU-67921d1c-ee8e-304f-b562-d6f87617c5a0,32607,30565,1623,0
2026-08-21T02:53:01.7905587+12:00,4090-deep-105k,1,NVIDIA GeForce RTX 4090,GPU-eed52936-813f-8d68-1654-bfb56cb42bc3,24564,23036,1103,0
2026-08-21T02:53:02.1032714+12:00,4090-deep-105k,0,NVIDIA GeForce RTX 5090,GPU-67921d1c-ee8e-304f-b562-d6f87617c5a0,32607,30565,1623,0
2026-08-21T02:53:02.1032714+12:00,4090-deep-105k,1,NVIDIA GeForce RTX 4090,GPU-eed52936-813f-8d68-1654-bfb56cb42bc3,24564,23036,1103,0
2026-08-21T02:53:02.4153057+12:00,4090-deep-105k,0,NVIDIA GeForce RTX 5090,GPU-67921d1c-ee8e-304f-b562-d6f87617c5a0,32607,30566,1622,0
2026-08-21T02:53:02.4153057+12:00,4090-deep-105k,1,NVIDIA GeForce RTX 4090,GPU-eed52936-813f-8d68-1654-bfb56cb42bc3,24564,23036,1103,0
2026-08-21T02:53:02.7285543+12:00,4090-deep-105k,0,NVIDIA GeForce RTX 5090,GPU-67921d1c-ee8e-304f-b562-d6f87617c5a0,32607,30566,1622,0
2026-08-21T02:53:02.7285543+12:00,4090-deep-105k,1,NVIDIA GeForce RTX 4090,GPU-eed52936-813f-8d68-1654-bfb56cb42bc3,24564,23036,1103,0
2026-08-21T02:53:03.0374656+12:00,4090-deep-105k,0,NVIDIA GeForce RTX 5090,GPU-67921d1c-ee8e-304f-b562-d6f87617c5a0,32607,30566,1622,0
2026-08-21T02:53:03.0374656+12:00,4090-deep-105k,1,NVIDIA GeForce RTX 4090,GPU-eed52936-813f-8d68-1654-bfb56cb42bc3,24564,23036,1103,0
2026-08-21T02:53:03.3656614+12:00,4090-deep-105k,0,NVIDIA GeForce RTX 5090,GPU-67921d1c-ee8e-304f-b562-d6f87617c5a0,32607,30566,1622,0
2026-08-21T02:53:03.3656614+12:00,4090-deep-105k,1,NVIDIA GeForce RTX 4090,GPU-eed52936-813f-8d68-1654-bfb56cb42bc3,24564,23036,1103,0
2026-08-21T02:53:03.6761156+12:00,4090-deep-105k,0,NVIDIA GeForce RTX 5090,GPU-67921d1c-ee8e-304f-b562-d6f87617c5a0,32607,30566,1622,0
2026-08-21T02:53:03.6761156+12:00,4090-deep-105k,1,NVIDIA GeForce RTX 4090,GPU-eed52936-813f-8d68-1654-bfb56cb42bc3,24564,23036,1103,0
2026-08-21T02:53:03.9874634+12:00,4090-deep-105k,0,NVIDIA GeForce RTX 5090,GPU-67921d1c-ee8e-304f-b562-d6f87617c5a0,32607,30566,1622,0
2026-08-21T02:53:03.9874634+12:00,4090-deep-105k,1,NVIDIA GeForce RTX 4090,GPU-eed52936-813f-8d68-1654-bfb56cb42bc3,24564,23036,1103,0
2026-08-21T02:53:04.3166628+12:00,4090-deep-105k,0,NVIDIA GeForce RTX 5090,GPU-67921d1c-ee8e-304f-b562-d6f87617c5a0,32607,30566,1622,0
2026-08-21T02:53:04.3166628+12:00,4090-deep-105k,1,NVIDIA GeForce RTX 4090,GPU-eed52936-813f-8d68-1654-bfb56cb42bc3,24564,23036,1103,0
2026-08-21T02:53:04.6266943+12:00,4090-deep-105k,0,NVIDIA GeForce RTX 5090,GPU-67921d1c-ee8e-304f-b562-d6f87617c5a0,32607,30560,1628,0
2026-08-21T02:53:04.6266943+12:00,4090-deep-105k,1,NVIDIA GeForce RTX 4090,GPU-eed52936-813f-8d68-1654-bfb56cb42bc3,24564,23036,1103,0
2026-08-21T02:53:04.9520013+12:00,4090-deep-105k,0,NVIDIA GeForce RTX 5090,GPU-67921d1c-ee8e-304f-b562-d6f87617c5a0,32607,30560,1628,0
2026-08-21T02:53:04.9520013+12:00,4090-deep-105k,1,NVIDIA GeForce RTX 4090,GPU-eed52936-813f-8d68-1654-bfb56cb42bc3,24564,23036,1103,0
2026-08-21T02:53:05.2624858+12:00,4090-deep-105k,0,NVIDIA GeForce RTX 5090,GPU-67921d1c-ee8e-304f-b562-d6f87617c5a0,32607,30577,1611,0
2026-08-21T02:53:05.2624858+12:00,4090-deep-105k,1,NVIDIA GeForce RTX 4090,GPU-eed52936-813f-8d68-1654-bfb56cb42bc3,24564,23036,1103,0
2026-08-21T02:53:05.5750502+12:00,4090-deep-105k,0,NVIDIA GeForce RTX 5090,GPU-67921d1c-ee8e-304f-b562-d6f87617c5a0,32607,30578,1610,0
2026-08-21T02:53:05.5750502+12:00,4090-deep-105k,1,NVIDIA GeForce RTX 4090,GPU-eed52936-813f-8d68-1654-bfb56cb42bc3,24564,23036,1103,0
2026-08-21T02:53:05.9005462+12:00,4090-deep-105k,0,NVIDIA GeForce RTX 5090,GPU-67921d1c-ee8e-304f-b562-d6f87617c5a0,32607,30578,1610,0
2026-08-21T02:53:05.9005462+12:00,4090-deep-105k,1,NVIDIA GeForce RTX 4090,GPU-eed52936-813f-8d68-1654-bfb56cb42bc3,24564,23036,1103,0
2026-08-21T02:53:06.2108471+12:00,4090-deep-105k,0,NVIDIA GeForce RTX 5090,GPU-67921d1c-ee8e-304f-b562-d6f87617c5a0,32607,30578,1610,0
2026-08-21T02:53:06.2108471+12:00,4090-deep-105k,1,NVIDIA GeForce RTX 4090,GPU-eed52936-813f-8d68-1654-bfb56cb42bc3,24564,23036,1103,0
2026-08-21T02:53:06.5215091+12:00,4090-deep-105k,0,NVIDIA GeForce RTX 5090,GPU-67921d1c-ee8e-304f-b562-d6f87617c5a0,32607,30578,1610,0
2026-08-21T02:53:06.5215091+12:00,4090-deep-105k,1,NVIDIA GeForce RTX 4090,GPU-eed52936-813f-8d68-1654-bfb56cb42bc3,24564,23036,1103,0
2026-08-21T02:53:06.8494252+12:00,4090-deep-105k,0,NVIDIA GeForce RTX 5090,GPU-67921d1c-ee8e-304f-b562-d6f87617c5a0,32607,30578,1610,0
2026-08-21T02:53:06.8494252+12:00,4090-deep-105k,1,NVIDIA GeForce RTX 4090,GPU-eed52936-813f-8d68-1654-bfb56cb42bc3,24564,23036,1103,0
2026-08-21T02:53:07.1800382+12:00,4090-deep-105k,0,NVIDIA GeForce RTX 5090,GPU-67921d1c-ee8e-304f-b562-d6f87617c5a0,32607,30571,1617,0
2026-08-21T02:53:07.1800382+12:00,4090-deep-105k,1,NVIDIA GeForce RTX 4090,GPU-eed52936-813f-8d68-1654-bfb56cb42bc3,24564,23036,1103,0
2026-08-21T02:53:07.4868722+12:00,4090-deep-105k,0,NVIDIA GeForce RTX 5090,GPU-67921d1c-ee8e-304f-b562-d6f87617c5a0,32607,30568,1620,0
2026-08-21T02:53:07.4868722+12:00,4090-deep-105k,1,NVIDIA GeForce RTX 4090,GPU-eed52936-813f-8d68-1654-bfb56cb42bc3,24564,23036,1103,0
2026-08-21T02:53:07.8171585+12:00,4090-deep-105k,0,NVIDIA GeForce RTX 5090,GPU-67921d1c-ee8e-304f-b562-d6f87617c5a0,32607,30568,1620,0
2026-08-21T02:53:07.8171585+12:00,4090-deep-105k,1,NVIDIA GeForce RTX 4090,GPU-eed52936-813f-8d68-1654-bfb56cb42bc3,24564,23036,1103,0
2026-08-21T02:53:08.1436063+12:00,4090-deep-105k,0,NVIDIA GeForce RTX 5090,GPU-67921d1c-ee8e-304f-b562-d6f87617c5a0,32607,30565,1623,0
2026-08-21T02:53:08.1436063+12:00,4090-deep-105k,1,NVIDIA GeForce RTX 4090,GPU-eed52936-813f-8d68-1654-bfb56cb42bc3,24564,23036,1103,0
2026-08-21T02:53:08.4671320+12:00,4090-deep-105k,0,NVIDIA GeForce RTX 5090,GPU-67921d1c-ee8e-304f-b562-d6f87617c5a0,32607,30561,1627,0
2026-08-21T02:53:08.4671320+12:00,4090-deep-105k,1,NVIDIA GeForce RTX 4090,GPU-eed52936-813f-8d68-1654-bfb56cb42bc3,24564,23036,1103,0
2026-08-21T02:53:08.7778032+12:00,4090-deep-105k,0,NVIDIA GeForce RTX 5090,GPU-67921d1c-ee8e-304f-b562-d6f87617c5a0,32607,30561,1627,0
2026-08-21T02:53:08.7778032+12:00,4090-deep-105k,1,NVIDIA GeForce RTX 4090,GPU-eed52936-813f-8d68-1654-bfb56cb42bc3,24564,23036,1103,0
2026-08-21T02:53:09.0900917+12:00,4090-deep-105k,0,NVIDIA GeForce RTX 5090,GPU-67921d1c-ee8e-304f-b562-d6f87617c5a0,32607,30561,1627,0
2026-08-21T02:53:09.0900917+12:00,4090-deep-105k,1,NVIDIA GeForce RTX 4090,GPU-eed52936-813f-8d68-1654-bfb56cb42bc3,24564,23036,1103,0
2026-08-21T02:53:09.4192952+12:00,4090-deep-105k,0,NVIDIA GeForce RTX 5090,GPU-67921d1c-ee8e-304f-b562-d6f87617c5a0,32607,30566,1622,0
2026-08-21T02:53:09.4192952+12:00,4090-deep-105k,1,NVIDIA GeForce RTX 4090,GPU-eed52936-813f-8d68-1654-bfb56cb42bc3,24564,23036,1103,0
2026-08-21T02:53:09.7456789+12:00,4090-deep-105k,0,NVIDIA GeForce RTX 5090,GPU-67921d1c-ee8e-304f-b562-d6f87617c5a0,32607,30567,1621,0
2026-08-21T02:53:09.7456789+12:00,4090-deep-105k,1,NVIDIA GeForce RTX 4090,GPU-eed52936-813f-8d68-1654-bfb56cb42bc3,24564,23036,1103,0
2026-08-21T02:53:10.0557634+12:00,4090-deep-105k,0,NVIDIA GeForce RTX 5090,GPU-67921d1c-ee8e-304f-b562-d6f87617c5a0,32607,30567,1621,0
2026-08-21T02:53:10.0557634+12:00,4090-deep-105k,1,NVIDIA GeForce RTX 4090,GPU-eed52936-813f-8d68-1654-bfb56cb42bc3,24564,23036,1103,0
2026-08-21T02:53:10.3661193+12:00,4090-deep-105k,0,NVIDIA GeForce RTX 5090,GPU-67921d1c-ee8e-304f-b562-d6f87617c5a0,32607,30564,1624,0
2026-08-21T02:53:10.3661193+12:00,4090-deep-105k,1,NVIDIA GeForce RTX 4090,GPU-eed52936-813f-8d68-1654-bfb56cb42bc3,24564,23036,1103,0
2026-08-21T02:53:10.6931299+12:00,4090-deep-105k,0,NVIDIA GeForce RTX 5090,GPU-67921d1c-ee8e-304f-b562-d6f87617c5a0,32607,30565,1623,0
2026-08-21T02:53:10.6931299+12:00,4090-deep-105k,1,NVIDIA GeForce RTX 4090,GPU-eed52936-813f-8d68-1654-bfb56cb42bc3,24564,23036,1103,0
2026-08-21T02:53:11.0040005+12:00,4090-deep-105k,0,NVIDIA GeForce RTX 5090,GPU-67921d1c-ee8e-304f-b562-d6f87617c5a0,32607,30565,1623,0
2026-08-21T02:53:11.0040005+12:00,4090-deep-105k,1,NVIDIA GeForce RTX 4090,GPU-eed52936-813f-8d68-1654-bfb56cb42bc3,24564,23036,1103,0
2026-08-21T02:53:11.3314021+12:00,4090-deep-105k,0,NVIDIA GeForce RTX 5090,GPU-67921d1c-ee8e-304f-b562-d6f87617c5a0,32607,30565,1623,0
2026-08-21T02:53:11.3314021+12:00,4090-deep-105k,1,NVIDIA GeForce RTX 4090,GPU-eed52936-813f-8d68-1654-bfb56cb42bc3,24564,23036,1103,0
2026-08-21T02:53:11.6454885+12:00,4090-deep-105k,0,NVIDIA GeForce RTX 5090,GPU-67921d1c-ee8e-304f-b562-d6f87617c5a0,32607,30565,1623,0
2026-08-21T02:53:11.6454885+12:00,4090-deep-105k,1,NVIDIA GeForce RTX 4090,GPU-eed52936-813f-8d68-1654-bfb56cb42bc3,24564,23036,1103,0
2026-08-21T02:53:11.9697621+12:00,4090-deep-105k,0,NVIDIA GeForce RTX 5090,GPU-67921d1c-ee8e-304f-b562-d6f87617c5a0,32607,30565,1623,0
2026-08-21T02:53:11.9697621+12:00,4090-deep-105k,1,NVIDIA GeForce RTX 4090,GPU-eed52936-813f-8d68-1654-bfb56cb42bc3,24564,23036,1103,0
2026-08-21T02:53:12.2961226+12:00,4090-deep-105k,0,NVIDIA GeForce RTX 5090,GPU-67921d1c-ee8e-304f-b562-d6f87617c5a0,32607,30565,1623,0
2026-08-21T02:53:12.2961226+12:00,4090-deep-105k,1,NVIDIA GeForce RTX 4090,GPU-eed52936-813f-8d68-1654-bfb56cb42bc3,24564,23036,1103,0
2026-08-21T02:53:12.6210707+12:00,4090-deep-105k,0,NVIDIA GeForce RTX 5090,GPU-67921d1c-ee8e-304f-b562-d6f87617c5a0,32607,30560,1628,0
2026-08-21T02:53:12.6210707+12:00,4090-deep-105k,1,NVIDIA GeForce RTX 4090,GPU-eed52936-813f-8d68-1654-bfb56cb42bc3,24564,23036,1103,0
2026-08-21T02:53:12.9353936+12:00,4090-deep-105k,0,NVIDIA GeForce RTX 5090,GPU-67921d1c-ee8e-304f-b562-d6f87617c5a0,32607,30560,1628,0
2026-08-21T02:53:12.9353936+12:00,4090-deep-105k,1,NVIDIA GeForce RTX 4090,GPU-eed52936-813f-8d68-1654-bfb56cb42bc3,24564,23036,1103,0
2026-08-21T02:53:13.2642142+12:00,4090-deep-105k,0,NVIDIA GeForce RTX 5090,GPU-67921d1c-ee8e-304f-b562-d6f87617c5a0,32607,30560,1628,0
2026-08-21T02:53:13.2642142+12:00,4090-deep-105k,1,NVIDIA GeForce RTX 4090,GPU-eed52936-813f-8d68-1654-bfb56cb42bc3,24564,23036,1103,0
2026-08-21T02:53:13.5731574+12:00,4090-deep-105k,0,NVIDIA GeForce RTX 5090,GPU-67921d1c-ee8e-304f-b562-d6f87617c5a0,32607,30565,1623,0
2026-08-21T02:53:13.5731574+12:00,4090-deep-105k,1,NVIDIA GeForce RTX 4090,GPU-eed52936-813f-8d68-1654-bfb56cb42bc3,24564,23036,1103,0
2026-08-21T02:53:13.9074967+12:00,4090-deep-105k,0,NVIDIA GeForce RTX 5090,GPU-67921d1c-ee8e-304f-b562-d6f87617c5a0,32607,30565,1623,0
2026-08-21T02:53:13.9074967+12:00,4090-deep-105k,1,NVIDIA GeForce RTX 4090,GPU-eed52936-813f-8d68-1654-bfb56cb42bc3,24564,23036,1103,0
2026-08-21T02:53:14.2157260+12:00,4090-deep-105k,0,NVIDIA GeForce RTX 5090,GPU-67921d1c-ee8e-304f-b562-d6f87617c5a0,32607,30565,1623,0
2026-08-21T02:53:14.2157260+12:00,4090-deep-105k,1,NVIDIA GeForce RTX 4090,GPU-eed52936-813f-8d68-1654-bfb56cb42bc3,24564,23036,1103,0
2026-08-21T02:53:14.5415486+12:00,4090-deep-105k,0,NVIDIA GeForce RTX 5090,GPU-67921d1c-ee8e-304f-b562-d6f87617c5a0,32607,30566,1622,0
2026-08-21T02:53:14.5415486+12:00,4090-deep-105k,1,NVIDIA GeForce RTX 4090,GPU-eed52936-813f-8d68-1654-bfb56cb42bc3,24564,23036,1103,0
2026-08-21T02:53:14.8527546+12:00,4090-deep-105k,0,NVIDIA GeForce RTX 5090,GPU-67921d1c-ee8e-304f-b562-d6f87617c5a0,32607,30566,1622,0
2026-08-21T02:53:14.8527546+12:00,4090-deep-105k,1,NVIDIA GeForce RTX 4090,GPU-eed52936-813f-8d68-1654-bfb56cb42bc3,24564,23036,1103,0
2026-08-21T02:53:15.1792891+12:00,4090-deep-105k,0,NVIDIA GeForce RTX 5090,GPU-67921d1c-ee8e-304f-b562-d6f87617c5a0,32607,30566,1622,0
2026-08-21T02:53:15.1792891+12:00,4090-deep-105k,1,NVIDIA GeForce RTX 4090,GPU-eed52936-813f-8d68-1654-bfb56cb42bc3,24564,23036,1103,0
2026-08-21T02:53:15.4915827+12:00,4090-deep-105k,0,NVIDIA GeForce RTX 5090,GPU-67921d1c-ee8e-304f-b562-d6f87617c5a0,32607,30566,1622,0
2026-08-21T02:53:15.4915827+12:00,4090-deep-105k,1,NVIDIA GeForce RTX 4090,GPU-eed52936-813f-8d68-1654-bfb56cb42bc3,24564,23036,1103,0
2026-08-21T02:53:15.8027272+12:00,4090-deep-105k,0,NVIDIA GeForce RTX 5090,GPU-67921d1c-ee8e-304f-b562-d6f87617c5a0,32607,30566,1622,0
2026-08-21T02:53:15.8027272+12:00,4090-deep-105k,1,NVIDIA GeForce RTX 4090,GPU-eed52936-813f-8d68-1654-bfb56cb42bc3,24564,23036,1103,0
2026-08-21T02:53:16.1293283+12:00,4090-deep-105k,0,NVIDIA GeForce RTX 5090,GPU-67921d1c-ee8e-304f-b562-d6f87617c5a0,32607,30566,1622,0
2026-08-21T02:53:16.1293283+12:00,4090-deep-105k,1,NVIDIA GeForce RTX 4090,GPU-eed52936-813f-8d68-1654-bfb56cb42bc3,24564,23036,1103,0
2026-08-21T02:53:16.4394263+12:00,4090-deep-105k,0,NVIDIA GeForce RTX 5090,GPU-67921d1c-ee8e-304f-b562-d6f87617c5a0,32607,30564,1624,0
2026-08-21T02:53:16.4394263+12:00,4090-deep-105k,1,NVIDIA GeForce RTX 4090,GPU-eed52936-813f-8d68-1654-bfb56cb42bc3,24564,23036,1103,0
2026-08-21T02:53:16.7510798+12:00,4090-deep-105k,0,NVIDIA GeForce RTX 5090,GPU-67921d1c-ee8e-304f-b562-d6f87617c5a0,32607,30560,1628,0
2026-08-21T02:53:16.7510798+12:00,4090-deep-105k,1,NVIDIA GeForce RTX 4090,GPU-eed52936-813f-8d68-1654-bfb56cb42bc3,24564,23036,1103,0
2026-08-21T02:53:17.0781584+12:00,4090-deep-105k,0,NVIDIA GeForce RTX 5090,GPU-67921d1c-ee8e-304f-b562-d6f87617c5a0,32607,30560,1628,0
2026-08-21T02:53:17.0781584+12:00,4090-deep-105k,1,NVIDIA GeForce RTX 4090,GPU-eed52936-813f-8d68-1654-bfb56cb42bc3,24564,23036,1103,0
2026-08-21T02:53:17.4020522+12:00,4090-deep-105k,0,NVIDIA GeForce RTX 5090,GPU-67921d1c-ee8e-304f-b562-d6f87617c5a0,32607,30564,1624,0
2026-08-21T02:53:17.4020522+12:00,4090-deep-105k,1,NVIDIA GeForce RTX 4090,GPU-eed52936-813f-8d68-1654-bfb56cb42bc3,24564,23036,1103,0
2026-08-21T02:53:17.7313954+12:00,4090-deep-105k,0,NVIDIA GeForce RTX 5090,GPU-67921d1c-ee8e-304f-b562-d6f87617c5a0,32607,30565,1623,0
2026-08-21T02:53:17.7313954+12:00,4090-deep-105k,1,NVIDIA GeForce RTX 4090,GPU-eed52936-813f-8d68-1654-bfb56cb42bc3,24564,23036,1103,0
2026-08-21T02:53:18.0416809+12:00,4090-deep-105k,0,NVIDIA GeForce RTX 5090,GPU-67921d1c-ee8e-304f-b562-d6f87617c5a0,32607,30565,1623,0
2026-08-21T02:53:18.0416809+12:00,4090-deep-105k,1,NVIDIA GeForce RTX 4090,GPU-eed52936-813f-8d68-1654-bfb56cb42bc3,24564,23036,1103,0
2026-08-21T02:53:18.3666697+12:00,4090-deep-105k,0,NVIDIA GeForce RTX 5090,GPU-67921d1c-ee8e-304f-b562-d6f87617c5a0,32607,30565,1623,0
2026-08-21T02:53:18.3666697+12:00,4090-deep-105k,1,NVIDIA GeForce RTX 4090,GPU-eed52936-813f-8d68-1654-bfb56cb42bc3,24564,23036,1103,0
2026-08-21T02:53:18.6924306+12:00,4090-deep-105k,0,NVIDIA GeForce RTX 5090,GPU-67921d1c-ee8e-304f-b562-d6f87617c5a0,32607,30566,1622,0
2026-08-21T02:53:18.6924306+12:00,4090-deep-105k,1,NVIDIA GeForce RTX 4090,GPU-eed52936-813f-8d68-1654-bfb56cb42bc3,24564,23036,1103,0
2026-08-21T02:53:19.0058979+12:00,4090-deep-105k,0,NVIDIA GeForce RTX 5090,GPU-67921d1c-ee8e-304f-b562-d6f87617c5a0,32607,30566,1622,0
2026-08-21T02:53:19.0058979+12:00,4090-deep-105k,1,NVIDIA GeForce RTX 4090,GPU-eed52936-813f-8d68-1654-bfb56cb42bc3,24564,23036,1103,0
2026-08-21T02:53:19.3182000+12:00,4090-deep-105k,0,NVIDIA GeForce RTX 5090,GPU-67921d1c-ee8e-304f-b562-d6f87617c5a0,32607,30566,1622,0
2026-08-21T02:53:19.3182000+12:00,4090-deep-105k,1,NVIDIA GeForce RTX 4090,GPU-eed52936-813f-8d68-1654-bfb56cb42bc3,24564,23036,1103,0
2026-08-21T02:53:19.6302435+12:00,4090-deep-105k,0,NVIDIA GeForce RTX 5090,GPU-67921d1c-ee8e-304f-b562-d6f87617c5a0,32607,30566,1622,0
2026-08-21T02:53:19.6302435+12:00,4090-deep-105k,1,NVIDIA GeForce RTX 4090,GPU-eed52936-813f-8d68-1654-bfb56cb42bc3,24564,23036,1103,0
2026-08-21T02:53:19.9614504+12:00,4090-deep-105k,0,NVIDIA GeForce RTX 5090,GPU-67921d1c-ee8e-304f-b562-d6f87617c5a0,32607,30566,1622,0
2026-08-21T02:53:19.9614504+12:00,4090-deep-105k,1,NVIDIA GeForce RTX 4090,GPU-eed52936-813f-8d68-1654-bfb56cb42bc3,24564,23036,1103,0
2026-08-21T02:53:20.2967172+12:00,4090-deep-105k,0,NVIDIA GeForce RTX 5090,GPU-67921d1c-ee8e-304f-b562-d6f87617c5a0,32607,30566,1622,0
2026-08-21T02:53:20.2967172+12:00,4090-deep-105k,1,NVIDIA GeForce RTX 4090,GPU-eed52936-813f-8d68-1654-bfb56cb42bc3,24564,23036,1103,0
2026-08-21T02:53:20.6067485+12:00,4090-deep-105k,0,NVIDIA GeForce RTX 5090,GPU-67921d1c-ee8e-304f-b562-d6f87617c5a0,32607,30560,1628,0
2026-08-21T02:53:20.6067485+12:00,4090-deep-105k,1,NVIDIA GeForce RTX 4090,GPU-eed52936-813f-8d68-1654-bfb56cb42bc3,24564,23036,1103,0
2026-08-21T02:53:20.9361382+12:00,4090-deep-105k,0,NVIDIA GeForce RTX 5090,GPU-67921d1c-ee8e-304f-b562-d6f87617c5a0,32607,30560,1628,0
2026-08-21T02:53:20.9361382+12:00,4090-deep-105k,1,NVIDIA GeForce RTX 4090,GPU-eed52936-813f-8d68-1654-bfb56cb42bc3,24564,23036,1103,0
2026-08-21T02:53:21.2633224+12:00,4090-deep-105k,0,NVIDIA GeForce RTX 5090,GPU-67921d1c-ee8e-304f-b562-d6f87617c5a0,32607,30560,1628,0
2026-08-21T02:53:21.2633224+12:00,4090-deep-105k,1,NVIDIA GeForce RTX 4090,GPU-eed52936-813f-8d68-1654-bfb56cb42bc3,24564,23036,1103,0
2026-08-21T02:53:21.5745419+12:00,4090-deep-105k,0,NVIDIA GeForce RTX 5090,GPU-67921d1c-ee8e-304f-b562-d6f87617c5a0,32607,30565,1623,0
2026-08-21T02:53:21.5745419+12:00,4090-deep-105k,1,NVIDIA GeForce RTX 4090,GPU-eed52936-813f-8d68-1654-bfb56cb42bc3,24564,23036,1103,0
2026-08-21T02:53:21.8887146+12:00,4090-deep-105k,0,NVIDIA GeForce RTX 5090,GPU-67921d1c-ee8e-304f-b562-d6f87617c5a0,32607,30565,1623,0
2026-08-21T02:53:21.8887146+12:00,4090-deep-105k,1,NVIDIA GeForce RTX 4090,GPU-eed52936-813f-8d68-1654-bfb56cb42bc3,24564,23036,1103,0
2026-08-21T02:53:22.2163201+12:00,4090-deep-105k,0,NVIDIA GeForce RTX 5090,GPU-67921d1c-ee8e-304f-b562-d6f87617c5a0,32607,30565,1623,0
2026-08-21T02:53:22.2163201+12:00,4090-deep-105k,1,NVIDIA GeForce RTX 4090,GPU-eed52936-813f-8d68-1654-bfb56cb42bc3,24564,23036,1103,0
2026-08-21T02:53:22.5417904+12:00,4090-deep-105k,0,NVIDIA GeForce RTX 5090,GPU-67921d1c-ee8e-304f-b562-d6f87617c5a0,32607,30566,1622,0
2026-08-21T02:53:22.5417904+12:00,4090-deep-105k,1,NVIDIA GeForce RTX 4090,GPU-eed52936-813f-8d68-1654-bfb56cb42bc3,24564,23036,1103,0
2026-08-21T02:53:22.8522781+12:00,4090-deep-105k,0,NVIDIA GeForce RTX 5090,GPU-67921d1c-ee8e-304f-b562-d6f87617c5a0,32607,30566,1622,0
2026-08-21T02:53:22.8522781+12:00,4090-deep-105k,1,NVIDIA GeForce RTX 4090,GPU-eed52936-813f-8d68-1654-bfb56cb42bc3,24564,23036,1103,0
2026-08-21T02:53:23.1815477+12:00,4090-deep-105k,0,NVIDIA GeForce RTX 5090,GPU-67921d1c-ee8e-304f-b562-d6f87617c5a0,32607,30566,1622,0
2026-08-21T02:53:23.1815477+12:00,4090-deep-105k,1,NVIDIA GeForce RTX 4090,GPU-eed52936-813f-8d68-1654-bfb56cb42bc3,24564,23036,1103,0
2026-08-21T02:53:23.5097402+12:00,4090-deep-105k,0,NVIDIA GeForce RTX 5090,GPU-67921d1c-ee8e-304f-b562-d6f87617c5a0,32607,30564,1624,0
2026-08-21T02:53:23.5097402+12:00,4090-deep-105k,1,NVIDIA GeForce RTX 4090,GPU-eed52936-813f-8d68-1654-bfb56cb42bc3,24564,23036,1103,0
2026-08-21T02:53:23.8200219+12:00,4090-deep-105k,0,NVIDIA GeForce RTX 5090,GPU-67921d1c-ee8e-304f-b562-d6f87617c5a0,32607,30560,1628,0
2026-08-21T02:53:23.8200219+12:00,4090-deep-105k,1,NVIDIA GeForce RTX 4090,GPU-eed52936-813f-8d68-1654-bfb56cb42bc3,24564,23036,1103,0
2026-08-21T02:53:24.1445284+12:00,4090-deep-105k,0,NVIDIA GeForce RTX 5090,GPU-67921d1c-ee8e-304f-b562-d6f87617c5a0,32607,30560,1628,0
2026-08-21T02:53:24.1445284+12:00,4090-deep-105k,1,NVIDIA GeForce RTX 4090,GPU-eed52936-813f-8d68-1654-bfb56cb42bc3,24564,23036,1103,0
2026-08-21T02:53:24.4561074+12:00,4090-deep-105k,0,NVIDIA GeForce RTX 5090,GPU-67921d1c-ee8e-304f-b562-d6f87617c5a0,32607,30560,1628,0
2026-08-21T02:53:24.4561074+12:00,4090-deep-105k,1,NVIDIA GeForce RTX 4090,GPU-eed52936-813f-8d68-1654-bfb56cb42bc3,24564,23036,1103,0
2026-08-21T02:53:24.7811904+12:00,4090-deep-105k,0,NVIDIA GeForce RTX 5090,GPU-67921d1c-ee8e-304f-b562-d6f87617c5a0,32607,30560,1628,0
2026-08-21T02:53:24.7811904+12:00,4090-deep-105k,1,NVIDIA GeForce RTX 4090,GPU-eed52936-813f-8d68-1654-bfb56cb42bc3,24564,23036,1103,0
2026-08-21T02:53:25.0978099+12:00,4090-deep-105k,0,NVIDIA GeForce RTX 5090,GPU-67921d1c-ee8e-304f-b562-d6f87617c5a0,32607,30560,1628,0
2026-08-21T02:53:25.0978099+12:00,4090-deep-105k,1,NVIDIA GeForce RTX 4090,GPU-eed52936-813f-8d68-1654-bfb56cb42bc3,24564,23036,1103,0
2026-08-21T02:53:25.4092701+12:00,4090-deep-105k,0,NVIDIA GeForce RTX 5090,GPU-67921d1c-ee8e-304f-b562-d6f87617c5a0,32607,30564,1624,0
2026-08-21T02:53:25.4092701+12:00,4090-deep-105k,1,NVIDIA GeForce RTX 4090,GPU-eed52936-813f-8d68-1654-bfb56cb42bc3,24564,23036,1103,0
2026-08-21T02:53:25.7217493+12:00,4090-deep-105k,0,NVIDIA GeForce RTX 5090,GPU-67921d1c-ee8e-304f-b562-d6f87617c5a0,32607,30565,1623,0
2026-08-21T02:53:25.7217493+12:00,4090-deep-105k,1,NVIDIA GeForce RTX 4090,GPU-eed52936-813f-8d68-1654-bfb56cb42bc3,24564,23036,1103,0
2026-08-21T02:53:26.0499196+12:00,4090-deep-105k,0,NVIDIA GeForce RTX 5090,GPU-67921d1c-ee8e-304f-b562-d6f87617c5a0,32607,30565,1623,0
2026-08-21T02:53:26.0499196+12:00,4090-deep-105k,1,NVIDIA GeForce RTX 4090,GPU-eed52936-813f-8d68-1654-bfb56cb42bc3,24564,23036,1103,0
2026-08-21T02:53:26.3755109+12:00,4090-deep-105k,0,NVIDIA GeForce RTX 5090,GPU-67921d1c-ee8e-304f-b562-d6f87617c5a0,32607,30565,1623,0
2026-08-21T02:53:26.3755109+12:00,4090-deep-105k,1,NVIDIA GeForce RTX 4090,GPU-eed52936-813f-8d68-1654-bfb56cb42bc3,24564,23036,1103,0
2026-08-21T02:53:26.7037906+12:00,4090-deep-105k,0,NVIDIA GeForce RTX 5090,GPU-67921d1c-ee8e-304f-b562-d6f87617c5a0,32607,30566,1622,0
2026-08-21T02:53:26.7037906+12:00,4090-deep-105k,1,NVIDIA GeForce RTX 4090,GPU-eed52936-813f-8d68-1654-bfb56cb42bc3,24564,23036,1103,0
2026-08-21T02:53:27.0165505+12:00,4090-deep-105k,0,NVIDIA GeForce RTX 5090,GPU-67921d1c-ee8e-304f-b562-d6f87617c5a0,32607,30566,1622,0
2026-08-21T02:53:27.0165505+12:00,4090-deep-105k,1,NVIDIA GeForce RTX 4090,GPU-eed52936-813f-8d68-1654-bfb56cb42bc3,24564,23036,1103,0
2026-08-21T02:53:27.3425714+12:00,4090-deep-105k,0,NVIDIA GeForce RTX 5090,GPU-67921d1c-ee8e-304f-b562-d6f87617c5a0,32607,30566,1622,0
2026-08-21T02:53:27.3425714+12:00,4090-deep-105k,1,NVIDIA GeForce RTX 4090,GPU-eed52936-813f-8d68-1654-bfb56cb42bc3,24564,23036,1103,0
2026-08-21T02:53:27.6541772+12:00,4090-deep-105k,0,NVIDIA GeForce RTX 5090,GPU-67921d1c-ee8e-304f-b562-d6f87617c5a0,32607,30566,1622,0
2026-08-21T02:53:27.6541772+12:00,4090-deep-105k,1,NVIDIA GeForce RTX 4090,GPU-eed52936-813f-8d68-1654-bfb56cb42bc3,24564,23036,1103,0
2026-08-21T02:53:27.9819928+12:00,4090-deep-105k,0,NVIDIA GeForce RTX 5090,GPU-67921d1c-ee8e-304f-b562-d6f87617c5a0,32607,30566,1622,0
2026-08-21T02:53:27.9819928+12:00,4090-deep-105k,1,NVIDIA GeForce RTX 4090,GPU-eed52936-813f-8d68-1654-bfb56cb42bc3,24564,23036,1103,0
2026-08-21T02:53:28.2946807+12:00,4090-deep-105k,0,NVIDIA GeForce RTX 5090,GPU-67921d1c-ee8e-304f-b562-d6f87617c5a0,32607,30566,1622,0
2026-08-21T02:53:28.2946807+12:00,4090-deep-105k,1,NVIDIA GeForce RTX 4090,GPU-eed52936-813f-8d68-1654-bfb56cb42bc3,24564,23036,1103,0
2026-08-21T02:53:28.6214909+12:00,4090-deep-105k,0,NVIDIA GeForce RTX 5090,GPU-67921d1c-ee8e-304f-b562-d6f87617c5a0,32607,30560,1628,0
2026-08-21T02:53:28.6214909+12:00,4090-deep-105k,1,NVIDIA GeForce RTX 4090,GPU-eed52936-813f-8d68-1654-bfb56cb42bc3,24564,23036,1103,0
2026-08-21T02:53:28.9488830+12:00,4090-deep-105k,0,NVIDIA GeForce RTX 5090,GPU-67921d1c-ee8e-304f-b562-d6f87617c5a0,32607,30560,1628,0
2026-08-21T02:53:28.9488830+12:00,4090-deep-105k,1,NVIDIA GeForce RTX 4090,GPU-eed52936-813f-8d68-1654-bfb56cb42bc3,24564,23036,1103,0
2026-08-21T02:53:29.2791990+12:00,4090-deep-105k,0,NVIDIA GeForce RTX 5090,GPU-67921d1c-ee8e-304f-b562-d6f87617c5a0,32607,30560,1628,0
2026-08-21T02:53:29.2791990+12:00,4090-deep-105k,1,NVIDIA GeForce RTX 4090,GPU-eed52936-813f-8d68-1654-bfb56cb42bc3,24564,23036,1103,0
2026-08-21T02:53:29.5889474+12:00,4090-deep-105k,0,NVIDIA GeForce RTX 5090,GPU-67921d1c-ee8e-304f-b562-d6f87617c5a0,32607,30565,1623,0
2026-08-21T02:53:29.5889474+12:00,4090-deep-105k,1,NVIDIA GeForce RTX 4090,GPU-eed52936-813f-8d68-1654-bfb56cb42bc3,24564,23036,1103,0
2026-08-21T02:53:29.9022141+12:00,4090-deep-105k,0,NVIDIA GeForce RTX 5090,GPU-67921d1c-ee8e-304f-b562-d6f87617c5a0,32607,30565,1623,0
2026-08-21T02:53:29.9022141+12:00,4090-deep-105k,1,NVIDIA GeForce RTX 4090,GPU-eed52936-813f-8d68-1654-bfb56cb42bc3,24564,23036,1103,0
2026-08-21T02:53:30.2305906+12:00,4090-deep-105k,0,NVIDIA GeForce RTX 5090,GPU-67921d1c-ee8e-304f-b562-d6f87617c5a0,32607,30565,1623,0
2026-08-21T02:53:30.2305906+12:00,4090-deep-105k,1,NVIDIA GeForce RTX 4090,GPU-eed52936-813f-8d68-1654-bfb56cb42bc3,24564,23036,1103,0
2026-08-21T02:53:30.5602884+12:00,4090-deep-105k,0,NVIDIA GeForce RTX 5090,GPU-67921d1c-ee8e-304f-b562-d6f87617c5a0,32607,30566,1622,0
2026-08-21T02:53:30.5602884+12:00,4090-deep-105k,1,NVIDIA GeForce RTX 4090,GPU-eed52936-813f-8d68-1654-bfb56cb42bc3,24564,23036,1103,0
2026-08-21T02:53:30.8734430+12:00,4090-deep-105k,0,NVIDIA GeForce RTX 5090,GPU-67921d1c-ee8e-304f-b562-d6f87617c5a0,32607,30566,1622,0
2026-08-21T02:53:30.8734430+12:00,4090-deep-105k,1,NVIDIA GeForce RTX 4090,GPU-eed52936-813f-8d68-1654-bfb56cb42bc3,24564,23036,1103,0
2026-08-21T02:53:31.1850076+12:00,4090-deep-105k,0,NVIDIA GeForce RTX 5090,GPU-67921d1c-ee8e-304f-b562-d6f87617c5a0,32607,30566,1622,0
2026-08-21T02:53:31.1850076+12:00,4090-deep-105k,1,NVIDIA GeForce RTX 4090,GPU-eed52936-813f-8d68-1654-bfb56cb42bc3,24564,23036,1103,0
2026-08-21T02:53:31.4985982+12:00,4090-deep-105k,0,NVIDIA GeForce RTX 5090,GPU-67921d1c-ee8e-304f-b562-d6f87617c5a0,32607,30564,1624,0
2026-08-21T02:53:31.4985982+12:00,4090-deep-105k,1,NVIDIA GeForce RTX 4090,GPU-eed52936-813f-8d68-1654-bfb56cb42bc3,24564,23036,1103,0
2026-08-21T02:53:31.8240520+12:00,4090-deep-105k,0,NVIDIA GeForce RTX 5090,GPU-67921d1c-ee8e-304f-b562-d6f87617c5a0,32607,30560,1628,0
2026-08-21T02:53:31.8240520+12:00,4090-deep-105k,1,NVIDIA GeForce RTX 4090,GPU-eed52936-813f-8d68-1654-bfb56cb42bc3,24564,23036,1103,0
2026-08-21T02:53:32.1515638+12:00,4090-deep-105k,0,NVIDIA GeForce RTX 5090,GPU-67921d1c-ee8e-304f-b562-d6f87617c5a0,32607,30560,1628,0
2026-08-21T02:53:32.1515638+12:00,4090-deep-105k,1,NVIDIA GeForce RTX 4090,GPU-eed52936-813f-8d68-1654-bfb56cb42bc3,24564,23036,1103,0
2026-08-21T02:53:32.4781877+12:00,4090-deep-105k,0,NVIDIA GeForce RTX 5090,GPU-67921d1c-ee8e-304f-b562-d6f87617c5a0,32607,30560,1628,0
2026-08-21T02:53:32.4781877+12:00,4090-deep-105k,1,NVIDIA GeForce RTX 4090,GPU-eed52936-813f-8d68-1654-bfb56cb42bc3,24564,23036,1103,0
2026-08-21T02:53:32.8051426+12:00,4090-deep-105k,0,NVIDIA GeForce RTX 5090,GPU-67921d1c-ee8e-304f-b562-d6f87617c5a0,32607,30560,1628,0
2026-08-21T02:53:32.8051426+12:00,4090-deep-105k,1,NVIDIA GeForce RTX 4090,GPU-eed52936-813f-8d68-1654-bfb56cb42bc3,24564,23036,1103,0
2026-08-21T02:53:33.1148117+12:00,4090-deep-105k,0,NVIDIA GeForce RTX 5090,GPU-67921d1c-ee8e-304f-b562-d6f87617c5a0,32607,30560,1628,0
2026-08-21T02:53:33.1148117+12:00,4090-deep-105k,1,NVIDIA GeForce RTX 4090,GPU-eed52936-813f-8d68-1654-bfb56cb42bc3,24564,23036,1103,0
2026-08-21T02:53:33.4259497+12:00,4090-deep-105k,0,NVIDIA GeForce RTX 5090,GPU-67921d1c-ee8e-304f-b562-d6f87617c5a0,32607,30564,1624,0
2026-08-21T02:53:33.4259497+12:00,4090-deep-105k,1,NVIDIA GeForce RTX 4090,GPU-eed52936-813f-8d68-1654-bfb56cb42bc3,24564,23036,1103,0
2026-08-21T02:53:33.7378781+12:00,4090-deep-105k,0,NVIDIA GeForce RTX 5090,GPU-67921d1c-ee8e-304f-b562-d6f87617c5a0,32607,30565,1623,0
2026-08-21T02:53:33.7378781+12:00,4090-deep-105k,1,NVIDIA GeForce RTX 4090,GPU-eed52936-813f-8d68-1654-bfb56cb42bc3,24564,23036,1103,0
2026-08-21T02:53:34.0676245+12:00,4090-deep-105k,0,NVIDIA GeForce RTX 5090,GPU-67921d1c-ee8e-304f-b562-d6f87617c5a0,32607,30565,1623,0
2026-08-21T02:53:34.0676245+12:00,4090-deep-105k,1,NVIDIA GeForce RTX 4090,GPU-eed52936-813f-8d68-1654-bfb56cb42bc3,24564,23036,1103,0
2026-08-21T02:53:34.3939778+12:00,4090-deep-105k,0,NVIDIA GeForce RTX 5090,GPU-67921d1c-ee8e-304f-b562-d6f87617c5a0,32607,30566,1622,0
2026-08-21T02:53:34.3939778+12:00,4090-deep-105k,1,NVIDIA GeForce RTX 4090,GPU-eed52936-813f-8d68-1654-bfb56cb42bc3,24564,23036,1103,0
2026-08-21T02:53:34.7066884+12:00,4090-deep-105k,0,NVIDIA GeForce RTX 5090,GPU-67921d1c-ee8e-304f-b562-d6f87617c5a0,32607,30566,1622,0
2026-08-21T02:53:34.7066884+12:00,4090-deep-105k,1,NVIDIA GeForce RTX 4090,GPU-eed52936-813f-8d68-1654-bfb56cb42bc3,24564,23036,1103,0
2026-08-21T02:53:35.0160821+12:00,4090-deep-105k,0,NVIDIA GeForce RTX 5090,GPU-67921d1c-ee8e-304f-b562-d6f87617c5a0,32607,30566,1622,0
2026-08-21T02:53:35.0160821+12:00,4090-deep-105k,1,NVIDIA GeForce RTX 4090,GPU-eed52936-813f-8d68-1654-bfb56cb42bc3,24564,23036,1103,0
2026-08-21T02:53:35.3294922+12:00,4090-deep-105k,0,NVIDIA GeForce RTX 5090,GPU-67921d1c-ee8e-304f-b562-d6f87617c5a0,32607,30566,1622,0
2026-08-21T02:53:35.3294922+12:00,4090-deep-105k,1,NVIDIA GeForce RTX 4090,GPU-eed52936-813f-8d68-1654-bfb56cb42bc3,24564,23036,1103,0
2026-08-21T02:53:35.6555728+12:00,4090-deep-105k,0,NVIDIA GeForce RTX 5090,GPU-67921d1c-ee8e-304f-b562-d6f87617c5a0,32607,30560,1628,0
2026-08-21T02:53:35.6555728+12:00,4090-deep-105k,1,NVIDIA GeForce RTX 4090,GPU-eed52936-813f-8d68-1654-bfb56cb42bc3,24564,23036,1103,0
2026-08-21T02:53:35.9686640+12:00,4090-deep-105k,0,NVIDIA GeForce RTX 5090,GPU-67921d1c-ee8e-304f-b562-d6f87617c5a0,32607,30560,1628,0
2026-08-21T02:53:35.9686640+12:00,4090-deep-105k,1,NVIDIA GeForce RTX 4090,GPU-eed52936-813f-8d68-1654-bfb56cb42bc3,24564,23036,1103,0
2026-08-21T02:53:36.2960564+12:00,4090-deep-105k,0,NVIDIA GeForce RTX 5090,GPU-67921d1c-ee8e-304f-b562-d6f87617c5a0,32607,30560,1628,0
2026-08-21T02:53:36.2960564+12:00,4090-deep-105k,1,NVIDIA GeForce RTX 4090,GPU-eed52936-813f-8d68-1654-bfb56cb42bc3,24564,23036,1103,0
2026-08-21T02:53:36.6068258+12:00,4090-deep-105k,0,NVIDIA GeForce RTX 5090,GPU-67921d1c-ee8e-304f-b562-d6f87617c5a0,32607,30560,1628,0
2026-08-21T02:53:36.6068258+12:00,4090-deep-105k,1,NVIDIA GeForce RTX 4090,GPU-eed52936-813f-8d68-1654-bfb56cb42bc3,24564,23036,1103,0
2026-08-21T02:53:36.9324514+12:00,4090-deep-105k,0,NVIDIA GeForce RTX 5090,GPU-67921d1c-ee8e-304f-b562-d6f87617c5a0,32607,30560,1628,0
2026-08-21T02:53:36.9324514+12:00,4090-deep-105k,1,NVIDIA GeForce RTX 4090,GPU-eed52936-813f-8d68-1654-bfb56cb42bc3,24564,23036,1103,0
2026-08-21T02:53:37.2459303+12:00,4090-deep-105k,0,NVIDIA GeForce RTX 5090,GPU-67921d1c-ee8e-304f-b562-d6f87617c5a0,32607,30560,1628,0
2026-08-21T02:53:37.2459303+12:00,4090-deep-105k,1,NVIDIA GeForce RTX 4090,GPU-eed52936-813f-8d68-1654-bfb56cb42bc3,24564,23036,1103,0
2026-08-21T02:53:37.5715146+12:00,4090-deep-105k,0,NVIDIA GeForce RTX 5090,GPU-67921d1c-ee8e-304f-b562-d6f87617c5a0,32607,30565,1623,0
2026-08-21T02:53:37.5715146+12:00,4090-deep-105k,1,NVIDIA GeForce RTX 4090,GPU-eed52936-813f-8d68-1654-bfb56cb42bc3,24564,23036,1103,0
2026-08-21T02:53:37.8818799+12:00,4090-deep-105k,0,NVIDIA GeForce RTX 5090,GPU-67921d1c-ee8e-304f-b562-d6f87617c5a0,32607,30565,1623,0
2026-08-21T02:53:37.8818799+12:00,4090-deep-105k,1,NVIDIA GeForce RTX 4090,GPU-eed52936-813f-8d68-1654-bfb56cb42bc3,24564,23036,1103,0
2026-08-21T02:53:38.2080050+12:00,4090-deep-105k,0,NVIDIA GeForce RTX 5090,GPU-67921d1c-ee8e-304f-b562-d6f87617c5a0,32607,30577,1611,0
2026-08-21T02:53:38.2080050+12:00,4090-deep-105k,1,NVIDIA GeForce RTX 4090,GPU-eed52936-813f-8d68-1654-bfb56cb42bc3,24564,23036,1103,0
2026-08-21T02:53:38.5168363+12:00,4090-deep-105k,0,NVIDIA GeForce RTX 5090,GPU-67921d1c-ee8e-304f-b562-d6f87617c5a0,32607,30578,1610,0
2026-08-21T02:53:38.5168363+12:00,4090-deep-105k,1,NVIDIA GeForce RTX 4090,GPU-eed52936-813f-8d68-1654-bfb56cb42bc3,24564,23036,1103,0
2026-08-21T02:53:38.8412143+12:00,4090-deep-105k,0,NVIDIA GeForce RTX 5090,GPU-67921d1c-ee8e-304f-b562-d6f87617c5a0,32607,30578,1610,0
2026-08-21T02:53:38.8412143+12:00,4090-deep-105k,1,NVIDIA GeForce RTX 4090,GPU-eed52936-813f-8d68-1654-bfb56cb42bc3,24564,23036,1103,0
2026-08-21T02:53:39.1731877+12:00,4090-deep-105k,0,NVIDIA GeForce RTX 5090,GPU-67921d1c-ee8e-304f-b562-d6f87617c5a0,32607,30578,1610,0
2026-08-21T02:53:39.1731877+12:00,4090-deep-105k,1,NVIDIA GeForce RTX 4090,GPU-eed52936-813f-8d68-1654-bfb56cb42bc3,24564,23036,1103,0
2026-08-21T02:53:39.4953938+12:00,4090-deep-105k,0,NVIDIA GeForce RTX 5090,GPU-67921d1c-ee8e-304f-b562-d6f87617c5a0,32607,30571,1617,0
2026-08-21T02:53:39.4953938+12:00,4090-deep-105k,1,NVIDIA GeForce RTX 4090,GPU-eed52936-813f-8d68-1654-bfb56cb42bc3,24564,23036,1103,0
2026-08-21T02:53:39.8083381+12:00,4090-deep-105k,0,NVIDIA GeForce RTX 5090,GPU-67921d1c-ee8e-304f-b562-d6f87617c5a0,32607,30568,1620,0
2026-08-21T02:53:39.8083381+12:00,4090-deep-105k,1,NVIDIA GeForce RTX 4090,GPU-eed52936-813f-8d68-1654-bfb56cb42bc3,24564,23036,1103,0
2026-08-21T02:53:40.1200529+12:00,4090-deep-105k,0,NVIDIA GeForce RTX 5090,GPU-67921d1c-ee8e-304f-b562-d6f87617c5a0,32607,30568,1620,0
2026-08-21T02:53:40.1200529+12:00,4090-deep-105k,1,NVIDIA GeForce RTX 4090,GPU-eed52936-813f-8d68-1654-bfb56cb42bc3,24564,23036,1103,0
2026-08-21T02:53:40.4484540+12:00,4090-deep-105k,0,NVIDIA GeForce RTX 5090,GPU-67921d1c-ee8e-304f-b562-d6f87617c5a0,32607,30565,1623,0
2026-08-21T02:53:40.4484540+12:00,4090-deep-105k,1,NVIDIA GeForce RTX 4090,GPU-eed52936-813f-8d68-1654-bfb56cb42bc3,24564,23036,1103,0
2026-08-21T02:53:40.7750512+12:00,4090-deep-105k,0,NVIDIA GeForce RTX 5090,GPU-67921d1c-ee8e-304f-b562-d6f87617c5a0,32607,30561,1627,0
2026-08-21T02:53:40.7750512+12:00,4090-deep-105k,1,NVIDIA GeForce RTX 4090,GPU-eed52936-813f-8d68-1654-bfb56cb42bc3,24564,23036,1103,0
2026-08-21T02:53:41.1024368+12:00,4090-deep-105k,0,NVIDIA GeForce RTX 5090,GPU-67921d1c-ee8e-304f-b562-d6f87617c5a0,32607,30561,1627,0
2026-08-21T02:53:41.1024368+12:00,4090-deep-105k,1,NVIDIA GeForce RTX 4090,GPU-eed52936-813f-8d68-1654-bfb56cb42bc3,24564,23036,1103,0
2026-08-21T02:53:41.4284827+12:00,4090-deep-105k,0,NVIDIA GeForce RTX 5090,GPU-67921d1c-ee8e-304f-b562-d6f87617c5a0,32607,30566,1622,0
2026-08-21T02:53:41.4284827+12:00,4090-deep-105k,1,NVIDIA GeForce RTX 4090,GPU-eed52936-813f-8d68-1654-bfb56cb42bc3,24564,23036,1103,0
2026-08-21T02:53:41.7533080+12:00,4090-deep-105k,0,NVIDIA GeForce RTX 5090,GPU-67921d1c-ee8e-304f-b562-d6f87617c5a0,32607,30567,1621,0
2026-08-21T02:53:41.7533080+12:00,4090-deep-105k,1,NVIDIA GeForce RTX 4090,GPU-eed52936-813f-8d68-1654-bfb56cb42bc3,24564,23036,1103,0
2026-08-21T02:53:42.0841941+12:00,4090-deep-105k,0,NVIDIA GeForce RTX 5090,GPU-67921d1c-ee8e-304f-b562-d6f87617c5a0,32607,30567,1621,0
2026-08-21T02:53:42.0841941+12:00,4090-deep-105k,1,NVIDIA GeForce RTX 4090,GPU-eed52936-813f-8d68-1654-bfb56cb42bc3,24564,23036,1103,0
2026-08-21T02:53:42.3954437+12:00,4090-deep-105k,0,NVIDIA GeForce RTX 5090,GPU-67921d1c-ee8e-304f-b562-d6f87617c5a0,32607,30567,1621,0
2026-08-21T02:53:42.3954437+12:00,4090-deep-105k,1,NVIDIA GeForce RTX 4090,GPU-eed52936-813f-8d68-1654-bfb56cb42bc3,24564,23036,1103,0
2026-08-21T02:53:42.7243817+12:00,4090-deep-105k,0,NVIDIA GeForce RTX 5090,GPU-67921d1c-ee8e-304f-b562-d6f87617c5a0,32607,30567,1621,0
2026-08-21T02:53:42.7243817+12:00,4090-deep-105k,1,NVIDIA GeForce RTX 4090,GPU-eed52936-813f-8d68-1654-bfb56cb42bc3,24564,23036,1103,0
2026-08-21T02:53:43.0345090+12:00,4090-deep-105k,0,NVIDIA GeForce RTX 5090,GPU-67921d1c-ee8e-304f-b562-d6f87617c5a0,32607,30567,1621,0
2026-08-21T02:53:43.0345090+12:00,4090-deep-105k,1,NVIDIA GeForce RTX 4090,GPU-eed52936-813f-8d68-1654-bfb56cb42bc3,24564,23036,1103,0
2026-08-21T02:53:43.3433834+12:00,4090-deep-105k,0,NVIDIA GeForce RTX 5090,GPU-67921d1c-ee8e-304f-b562-d6f87617c5a0,32607,30565,1623,0
2026-08-21T02:53:43.3433834+12:00,4090-deep-105k,1,NVIDIA GeForce RTX 4090,GPU-eed52936-813f-8d68-1654-bfb56cb42bc3,24564,23036,1103,0
2026-08-21T02:53:43.6538462+12:00,4090-deep-105k,0,NVIDIA GeForce RTX 5090,GPU-67921d1c-ee8e-304f-b562-d6f87617c5a0,32607,30560,1628,0
2026-08-21T02:53:43.6538462+12:00,4090-deep-105k,1,NVIDIA GeForce RTX 4090,GPU-eed52936-813f-8d68-1654-bfb56cb42bc3,24564,23036,1103,0
2026-08-21T02:53:43.9785829+12:00,4090-deep-105k,0,NVIDIA GeForce RTX 5090,GPU-67921d1c-ee8e-304f-b562-d6f87617c5a0,32607,30560,1628,0
2026-08-21T02:53:43.9785829+12:00,4090-deep-105k,1,NVIDIA GeForce RTX 4090,GPU-eed52936-813f-8d68-1654-bfb56cb42bc3,24564,23036,1103,0
2026-08-21T02:53:44.2922214+12:00,4090-deep-105k,0,NVIDIA GeForce RTX 5090,GPU-67921d1c-ee8e-304f-b562-d6f87617c5a0,32607,30560,1628,0
2026-08-21T02:53:44.2922214+12:00,4090-deep-105k,1,NVIDIA GeForce RTX 4090,GPU-eed52936-813f-8d68-1654-bfb56cb42bc3,24564,23036,1103,0
2026-08-21T02:53:44.6185240+12:00,4090-deep-105k,0,NVIDIA GeForce RTX 5090,GPU-67921d1c-ee8e-304f-b562-d6f87617c5a0,32607,30560,1628,0
2026-08-21T02:53:44.6185240+12:00,4090-deep-105k,1,NVIDIA GeForce RTX 4090,GPU-eed52936-813f-8d68-1654-bfb56cb42bc3,24564,23036,1103,0
2026-08-21T02:53:44.9298386+12:00,4090-deep-105k,0,NVIDIA GeForce RTX 5090,GPU-67921d1c-ee8e-304f-b562-d6f87617c5a0,32607,30560,1628,0
2026-08-21T02:53:44.9298386+12:00,4090-deep-105k,1,NVIDIA GeForce RTX 4090,GPU-eed52936-813f-8d68-1654-bfb56cb42bc3,24564,23036,1103,0
2026-08-21T02:53:45.2574482+12:00,4090-deep-105k,0,NVIDIA GeForce RTX 5090,GPU-67921d1c-ee8e-304f-b562-d6f87617c5a0,32607,30560,1628,0
2026-08-21T02:53:45.2574482+12:00,4090-deep-105k,1,NVIDIA GeForce RTX 4090,GPU-eed52936-813f-8d68-1654-bfb56cb42bc3,24564,23036,1103,0
2026-08-21T02:53:45.5836234+12:00,4090-deep-105k,0,NVIDIA GeForce RTX 5090,GPU-67921d1c-ee8e-304f-b562-d6f87617c5a0,32607,30565,1623,0
2026-08-21T02:53:45.5836234+12:00,4090-deep-105k,1,NVIDIA GeForce RTX 4090,GPU-eed52936-813f-8d68-1654-bfb56cb42bc3,24564,23036,1103,0
2026-08-21T02:53:45.8937019+12:00,4090-deep-105k,0,NVIDIA GeForce RTX 5090,GPU-67921d1c-ee8e-304f-b562-d6f87617c5a0,32607,30565,1623,0
2026-08-21T02:53:45.8937019+12:00,4090-deep-105k,1,NVIDIA GeForce RTX 4090,GPU-eed52936-813f-8d68-1654-bfb56cb42bc3,24564,23036,1103,0
2026-08-21T02:53:46.2212154+12:00,4090-deep-105k,0,NVIDIA GeForce RTX 5090,GPU-67921d1c-ee8e-304f-b562-d6f87617c5a0,32607,30565,1623,0
2026-08-21T02:53:46.2212154+12:00,4090-deep-105k,1,NVIDIA GeForce RTX 4090,GPU-eed52936-813f-8d68-1654-bfb56cb42bc3,24564,23036,1103,0
2026-08-21T02:53:46.5320243+12:00,4090-deep-105k,0,NVIDIA GeForce RTX 5090,GPU-67921d1c-ee8e-304f-b562-d6f87617c5a0,32607,30566,1622,0
2026-08-21T02:53:46.5320243+12:00,4090-deep-105k,1,NVIDIA GeForce RTX 4090,GPU-eed52936-813f-8d68-1654-bfb56cb42bc3,24564,23036,1103,0
2026-08-21T02:53:46.8425368+12:00,4090-deep-105k,0,NVIDIA GeForce RTX 5090,GPU-67921d1c-ee8e-304f-b562-d6f87617c5a0,32607,30566,1622,0
2026-08-21T02:53:46.8425368+12:00,4090-deep-105k,1,NVIDIA GeForce RTX 4090,GPU-eed52936-813f-8d68-1654-bfb56cb42bc3,24564,23036,1103,0
2026-08-21T02:53:47.1718396+12:00,4090-deep-105k,0,NVIDIA GeForce RTX 5090,GPU-67921d1c-ee8e-304f-b562-d6f87617c5a0,32607,30566,1622,0
2026-08-21T02:53:47.1718396+12:00,4090-deep-105k,1,NVIDIA GeForce RTX 4090,GPU-eed52936-813f-8d68-1654-bfb56cb42bc3,24564,23036,1103,0
2026-08-21T02:53:47.4806281+12:00,4090-deep-105k,0,NVIDIA GeForce RTX 5090,GPU-67921d1c-ee8e-304f-b562-d6f87617c5a0,32607,30566,1622,0
2026-08-21T02:53:47.4806281+12:00,4090-deep-105k,1,NVIDIA GeForce RTX 4090,GPU-eed52936-813f-8d68-1654-bfb56cb42bc3,24564,23036,1103,0
2026-08-21T02:53:47.8065842+12:00,4090-deep-105k,0,NVIDIA GeForce RTX 5090,GPU-67921d1c-ee8e-304f-b562-d6f87617c5a0,32607,30566,1622,0
2026-08-21T02:53:47.8065842+12:00,4090-deep-105k,1,NVIDIA GeForce RTX 4090,GPU-eed52936-813f-8d68-1654-bfb56cb42bc3,24564,23036,1103,0
2026-08-21T02:53:48.1314702+12:00,4090-deep-105k,0,NVIDIA GeForce RTX 5090,GPU-67921d1c-ee8e-304f-b562-d6f87617c5a0,32607,30566,1622,0
2026-08-21T02:53:48.1314702+12:00,4090-deep-105k,1,NVIDIA GeForce RTX 4090,GPU-eed52936-813f-8d68-1654-bfb56cb42bc3,24564,23036,1103,0
2026-08-21T02:53:48.4417668+12:00,4090-deep-105k,0,NVIDIA GeForce RTX 5090,GPU-67921d1c-ee8e-304f-b562-d6f87617c5a0,32607,30564,1624,0
2026-08-21T02:53:48.4417668+12:00,4090-deep-105k,1,NVIDIA GeForce RTX 4090,GPU-eed52936-813f-8d68-1654-bfb56cb42bc3,24564,23036,1103,0
2026-08-21T02:53:48.7552564+12:00,4090-deep-105k,0,NVIDIA GeForce RTX 5090,GPU-67921d1c-ee8e-304f-b562-d6f87617c5a0,32607,30560,1628,0
2026-08-21T02:53:48.7552564+12:00,4090-deep-105k,1,NVIDIA GeForce RTX 4090,GPU-eed52936-813f-8d68-1654-bfb56cb42bc3,24564,23036,1103,0
2026-08-21T02:53:49.0635009+12:00,4090-deep-105k,0,NVIDIA GeForce RTX 5090,GPU-67921d1c-ee8e-304f-b562-d6f87617c5a0,32607,30560,1628,0
2026-08-21T02:53:49.0635009+12:00,4090-deep-105k,1,NVIDIA GeForce RTX 4090,GPU-eed52936-813f-8d68-1654-bfb56cb42bc3,24564,23036,1103,0
2026-08-21T02:53:49.3734615+12:00,4090-deep-105k,0,NVIDIA GeForce RTX 5090,GPU-67921d1c-ee8e-304f-b562-d6f87617c5a0,32607,30560,1628,0
2026-08-21T02:53:49.3734615+12:00,4090-deep-105k,1,NVIDIA GeForce RTX 4090,GPU-eed52936-813f-8d68-1654-bfb56cb42bc3,24564,23036,1103,0
2026-08-21T02:53:49.7035336+12:00,4090-deep-105k,0,NVIDIA GeForce RTX 5090,GPU-67921d1c-ee8e-304f-b562-d6f87617c5a0,32607,30565,1623,0
2026-08-21T02:53:49.7035336+12:00,4090-deep-105k,1,NVIDIA GeForce RTX 4090,GPU-eed52936-813f-8d68-1654-bfb56cb42bc3,24564,23036,1103,0
2026-08-21T02:53:50.0152481+12:00,4090-deep-105k,0,NVIDIA GeForce RTX 5090,GPU-67921d1c-ee8e-304f-b562-d6f87617c5a0,32607,30565,1623,0
2026-08-21T02:53:50.0152481+12:00,4090-deep-105k,1,NVIDIA GeForce RTX 4090,GPU-eed52936-813f-8d68-1654-bfb56cb42bc3,24564,23036,1103,0
2026-08-21T02:53:50.3407860+12:00,4090-deep-105k,0,NVIDIA GeForce RTX 5090,GPU-67921d1c-ee8e-304f-b562-d6f87617c5a0,32607,30565,1623,0
2026-08-21T02:53:50.3407860+12:00,4090-deep-105k,1,NVIDIA GeForce RTX 4090,GPU-eed52936-813f-8d68-1654-bfb56cb42bc3,24564,23036,1103,0
2026-08-21T02:53:50.6682161+12:00,4090-deep-105k,0,NVIDIA GeForce RTX 5090,GPU-67921d1c-ee8e-304f-b562-d6f87617c5a0,32607,30566,1622,0
2026-08-21T02:53:50.6682161+12:00,4090-deep-105k,1,NVIDIA GeForce RTX 4090,GPU-eed52936-813f-8d68-1654-bfb56cb42bc3,24564,23036,1103,0
2026-08-21T02:53:50.9796293+12:00,4090-deep-105k,0,NVIDIA GeForce RTX 5090,GPU-67921d1c-ee8e-304f-b562-d6f87617c5a0,32607,30566,1622,0
2026-08-21T02:53:50.9796293+12:00,4090-deep-105k,1,NVIDIA GeForce RTX 4090,GPU-eed52936-813f-8d68-1654-bfb56cb42bc3,24564,23036,1103,0
2026-08-21T02:53:51.2923515+12:00,4090-deep-105k,0,NVIDIA GeForce RTX 5090,GPU-67921d1c-ee8e-304f-b562-d6f87617c5a0,32607,30566,1622,0
2026-08-21T02:53:51.2923515+12:00,4090-deep-105k,1,NVIDIA GeForce RTX 4090,GPU-eed52936-813f-8d68-1654-bfb56cb42bc3,24564,23036,1103,0
2026-08-21T02:53:51.6197366+12:00,4090-deep-105k,0,NVIDIA GeForce RTX 5090,GPU-67921d1c-ee8e-304f-b562-d6f87617c5a0,32607,30560,1628,0
2026-08-21T02:53:51.6197366+12:00,4090-deep-105k,1,NVIDIA GeForce RTX 4090,GPU-eed52936-813f-8d68-1654-bfb56cb42bc3,24564,23036,1103,0
2026-08-21T02:53:51.9328811+12:00,4090-deep-105k,0,NVIDIA GeForce RTX 5090,GPU-67921d1c-ee8e-304f-b562-d6f87617c5a0,32607,30560,1628,0
2026-08-21T02:53:51.9328811+12:00,4090-deep-105k,1,NVIDIA GeForce RTX 4090,GPU-eed52936-813f-8d68-1654-bfb56cb42bc3,24564,23036,1103,0
2026-08-21T02:53:52.2600971+12:00,4090-deep-105k,0,NVIDIA GeForce RTX 5090,GPU-67921d1c-ee8e-304f-b562-d6f87617c5a0,32607,30560,1628,0
2026-08-21T02:53:52.2600971+12:00,4090-deep-105k,1,NVIDIA GeForce RTX 4090,GPU-eed52936-813f-8d68-1654-bfb56cb42bc3,24564,23036,1103,0
2026-08-21T02:53:52.5730124+12:00,4090-deep-105k,0,NVIDIA GeForce RTX 5090,GPU-67921d1c-ee8e-304f-b562-d6f87617c5a0,32607,30560,1628,0
2026-08-21T02:53:52.5730124+12:00,4090-deep-105k,1,NVIDIA GeForce RTX 4090,GPU-eed52936-813f-8d68-1654-bfb56cb42bc3,24564,23036,1103,0
2026-08-21T02:53:52.9002217+12:00,4090-deep-105k,0,NVIDIA GeForce RTX 5090,GPU-67921d1c-ee8e-304f-b562-d6f87617c5a0,32607,30560,1628,0
2026-08-21T02:53:52.9002217+12:00,4090-deep-105k,1,NVIDIA GeForce RTX 4090,GPU-eed52936-813f-8d68-1654-bfb56cb42bc3,24564,23036,1103,0
2026-08-21T02:53:53.2255025+12:00,4090-deep-105k,0,NVIDIA GeForce RTX 5090,GPU-67921d1c-ee8e-304f-b562-d6f87617c5a0,32607,30560,1628,0
2026-08-21T02:53:53.2255025+12:00,4090-deep-105k,1,NVIDIA GeForce RTX 4090,GPU-eed52936-813f-8d68-1654-bfb56cb42bc3,24564,23036,1103,0
2026-08-21T02:53:53.5536259+12:00,4090-deep-105k,0,NVIDIA GeForce RTX 5090,GPU-67921d1c-ee8e-304f-b562-d6f87617c5a0,32607,30565,1623,0
2026-08-21T02:53:53.5536259+12:00,4090-deep-105k,1,NVIDIA GeForce RTX 4090,GPU-eed52936-813f-8d68-1654-bfb56cb42bc3,24564,23036,1103,0
2026-08-21T02:53:53.8787349+12:00,4090-deep-105k,0,NVIDIA GeForce RTX 5090,GPU-67921d1c-ee8e-304f-b562-d6f87617c5a0,32607,30565,1623,0
2026-08-21T02:53:53.8787349+12:00,4090-deep-105k,1,NVIDIA GeForce RTX 4090,GPU-eed52936-813f-8d68-1654-bfb56cb42bc3,24564,23036,1103,0
2026-08-21T02:53:54.1910855+12:00,4090-deep-105k,0,NVIDIA GeForce RTX 5090,GPU-67921d1c-ee8e-304f-b562-d6f87617c5a0,32607,30565,1623,0
2026-08-21T02:53:54.1910855+12:00,4090-deep-105k,1,NVIDIA GeForce RTX 4090,GPU-eed52936-813f-8d68-1654-bfb56cb42bc3,24564,23036,1103,0
2026-08-21T02:53:54.5168800+12:00,4090-deep-105k,0,NVIDIA GeForce RTX 5090,GPU-67921d1c-ee8e-304f-b562-d6f87617c5a0,32607,30566,1622,0
2026-08-21T02:53:54.5168800+12:00,4090-deep-105k,1,NVIDIA GeForce RTX 4090,GPU-eed52936-813f-8d68-1654-bfb56cb42bc3,24564,23036,1103,0
2026-08-21T02:53:54.8433298+12:00,4090-deep-105k,0,NVIDIA GeForce RTX 5090,GPU-67921d1c-ee8e-304f-b562-d6f87617c5a0,32607,30566,1622,0
2026-08-21T02:53:54.8433298+12:00,4090-deep-105k,1,NVIDIA GeForce RTX 4090,GPU-eed52936-813f-8d68-1654-bfb56cb42bc3,24564,23036,1103,0
2026-08-21T02:53:55.1766628+12:00,4090-deep-105k,0,NVIDIA GeForce RTX 5090,GPU-67921d1c-ee8e-304f-b562-d6f87617c5a0,32607,30566,1622,0
2026-08-21T02:53:55.1766628+12:00,4090-deep-105k,1,NVIDIA GeForce RTX 4090,GPU-eed52936-813f-8d68-1654-bfb56cb42bc3,24564,23036,1103,0
2026-08-21T02:53:55.4994584+12:00,4090-deep-105k,0,NVIDIA GeForce RTX 5090,GPU-67921d1c-ee8e-304f-b562-d6f87617c5a0,32607,30565,1623,0
2026-08-21T02:53:55.4994584+12:00,4090-deep-105k,1,NVIDIA GeForce RTX 4090,GPU-eed52936-813f-8d68-1654-bfb56cb42bc3,24564,23036,1103,0
2026-08-21T02:53:55.8124086+12:00,4090-deep-105k,0,NVIDIA GeForce RTX 5090,GPU-67921d1c-ee8e-304f-b562-d6f87617c5a0,32607,30565,1623,0
2026-08-21T02:53:55.8124086+12:00,4090-deep-105k,1,NVIDIA GeForce RTX 4090,GPU-eed52936-813f-8d68-1654-bfb56cb42bc3,24564,23036,1103,0
2026-08-21T02:53:56.1570776+12:00,4090-deep-105k,0,NVIDIA GeForce RTX 5090,GPU-67921d1c-ee8e-304f-b562-d6f87617c5a0,32607,30565,1623,0
2026-08-21T02:53:56.1570776+12:00,4090-deep-105k,1,NVIDIA GeForce RTX 4090,GPU-eed52936-813f-8d68-1654-bfb56cb42bc3,24564,23036,1103,0
2026-08-21T02:53:56.4825112+12:00,4090-deep-105k,0,NVIDIA GeForce RTX 5090,GPU-67921d1c-ee8e-304f-b562-d6f87617c5a0,32607,30564,1624,0
2026-08-21T02:53:56.4825112+12:00,4090-deep-105k,1,NVIDIA GeForce RTX 4090,GPU-eed52936-813f-8d68-1654-bfb56cb42bc3,24564,23036,1103,0
2026-08-21T02:53:56.8090491+12:00,4090-deep-105k,0,NVIDIA GeForce RTX 5090,GPU-67921d1c-ee8e-304f-b562-d6f87617c5a0,32607,30560,1628,0
2026-08-21T02:53:56.8090491+12:00,4090-deep-105k,1,NVIDIA GeForce RTX 4090,GPU-eed52936-813f-8d68-1654-bfb56cb42bc3,24564,23036,1103,0
2026-08-21T02:53:57.1207658+12:00,4090-deep-105k,0,NVIDIA GeForce RTX 5090,GPU-67921d1c-ee8e-304f-b562-d6f87617c5a0,32607,30560,1628,0
2026-08-21T02:53:57.1207658+12:00,4090-deep-105k,1,NVIDIA GeForce RTX 4090,GPU-eed52936-813f-8d68-1654-bfb56cb42bc3,24564,23036,1103,0
2026-08-21T02:53:57.4329180+12:00,4090-deep-105k,0,NVIDIA GeForce RTX 5090,GPU-67921d1c-ee8e-304f-b562-d6f87617c5a0,32607,30564,1624,0
2026-08-21T02:53:57.4329180+12:00,4090-deep-105k,1,NVIDIA GeForce RTX 4090,GPU-eed52936-813f-8d68-1654-bfb56cb42bc3,24564,23036,1103,0
2026-08-21T02:53:57.7467732+12:00,4090-deep-105k,0,NVIDIA GeForce RTX 5090,GPU-67921d1c-ee8e-304f-b562-d6f87617c5a0,32607,30565,1623,0
2026-08-21T02:53:57.7467732+12:00,4090-deep-105k,1,NVIDIA GeForce RTX 4090,GPU-eed52936-813f-8d68-1654-bfb56cb42bc3,24564,23036,1103,0
2026-08-21T02:53:58.0593764+12:00,4090-deep-105k,0,NVIDIA GeForce RTX 5090,GPU-67921d1c-ee8e-304f-b562-d6f87617c5a0,32607,30565,1623,0
2026-08-21T02:53:58.0593764+12:00,4090-deep-105k,1,NVIDIA GeForce RTX 4090,GPU-eed52936-813f-8d68-1654-bfb56cb42bc3,24564,23036,1103,0
2026-08-21T02:53:58.3884525+12:00,4090-deep-105k,0,NVIDIA GeForce RTX 5090,GPU-67921d1c-ee8e-304f-b562-d6f87617c5a0,32607,30566,1622,0
2026-08-21T02:53:58.3884525+12:00,4090-deep-105k,1,NVIDIA GeForce RTX 4090,GPU-eed52936-813f-8d68-1654-bfb56cb42bc3,24564,23036,1103,0
2026-08-21T02:53:58.7135277+12:00,4090-deep-105k,0,NVIDIA GeForce RTX 5090,GPU-67921d1c-ee8e-304f-b562-d6f87617c5a0,32607,30566,1622,0
2026-08-21T02:53:58.7135277+12:00,4090-deep-105k,1,NVIDIA GeForce RTX 4090,GPU-eed52936-813f-8d68-1654-bfb56cb42bc3,24564,23036,1103,0
2026-08-21T02:53:59.0262296+12:00,4090-deep-105k,0,NVIDIA GeForce RTX 5090,GPU-67921d1c-ee8e-304f-b562-d6f87617c5a0,32607,30566,1622,0
2026-08-21T02:53:59.0262296+12:00,4090-deep-105k,1,NVIDIA GeForce RTX 4090,GPU-eed52936-813f-8d68-1654-bfb56cb42bc3,24564,23036,1103,0
2026-08-21T02:53:59.3541598+12:00,4090-deep-105k,0,NVIDIA GeForce RTX 5090,GPU-67921d1c-ee8e-304f-b562-d6f87617c5a0,32607,30566,1622,0
2026-08-21T02:53:59.3541598+12:00,4090-deep-105k,1,NVIDIA GeForce RTX 4090,GPU-eed52936-813f-8d68-1654-bfb56cb42bc3,24564,23036,1103,0
2026-08-21T02:53:59.6823403+12:00,4090-deep-105k,0,NVIDIA GeForce RTX 5090,GPU-67921d1c-ee8e-304f-b562-d6f87617c5a0,32607,30560,1628,0
2026-08-21T02:53:59.6823403+12:00,4090-deep-105k,1,NVIDIA GeForce RTX 4090,GPU-eed52936-813f-8d68-1654-bfb56cb42bc3,24564,23036,1103,0
2026-08-21T02:54:00.0104950+12:00,4090-deep-105k,0,NVIDIA GeForce RTX 5090,GPU-67921d1c-ee8e-304f-b562-d6f87617c5a0,32607,30560,1628,0
2026-08-21T02:54:00.0104950+12:00,4090-deep-105k,1,NVIDIA GeForce RTX 4090,GPU-eed52936-813f-8d68-1654-bfb56cb42bc3,24564,23036,1103,0
2026-08-21T02:54:00.3203476+12:00,4090-deep-105k,0,NVIDIA GeForce RTX 5090,GPU-67921d1c-ee8e-304f-b562-d6f87617c5a0,32607,30560,1628,0
2026-08-21T02:54:00.3203476+12:00,4090-deep-105k,1,NVIDIA GeForce RTX 4090,GPU-eed52936-813f-8d68-1654-bfb56cb42bc3,24564,23036,1103,0
2026-08-21T02:54:00.6331691+12:00,4090-deep-105k,0,NVIDIA GeForce RTX 5090,GPU-67921d1c-ee8e-304f-b562-d6f87617c5a0,32607,30560,1628,0
2026-08-21T02:54:00.6331691+12:00,4090-deep-105k,1,NVIDIA GeForce RTX 4090,GPU-eed52936-813f-8d68-1654-bfb56cb42bc3,24564,23036,1103,0
2026-08-21T02:54:00.9608054+12:00,4090-deep-105k,0,NVIDIA GeForce RTX 5090,GPU-67921d1c-ee8e-304f-b562-d6f87617c5a0,32607,30560,1628,0
2026-08-21T02:54:00.9608054+12:00,4090-deep-105k,1,NVIDIA GeForce RTX 4090,GPU-eed52936-813f-8d68-1654-bfb56cb42bc3,24564,23036,1103,0
2026-08-21T02:54:01.2885855+12:00,4090-deep-105k,0,NVIDIA GeForce RTX 5090,GPU-67921d1c-ee8e-304f-b562-d6f87617c5a0,32607,30560,1628,0
2026-08-21T02:54:01.2885855+12:00,4090-deep-105k,1,NVIDIA GeForce RTX 4090,GPU-eed52936-813f-8d68-1654-bfb56cb42bc3,24564,23036,1103,0
2026-08-21T02:54:01.6002998+12:00,4090-deep-105k,0,NVIDIA GeForce RTX 5090,GPU-67921d1c-ee8e-304f-b562-d6f87617c5a0,32607,30565,1623,0
2026-08-21T02:54:01.6002998+12:00,4090-deep-105k,1,NVIDIA GeForce RTX 4090,GPU-eed52936-813f-8d68-1654-bfb56cb42bc3,24564,23036,1103,0
2026-08-21T02:54:01.9270203+12:00,4090-deep-105k,0,NVIDIA GeForce RTX 5090,GPU-67921d1c-ee8e-304f-b562-d6f87617c5a0,32607,30565,1623,0
2026-08-21T02:54:01.9270203+12:00,4090-deep-105k,1,NVIDIA GeForce RTX 4090,GPU-eed52936-813f-8d68-1654-bfb56cb42bc3,24564,23036,1103,0
2026-08-21T02:54:02.2541572+12:00,4090-deep-105k,0,NVIDIA GeForce RTX 5090,GPU-67921d1c-ee8e-304f-b562-d6f87617c5a0,32607,30565,1623,0
2026-08-21T02:54:02.2541572+12:00,4090-deep-105k,1,NVIDIA GeForce RTX 4090,GPU-eed52936-813f-8d68-1654-bfb56cb42bc3,24564,23036,1103,0
2026-08-21T02:54:02.5658540+12:00,4090-deep-105k,0,NVIDIA GeForce RTX 5090,GPU-67921d1c-ee8e-304f-b562-d6f87617c5a0,32607,30566,1622,0
2026-08-21T02:54:02.5658540+12:00,4090-deep-105k,1,NVIDIA GeForce RTX 4090,GPU-eed52936-813f-8d68-1654-bfb56cb42bc3,24564,23036,1103,0
2026-08-21T02:54:02.8791765+12:00,4090-deep-105k,0,NVIDIA GeForce RTX 5090,GPU-67921d1c-ee8e-304f-b562-d6f87617c5a0,32607,30566,1622,0
2026-08-21T02:54:02.8791765+12:00,4090-deep-105k,1,NVIDIA GeForce RTX 4090,GPU-eed52936-813f-8d68-1654-bfb56cb42bc3,24564,23036,1103,0
2026-08-21T02:54:03.2068790+12:00,4090-deep-105k,0,NVIDIA GeForce RTX 5090,GPU-67921d1c-ee8e-304f-b562-d6f87617c5a0,32607,30566,1622,0
2026-08-21T02:54:03.2068790+12:00,4090-deep-105k,1,NVIDIA GeForce RTX 4090,GPU-eed52936-813f-8d68-1654-bfb56cb42bc3,24564,23036,1103,0
2026-08-21T02:54:03.5174280+12:00,4090-deep-105k,0,NVIDIA GeForce RTX 5090,GPU-67921d1c-ee8e-304f-b562-d6f87617c5a0,32607,30566,1622,0
2026-08-21T02:54:03.5174280+12:00,4090-deep-105k,1,NVIDIA GeForce RTX 4090,GPU-eed52936-813f-8d68-1654-bfb56cb42bc3,24564,23036,1103,0
2026-08-21T02:54:03.8275436+12:00,4090-deep-105k,0,NVIDIA GeForce RTX 5090,GPU-67921d1c-ee8e-304f-b562-d6f87617c5a0,32607,30566,1622,0
2026-08-21T02:54:03.8275436+12:00,4090-deep-105k,1,NVIDIA GeForce RTX 4090,GPU-eed52936-813f-8d68-1654-bfb56cb42bc3,24564,23036,1103,0
2026-08-21T02:54:04.1421326+12:00,4090-deep-105k,0,NVIDIA GeForce RTX 5090,GPU-67921d1c-ee8e-304f-b562-d6f87617c5a0,32607,30566,1622,0
2026-08-21T02:54:04.1421326+12:00,4090-deep-105k,1,NVIDIA GeForce RTX 4090,GPU-eed52936-813f-8d68-1654-bfb56cb42bc3,24564,23036,1103,0
2026-08-21T02:54:04.4653388+12:00,4090-deep-105k,0,NVIDIA GeForce RTX 5090,GPU-67921d1c-ee8e-304f-b562-d6f87617c5a0,32607,30564,1624,0
2026-08-21T02:54:04.4653388+12:00,4090-deep-105k,1,NVIDIA GeForce RTX 4090,GPU-eed52936-813f-8d68-1654-bfb56cb42bc3,24564,23036,1103,0
2026-08-21T02:54:04.7928234+12:00,4090-deep-105k,0,NVIDIA GeForce RTX 5090,GPU-67921d1c-ee8e-304f-b562-d6f87617c5a0,32607,30560,1628,0
2026-08-21T02:54:04.7928234+12:00,4090-deep-105k,1,NVIDIA GeForce RTX 4090,GPU-eed52936-813f-8d68-1654-bfb56cb42bc3,24564,23036,1103,0
2026-08-21T02:54:05.1040025+12:00,4090-deep-105k,0,NVIDIA GeForce RTX 5090,GPU-67921d1c-ee8e-304f-b562-d6f87617c5a0,32607,30560,1628,0
2026-08-21T02:54:05.1040025+12:00,4090-deep-105k,1,NVIDIA GeForce RTX 4090,GPU-eed52936-813f-8d68-1654-bfb56cb42bc3,24564,23036,1103,0
2026-08-21T02:54:05.4326523+12:00,4090-deep-105k,0,NVIDIA GeForce RTX 5090,GPU-67921d1c-ee8e-304f-b562-d6f87617c5a0,32607,30565,1623,0
2026-08-21T02:54:05.4326523+12:00,4090-deep-105k,1,NVIDIA GeForce RTX 4090,GPU-eed52936-813f-8d68-1654-bfb56cb42bc3,24564,23036,1103,0
2026-08-21T02:54:05.7583070+12:00,4090-deep-105k,0,NVIDIA GeForce RTX 5090,GPU-67921d1c-ee8e-304f-b562-d6f87617c5a0,32607,30565,1623,0
2026-08-21T02:54:05.7583070+12:00,4090-deep-105k,1,NVIDIA GeForce RTX 4090,GPU-eed52936-813f-8d68-1654-bfb56cb42bc3,24564,23036,1103,0
2026-08-21T02:54:06.0842801+12:00,4090-deep-105k,0,NVIDIA GeForce RTX 5090,GPU-67921d1c-ee8e-304f-b562-d6f87617c5a0,32607,30565,1623,0
2026-08-21T02:54:06.0842801+12:00,4090-deep-105k,1,NVIDIA GeForce RTX 4090,GPU-eed52936-813f-8d68-1654-bfb56cb42bc3,24564,23036,1103,0
2026-08-21T02:54:06.4117194+12:00,4090-deep-105k,0,NVIDIA GeForce RTX 5090,GPU-67921d1c-ee8e-304f-b562-d6f87617c5a0,32607,30566,1622,0
2026-08-21T02:54:06.4117194+12:00,4090-deep-105k,1,NVIDIA GeForce RTX 4090,GPU-eed52936-813f-8d68-1654-bfb56cb42bc3,24564,23036,1103,0
2026-08-21T02:54:06.7357043+12:00,4090-deep-105k,0,NVIDIA GeForce RTX 5090,GPU-67921d1c-ee8e-304f-b562-d6f87617c5a0,32607,30566,1622,0
2026-08-21T02:54:06.7357043+12:00,4090-deep-105k,1,NVIDIA GeForce RTX 4090,GPU-eed52936-813f-8d68-1654-bfb56cb42bc3,24564,23036,1103,0
2026-08-21T02:54:07.0634757+12:00,4090-deep-105k,0,NVIDIA GeForce RTX 5090,GPU-67921d1c-ee8e-304f-b562-d6f87617c5a0,32607,30566,1622,0
2026-08-21T02:54:07.0634757+12:00,4090-deep-105k,1,NVIDIA GeForce RTX 4090,GPU-eed52936-813f-8d68-1654-bfb56cb42bc3,24564,23036,1103,0
2026-08-21T02:54:07.3919933+12:00,4090-deep-105k,0,NVIDIA GeForce RTX 5090,GPU-67921d1c-ee8e-304f-b562-d6f87617c5a0,32607,30566,1622,0
2026-08-21T02:54:07.3919933+12:00,4090-deep-105k,1,NVIDIA GeForce RTX 4090,GPU-eed52936-813f-8d68-1654-bfb56cb42bc3,24564,23036,1103,0
2026-08-21T02:54:07.7165821+12:00,4090-deep-105k,0,NVIDIA GeForce RTX 5090,GPU-67921d1c-ee8e-304f-b562-d6f87617c5a0,32607,30566,1622,0
2026-08-21T02:54:07.7165821+12:00,4090-deep-105k,1,NVIDIA GeForce RTX 4090,GPU-eed52936-813f-8d68-1654-bfb56cb42bc3,24564,23036,1103,0
2026-08-21T02:54:08.0289649+12:00,4090-deep-105k,0,NVIDIA GeForce RTX 5090,GPU-67921d1c-ee8e-304f-b562-d6f87617c5a0,32607,30566,1622,0
2026-08-21T02:54:08.0289649+12:00,4090-deep-105k,1,NVIDIA GeForce RTX 4090,GPU-eed52936-813f-8d68-1654-bfb56cb42bc3,24564,23036,1103,0
2026-08-21T02:54:08.3561543+12:00,4090-deep-105k,0,NVIDIA GeForce RTX 5090,GPU-67921d1c-ee8e-304f-b562-d6f87617c5a0,32607,30566,1622,0
2026-08-21T02:54:08.3561543+12:00,4090-deep-105k,1,NVIDIA GeForce RTX 4090,GPU-eed52936-813f-8d68-1654-bfb56cb42bc3,24564,23036,1103,0
2026-08-21T02:54:08.6656087+12:00,4090-deep-105k,0,NVIDIA GeForce RTX 5090,GPU-67921d1c-ee8e-304f-b562-d6f87617c5a0,32607,30560,1628,0
2026-08-21T02:54:08.6656087+12:00,4090-deep-105k,1,NVIDIA GeForce RTX 4090,GPU-eed52936-813f-8d68-1654-bfb56cb42bc3,24564,23036,1103,0
2026-08-21T02:54:08.9769292+12:00,4090-deep-105k,0,NVIDIA GeForce RTX 5090,GPU-67921d1c-ee8e-304f-b562-d6f87617c5a0,32607,30560,1628,0
2026-08-21T02:54:08.9769292+12:00,4090-deep-105k,1,NVIDIA GeForce RTX 4090,GPU-eed52936-813f-8d68-1654-bfb56cb42bc3,24564,23036,1103,0
2026-08-21T02:54:09.3027387+12:00,4090-deep-105k,0,NVIDIA GeForce RTX 5090,GPU-67921d1c-ee8e-304f-b562-d6f87617c5a0,32607,30560,1628,0
2026-08-21T02:54:09.3027387+12:00,4090-deep-105k,1,NVIDIA GeForce RTX 4090,GPU-eed52936-813f-8d68-1654-bfb56cb42bc3,24564,23036,1103,0
2026-08-21T02:54:09.6323167+12:00,4090-deep-105k,0,NVIDIA GeForce RTX 5090,GPU-67921d1c-ee8e-304f-b562-d6f87617c5a0,32607,30565,1623,0
2026-08-21T02:54:09.6323167+12:00,4090-deep-105k,1,NVIDIA GeForce RTX 4090,GPU-eed52936-813f-8d68-1654-bfb56cb42bc3,24564,23036,1103,0
2026-08-21T02:54:09.9570083+12:00,4090-deep-105k,0,NVIDIA GeForce RTX 5090,GPU-67921d1c-ee8e-304f-b562-d6f87617c5a0,32607,30565,1623,0
2026-08-21T02:54:09.9570083+12:00,4090-deep-105k,1,NVIDIA GeForce RTX 4090,GPU-eed52936-813f-8d68-1654-bfb56cb42bc3,24564,23036,1103,0
2026-08-21T02:54:10.2837657+12:00,4090-deep-105k,0,NVIDIA GeForce RTX 5090,GPU-67921d1c-ee8e-304f-b562-d6f87617c5a0,32607,30565,1623,0
2026-08-21T02:54:10.2837657+12:00,4090-deep-105k,1,NVIDIA GeForce RTX 4090,GPU-eed52936-813f-8d68-1654-bfb56cb42bc3,24564,23036,1103,0
2026-08-21T02:54:10.5957347+12:00,4090-deep-105k,0,NVIDIA GeForce RTX 5090,GPU-67921d1c-ee8e-304f-b562-d6f87617c5a0,32607,30566,1622,0
2026-08-21T02:54:10.5957347+12:00,4090-deep-105k,1,NVIDIA GeForce RTX 4090,GPU-eed52936-813f-8d68-1654-bfb56cb42bc3,24564,23036,1103,0
2026-08-21T02:54:10.9076824+12:00,4090-deep-105k,0,NVIDIA GeForce RTX 5090,GPU-67921d1c-ee8e-304f-b562-d6f87617c5a0,32607,30577,1611,0
2026-08-21T02:54:10.9076824+12:00,4090-deep-105k,1,NVIDIA GeForce RTX 4090,GPU-eed52936-813f-8d68-1654-bfb56cb42bc3,24564,23036,1103,0
2026-08-21T02:54:11.2165142+12:00,4090-deep-105k,0,NVIDIA GeForce RTX 5090,GPU-67921d1c-ee8e-304f-b562-d6f87617c5a0,32607,30577,1611,0
2026-08-21T02:54:11.2165142+12:00,4090-deep-105k,1,NVIDIA GeForce RTX 4090,GPU-eed52936-813f-8d68-1654-bfb56cb42bc3,24564,23036,1103,0
2026-08-21T02:54:11.5426120+12:00,4090-deep-105k,0,NVIDIA GeForce RTX 5090,GPU-67921d1c-ee8e-304f-b562-d6f87617c5a0,32607,30577,1611,0
2026-08-21T02:54:11.5426120+12:00,4090-deep-105k,1,NVIDIA GeForce RTX 4090,GPU-eed52936-813f-8d68-1654-bfb56cb42bc3,24564,23036,1103,0
2026-08-21T02:54:11.8696623+12:00,4090-deep-105k,0,NVIDIA GeForce RTX 5090,GPU-67921d1c-ee8e-304f-b562-d6f87617c5a0,32607,30577,1611,0
2026-08-21T02:54:11.8696623+12:00,4090-deep-105k,1,NVIDIA GeForce RTX 4090,GPU-eed52936-813f-8d68-1654-bfb56cb42bc3,24564,23036,1103,0
2026-08-21T02:54:12.1947755+12:00,4090-deep-105k,0,NVIDIA GeForce RTX 5090,GPU-67921d1c-ee8e-304f-b562-d6f87617c5a0,32607,30577,1611,0
2026-08-21T02:54:12.1947755+12:00,4090-deep-105k,1,NVIDIA GeForce RTX 4090,GPU-eed52936-813f-8d68-1654-bfb56cb42bc3,24564,23036,1103,0
2026-08-21T02:54:12.5224420+12:00,4090-deep-105k,0,NVIDIA GeForce RTX 5090,GPU-67921d1c-ee8e-304f-b562-d6f87617c5a0,32607,30562,1626,0
2026-08-21T02:54:12.5224420+12:00,4090-deep-105k,1,NVIDIA GeForce RTX 4090,GPU-eed52936-813f-8d68-1654-bfb56cb42bc3,24564,23036,1103,0
2026-08-21T02:54:12.8352696+12:00,4090-deep-105k,0,NVIDIA GeForce RTX 5090,GPU-67921d1c-ee8e-304f-b562-d6f87617c5a0,32607,30562,1626,0
2026-08-21T02:54:12.8352696+12:00,4090-deep-105k,1,NVIDIA GeForce RTX 4090,GPU-eed52936-813f-8d68-1654-bfb56cb42bc3,24564,23036,1103,0
2026-08-21T02:54:13.1435774+12:00,4090-deep-105k,0,NVIDIA GeForce RTX 5090,GPU-67921d1c-ee8e-304f-b562-d6f87617c5a0,32607,30562,1626,0
2026-08-21T02:54:13.1435774+12:00,4090-deep-105k,1,NVIDIA GeForce RTX 4090,GPU-eed52936-813f-8d68-1654-bfb56cb42bc3,24564,23036,1103,0
2026-08-21T02:54:13.4699486+12:00,4090-deep-105k,0,NVIDIA GeForce RTX 5090,GPU-67921d1c-ee8e-304f-b562-d6f87617c5a0,32607,30567,1620,0
2026-08-21T02:54:13.4699486+12:00,4090-deep-105k,1,NVIDIA GeForce RTX 4090,GPU-eed52936-813f-8d68-1654-bfb56cb42bc3,24564,23036,1103,0
2026-08-21T02:54:13.7975406+12:00,4090-deep-105k,0,NVIDIA GeForce RTX 5090,GPU-67921d1c-ee8e-304f-b562-d6f87617c5a0,32607,30567,1621,0
2026-08-21T02:54:13.7975406+12:00,4090-deep-105k,1,NVIDIA GeForce RTX 4090,GPU-eed52936-813f-8d68-1654-bfb56cb42bc3,24564,23036,1103,0
2026-08-21T02:54:14.1230049+12:00,4090-deep-105k,0,NVIDIA GeForce RTX 5090,GPU-67921d1c-ee8e-304f-b562-d6f87617c5a0,32607,30567,1621,0
2026-08-21T02:54:14.1230049+12:00,4090-deep-105k,1,NVIDIA GeForce RTX 4090,GPU-eed52936-813f-8d68-1654-bfb56cb42bc3,24564,23036,1103,0
2026-08-21T02:54:14.4475036+12:00,4090-deep-105k,0,NVIDIA GeForce RTX 5090,GPU-67921d1c-ee8e-304f-b562-d6f87617c5a0,32607,30567,1620,0
2026-08-21T02:54:14.4475036+12:00,4090-deep-105k,1,NVIDIA GeForce RTX 4090,GPU-eed52936-813f-8d68-1654-bfb56cb42bc3,24564,23036,1103,0
2026-08-21T02:54:14.7618962+12:00,4090-deep-105k,0,NVIDIA GeForce RTX 5090,GPU-67921d1c-ee8e-304f-b562-d6f87617c5a0,32607,30567,1620,0
2026-08-21T02:54:14.7618962+12:00,4090-deep-105k,1,NVIDIA GeForce RTX 4090,GPU-eed52936-813f-8d68-1654-bfb56cb42bc3,24564,23036,1103,0
2026-08-21T02:54:15.0879829+12:00,4090-deep-105k,0,NVIDIA GeForce RTX 5090,GPU-67921d1c-ee8e-304f-b562-d6f87617c5a0,32607,30567,1620,0
2026-08-21T02:54:15.0879829+12:00,4090-deep-105k,1,NVIDIA GeForce RTX 4090,GPU-eed52936-813f-8d68-1654-bfb56cb42bc3,24564,23036,1103,0
2026-08-21T02:54:15.4004396+12:00,4090-deep-105k,0,NVIDIA GeForce RTX 5090,GPU-67921d1c-ee8e-304f-b562-d6f87617c5a0,32607,30567,1620,0
2026-08-21T02:54:15.4004396+12:00,4090-deep-105k,1,NVIDIA GeForce RTX 4090,GPU-eed52936-813f-8d68-1654-bfb56cb42bc3,24564,23036,1103,0
2026-08-21T02:54:15.7135648+12:00,4090-deep-105k,0,NVIDIA GeForce RTX 5090,GPU-67921d1c-ee8e-304f-b562-d6f87617c5a0,32607,30567,1620,0
2026-08-21T02:54:15.7135648+12:00,4090-deep-105k,1,NVIDIA GeForce RTX 4090,GPU-eed52936-813f-8d68-1654-bfb56cb42bc3,24564,23036,1103,0
2026-08-21T02:54:16.0255549+12:00,4090-deep-105k,0,NVIDIA GeForce RTX 5090,GPU-67921d1c-ee8e-304f-b562-d6f87617c5a0,32607,30566,1622,0
2026-08-21T02:54:16.0255549+12:00,4090-deep-105k,1,NVIDIA GeForce RTX 4090,GPU-eed52936-813f-8d68-1654-bfb56cb42bc3,24564,23036,1103,0
2026-08-21T02:54:16.3533678+12:00,4090-deep-105k,0,NVIDIA GeForce RTX 5090,GPU-67921d1c-ee8e-304f-b562-d6f87617c5a0,32607,30566,1622,0
2026-08-21T02:54:16.3533678+12:00,4090-deep-105k,1,NVIDIA GeForce RTX 4090,GPU-eed52936-813f-8d68-1654-bfb56cb42bc3,24564,23036,1103,0
2026-08-21T02:54:16.6650965+12:00,4090-deep-105k,0,NVIDIA GeForce RTX 5090,GPU-67921d1c-ee8e-304f-b562-d6f87617c5a0,32607,30560,1628,0
2026-08-21T02:54:16.6650965+12:00,4090-deep-105k,1,NVIDIA GeForce RTX 4090,GPU-eed52936-813f-8d68-1654-bfb56cb42bc3,24564,23036,1103,0
2026-08-21T02:54:16.9749519+12:00,4090-deep-105k,0,NVIDIA GeForce RTX 5090,GPU-67921d1c-ee8e-304f-b562-d6f87617c5a0,32607,30560,1628,0
2026-08-21T02:54:16.9749519+12:00,4090-deep-105k,1,NVIDIA GeForce RTX 4090,GPU-eed52936-813f-8d68-1654-bfb56cb42bc3,24564,23036,1103,0
2026-08-21T02:54:17.3013612+12:00,4090-deep-105k,0,NVIDIA GeForce RTX 5090,GPU-67921d1c-ee8e-304f-b562-d6f87617c5a0,32607,30560,1628,0
2026-08-21T02:54:17.3013612+12:00,4090-deep-105k,1,NVIDIA GeForce RTX 4090,GPU-eed52936-813f-8d68-1654-bfb56cb42bc3,24564,23036,1103,0
2026-08-21T02:54:17.6286930+12:00,4090-deep-105k,0,NVIDIA GeForce RTX 5090,GPU-67921d1c-ee8e-304f-b562-d6f87617c5a0,32607,30565,1623,0
2026-08-21T02:54:17.6286930+12:00,4090-deep-105k,1,NVIDIA GeForce RTX 4090,GPU-eed52936-813f-8d68-1654-bfb56cb42bc3,24564,23036,1103,0
2026-08-21T02:54:17.9401302+12:00,4090-deep-105k,0,NVIDIA GeForce RTX 5090,GPU-67921d1c-ee8e-304f-b562-d6f87617c5a0,32607,30565,1623,0
2026-08-21T02:54:17.9401302+12:00,4090-deep-105k,1,NVIDIA GeForce RTX 4090,GPU-eed52936-813f-8d68-1654-bfb56cb42bc3,24564,23036,1103,0
2026-08-21T02:54:18.2670398+12:00,4090-deep-105k,0,NVIDIA GeForce RTX 5090,GPU-67921d1c-ee8e-304f-b562-d6f87617c5a0,32607,30565,1623,0
2026-08-21T02:54:18.2670398+12:00,4090-deep-105k,1,NVIDIA GeForce RTX 4090,GPU-eed52936-813f-8d68-1654-bfb56cb42bc3,24564,23036,1103,0
2026-08-21T02:54:18.5940112+12:00,4090-deep-105k,0,NVIDIA GeForce RTX 5090,GPU-67921d1c-ee8e-304f-b562-d6f87617c5a0,32607,30566,1622,0
2026-08-21T02:54:18.5940112+12:00,4090-deep-105k,1,NVIDIA GeForce RTX 4090,GPU-eed52936-813f-8d68-1654-bfb56cb42bc3,24564,23036,1103,0
2026-08-21T02:54:18.9187280+12:00,4090-deep-105k,0,NVIDIA GeForce RTX 5090,GPU-67921d1c-ee8e-304f-b562-d6f87617c5a0,32607,30566,1622,0
2026-08-21T02:54:18.9187280+12:00,4090-deep-105k,1,NVIDIA GeForce RTX 4090,GPU-eed52936-813f-8d68-1654-bfb56cb42bc3,24564,23036,1103,0
2026-08-21T02:54:19.2286856+12:00,4090-deep-105k,0,NVIDIA GeForce RTX 5090,GPU-67921d1c-ee8e-304f-b562-d6f87617c5a0,32607,30566,1622,0
2026-08-21T02:54:19.2286856+12:00,4090-deep-105k,1,NVIDIA GeForce RTX 4090,GPU-eed52936-813f-8d68-1654-bfb56cb42bc3,24564,23036,1103,0
2026-08-21T02:54:19.5406177+12:00,4090-deep-105k,0,NVIDIA GeForce RTX 5090,GPU-67921d1c-ee8e-304f-b562-d6f87617c5a0,32607,30564,1624,0
2026-08-21T02:54:19.5406177+12:00,4090-deep-105k,1,NVIDIA GeForce RTX 4090,GPU-eed52936-813f-8d68-1654-bfb56cb42bc3,24564,23036,1103,0
2026-08-21T02:54:19.8658612+12:00,4090-deep-105k,0,NVIDIA GeForce RTX 5090,GPU-67921d1c-ee8e-304f-b562-d6f87617c5a0,32607,30560,1628,0
2026-08-21T02:54:19.8658612+12:00,4090-deep-105k,1,NVIDIA GeForce RTX 4090,GPU-eed52936-813f-8d68-1654-bfb56cb42bc3,24564,23036,1103,0
2026-08-21T02:54:20.1942784+12:00,4090-deep-105k,0,NVIDIA GeForce RTX 5090,GPU-67921d1c-ee8e-304f-b562-d6f87617c5a0,32607,30560,1628,0
2026-08-21T02:54:20.1942784+12:00,4090-deep-105k,1,NVIDIA GeForce RTX 4090,GPU-eed52936-813f-8d68-1654-bfb56cb42bc3,24564,23036,1103,0
2026-08-21T02:54:20.5193364+12:00,4090-deep-105k,0,NVIDIA GeForce RTX 5090,GPU-67921d1c-ee8e-304f-b562-d6f87617c5a0,32607,30560,1628,0
2026-08-21T02:54:20.5193364+12:00,4090-deep-105k,1,NVIDIA GeForce RTX 4090,GPU-eed52936-813f-8d68-1654-bfb56cb42bc3,24564,23036,1103,0
2026-08-21T02:54:20.8308308+12:00,4090-deep-105k,0,NVIDIA GeForce RTX 5090,GPU-67921d1c-ee8e-304f-b562-d6f87617c5a0,32607,30560,1628,0
2026-08-21T02:54:20.8308308+12:00,4090-deep-105k,1,NVIDIA GeForce RTX 4090,GPU-eed52936-813f-8d68-1654-bfb56cb42bc3,24564,23036,1103,0
2026-08-21T02:54:21.1561475+12:00,4090-deep-105k,0,NVIDIA GeForce RTX 5090,GPU-67921d1c-ee8e-304f-b562-d6f87617c5a0,32607,30560,1628,0
2026-08-21T02:54:21.1561475+12:00,4090-deep-105k,1,NVIDIA GeForce RTX 4090,GPU-eed52936-813f-8d68-1654-bfb56cb42bc3,24564,23036,1103,0
2026-08-21T02:54:21.4826878+12:00,4090-deep-105k,0,NVIDIA GeForce RTX 5090,GPU-67921d1c-ee8e-304f-b562-d6f87617c5a0,32607,30565,1623,0
2026-08-21T02:54:21.4826878+12:00,4090-deep-105k,1,NVIDIA GeForce RTX 4090,GPU-eed52936-813f-8d68-1654-bfb56cb42bc3,24564,23036,1103,0
2026-08-21T02:54:21.7935250+12:00,4090-deep-105k,0,NVIDIA GeForce RTX 5090,GPU-67921d1c-ee8e-304f-b562-d6f87617c5a0,32607,30565,1623,0
2026-08-21T02:54:21.7935250+12:00,4090-deep-105k,1,NVIDIA GeForce RTX 4090,GPU-eed52936-813f-8d68-1654-bfb56cb42bc3,24564,23036,1103,0
2026-08-21T02:54:22.1072301+12:00,4090-deep-105k,0,NVIDIA GeForce RTX 5090,GPU-67921d1c-ee8e-304f-b562-d6f87617c5a0,32607,30565,1623,0
2026-08-21T02:54:22.1072301+12:00,4090-deep-105k,1,NVIDIA GeForce RTX 4090,GPU-eed52936-813f-8d68-1654-bfb56cb42bc3,24564,23036,1103,0
2026-08-21T02:54:22.4179820+12:00,4090-deep-105k,0,NVIDIA GeForce RTX 5090,GPU-67921d1c-ee8e-304f-b562-d6f87617c5a0,32607,30566,1622,0
2026-08-21T02:54:22.4179820+12:00,4090-deep-105k,1,NVIDIA GeForce RTX 4090,GPU-eed52936-813f-8d68-1654-bfb56cb42bc3,24564,23036,1103,0
2026-08-21T02:54:22.7282329+12:00,4090-deep-105k,0,NVIDIA GeForce RTX 5090,GPU-67921d1c-ee8e-304f-b562-d6f87617c5a0,32607,30566,1622,0
2026-08-21T02:54:22.7282329+12:00,4090-deep-105k,1,NVIDIA GeForce RTX 4090,GPU-eed52936-813f-8d68-1654-bfb56cb42bc3,24564,23036,1103,0
2026-08-21T02:54:23.0530856+12:00,4090-deep-105k,0,NVIDIA GeForce RTX 5090,GPU-67921d1c-ee8e-304f-b562-d6f87617c5a0,32607,30566,1622,0
2026-08-21T02:54:23.0530856+12:00,4090-deep-105k,1,NVIDIA GeForce RTX 4090,GPU-eed52936-813f-8d68-1654-bfb56cb42bc3,24564,23036,1103,0
2026-08-21T02:54:23.3657952+12:00,4090-deep-105k,0,NVIDIA GeForce RTX 5090,GPU-67921d1c-ee8e-304f-b562-d6f87617c5a0,32607,30566,1622,0
2026-08-21T02:54:23.3657952+12:00,4090-deep-105k,1,NVIDIA GeForce RTX 4090,GPU-eed52936-813f-8d68-1654-bfb56cb42bc3,24564,23036,1103,0
2026-08-21T02:54:23.6776065+12:00,4090-deep-105k,0,NVIDIA GeForce RTX 5090,GPU-67921d1c-ee8e-304f-b562-d6f87617c5a0,32607,30566,1622,0
2026-08-21T02:54:23.6776065+12:00,4090-deep-105k,1,NVIDIA GeForce RTX 4090,GPU-eed52936-813f-8d68-1654-bfb56cb42bc3,24564,23036,1103,0
2026-08-21T02:54:24.0064809+12:00,4090-deep-105k,0,NVIDIA GeForce RTX 5090,GPU-67921d1c-ee8e-304f-b562-d6f87617c5a0,32607,30566,1622,0
2026-08-21T02:54:24.0064809+12:00,4090-deep-105k,1,NVIDIA GeForce RTX 4090,GPU-eed52936-813f-8d68-1654-bfb56cb42bc3,24564,23036,1103,0
2026-08-21T02:54:24.3177964+12:00,4090-deep-105k,0,NVIDIA GeForce RTX 5090,GPU-67921d1c-ee8e-304f-b562-d6f87617c5a0,32607,30566,1622,0
2026-08-21T02:54:24.3177964+12:00,4090-deep-105k,1,NVIDIA GeForce RTX 4090,GPU-eed52936-813f-8d68-1654-bfb56cb42bc3,24564,23036,1103,0
2026-08-21T02:54:24.6312812+12:00,4090-deep-105k,0,NVIDIA GeForce RTX 5090,GPU-67921d1c-ee8e-304f-b562-d6f87617c5a0,32607,30560,1628,0
2026-08-21T02:54:24.6312812+12:00,4090-deep-105k,1,NVIDIA GeForce RTX 4090,GPU-eed52936-813f-8d68-1654-bfb56cb42bc3,24564,23036,1103,0
2026-08-21T02:54:24.9432138+12:00,4090-deep-105k,0,NVIDIA GeForce RTX 5090,GPU-67921d1c-ee8e-304f-b562-d6f87617c5a0,32607,30560,1628,0
2026-08-21T02:54:24.9432138+12:00,4090-deep-105k,1,NVIDIA GeForce RTX 4090,GPU-eed52936-813f-8d68-1654-bfb56cb42bc3,24564,23036,1103,0
2026-08-21T02:54:25.2562948+12:00,4090-deep-105k,0,NVIDIA GeForce RTX 5090,GPU-67921d1c-ee8e-304f-b562-d6f87617c5a0,32607,30560,1628,0
2026-08-21T02:54:25.2562948+12:00,4090-deep-105k,1,NVIDIA GeForce RTX 4090,GPU-eed52936-813f-8d68-1654-bfb56cb42bc3,24564,23036,1103,0
2026-08-21T02:54:25.5661387+12:00,4090-deep-105k,0,NVIDIA GeForce RTX 5090,GPU-67921d1c-ee8e-304f-b562-d6f87617c5a0,32607,30565,1623,0
2026-08-21T02:54:25.5661387+12:00,4090-deep-105k,1,NVIDIA GeForce RTX 4090,GPU-eed52936-813f-8d68-1654-bfb56cb42bc3,24564,23036,1103,0
2026-08-21T02:54:25.8801522+12:00,4090-deep-105k,0,NVIDIA GeForce RTX 5090,GPU-67921d1c-ee8e-304f-b562-d6f87617c5a0,32607,30565,1623,0
2026-08-21T02:54:25.8801522+12:00,4090-deep-105k,1,NVIDIA GeForce RTX 4090,GPU-eed52936-813f-8d68-1654-bfb56cb42bc3,24564,23036,1103,0
2026-08-21T02:54:26.2085510+12:00,4090-deep-105k,0,NVIDIA GeForce RTX 5090,GPU-67921d1c-ee8e-304f-b562-d6f87617c5a0,32607,30565,1623,0
2026-08-21T02:54:26.2085510+12:00,4090-deep-105k,1,NVIDIA GeForce RTX 4090,GPU-eed52936-813f-8d68-1654-bfb56cb42bc3,24564,23036,1103,0
2026-08-21T02:54:26.5196755+12:00,4090-deep-105k,0,NVIDIA GeForce RTX 5090,GPU-67921d1c-ee8e-304f-b562-d6f87617c5a0,32607,30566,1622,0
2026-08-21T02:54:26.5196755+12:00,4090-deep-105k,1,NVIDIA GeForce RTX 4090,GPU-eed52936-813f-8d68-1654-bfb56cb42bc3,24564,23036,1103,0
2026-08-21T02:54:26.8317919+12:00,4090-deep-105k,0,NVIDIA GeForce RTX 5090,GPU-67921d1c-ee8e-304f-b562-d6f87617c5a0,32607,30566,1622,0
2026-08-21T02:54:26.8317919+12:00,4090-deep-105k,1,NVIDIA GeForce RTX 4090,GPU-eed52936-813f-8d68-1654-bfb56cb42bc3,24564,23036,1103,0
2026-08-21T02:54:27.1426409+12:00,4090-deep-105k,0,NVIDIA GeForce RTX 5090,GPU-67921d1c-ee8e-304f-b562-d6f87617c5a0,32607,30566,1622,0
2026-08-21T02:54:27.1426409+12:00,4090-deep-105k,1,NVIDIA GeForce RTX 4090,GPU-eed52936-813f-8d68-1654-bfb56cb42bc3,24564,23036,1103,0
2026-08-21T02:54:27.4678422+12:00,4090-deep-105k,0,NVIDIA GeForce RTX 5090,GPU-67921d1c-ee8e-304f-b562-d6f87617c5a0,32607,30564,1624,0
2026-08-21T02:54:27.4678422+12:00,4090-deep-105k,1,NVIDIA GeForce RTX 4090,GPU-eed52936-813f-8d68-1654-bfb56cb42bc3,24564,23036,1103,0
2026-08-21T02:54:27.7788766+12:00,4090-deep-105k,0,NVIDIA GeForce RTX 5090,GPU-67921d1c-ee8e-304f-b562-d6f87617c5a0,32607,30560,1628,0
2026-08-21T02:54:27.7788766+12:00,4090-deep-105k,1,NVIDIA GeForce RTX 4090,GPU-eed52936-813f-8d68-1654-bfb56cb42bc3,24564,23036,1103,0
2026-08-21T02:54:28.1066347+12:00,4090-deep-105k,0,NVIDIA GeForce RTX 5090,GPU-67921d1c-ee8e-304f-b562-d6f87617c5a0,32607,30560,1628,0
2026-08-21T02:54:28.1066347+12:00,4090-deep-105k,1,NVIDIA GeForce RTX 4090,GPU-eed52936-813f-8d68-1654-bfb56cb42bc3,24564,23036,1103,0
2026-08-21T02:54:28.4319469+12:00,4090-deep-105k,0,NVIDIA GeForce RTX 5090,GPU-67921d1c-ee8e-304f-b562-d6f87617c5a0,32607,30560,1628,0
2026-08-21T02:54:28.4319469+12:00,4090-deep-105k,1,NVIDIA GeForce RTX 4090,GPU-eed52936-813f-8d68-1654-bfb56cb42bc3,24564,23036,1103,0
2026-08-21T02:54:28.7447431+12:00,4090-deep-105k,0,NVIDIA GeForce RTX 5090,GPU-67921d1c-ee8e-304f-b562-d6f87617c5a0,32607,30560,1628,0
2026-08-21T02:54:28.7447431+12:00,4090-deep-105k,1,NVIDIA GeForce RTX 4090,GPU-eed52936-813f-8d68-1654-bfb56cb42bc3,24564,23036,1103,0
2026-08-21T02:54:29.0712467+12:00,4090-deep-105k,0,NVIDIA GeForce RTX 5090,GPU-67921d1c-ee8e-304f-b562-d6f87617c5a0,32607,30560,1628,0
2026-08-21T02:54:29.0712467+12:00,4090-deep-105k,1,NVIDIA GeForce RTX 4090,GPU-eed52936-813f-8d68-1654-bfb56cb42bc3,24564,23036,1103,0
2026-08-21T02:54:29.3991221+12:00,4090-deep-105k,0,NVIDIA GeForce RTX 5090,GPU-67921d1c-ee8e-304f-b562-d6f87617c5a0,32607,30564,1624,0
2026-08-21T02:54:29.3991221+12:00,4090-deep-105k,1,NVIDIA GeForce RTX 4090,GPU-eed52936-813f-8d68-1654-bfb56cb42bc3,24564,23036,1103,0
2026-08-21T02:54:29.7261627+12:00,4090-deep-105k,0,NVIDIA GeForce RTX 5090,GPU-67921d1c-ee8e-304f-b562-d6f87617c5a0,32607,30565,1623,0
2026-08-21T02:54:29.7261627+12:00,4090-deep-105k,1,NVIDIA GeForce RTX 4090,GPU-eed52936-813f-8d68-1654-bfb56cb42bc3,24564,23036,1103,0
2026-08-21T02:54:30.0395075+12:00,4090-deep-105k,0,NVIDIA GeForce RTX 5090,GPU-67921d1c-ee8e-304f-b562-d6f87617c5a0,32607,30565,1623,0
2026-08-21T02:54:30.0395075+12:00,4090-deep-105k,1,NVIDIA GeForce RTX 4090,GPU-eed52936-813f-8d68-1654-bfb56cb42bc3,24564,23036,1103,0
2026-08-21T02:54:30.3518551+12:00,4090-deep-105k,0,NVIDIA GeForce RTX 5090,GPU-67921d1c-ee8e-304f-b562-d6f87617c5a0,32607,30565,1623,0
2026-08-21T02:54:30.3518551+12:00,4090-deep-105k,1,NVIDIA GeForce RTX 4090,GPU-eed52936-813f-8d68-1654-bfb56cb42bc3,24564,23036,1103,0
2026-08-21T02:54:30.6785647+12:00,4090-deep-105k,0,NVIDIA GeForce RTX 5090,GPU-67921d1c-ee8e-304f-b562-d6f87617c5a0,32607,30565,1623,0
2026-08-21T02:54:30.6785647+12:00,4090-deep-105k,1,NVIDIA GeForce RTX 4090,GPU-eed52936-813f-8d68-1654-bfb56cb42bc3,24564,23036,1103,0
2026-08-21T02:54:30.9901617+12:00,4090-deep-105k,0,NVIDIA GeForce RTX 5090,GPU-67921d1c-ee8e-304f-b562-d6f87617c5a0,32607,30565,1623,0
2026-08-21T02:54:30.9901617+12:00,4090-deep-105k,1,NVIDIA GeForce RTX 4090,GPU-eed52936-813f-8d68-1654-bfb56cb42bc3,24564,23036,1103,0
2026-08-21T02:54:31.3019577+12:00,4090-deep-105k,0,NVIDIA GeForce RTX 5090,GPU-67921d1c-ee8e-304f-b562-d6f87617c5a0,32607,30565,1623,0
2026-08-21T02:54:31.3019577+12:00,4090-deep-105k,1,NVIDIA GeForce RTX 4090,GPU-eed52936-813f-8d68-1654-bfb56cb42bc3,24564,23036,1103,0
2026-08-21T02:54:31.6288942+12:00,4090-deep-105k,0,NVIDIA GeForce RTX 5090,GPU-67921d1c-ee8e-304f-b562-d6f87617c5a0,32607,30565,1623,0
2026-08-21T02:54:31.6288942+12:00,4090-deep-105k,1,NVIDIA GeForce RTX 4090,GPU-eed52936-813f-8d68-1654-bfb56cb42bc3,24564,23036,1103,0
2026-08-21T02:54:31.9541317+12:00,4090-deep-105k,0,NVIDIA GeForce RTX 5090,GPU-67921d1c-ee8e-304f-b562-d6f87617c5a0,32607,30565,1623,0
2026-08-21T02:54:31.9541317+12:00,4090-deep-105k,1,NVIDIA GeForce RTX 4090,GPU-eed52936-813f-8d68-1654-bfb56cb42bc3,24564,23036,1103,0
2026-08-21T02:54:32.2973631+12:00,4090-deep-105k,0,NVIDIA GeForce RTX 5090,GPU-67921d1c-ee8e-304f-b562-d6f87617c5a0,32607,30565,1623,0
2026-08-21T02:54:32.2973631+12:00,4090-deep-105k,1,NVIDIA GeForce RTX 4090,GPU-eed52936-813f-8d68-1654-bfb56cb42bc3,24564,23036,1103,0
2026-08-21T02:54:32.6200610+12:00,4090-deep-105k,0,NVIDIA GeForce RTX 5090,GPU-67921d1c-ee8e-304f-b562-d6f87617c5a0,32607,30560,1628,0
2026-08-21T02:54:32.6200610+12:00,4090-deep-105k,1,NVIDIA GeForce RTX 4090,GPU-eed52936-813f-8d68-1654-bfb56cb42bc3,24564,23036,1103,0
2026-08-21T02:54:32.9483404+12:00,4090-deep-105k,0,NVIDIA GeForce RTX 5090,GPU-67921d1c-ee8e-304f-b562-d6f87617c5a0,32607,30560,1628,0
2026-08-21T02:54:32.9483404+12:00,4090-deep-105k,1,NVIDIA GeForce RTX 4090,GPU-eed52936-813f-8d68-1654-bfb56cb42bc3,24564,23036,1103,0
2026-08-21T02:54:33.2781996+12:00,4090-deep-105k,0,NVIDIA GeForce RTX 5090,GPU-67921d1c-ee8e-304f-b562-d6f87617c5a0,32607,30560,1628,0
2026-08-21T02:54:33.2781996+12:00,4090-deep-105k,1,NVIDIA GeForce RTX 4090,GPU-eed52936-813f-8d68-1654-bfb56cb42bc3,24564,23036,1103,0
2026-08-21T02:54:33.6028229+12:00,4090-deep-105k,0,NVIDIA GeForce RTX 5090,GPU-67921d1c-ee8e-304f-b562-d6f87617c5a0,32607,30565,1623,0
2026-08-21T02:54:33.6028229+12:00,4090-deep-105k,1,NVIDIA GeForce RTX 4090,GPU-eed52936-813f-8d68-1654-bfb56cb42bc3,24564,23036,1103,0
2026-08-21T02:54:33.9301184+12:00,4090-deep-105k,0,NVIDIA GeForce RTX 5090,GPU-67921d1c-ee8e-304f-b562-d6f87617c5a0,32607,30565,1623,0
2026-08-21T02:54:33.9301184+12:00,4090-deep-105k,1,NVIDIA GeForce RTX 4090,GPU-eed52936-813f-8d68-1654-bfb56cb42bc3,24564,23036,1103,0
2026-08-21T02:54:34.2397721+12:00,4090-deep-105k,0,NVIDIA GeForce RTX 5090,GPU-67921d1c-ee8e-304f-b562-d6f87617c5a0,32607,30565,1623,0
2026-08-21T02:54:34.2397721+12:00,4090-deep-105k,1,NVIDIA GeForce RTX 4090,GPU-eed52936-813f-8d68-1654-bfb56cb42bc3,24564,23036,1103,0
2026-08-21T02:54:34.5666407+12:00,4090-deep-105k,0,NVIDIA GeForce RTX 5090,GPU-67921d1c-ee8e-304f-b562-d6f87617c5a0,32607,30566,1622,0
2026-08-21T02:54:34.5666407+12:00,4090-deep-105k,1,NVIDIA GeForce RTX 4090,GPU-eed52936-813f-8d68-1654-bfb56cb42bc3,24564,23036,1103,0
2026-08-21T02:54:34.8777491+12:00,4090-deep-105k,0,NVIDIA GeForce RTX 5090,GPU-67921d1c-ee8e-304f-b562-d6f87617c5a0,32607,30566,1622,0
2026-08-21T02:54:34.8777491+12:00,4090-deep-105k,1,NVIDIA GeForce RTX 4090,GPU-eed52936-813f-8d68-1654-bfb56cb42bc3,24564,23036,1103,0
2026-08-21T02:54:35.2039933+12:00,4090-deep-105k,0,NVIDIA GeForce RTX 5090,GPU-67921d1c-ee8e-304f-b562-d6f87617c5a0,32607,30566,1622,0
2026-08-21T02:54:35.2039933+12:00,4090-deep-105k,1,NVIDIA GeForce RTX 4090,GPU-eed52936-813f-8d68-1654-bfb56cb42bc3,24564,23036,1103,0
2026-08-21T02:54:35.5157251+12:00,4090-deep-105k,0,NVIDIA GeForce RTX 5090,GPU-67921d1c-ee8e-304f-b562-d6f87617c5a0,32607,30566,1622,0
2026-08-21T02:54:35.5157251+12:00,4090-deep-105k,1,NVIDIA GeForce RTX 4090,GPU-eed52936-813f-8d68-1654-bfb56cb42bc3,24564,23036,1103,0
2026-08-21T02:54:35.8248199+12:00,4090-deep-105k,0,NVIDIA GeForce RTX 5090,GPU-67921d1c-ee8e-304f-b562-d6f87617c5a0,32607,30566,1622,0
2026-08-21T02:54:35.8248199+12:00,4090-deep-105k,1,NVIDIA GeForce RTX 4090,GPU-eed52936-813f-8d68-1654-bfb56cb42bc3,24564,23036,1103,0
2026-08-21T02:54:36.1398902+12:00,4090-deep-105k,0,NVIDIA GeForce RTX 5090,GPU-67921d1c-ee8e-304f-b562-d6f87617c5a0,32607,30566,1622,0
2026-08-21T02:54:36.1398902+12:00,4090-deep-105k,1,NVIDIA GeForce RTX 4090,GPU-eed52936-813f-8d68-1654-bfb56cb42bc3,24564,23036,1103,0
2026-08-21T02:54:36.4679507+12:00,4090-deep-105k,0,NVIDIA GeForce RTX 5090,GPU-67921d1c-ee8e-304f-b562-d6f87617c5a0,32607,30564,1624,0
2026-08-21T02:54:36.4679507+12:00,4090-deep-105k,1,NVIDIA GeForce RTX 4090,GPU-eed52936-813f-8d68-1654-bfb56cb42bc3,24564,23036,1103,0
2026-08-21T02:54:36.7791002+12:00,4090-deep-105k,0,NVIDIA GeForce RTX 5090,GPU-67921d1c-ee8e-304f-b562-d6f87617c5a0,32607,30560,1628,0
2026-08-21T02:54:36.7791002+12:00,4090-deep-105k,1,NVIDIA GeForce RTX 4090,GPU-eed52936-813f-8d68-1654-bfb56cb42bc3,24564,23036,1103,0
2026-08-21T02:54:37.0880105+12:00,4090-deep-105k,0,NVIDIA GeForce RTX 5090,GPU-67921d1c-ee8e-304f-b562-d6f87617c5a0,32607,30560,1628,0
2026-08-21T02:54:37.0880105+12:00,4090-deep-105k,1,NVIDIA GeForce RTX 4090,GPU-eed52936-813f-8d68-1654-bfb56cb42bc3,24564,23036,1103,0
2026-08-21T02:54:37.3983724+12:00,4090-deep-105k,0,NVIDIA GeForce RTX 5090,GPU-67921d1c-ee8e-304f-b562-d6f87617c5a0,32607,30564,1624,0
2026-08-21T02:54:37.3983724+12:00,4090-deep-105k,1,NVIDIA GeForce RTX 4090,GPU-eed52936-813f-8d68-1654-bfb56cb42bc3,24564,23036,1103,0
2026-08-21T02:54:37.7269975+12:00,4090-deep-105k,0,NVIDIA GeForce RTX 5090,GPU-67921d1c-ee8e-304f-b562-d6f87617c5a0,32607,30565,1623,0
2026-08-21T02:54:37.7269975+12:00,4090-deep-105k,1,NVIDIA GeForce RTX 4090,GPU-eed52936-813f-8d68-1654-bfb56cb42bc3,24564,23036,1103,0
2026-08-21T02:54:38.0534060+12:00,4090-deep-105k,0,NVIDIA GeForce RTX 5090,GPU-67921d1c-ee8e-304f-b562-d6f87617c5a0,32607,30565,1623,0
2026-08-21T02:54:38.0534060+12:00,4090-deep-105k,1,NVIDIA GeForce RTX 4090,GPU-eed52936-813f-8d68-1654-bfb56cb42bc3,24564,23036,1103,0
2026-08-21T02:54:38.3678581+12:00,4090-deep-105k,0,NVIDIA GeForce RTX 5090,GPU-67921d1c-ee8e-304f-b562-d6f87617c5a0,32607,30565,1623,0
2026-08-21T02:54:38.3678581+12:00,4090-deep-105k,1,NVIDIA GeForce RTX 4090,GPU-eed52936-813f-8d68-1654-bfb56cb42bc3,24564,23036,1103,0
2026-08-21T02:54:38.6779804+12:00,4090-deep-105k,0,NVIDIA GeForce RTX 5090,GPU-67921d1c-ee8e-304f-b562-d6f87617c5a0,32607,30566,1622,0
2026-08-21T02:54:38.6779804+12:00,4090-deep-105k,1,NVIDIA GeForce RTX 4090,GPU-eed52936-813f-8d68-1654-bfb56cb42bc3,24564,23036,1103,0
2026-08-21T02:54:39.0051895+12:00,4090-deep-105k,0,NVIDIA GeForce RTX 5090,GPU-67921d1c-ee8e-304f-b562-d6f87617c5a0,32607,30566,1622,0
2026-08-21T02:54:39.0051895+12:00,4090-deep-105k,1,NVIDIA GeForce RTX 4090,GPU-eed52936-813f-8d68-1654-bfb56cb42bc3,24564,23036,1103,0
2026-08-21T02:54:39.3344631+12:00,4090-deep-105k,0,NVIDIA GeForce RTX 5090,GPU-67921d1c-ee8e-304f-b562-d6f87617c5a0,32607,30566,1622,0
2026-08-21T02:54:39.3344631+12:00,4090-deep-105k,1,NVIDIA GeForce RTX 4090,GPU-eed52936-813f-8d68-1654-bfb56cb42bc3,24564,23036,1103,0
2026-08-21T02:54:39.6576817+12:00,4090-deep-105k,0,NVIDIA GeForce RTX 5090,GPU-67921d1c-ee8e-304f-b562-d6f87617c5a0,32607,30565,1623,0
2026-08-21T02:54:39.6576817+12:00,4090-deep-105k,1,NVIDIA GeForce RTX 4090,GPU-eed52936-813f-8d68-1654-bfb56cb42bc3,24564,23036,1103,0
2026-08-21T02:54:39.9691704+12:00,4090-deep-105k,0,NVIDIA GeForce RTX 5090,GPU-67921d1c-ee8e-304f-b562-d6f87617c5a0,32607,30565,1623,0
2026-08-21T02:54:39.9691704+12:00,4090-deep-105k,1,NVIDIA GeForce RTX 4090,GPU-eed52936-813f-8d68-1654-bfb56cb42bc3,24564,23036,1103,0
2026-08-21T02:54:40.2832602+12:00,4090-deep-105k,0,NVIDIA GeForce RTX 5090,GPU-67921d1c-ee8e-304f-b562-d6f87617c5a0,32607,30565,1623,0
2026-08-21T02:54:40.2832602+12:00,4090-deep-105k,1,NVIDIA GeForce RTX 4090,GPU-eed52936-813f-8d68-1654-bfb56cb42bc3,24564,23036,1103,0
2026-08-21T02:54:40.6089898+12:00,4090-deep-105k,0,NVIDIA GeForce RTX 5090,GPU-67921d1c-ee8e-304f-b562-d6f87617c5a0,32607,30560,1628,0
2026-08-21T02:54:40.6089898+12:00,4090-deep-105k,1,NVIDIA GeForce RTX 4090,GPU-eed52936-813f-8d68-1654-bfb56cb42bc3,24564,23036,1103,0
2026-08-21T02:54:40.9354629+12:00,4090-deep-105k,0,NVIDIA GeForce RTX 5090,GPU-67921d1c-ee8e-304f-b562-d6f87617c5a0,32607,30560,1628,0
2026-08-21T02:54:40.9354629+12:00,4090-deep-105k,1,NVIDIA GeForce RTX 4090,GPU-eed52936-813f-8d68-1654-bfb56cb42bc3,24564,23036,1103,0
2026-08-21T02:54:41.2473894+12:00,4090-deep-105k,0,NVIDIA GeForce RTX 5090,GPU-67921d1c-ee8e-304f-b562-d6f87617c5a0,32607,30560,1628,0
2026-08-21T02:54:41.2473894+12:00,4090-deep-105k,1,NVIDIA GeForce RTX 4090,GPU-eed52936-813f-8d68-1654-bfb56cb42bc3,24564,23036,1103,0
2026-08-21T02:54:41.5728351+12:00,4090-deep-105k,0,NVIDIA GeForce RTX 5090,GPU-67921d1c-ee8e-304f-b562-d6f87617c5a0,32607,30565,1623,0
2026-08-21T02:54:41.5728351+12:00,4090-deep-105k,1,NVIDIA GeForce RTX 4090,GPU-eed52936-813f-8d68-1654-bfb56cb42bc3,24564,23036,1103,0
2026-08-21T02:54:41.9004631+12:00,4090-deep-105k,0,NVIDIA GeForce RTX 5090,GPU-67921d1c-ee8e-304f-b562-d6f87617c5a0,32607,30565,1623,0
2026-08-21T02:54:41.9004631+12:00,4090-deep-105k,1,NVIDIA GeForce RTX 4090,GPU-eed52936-813f-8d68-1654-bfb56cb42bc3,24564,23036,1103,0
2026-08-21T02:54:42.2129494+12:00,4090-deep-105k,0,NVIDIA GeForce RTX 5090,GPU-67921d1c-ee8e-304f-b562-d6f87617c5a0,32607,30565,1623,0
2026-08-21T02:54:42.2129494+12:00,4090-deep-105k,1,NVIDIA GeForce RTX 4090,GPU-eed52936-813f-8d68-1654-bfb56cb42bc3,24564,23036,1103,0
2026-08-21T02:54:42.5248078+12:00,4090-deep-105k,0,NVIDIA GeForce RTX 5090,GPU-67921d1c-ee8e-304f-b562-d6f87617c5a0,32607,30566,1622,0
2026-08-21T02:54:42.5248078+12:00,4090-deep-105k,1,NVIDIA GeForce RTX 4090,GPU-eed52936-813f-8d68-1654-bfb56cb42bc3,24564,23036,1103,0
2026-08-21T02:54:42.8524094+12:00,4090-deep-105k,0,NVIDIA GeForce RTX 5090,GPU-67921d1c-ee8e-304f-b562-d6f87617c5a0,32607,30566,1622,0
2026-08-21T02:54:42.8524094+12:00,4090-deep-105k,1,NVIDIA GeForce RTX 4090,GPU-eed52936-813f-8d68-1654-bfb56cb42bc3,24564,23036,1103,0
2026-08-21T02:54:43.1807258+12:00,4090-deep-105k,0,NVIDIA GeForce RTX 5090,GPU-67921d1c-ee8e-304f-b562-d6f87617c5a0,32607,30566,1622,0
2026-08-21T02:54:43.1807258+12:00,4090-deep-105k,1,NVIDIA GeForce RTX 4090,GPU-eed52936-813f-8d68-1654-bfb56cb42bc3,24564,23036,1103,0
2026-08-21T02:54:43.5073523+12:00,4090-deep-105k,0,NVIDIA GeForce RTX 5090,GPU-67921d1c-ee8e-304f-b562-d6f87617c5a0,32607,30566,1622,0
2026-08-21T02:54:43.5073523+12:00,4090-deep-105k,1,NVIDIA GeForce RTX 4090,GPU-eed52936-813f-8d68-1654-bfb56cb42bc3,24564,23036,1103,0
2026-08-21T02:54:43.8343334+12:00,4090-deep-105k,0,NVIDIA GeForce RTX 5090,GPU-67921d1c-ee8e-304f-b562-d6f87617c5a0,32607,30566,1622,0
2026-08-21T02:54:43.8343334+12:00,4090-deep-105k,1,NVIDIA GeForce RTX 4090,GPU-eed52936-813f-8d68-1654-bfb56cb42bc3,24564,23036,1103,0
2026-08-21T02:54:44.1441504+12:00,4090-deep-105k,0,NVIDIA GeForce RTX 5090,GPU-67921d1c-ee8e-304f-b562-d6f87617c5a0,32607,30566,1622,0
2026-08-21T02:54:44.1441504+12:00,4090-deep-105k,1,NVIDIA GeForce RTX 4090,GPU-eed52936-813f-8d68-1654-bfb56cb42bc3,24564,23036,1103,0
2026-08-21T02:54:44.4701548+12:00,4090-deep-105k,0,NVIDIA GeForce RTX 5090,GPU-67921d1c-ee8e-304f-b562-d6f87617c5a0,32607,30564,1624,0
2026-08-21T02:54:44.4701548+12:00,4090-deep-105k,1,NVIDIA GeForce RTX 4090,GPU-eed52936-813f-8d68-1654-bfb56cb42bc3,24564,23036,1103,0
2026-08-21T02:54:44.7824647+12:00,4090-deep-105k,0,NVIDIA GeForce RTX 5090,GPU-67921d1c-ee8e-304f-b562-d6f87617c5a0,32607,30560,1628,0
2026-08-21T02:54:44.7824647+12:00,4090-deep-105k,1,NVIDIA GeForce RTX 4090,GPU-eed52936-813f-8d68-1654-bfb56cb42bc3,24564,23036,1103,0
2026-08-21T02:54:45.0955963+12:00,4090-deep-105k,0,NVIDIA GeForce RTX 5090,GPU-67921d1c-ee8e-304f-b562-d6f87617c5a0,32607,30560,1628,0
2026-08-21T02:54:45.0955963+12:00,4090-deep-105k,1,NVIDIA GeForce RTX 4090,GPU-eed52936-813f-8d68-1654-bfb56cb42bc3,24564,23036,1103,0
2026-08-21T02:54:45.4066262+12:00,4090-deep-105k,0,NVIDIA GeForce RTX 5090,GPU-67921d1c-ee8e-304f-b562-d6f87617c5a0,32607,30564,1624,0
2026-08-21T02:54:45.4066262+12:00,4090-deep-105k,1,NVIDIA GeForce RTX 4090,GPU-eed52936-813f-8d68-1654-bfb56cb42bc3,24564,23036,1103,0
2026-08-21T02:54:45.7325332+12:00,4090-deep-105k,0,NVIDIA GeForce RTX 5090,GPU-67921d1c-ee8e-304f-b562-d6f87617c5a0,32607,30565,1623,0
2026-08-21T02:54:45.7325332+12:00,4090-deep-105k,1,NVIDIA GeForce RTX 4090,GPU-eed52936-813f-8d68-1654-bfb56cb42bc3,24564,23036,1103,0
2026-08-21T02:54:46.0437218+12:00,4090-deep-105k,0,NVIDIA GeForce RTX 5090,GPU-67921d1c-ee8e-304f-b562-d6f87617c5a0,32607,30565,1623,0
2026-08-21T02:54:46.0437218+12:00,4090-deep-105k,1,NVIDIA GeForce RTX 4090,GPU-eed52936-813f-8d68-1654-bfb56cb42bc3,24564,23036,1103,0
2026-08-21T02:54:46.3687009+12:00,4090-deep-105k,0,NVIDIA GeForce RTX 5090,GPU-67921d1c-ee8e-304f-b562-d6f87617c5a0,32607,30565,1623,0
2026-08-21T02:54:46.3687009+12:00,4090-deep-105k,1,NVIDIA GeForce RTX 4090,GPU-eed52936-813f-8d68-1654-bfb56cb42bc3,24564,23036,1103,0
2026-08-21T02:54:46.6950396+12:00,4090-deep-105k,0,NVIDIA GeForce RTX 5090,GPU-67921d1c-ee8e-304f-b562-d6f87617c5a0,32607,30566,1622,0
2026-08-21T02:54:46.6950396+12:00,4090-deep-105k,1,NVIDIA GeForce RTX 4090,GPU-eed52936-813f-8d68-1654-bfb56cb42bc3,24564,23036,1103,0
2026-08-21T02:54:47.0058655+12:00,4090-deep-105k,0,NVIDIA GeForce RTX 5090,GPU-67921d1c-ee8e-304f-b562-d6f87617c5a0,32607,30566,1622,0
2026-08-21T02:54:47.0058655+12:00,4090-deep-105k,1,NVIDIA GeForce RTX 4090,GPU-eed52936-813f-8d68-1654-bfb56cb42bc3,24564,23036,1103,0
2026-08-21T02:54:47.3324660+12:00,4090-deep-105k,0,NVIDIA GeForce RTX 5090,GPU-67921d1c-ee8e-304f-b562-d6f87617c5a0,32607,30566,1622,0
2026-08-21T02:54:47.3324660+12:00,4090-deep-105k,1,NVIDIA GeForce RTX 4090,GPU-eed52936-813f-8d68-1654-bfb56cb42bc3,24564,23036,1103,0
2026-08-21T02:54:47.6444001+12:00,4090-deep-105k,0,NVIDIA GeForce RTX 5090,GPU-67921d1c-ee8e-304f-b562-d6f87617c5a0,32607,30576,1611,0
2026-08-21T02:54:47.6444001+12:00,4090-deep-105k,1,NVIDIA GeForce RTX 4090,GPU-eed52936-813f-8d68-1654-bfb56cb42bc3,24564,23036,1103,0
2026-08-21T02:54:47.9739445+12:00,4090-deep-105k,0,NVIDIA GeForce RTX 5090,GPU-67921d1c-ee8e-304f-b562-d6f87617c5a0,32607,30576,1611,0
2026-08-21T02:54:47.9739445+12:00,4090-deep-105k,1,NVIDIA GeForce RTX 4090,GPU-eed52936-813f-8d68-1654-bfb56cb42bc3,24564,23036,1103,0
2026-08-21T02:54:48.3025408+12:00,4090-deep-105k,0,NVIDIA GeForce RTX 5090,GPU-67921d1c-ee8e-304f-b562-d6f87617c5a0,32607,30576,1611,0
2026-08-21T02:54:48.3025408+12:00,4090-deep-105k,1,NVIDIA GeForce RTX 4090,GPU-eed52936-813f-8d68-1654-bfb56cb42bc3,24564,23036,1103,0
2026-08-21T02:54:48.6095888+12:00,4090-deep-105k,0,NVIDIA GeForce RTX 5090,GPU-67921d1c-ee8e-304f-b562-d6f87617c5a0,32607,30576,1611,0
2026-08-21T02:54:48.6095888+12:00,4090-deep-105k,1,NVIDIA GeForce RTX 4090,GPU-eed52936-813f-8d68-1654-bfb56cb42bc3,24564,23036,1103,0
2026-08-21T02:54:48.9210470+12:00,4090-deep-105k,0,NVIDIA GeForce RTX 5090,GPU-67921d1c-ee8e-304f-b562-d6f87617c5a0,32607,30576,1611,0
2026-08-21T02:54:48.9210470+12:00,4090-deep-105k,1,NVIDIA GeForce RTX 4090,GPU-eed52936-813f-8d68-1654-bfb56cb42bc3,24564,23036,1103,0
2026-08-21T02:54:49.2324497+12:00,4090-deep-105k,0,NVIDIA GeForce RTX 5090,GPU-67921d1c-ee8e-304f-b562-d6f87617c5a0,32607,30576,1611,0
2026-08-21T02:54:49.2324497+12:00,4090-deep-105k,1,NVIDIA GeForce RTX 4090,GPU-eed52936-813f-8d68-1654-bfb56cb42bc3,24564,23036,1103,0
2026-08-21T02:54:49.5451320+12:00,4090-deep-105k,0,NVIDIA GeForce RTX 5090,GPU-67921d1c-ee8e-304f-b562-d6f87617c5a0,32607,30578,1610,0
2026-08-21T02:54:49.5451320+12:00,4090-deep-105k,1,NVIDIA GeForce RTX 4090,GPU-eed52936-813f-8d68-1654-bfb56cb42bc3,24564,23036,1103,0
2026-08-21T02:54:49.8554060+12:00,4090-deep-105k,0,NVIDIA GeForce RTX 5090,GPU-67921d1c-ee8e-304f-b562-d6f87617c5a0,32607,30568,1620,0
2026-08-21T02:54:49.8554060+12:00,4090-deep-105k,1,NVIDIA GeForce RTX 4090,GPU-eed52936-813f-8d68-1654-bfb56cb42bc3,24564,23036,1103,0
2026-08-21T02:54:50.1707434+12:00,4090-deep-105k,0,NVIDIA GeForce RTX 5090,GPU-67921d1c-ee8e-304f-b562-d6f87617c5a0,32607,30568,1620,0
2026-08-21T02:54:50.1707434+12:00,4090-deep-105k,1,NVIDIA GeForce RTX 4090,GPU-eed52936-813f-8d68-1654-bfb56cb42bc3,24564,23036,1103,0
2026-08-21T02:54:50.4953909+12:00,4090-deep-105k,0,NVIDIA GeForce RTX 5090,GPU-67921d1c-ee8e-304f-b562-d6f87617c5a0,32607,30568,1620,0
2026-08-21T02:54:50.4953909+12:00,4090-deep-105k,1,NVIDIA GeForce RTX 4090,GPU-eed52936-813f-8d68-1654-bfb56cb42bc3,24564,23036,1103,0
2026-08-21T02:54:50.8213287+12:00,4090-deep-105k,0,NVIDIA GeForce RTX 5090,GPU-67921d1c-ee8e-304f-b562-d6f87617c5a0,32607,30568,1620,0
2026-08-21T02:54:50.8213287+12:00,4090-deep-105k,1,NVIDIA GeForce RTX 4090,GPU-eed52936-813f-8d68-1654-bfb56cb42bc3,24564,23036,1103,0
2026-08-21T02:54:51.1477127+12:00,4090-deep-105k,0,NVIDIA GeForce RTX 5090,GPU-67921d1c-ee8e-304f-b562-d6f87617c5a0,32607,30568,1620,0
2026-08-21T02:54:51.1477127+12:00,4090-deep-105k,1,NVIDIA GeForce RTX 4090,GPU-eed52936-813f-8d68-1654-bfb56cb42bc3,24564,23036,1103,0
2026-08-21T02:54:51.4607799+12:00,4090-deep-105k,0,NVIDIA GeForce RTX 5090,GPU-67921d1c-ee8e-304f-b562-d6f87617c5a0,32607,30568,1620,0
2026-08-21T02:54:51.4607799+12:00,4090-deep-105k,1,NVIDIA GeForce RTX 4090,GPU-eed52936-813f-8d68-1654-bfb56cb42bc3,24564,23036,1103,0
2026-08-21T02:54:51.7868046+12:00,4090-deep-105k,0,NVIDIA GeForce RTX 5090,GPU-67921d1c-ee8e-304f-b562-d6f87617c5a0,32607,30561,1627,0
2026-08-21T02:54:51.7868046+12:00,4090-deep-105k,1,NVIDIA GeForce RTX 4090,GPU-eed52936-813f-8d68-1654-bfb56cb42bc3,24564,23036,1103,0
2026-08-21T02:54:52.1143420+12:00,4090-deep-105k,0,NVIDIA GeForce RTX 5090,GPU-67921d1c-ee8e-304f-b562-d6f87617c5a0,32607,30561,1627,0
2026-08-21T02:54:52.1143420+12:00,4090-deep-105k,1,NVIDIA GeForce RTX 4090,GPU-eed52936-813f-8d68-1654-bfb56cb42bc3,24564,23036,1103,0
2026-08-21T02:54:52.4407697+12:00,4090-deep-105k,0,NVIDIA GeForce RTX 5090,GPU-67921d1c-ee8e-304f-b562-d6f87617c5a0,32607,30561,1627,0
2026-08-21T02:54:52.4407697+12:00,4090-deep-105k,1,NVIDIA GeForce RTX 4090,GPU-eed52936-813f-8d68-1654-bfb56cb42bc3,24564,23036,1103,0
2026-08-21T02:54:52.7536030+12:00,4090-deep-105k,0,NVIDIA GeForce RTX 5090,GPU-67921d1c-ee8e-304f-b562-d6f87617c5a0,32607,30561,1627,0
2026-08-21T02:54:52.7536030+12:00,4090-deep-105k,1,NVIDIA GeForce RTX 4090,GPU-eed52936-813f-8d68-1654-bfb56cb42bc3,24564,23036,1103,0
2026-08-21T02:54:53.0651782+12:00,4090-deep-105k,0,NVIDIA GeForce RTX 5090,GPU-67921d1c-ee8e-304f-b562-d6f87617c5a0,32607,30561,1627,0
2026-08-21T02:54:53.0651782+12:00,4090-deep-105k,1,NVIDIA GeForce RTX 4090,GPU-eed52936-813f-8d68-1654-bfb56cb42bc3,24564,23036,1103,0
2026-08-21T02:54:53.3908541+12:00,4090-deep-105k,0,NVIDIA GeForce RTX 5090,GPU-67921d1c-ee8e-304f-b562-d6f87617c5a0,32607,30561,1627,0
2026-08-21T02:54:53.3908541+12:00,4090-deep-105k,1,NVIDIA GeForce RTX 4090,GPU-eed52936-813f-8d68-1654-bfb56cb42bc3,24564,23036,1103,0
2026-08-21T02:54:53.7174439+12:00,4090-deep-105k,0,NVIDIA GeForce RTX 5090,GPU-67921d1c-ee8e-304f-b562-d6f87617c5a0,32607,30565,1623,0
2026-08-21T02:54:53.7174439+12:00,4090-deep-105k,1,NVIDIA GeForce RTX 4090,GPU-eed52936-813f-8d68-1654-bfb56cb42bc3,24564,23036,1103,0
2026-08-21T02:54:54.0438667+12:00,4090-deep-105k,0,NVIDIA GeForce RTX 5090,GPU-67921d1c-ee8e-304f-b562-d6f87617c5a0,32607,30565,1623,0
2026-08-21T02:54:54.0438667+12:00,4090-deep-105k,1,NVIDIA GeForce RTX 4090,GPU-eed52936-813f-8d68-1654-bfb56cb42bc3,24564,23036,1103,0
2026-08-21T02:54:54.3727182+12:00,4090-deep-105k,0,NVIDIA GeForce RTX 5090,GPU-67921d1c-ee8e-304f-b562-d6f87617c5a0,32607,30565,1623,0
2026-08-21T02:54:54.3727182+12:00,4090-deep-105k,1,NVIDIA GeForce RTX 4090,GPU-eed52936-813f-8d68-1654-bfb56cb42bc3,24564,23036,1103,0
2026-08-21T02:54:54.6985634+12:00,4090-deep-105k,0,NVIDIA GeForce RTX 5090,GPU-67921d1c-ee8e-304f-b562-d6f87617c5a0,32607,30566,1622,0
2026-08-21T02:54:54.6985634+12:00,4090-deep-105k,1,NVIDIA GeForce RTX 4090,GPU-eed52936-813f-8d68-1654-bfb56cb42bc3,24564,23036,1103,0
2026-08-21T02:54:55.0078251+12:00,4090-deep-105k,0,NVIDIA GeForce RTX 5090,GPU-67921d1c-ee8e-304f-b562-d6f87617c5a0,32607,30566,1622,0
2026-08-21T02:54:55.0078251+12:00,4090-deep-105k,1,NVIDIA GeForce RTX 4090,GPU-eed52936-813f-8d68-1654-bfb56cb42bc3,24564,23036,1103,0
2026-08-21T02:54:55.3188704+12:00,4090-deep-105k,0,NVIDIA GeForce RTX 5090,GPU-67921d1c-ee8e-304f-b562-d6f87617c5a0,32607,30566,1622,0
2026-08-21T02:54:55.3188704+12:00,4090-deep-105k,1,NVIDIA GeForce RTX 4090,GPU-eed52936-813f-8d68-1654-bfb56cb42bc3,24564,23036,1103,0
2026-08-21T02:54:55.6446720+12:00,4090-deep-105k,0,NVIDIA GeForce RTX 5090,GPU-67921d1c-ee8e-304f-b562-d6f87617c5a0,32607,30560,1628,0
2026-08-21T02:54:55.6446720+12:00,4090-deep-105k,1,NVIDIA GeForce RTX 4090,GPU-eed52936-813f-8d68-1654-bfb56cb42bc3,24564,23036,1103,0
2026-08-21T02:54:55.9559142+12:00,4090-deep-105k,0,NVIDIA GeForce RTX 5090,GPU-67921d1c-ee8e-304f-b562-d6f87617c5a0,32607,30560,1628,0
2026-08-21T02:54:55.9559142+12:00,4090-deep-105k,1,NVIDIA GeForce RTX 4090,GPU-eed52936-813f-8d68-1654-bfb56cb42bc3,24564,23036,1103,0
2026-08-21T02:54:56.2661394+12:00,4090-deep-105k,0,NVIDIA GeForce RTX 5090,GPU-67921d1c-ee8e-304f-b562-d6f87617c5a0,32607,30560,1628,0
2026-08-21T02:54:56.2661394+12:00,4090-deep-105k,1,NVIDIA GeForce RTX 4090,GPU-eed52936-813f-8d68-1654-bfb56cb42bc3,24564,23036,1103,0
2026-08-21T02:54:56.5755137+12:00,4090-deep-105k,0,NVIDIA GeForce RTX 5090,GPU-67921d1c-ee8e-304f-b562-d6f87617c5a0,32607,30560,1628,0
2026-08-21T02:54:56.5755137+12:00,4090-deep-105k,1,NVIDIA GeForce RTX 4090,GPU-eed52936-813f-8d68-1654-bfb56cb42bc3,24564,23036,1103,0
2026-08-21T02:54:56.8910518+12:00,4090-deep-105k,0,NVIDIA GeForce RTX 5090,GPU-67921d1c-ee8e-304f-b562-d6f87617c5a0,32607,30560,1628,0
2026-08-21T02:54:56.8910518+12:00,4090-deep-105k,1,NVIDIA GeForce RTX 4090,GPU-eed52936-813f-8d68-1654-bfb56cb42bc3,24564,23036,1103,0
2026-08-21T02:54:57.2215545+12:00,4090-deep-105k,0,NVIDIA GeForce RTX 5090,GPU-67921d1c-ee8e-304f-b562-d6f87617c5a0,32607,30560,1628,0
2026-08-21T02:54:57.2215545+12:00,4090-deep-105k,1,NVIDIA GeForce RTX 4090,GPU-eed52936-813f-8d68-1654-bfb56cb42bc3,24564,23036,1103,0
2026-08-21T02:54:57.5304583+12:00,4090-deep-105k,0,NVIDIA GeForce RTX 5090,GPU-67921d1c-ee8e-304f-b562-d6f87617c5a0,32607,30565,1623,0
2026-08-21T02:54:57.5304583+12:00,4090-deep-105k,1,NVIDIA GeForce RTX 4090,GPU-eed52936-813f-8d68-1654-bfb56cb42bc3,24564,23036,1103,0
2026-08-21T02:54:57.8418586+12:00,4090-deep-105k,0,NVIDIA GeForce RTX 5090,GPU-67921d1c-ee8e-304f-b562-d6f87617c5a0,32607,30565,1623,0
2026-08-21T02:54:57.8418586+12:00,4090-deep-105k,1,NVIDIA GeForce RTX 4090,GPU-eed52936-813f-8d68-1654-bfb56cb42bc3,24564,23036,1103,0
2026-08-21T02:54:58.1733597+12:00,4090-deep-105k,0,NVIDIA GeForce RTX 5090,GPU-67921d1c-ee8e-304f-b562-d6f87617c5a0,32607,30565,1623,0
2026-08-21T02:54:58.1733597+12:00,4090-deep-105k,1,NVIDIA GeForce RTX 4090,GPU-eed52936-813f-8d68-1654-bfb56cb42bc3,24564,23036,1103,0
2026-08-21T02:54:58.4955056+12:00,4090-deep-105k,0,NVIDIA GeForce RTX 5090,GPU-67921d1c-ee8e-304f-b562-d6f87617c5a0,32607,30566,1622,0
2026-08-21T02:54:58.4955056+12:00,4090-deep-105k,1,NVIDIA GeForce RTX 4090,GPU-eed52936-813f-8d68-1654-bfb56cb42bc3,24564,23036,1103,0
2026-08-21T02:54:58.8200593+12:00,4090-deep-105k,0,NVIDIA GeForce RTX 5090,GPU-67921d1c-ee8e-304f-b562-d6f87617c5a0,32607,30566,1622,0
2026-08-21T02:54:58.8200593+12:00,4090-deep-105k,1,NVIDIA GeForce RTX 4090,GPU-eed52936-813f-8d68-1654-bfb56cb42bc3,24564,23036,1103,0
2026-08-21T02:54:59.1333528+12:00,4090-deep-105k,0,NVIDIA GeForce RTX 5090,GPU-67921d1c-ee8e-304f-b562-d6f87617c5a0,32607,30566,1622,0
2026-08-21T02:54:59.1333528+12:00,4090-deep-105k,1,NVIDIA GeForce RTX 4090,GPU-eed52936-813f-8d68-1654-bfb56cb42bc3,24564,23036,1103,0
2026-08-21T02:54:59.4604936+12:00,4090-deep-105k,0,NVIDIA GeForce RTX 5090,GPU-67921d1c-ee8e-304f-b562-d6f87617c5a0,32607,30564,1624,0
2026-08-21T02:54:59.4604936+12:00,4090-deep-105k,1,NVIDIA GeForce RTX 4090,GPU-eed52936-813f-8d68-1654-bfb56cb42bc3,24564,23036,1103,0
2026-08-21T02:54:59.7712369+12:00,4090-deep-105k,0,NVIDIA GeForce RTX 5090,GPU-67921d1c-ee8e-304f-b562-d6f87617c5a0,32607,30560,1628,0
2026-08-21T02:54:59.7712369+12:00,4090-deep-105k,1,NVIDIA GeForce RTX 4090,GPU-eed52936-813f-8d68-1654-bfb56cb42bc3,24564,23036,1103,0
2026-08-21T02:55:00.0984875+12:00,4090-deep-105k,0,NVIDIA GeForce RTX 5090,GPU-67921d1c-ee8e-304f-b562-d6f87617c5a0,32607,30560,1628,0
2026-08-21T02:55:00.0984875+12:00,4090-deep-105k,1,NVIDIA GeForce RTX 4090,GPU-eed52936-813f-8d68-1654-bfb56cb42bc3,24564,23036,1103,0
2026-08-21T02:55:00.4225766+12:00,4090-deep-105k,0,NVIDIA GeForce RTX 5090,GPU-67921d1c-ee8e-304f-b562-d6f87617c5a0,32607,30560,1628,0
2026-08-21T02:55:00.4225766+12:00,4090-deep-105k,1,NVIDIA GeForce RTX 4090,GPU-eed52936-813f-8d68-1654-bfb56cb42bc3,24564,23036,1103,0
2026-08-21T02:55:00.7353219+12:00,4090-deep-105k,0,NVIDIA GeForce RTX 5090,GPU-67921d1c-ee8e-304f-b562-d6f87617c5a0,32607,30560,1628,0
2026-08-21T02:55:00.7353219+12:00,4090-deep-105k,1,NVIDIA GeForce RTX 4090,GPU-eed52936-813f-8d68-1654-bfb56cb42bc3,24564,23036,1103,0
2026-08-21T02:55:01.0459361+12:00,4090-deep-105k,0,NVIDIA GeForce RTX 5090,GPU-67921d1c-ee8e-304f-b562-d6f87617c5a0,32607,30560,1628,0
2026-08-21T02:55:01.0459361+12:00,4090-deep-105k,1,NVIDIA GeForce RTX 4090,GPU-eed52936-813f-8d68-1654-bfb56cb42bc3,24564,23036,1103,0
2026-08-21T02:55:01.3557063+12:00,4090-deep-105k,0,NVIDIA GeForce RTX 5090,GPU-67921d1c-ee8e-304f-b562-d6f87617c5a0,32607,30560,1628,0
2026-08-21T02:55:01.3557063+12:00,4090-deep-105k,1,NVIDIA GeForce RTX 4090,GPU-eed52936-813f-8d68-1654-bfb56cb42bc3,24564,23036,1103,0
2026-08-21T02:55:01.6656700+12:00,4090-deep-105k,0,NVIDIA GeForce RTX 5090,GPU-67921d1c-ee8e-304f-b562-d6f87617c5a0,32607,30565,1623,0
2026-08-21T02:55:01.6656700+12:00,4090-deep-105k,1,NVIDIA GeForce RTX 4090,GPU-eed52936-813f-8d68-1654-bfb56cb42bc3,24564,23036,1103,0
2026-08-21T02:55:01.9776899+12:00,4090-deep-105k,0,NVIDIA GeForce RTX 5090,GPU-67921d1c-ee8e-304f-b562-d6f87617c5a0,32607,30565,1623,0
2026-08-21T02:55:01.9776899+12:00,4090-deep-105k,1,NVIDIA GeForce RTX 4090,GPU-eed52936-813f-8d68-1654-bfb56cb42bc3,24564,23036,1103,0
2026-08-21T02:55:02.3037413+12:00,4090-deep-105k,0,NVIDIA GeForce RTX 5090,GPU-67921d1c-ee8e-304f-b562-d6f87617c5a0,32607,30565,1623,0
2026-08-21T02:55:02.3037413+12:00,4090-deep-105k,1,NVIDIA GeForce RTX 4090,GPU-eed52936-813f-8d68-1654-bfb56cb42bc3,24564,23036,1103,0
2026-08-21T02:55:02.6159583+12:00,4090-deep-105k,0,NVIDIA GeForce RTX 5090,GPU-67921d1c-ee8e-304f-b562-d6f87617c5a0,32607,30566,1622,0
2026-08-21T02:55:02.6159583+12:00,4090-deep-105k,1,NVIDIA GeForce RTX 4090,GPU-eed52936-813f-8d68-1654-bfb56cb42bc3,24564,23036,1103,0
2026-08-21T02:55:02.9249677+12:00,4090-deep-105k,0,NVIDIA GeForce RTX 5090,GPU-67921d1c-ee8e-304f-b562-d6f87617c5a0,32607,30566,1622,0
2026-08-21T02:55:02.9249677+12:00,4090-deep-105k,1,NVIDIA GeForce RTX 4090,GPU-eed52936-813f-8d68-1654-bfb56cb42bc3,24564,23036,1103,0
2026-08-21T02:55:03.2354583+12:00,4090-deep-105k,0,NVIDIA GeForce RTX 5090,GPU-67921d1c-ee8e-304f-b562-d6f87617c5a0,32607,30566,1622,0
2026-08-21T02:55:03.2354583+12:00,4090-deep-105k,1,NVIDIA GeForce RTX 4090,GPU-eed52936-813f-8d68-1654-bfb56cb42bc3,24564,23036,1103,0
2026-08-21T02:55:03.5606672+12:00,4090-deep-105k,0,NVIDIA GeForce RTX 5090,GPU-67921d1c-ee8e-304f-b562-d6f87617c5a0,32607,30566,1622,0
2026-08-21T02:55:03.5606672+12:00,4090-deep-105k,1,NVIDIA GeForce RTX 4090,GPU-eed52936-813f-8d68-1654-bfb56cb42bc3,24564,23036,1103,0
2026-08-21T02:55:03.8730893+12:00,4090-deep-105k,0,NVIDIA GeForce RTX 5090,GPU-67921d1c-ee8e-304f-b562-d6f87617c5a0,32607,30566,1622,0
2026-08-21T02:55:03.8730893+12:00,4090-deep-105k,1,NVIDIA GeForce RTX 4090,GPU-eed52936-813f-8d68-1654-bfb56cb42bc3,24564,23036,1103,0
2026-08-21T02:55:04.1861616+12:00,4090-deep-105k,0,NVIDIA GeForce RTX 5090,GPU-67921d1c-ee8e-304f-b562-d6f87617c5a0,32607,30566,1622,0
2026-08-21T02:55:04.1861616+12:00,4090-deep-105k,1,NVIDIA GeForce RTX 4090,GPU-eed52936-813f-8d68-1654-bfb56cb42bc3,24564,23036,1103,0
2026-08-21T02:55:04.5127346+12:00,4090-deep-105k,0,NVIDIA GeForce RTX 5090,GPU-67921d1c-ee8e-304f-b562-d6f87617c5a0,32607,30564,1624,0
2026-08-21T02:55:04.5127346+12:00,4090-deep-105k,1,NVIDIA GeForce RTX 4090,GPU-eed52936-813f-8d68-1654-bfb56cb42bc3,24564,23036,1103,0
2026-08-21T02:55:04.8394202+12:00,4090-deep-105k,0,NVIDIA GeForce RTX 5090,GPU-67921d1c-ee8e-304f-b562-d6f87617c5a0,32607,30560,1628,0
2026-08-21T02:55:04.8394202+12:00,4090-deep-105k,1,NVIDIA GeForce RTX 4090,GPU-eed52936-813f-8d68-1654-bfb56cb42bc3,24564,23036,1103,0
2026-08-21T02:55:05.1662519+12:00,4090-deep-105k,0,NVIDIA GeForce RTX 5090,GPU-67921d1c-ee8e-304f-b562-d6f87617c5a0,32607,30560,1628,0
2026-08-21T02:55:05.1662519+12:00,4090-deep-105k,1,NVIDIA GeForce RTX 4090,GPU-eed52936-813f-8d68-1654-bfb56cb42bc3,24564,23036,1103,0
2026-08-21T02:55:05.4761315+12:00,4090-deep-105k,0,NVIDIA GeForce RTX 5090,GPU-67921d1c-ee8e-304f-b562-d6f87617c5a0,32607,30565,1623,0
2026-08-21T02:55:05.4761315+12:00,4090-deep-105k,1,NVIDIA GeForce RTX 4090,GPU-eed52936-813f-8d68-1654-bfb56cb42bc3,24564,23036,1103,0
2026-08-21T02:55:05.7866677+12:00,4090-deep-105k,0,NVIDIA GeForce RTX 5090,GPU-67921d1c-ee8e-304f-b562-d6f87617c5a0,32607,30565,1623,0
2026-08-21T02:55:05.7866677+12:00,4090-deep-105k,1,NVIDIA GeForce RTX 4090,GPU-eed52936-813f-8d68-1654-bfb56cb42bc3,24564,23036,1103,0
2026-08-21T02:55:06.0995323+12:00,4090-deep-105k,0,NVIDIA GeForce RTX 5090,GPU-67921d1c-ee8e-304f-b562-d6f87617c5a0,32607,30565,1623,0
2026-08-21T02:55:06.0995323+12:00,4090-deep-105k,1,NVIDIA GeForce RTX 4090,GPU-eed52936-813f-8d68-1654-bfb56cb42bc3,24564,23036,1103,0
2026-08-21T02:55:06.4275836+12:00,4090-deep-105k,0,NVIDIA GeForce RTX 5090,GPU-67921d1c-ee8e-304f-b562-d6f87617c5a0,32607,30566,1622,0
2026-08-21T02:55:06.4275836+12:00,4090-deep-105k,1,NVIDIA GeForce RTX 4090,GPU-eed52936-813f-8d68-1654-bfb56cb42bc3,24564,23036,1103,0
2026-08-21T02:55:06.7392719+12:00,4090-deep-105k,0,NVIDIA GeForce RTX 5090,GPU-67921d1c-ee8e-304f-b562-d6f87617c5a0,32607,30566,1622,0
2026-08-21T02:55:06.7392719+12:00,4090-deep-105k,1,NVIDIA GeForce RTX 4090,GPU-eed52936-813f-8d68-1654-bfb56cb42bc3,24564,23036,1103,0
2026-08-21T02:55:07.0651512+12:00,4090-deep-105k,0,NVIDIA GeForce RTX 5090,GPU-67921d1c-ee8e-304f-b562-d6f87617c5a0,32607,30566,1622,0
2026-08-21T02:55:07.0651512+12:00,4090-deep-105k,1,NVIDIA GeForce RTX 4090,GPU-eed52936-813f-8d68-1654-bfb56cb42bc3,24564,23036,1103,0
2026-08-21T02:55:07.3935328+12:00,4090-deep-105k,0,NVIDIA GeForce RTX 5090,GPU-67921d1c-ee8e-304f-b562-d6f87617c5a0,32607,30566,1622,0
2026-08-21T02:55:07.3935328+12:00,4090-deep-105k,1,NVIDIA GeForce RTX 4090,GPU-eed52936-813f-8d68-1654-bfb56cb42bc3,24564,23036,1103,0
2026-08-21T02:55:07.7066276+12:00,4090-deep-105k,0,NVIDIA GeForce RTX 5090,GPU-67921d1c-ee8e-304f-b562-d6f87617c5a0,32607,30566,1622,0
2026-08-21T02:55:07.7066276+12:00,4090-deep-105k,1,NVIDIA GeForce RTX 4090,GPU-eed52936-813f-8d68-1654-bfb56cb42bc3,24564,23036,1103,0
2026-08-21T02:55:08.0172898+12:00,4090-deep-105k,0,NVIDIA GeForce RTX 5090,GPU-67921d1c-ee8e-304f-b562-d6f87617c5a0,32607,30566,1622,0
2026-08-21T02:55:08.0172898+12:00,4090-deep-105k,1,NVIDIA GeForce RTX 4090,GPU-eed52936-813f-8d68-1654-bfb56cb42bc3,24564,23036,1103,0
2026-08-21T02:55:08.3282674+12:00,4090-deep-105k,0,NVIDIA GeForce RTX 5090,GPU-67921d1c-ee8e-304f-b562-d6f87617c5a0,32607,30566,1622,0
2026-08-21T02:55:08.3282674+12:00,4090-deep-105k,1,NVIDIA GeForce RTX 4090,GPU-eed52936-813f-8d68-1654-bfb56cb42bc3,24564,23036,1103,0
2026-08-21T02:55:08.6566937+12:00,4090-deep-105k,0,NVIDIA GeForce RTX 5090,GPU-67921d1c-ee8e-304f-b562-d6f87617c5a0,32607,30560,1628,0
2026-08-21T02:55:08.6566937+12:00,4090-deep-105k,1,NVIDIA GeForce RTX 4090,GPU-eed52936-813f-8d68-1654-bfb56cb42bc3,24564,23036,1103,0
2026-08-21T02:55:08.9822980+12:00,4090-deep-105k,0,NVIDIA GeForce RTX 5090,GPU-67921d1c-ee8e-304f-b562-d6f87617c5a0,32607,30560,1628,0
2026-08-21T02:55:08.9822980+12:00,4090-deep-105k,1,NVIDIA GeForce RTX 4090,GPU-eed52936-813f-8d68-1654-bfb56cb42bc3,24564,23036,1103,0
2026-08-21T02:55:09.2922051+12:00,4090-deep-105k,0,NVIDIA GeForce RTX 5090,GPU-67921d1c-ee8e-304f-b562-d6f87617c5a0,32607,30560,1628,0
2026-08-21T02:55:09.2922051+12:00,4090-deep-105k,1,NVIDIA GeForce RTX 4090,GPU-eed52936-813f-8d68-1654-bfb56cb42bc3,24564,23036,1103,0
2026-08-21T02:55:09.6182365+12:00,4090-deep-105k,0,NVIDIA GeForce RTX 5090,GPU-67921d1c-ee8e-304f-b562-d6f87617c5a0,32607,30565,1623,0
2026-08-21T02:55:09.6182365+12:00,4090-deep-105k,1,NVIDIA GeForce RTX 4090,GPU-eed52936-813f-8d68-1654-bfb56cb42bc3,24564,23036,1103,0
2026-08-21T02:55:09.9267641+12:00,4090-deep-105k,0,NVIDIA GeForce RTX 5090,GPU-67921d1c-ee8e-304f-b562-d6f87617c5a0,32607,30565,1623,0
2026-08-21T02:55:09.9267641+12:00,4090-deep-105k,1,NVIDIA GeForce RTX 4090,GPU-eed52936-813f-8d68-1654-bfb56cb42bc3,24564,23036,1103,0
2026-08-21T02:55:10.2387906+12:00,4090-deep-105k,0,NVIDIA GeForce RTX 5090,GPU-67921d1c-ee8e-304f-b562-d6f87617c5a0,32607,30565,1623,0
2026-08-21T02:55:10.2387906+12:00,4090-deep-105k,1,NVIDIA GeForce RTX 4090,GPU-eed52936-813f-8d68-1654-bfb56cb42bc3,24564,23036,1103,0
2026-08-21T02:55:10.5474759+12:00,4090-deep-105k,0,NVIDIA GeForce RTX 5090,GPU-67921d1c-ee8e-304f-b562-d6f87617c5a0,32607,30566,1622,0
2026-08-21T02:55:10.5474759+12:00,4090-deep-105k,1,NVIDIA GeForce RTX 4090,GPU-eed52936-813f-8d68-1654-bfb56cb42bc3,24564,23036,1103,0
2026-08-21T02:55:10.8746964+12:00,4090-deep-105k,0,NVIDIA GeForce RTX 5090,GPU-67921d1c-ee8e-304f-b562-d6f87617c5a0,32607,30566,1622,0
2026-08-21T02:55:10.8746964+12:00,4090-deep-105k,1,NVIDIA GeForce RTX 4090,GPU-eed52936-813f-8d68-1654-bfb56cb42bc3,24564,23036,1103,0
2026-08-21T02:55:11.1848007+12:00,4090-deep-105k,0,NVIDIA GeForce RTX 5090,GPU-67921d1c-ee8e-304f-b562-d6f87617c5a0,32607,30566,1622,0
2026-08-21T02:55:11.1848007+12:00,4090-deep-105k,1,NVIDIA GeForce RTX 4090,GPU-eed52936-813f-8d68-1654-bfb56cb42bc3,24564,23036,1103,0
2026-08-21T02:55:11.4955721+12:00,4090-deep-105k,0,NVIDIA GeForce RTX 5090,GPU-67921d1c-ee8e-304f-b562-d6f87617c5a0,32607,30566,1622,0
2026-08-21T02:55:11.4955721+12:00,4090-deep-105k,1,NVIDIA GeForce RTX 4090,GPU-eed52936-813f-8d68-1654-bfb56cb42bc3,24564,23036,1103,0
2026-08-21T02:55:11.8063446+12:00,4090-deep-105k,0,NVIDIA GeForce RTX 5090,GPU-67921d1c-ee8e-304f-b562-d6f87617c5a0,32607,30566,1622,0
2026-08-21T02:55:11.8063446+12:00,4090-deep-105k,1,NVIDIA GeForce RTX 4090,GPU-eed52936-813f-8d68-1654-bfb56cb42bc3,24564,23036,1103,0
2026-08-21T02:55:12.1176713+12:00,4090-deep-105k,0,NVIDIA GeForce RTX 5090,GPU-67921d1c-ee8e-304f-b562-d6f87617c5a0,32607,30566,1622,0
2026-08-21T02:55:12.1176713+12:00,4090-deep-105k,1,NVIDIA GeForce RTX 4090,GPU-eed52936-813f-8d68-1654-bfb56cb42bc3,24564,23036,1103,0
2026-08-21T02:55:12.4461232+12:00,4090-deep-105k,0,NVIDIA GeForce RTX 5090,GPU-67921d1c-ee8e-304f-b562-d6f87617c5a0,32607,30564,1624,0
2026-08-21T02:55:12.4461232+12:00,4090-deep-105k,1,NVIDIA GeForce RTX 4090,GPU-eed52936-813f-8d68-1654-bfb56cb42bc3,24564,23036,1103,0
2026-08-21T02:55:12.7580345+12:00,4090-deep-105k,0,NVIDIA GeForce RTX 5090,GPU-67921d1c-ee8e-304f-b562-d6f87617c5a0,32607,30560,1628,0
2026-08-21T02:55:12.7580345+12:00,4090-deep-105k,1,NVIDIA GeForce RTX 4090,GPU-eed52936-813f-8d68-1654-bfb56cb42bc3,24564,23036,1103,0
