timestamp,phase,gpu_index,name,uuid,total_mib,used_mib,free_mib,utilization_gpu
2026-08-21T02:30:55.0400456+12:00,sustained-generation,0,NVIDIA GeForce RTX 5090,GPU-67921d1c-ee8e-304f-b562-d6f87617c5a0,32607,31113,1075,4
2026-08-21T02:30:55.0400456+12:00,sustained-generation,1,NVIDIA GeForce RTX 4090,GPU-eed52936-813f-8d68-1654-bfb56cb42bc3,24564,22905,1234,0
2026-08-21T02:30:55.3718165+12:00,sustained-generation,0,NVIDIA GeForce RTX 5090,GPU-67921d1c-ee8e-304f-b562-d6f87617c5a0,32607,31121,1067,32
2026-08-21T02:30:55.3718165+12:00,sustained-generation,1,NVIDIA GeForce RTX 4090,GPU-eed52936-813f-8d68-1654-bfb56cb42bc3,24564,22905,1234,0
2026-08-21T02:30:55.7020567+12:00,sustained-generation,0,NVIDIA GeForce RTX 5090,GPU-67921d1c-ee8e-304f-b562-d6f87617c5a0,32607,31119,1069,32
2026-08-21T02:30:55.7020567+12:00,sustained-generation,1,NVIDIA GeForce RTX 4090,GPU-eed52936-813f-8d68-1654-bfb56cb42bc3,24564,22905,1234,0
2026-08-21T02:30:56.0278909+12:00,sustained-generation,0,NVIDIA GeForce RTX 5090,GPU-67921d1c-ee8e-304f-b562-d6f87617c5a0,32607,31119,1069,31
2026-08-21T02:30:56.0278909+12:00,sustained-generation,1,NVIDIA GeForce RTX 4090,GPU-eed52936-813f-8d68-1654-bfb56cb42bc3,24564,22905,1234,0
2026-08-21T02:30:56.3407598+12:00,sustained-generation,0,NVIDIA GeForce RTX 5090,GPU-67921d1c-ee8e-304f-b562-d6f87617c5a0,32607,31119,1069,16
2026-08-21T02:30:56.3407598+12:00,sustained-generation,1,NVIDIA GeForce RTX 4090,GPU-eed52936-813f-8d68-1654-bfb56cb42bc3,24564,22905,1234,0
2026-08-21T02:30:56.6503166+12:00,sustained-generation,0,NVIDIA GeForce RTX 5090,GPU-67921d1c-ee8e-304f-b562-d6f87617c5a0,32607,31114,1074,16
2026-08-21T02:30:56.6503166+12:00,sustained-generation,1,NVIDIA GeForce RTX 4090,GPU-eed52936-813f-8d68-1654-bfb56cb42bc3,24564,22905,1234,0
2026-08-21T02:30:56.9790471+12:00,sustained-generation,0,NVIDIA GeForce RTX 5090,GPU-67921d1c-ee8e-304f-b562-d6f87617c5a0,32607,31114,1074,1
2026-08-21T02:30:56.9790471+12:00,sustained-generation,1,NVIDIA GeForce RTX 4090,GPU-eed52936-813f-8d68-1654-bfb56cb42bc3,24564,22905,1234,0
2026-08-21T02:30:57.3071446+12:00,sustained-generation,0,NVIDIA GeForce RTX 5090,GPU-67921d1c-ee8e-304f-b562-d6f87617c5a0,32607,31114,1074,1
2026-08-21T02:30:57.3071446+12:00,sustained-generation,1,NVIDIA GeForce RTX 4090,GPU-eed52936-813f-8d68-1654-bfb56cb42bc3,24564,22905,1234,0
2026-08-21T02:30:57.6343604+12:00,sustained-generation,0,NVIDIA GeForce RTX 5090,GPU-67921d1c-ee8e-304f-b562-d6f87617c5a0,32607,31113,1075,2
2026-08-21T02:30:57.6343604+12:00,sustained-generation,1,NVIDIA GeForce RTX 4090,GPU-eed52936-813f-8d68-1654-bfb56cb42bc3,24564,22905,1234,0
2026-08-21T02:30:57.9602970+12:00,sustained-generation,0,NVIDIA GeForce RTX 5090,GPU-67921d1c-ee8e-304f-b562-d6f87617c5a0,32607,31109,1079,1
2026-08-21T02:30:57.9602970+12:00,sustained-generation,1,NVIDIA GeForce RTX 4090,GPU-eed52936-813f-8d68-1654-bfb56cb42bc3,24564,22905,1234,0
2026-08-21T02:30:58.2864229+12:00,sustained-generation,0,NVIDIA GeForce RTX 5090,GPU-67921d1c-ee8e-304f-b562-d6f87617c5a0,32607,31106,1082,1
2026-08-21T02:30:58.2864229+12:00,sustained-generation,1,NVIDIA GeForce RTX 4090,GPU-eed52936-813f-8d68-1654-bfb56cb42bc3,24564,22905,1234,0
2026-08-21T02:30:58.6151329+12:00,sustained-generation,0,NVIDIA GeForce RTX 5090,GPU-67921d1c-ee8e-304f-b562-d6f87617c5a0,32607,31106,1082,2
2026-08-21T02:30:58.6151329+12:00,sustained-generation,1,NVIDIA GeForce RTX 4090,GPU-eed52936-813f-8d68-1654-bfb56cb42bc3,24564,22905,1234,0
2026-08-21T02:30:58.9452869+12:00,sustained-generation,0,NVIDIA GeForce RTX 5090,GPU-67921d1c-ee8e-304f-b562-d6f87617c5a0,32607,31106,1082,1
2026-08-21T02:30:58.9452869+12:00,sustained-generation,1,NVIDIA GeForce RTX 4090,GPU-eed52936-813f-8d68-1654-bfb56cb42bc3,24564,22905,1234,0
2026-08-21T02:30:59.2714566+12:00,sustained-generation,0,NVIDIA GeForce RTX 5090,GPU-67921d1c-ee8e-304f-b562-d6f87617c5a0,32607,31075,1113,1
2026-08-21T02:30:59.2714566+12:00,sustained-generation,1,NVIDIA GeForce RTX 4090,GPU-eed52936-813f-8d68-1654-bfb56cb42bc3,24564,22905,1234,0
2026-08-21T02:30:59.6002235+12:00,sustained-generation,0,NVIDIA GeForce RTX 5090,GPU-67921d1c-ee8e-304f-b562-d6f87617c5a0,32607,31077,1111,2
2026-08-21T02:30:59.6002235+12:00,sustained-generation,1,NVIDIA GeForce RTX 4090,GPU-eed52936-813f-8d68-1654-bfb56cb42bc3,24564,22905,1234,0
2026-08-21T02:30:59.9268763+12:00,sustained-generation,0,NVIDIA GeForce RTX 5090,GPU-67921d1c-ee8e-304f-b562-d6f87617c5a0,32607,31077,1111,10
2026-08-21T02:30:59.9268763+12:00,sustained-generation,1,NVIDIA GeForce RTX 4090,GPU-eed52936-813f-8d68-1654-bfb56cb42bc3,24564,22905,1234,0
2026-08-21T02:31:00.2629493+12:00,sustained-generation,0,NVIDIA GeForce RTX 5090,GPU-67921d1c-ee8e-304f-b562-d6f87617c5a0,32607,31077,1111,10
2026-08-21T02:31:00.2629493+12:00,sustained-generation,1,NVIDIA GeForce RTX 4090,GPU-eed52936-813f-8d68-1654-bfb56cb42bc3,24564,22905,1234,0
2026-08-21T02:31:00.6007613+12:00,sustained-generation,0,NVIDIA GeForce RTX 5090,GPU-67921d1c-ee8e-304f-b562-d6f87617c5a0,32607,31078,1110,2
2026-08-21T02:31:00.6007613+12:00,sustained-generation,1,NVIDIA GeForce RTX 4090,GPU-eed52936-813f-8d68-1654-bfb56cb42bc3,24564,22905,1234,0
2026-08-21T02:31:00.9084807+12:00,sustained-generation,0,NVIDIA GeForce RTX 5090,GPU-67921d1c-ee8e-304f-b562-d6f87617c5a0,32607,31078,1110,1
2026-08-21T02:31:00.9084807+12:00,sustained-generation,1,NVIDIA GeForce RTX 4090,GPU-eed52936-813f-8d68-1654-bfb56cb42bc3,24564,22905,1234,0
2026-08-21T02:31:01.2178931+12:00,sustained-generation,0,NVIDIA GeForce RTX 5090,GPU-67921d1c-ee8e-304f-b562-d6f87617c5a0,32607,31072,1116,1
2026-08-21T02:31:01.2178931+12:00,sustained-generation,1,NVIDIA GeForce RTX 4090,GPU-eed52936-813f-8d68-1654-bfb56cb42bc3,24564,22905,1234,0
2026-08-21T02:31:01.5460185+12:00,sustained-generation,0,NVIDIA GeForce RTX 5090,GPU-67921d1c-ee8e-304f-b562-d6f87617c5a0,32607,31072,1116,1
2026-08-21T02:31:01.5460185+12:00,sustained-generation,1,NVIDIA GeForce RTX 4090,GPU-eed52936-813f-8d68-1654-bfb56cb42bc3,24564,22905,1234,0
2026-08-21T02:31:01.8722365+12:00,sustained-generation,0,NVIDIA GeForce RTX 5090,GPU-67921d1c-ee8e-304f-b562-d6f87617c5a0,32607,31072,1116,2
2026-08-21T02:31:01.8722365+12:00,sustained-generation,1,NVIDIA GeForce RTX 4090,GPU-eed52936-813f-8d68-1654-bfb56cb42bc3,24564,22905,1234,0
2026-08-21T02:31:02.2004039+12:00,sustained-generation,0,NVIDIA GeForce RTX 5090,GPU-67921d1c-ee8e-304f-b562-d6f87617c5a0,32607,31072,1116,2
2026-08-21T02:31:02.2004039+12:00,sustained-generation,1,NVIDIA GeForce RTX 4090,GPU-eed52936-813f-8d68-1654-bfb56cb42bc3,24564,22905,1234,0
2026-08-21T02:31:02.5256795+12:00,sustained-generation,0,NVIDIA GeForce RTX 5090,GPU-67921d1c-ee8e-304f-b562-d6f87617c5a0,32607,31072,1116,2
2026-08-21T02:31:02.5256795+12:00,sustained-generation,1,NVIDIA GeForce RTX 4090,GPU-eed52936-813f-8d68-1654-bfb56cb42bc3,24564,22905,1234,0
2026-08-21T02:31:02.8542982+12:00,sustained-generation,0,NVIDIA GeForce RTX 5090,GPU-67921d1c-ee8e-304f-b562-d6f87617c5a0,32607,31071,1117,2
2026-08-21T02:31:02.8542982+12:00,sustained-generation,1,NVIDIA GeForce RTX 4090,GPU-eed52936-813f-8d68-1654-bfb56cb42bc3,24564,22905,1234,0
2026-08-21T02:31:03.1814982+12:00,sustained-generation,0,NVIDIA GeForce RTX 5090,GPU-67921d1c-ee8e-304f-b562-d6f87617c5a0,32607,31071,1117,2
2026-08-21T02:31:03.1814982+12:00,sustained-generation,1,NVIDIA GeForce RTX 4090,GPU-eed52936-813f-8d68-1654-bfb56cb42bc3,24564,22905,1234,0
2026-08-21T02:31:03.5114894+12:00,sustained-generation,0,NVIDIA GeForce RTX 5090,GPU-67921d1c-ee8e-304f-b562-d6f87617c5a0,32607,31073,1115,2
2026-08-21T02:31:03.5114894+12:00,sustained-generation,1,NVIDIA GeForce RTX 4090,GPU-eed52936-813f-8d68-1654-bfb56cb42bc3,24564,22905,1234,0
2026-08-21T02:31:03.8375374+12:00,sustained-generation,0,NVIDIA GeForce RTX 5090,GPU-67921d1c-ee8e-304f-b562-d6f87617c5a0,32607,31073,1115,13
2026-08-21T02:31:03.8375374+12:00,sustained-generation,1,NVIDIA GeForce RTX 4090,GPU-eed52936-813f-8d68-1654-bfb56cb42bc3,24564,22905,1234,0
2026-08-21T02:31:04.1635819+12:00,sustained-generation,0,NVIDIA GeForce RTX 5090,GPU-67921d1c-ee8e-304f-b562-d6f87617c5a0,32607,31073,1115,13
2026-08-21T02:31:04.1635819+12:00,sustained-generation,1,NVIDIA GeForce RTX 4090,GPU-eed52936-813f-8d68-1654-bfb56cb42bc3,24564,22905,1234,0
2026-08-21T02:31:04.4893823+12:00,sustained-generation,0,NVIDIA GeForce RTX 5090,GPU-67921d1c-ee8e-304f-b562-d6f87617c5a0,32607,31073,1115,8
2026-08-21T02:31:04.4893823+12:00,sustained-generation,1,NVIDIA GeForce RTX 4090,GPU-eed52936-813f-8d68-1654-bfb56cb42bc3,24564,22905,1234,0
2026-08-21T02:31:04.8140475+12:00,sustained-generation,0,NVIDIA GeForce RTX 5090,GPU-67921d1c-ee8e-304f-b562-d6f87617c5a0,32607,31073,1115,8
2026-08-21T02:31:04.8140475+12:00,sustained-generation,1,NVIDIA GeForce RTX 4090,GPU-eed52936-813f-8d68-1654-bfb56cb42bc3,24564,22905,1234,0
2026-08-21T02:31:05.1222416+12:00,sustained-generation,0,NVIDIA GeForce RTX 5090,GPU-67921d1c-ee8e-304f-b562-d6f87617c5a0,32607,31073,1115,7
2026-08-21T02:31:05.1222416+12:00,sustained-generation,1,NVIDIA GeForce RTX 4090,GPU-eed52936-813f-8d68-1654-bfb56cb42bc3,24564,22905,1234,0
2026-08-21T02:31:05.4344438+12:00,sustained-generation,0,NVIDIA GeForce RTX 5090,GPU-67921d1c-ee8e-304f-b562-d6f87617c5a0,32607,31073,1115,3
2026-08-21T02:31:05.4344438+12:00,sustained-generation,1,NVIDIA GeForce RTX 4090,GPU-eed52936-813f-8d68-1654-bfb56cb42bc3,24564,22905,1234,0
2026-08-21T02:31:05.7617278+12:00,sustained-generation,0,NVIDIA GeForce RTX 5090,GPU-67921d1c-ee8e-304f-b562-d6f87617c5a0,32607,31073,1115,3
2026-08-21T02:31:05.7617278+12:00,sustained-generation,1,NVIDIA GeForce RTX 4090,GPU-eed52936-813f-8d68-1654-bfb56cb42bc3,24564,22905,1234,0
2026-08-21T02:31:06.0901442+12:00,sustained-generation,0,NVIDIA GeForce RTX 5090,GPU-67921d1c-ee8e-304f-b562-d6f87617c5a0,32607,31073,1115,2
2026-08-21T02:31:06.0901442+12:00,sustained-generation,1,NVIDIA GeForce RTX 4090,GPU-eed52936-813f-8d68-1654-bfb56cb42bc3,24564,22905,1234,0
2026-08-21T02:31:06.4117808+12:00,sustained-generation,0,NVIDIA GeForce RTX 5090,GPU-67921d1c-ee8e-304f-b562-d6f87617c5a0,32607,31073,1115,2
2026-08-21T02:31:06.4117808+12:00,sustained-generation,1,NVIDIA GeForce RTX 4090,GPU-eed52936-813f-8d68-1654-bfb56cb42bc3,24564,22905,1234,0
2026-08-21T02:31:06.7255773+12:00,sustained-generation,0,NVIDIA GeForce RTX 5090,GPU-67921d1c-ee8e-304f-b562-d6f87617c5a0,32607,31071,1117,2
2026-08-21T02:31:06.7255773+12:00,sustained-generation,1,NVIDIA GeForce RTX 4090,GPU-eed52936-813f-8d68-1654-bfb56cb42bc3,24564,22905,1234,0
2026-08-21T02:31:07.0542925+12:00,sustained-generation,0,NVIDIA GeForce RTX 5090,GPU-67921d1c-ee8e-304f-b562-d6f87617c5a0,32607,31071,1117,1
2026-08-21T02:31:07.0542925+12:00,sustained-generation,1,NVIDIA GeForce RTX 4090,GPU-eed52936-813f-8d68-1654-bfb56cb42bc3,24564,22905,1234,0
2026-08-21T02:31:07.3816919+12:00,sustained-generation,0,NVIDIA GeForce RTX 5090,GPU-67921d1c-ee8e-304f-b562-d6f87617c5a0,32607,31071,1117,1
2026-08-21T02:31:07.3816919+12:00,sustained-generation,1,NVIDIA GeForce RTX 4090,GPU-eed52936-813f-8d68-1654-bfb56cb42bc3,24564,22905,1234,0
2026-08-21T02:31:07.7074890+12:00,sustained-generation,0,NVIDIA GeForce RTX 5090,GPU-67921d1c-ee8e-304f-b562-d6f87617c5a0,32607,31073,1115,1
2026-08-21T02:31:07.7074890+12:00,sustained-generation,1,NVIDIA GeForce RTX 4090,GPU-eed52936-813f-8d68-1654-bfb56cb42bc3,24564,22905,1234,0
2026-08-21T02:31:08.0313623+12:00,sustained-generation,0,NVIDIA GeForce RTX 5090,GPU-67921d1c-ee8e-304f-b562-d6f87617c5a0,32607,31073,1115,10
2026-08-21T02:31:08.0313623+12:00,sustained-generation,1,NVIDIA GeForce RTX 4090,GPU-eed52936-813f-8d68-1654-bfb56cb42bc3,24564,22905,1234,0
2026-08-21T02:31:08.3583298+12:00,sustained-generation,0,NVIDIA GeForce RTX 5090,GPU-67921d1c-ee8e-304f-b562-d6f87617c5a0,32607,31073,1115,2
2026-08-21T02:31:08.3583298+12:00,sustained-generation,1,NVIDIA GeForce RTX 4090,GPU-eed52936-813f-8d68-1654-bfb56cb42bc3,24564,22905,1234,0
2026-08-21T02:31:08.6837636+12:00,sustained-generation,0,NVIDIA GeForce RTX 5090,GPU-67921d1c-ee8e-304f-b562-d6f87617c5a0,32607,31073,1115,2
2026-08-21T02:31:08.6837636+12:00,sustained-generation,1,NVIDIA GeForce RTX 4090,GPU-eed52936-813f-8d68-1654-bfb56cb42bc3,24564,22905,1234,0
2026-08-21T02:31:08.9939781+12:00,sustained-generation,0,NVIDIA GeForce RTX 5090,GPU-67921d1c-ee8e-304f-b562-d6f87617c5a0,32607,31073,1115,1
2026-08-21T02:31:08.9939781+12:00,sustained-generation,1,NVIDIA GeForce RTX 4090,GPU-eed52936-813f-8d68-1654-bfb56cb42bc3,24564,22905,1234,0
2026-08-21T02:31:09.3210549+12:00,sustained-generation,0,NVIDIA GeForce RTX 5090,GPU-67921d1c-ee8e-304f-b562-d6f87617c5a0,32607,31073,1115,1
2026-08-21T02:31:09.3210549+12:00,sustained-generation,1,NVIDIA GeForce RTX 4090,GPU-eed52936-813f-8d68-1654-bfb56cb42bc3,24564,22905,1234,0
2026-08-21T02:31:09.6474900+12:00,sustained-generation,0,NVIDIA GeForce RTX 5090,GPU-67921d1c-ee8e-304f-b562-d6f87617c5a0,32607,31072,1116,2
2026-08-21T02:31:09.6474900+12:00,sustained-generation,1,NVIDIA GeForce RTX 4090,GPU-eed52936-813f-8d68-1654-bfb56cb42bc3,24564,22905,1234,0
2026-08-21T02:31:09.9580151+12:00,sustained-generation,0,NVIDIA GeForce RTX 5090,GPU-67921d1c-ee8e-304f-b562-d6f87617c5a0,32607,31072,1116,2
2026-08-21T02:31:09.9580151+12:00,sustained-generation,1,NVIDIA GeForce RTX 4090,GPU-eed52936-813f-8d68-1654-bfb56cb42bc3,24564,22905,1234,0
2026-08-21T02:31:10.2687053+12:00,sustained-generation,0,NVIDIA GeForce RTX 5090,GPU-67921d1c-ee8e-304f-b562-d6f87617c5a0,32607,31072,1116,2
2026-08-21T02:31:10.2687053+12:00,sustained-generation,1,NVIDIA GeForce RTX 4090,GPU-eed52936-813f-8d68-1654-bfb56cb42bc3,24564,22905,1234,0
2026-08-21T02:31:10.5945749+12:00,sustained-generation,0,NVIDIA GeForce RTX 5090,GPU-67921d1c-ee8e-304f-b562-d6f87617c5a0,32607,31071,1117,2
2026-08-21T02:31:10.5945749+12:00,sustained-generation,1,NVIDIA GeForce RTX 4090,GPU-eed52936-813f-8d68-1654-bfb56cb42bc3,24564,22905,1234,0
2026-08-21T02:31:10.9217861+12:00,sustained-generation,0,NVIDIA GeForce RTX 5090,GPU-67921d1c-ee8e-304f-b562-d6f87617c5a0,32607,31071,1117,2
2026-08-21T02:31:10.9217861+12:00,sustained-generation,1,NVIDIA GeForce RTX 4090,GPU-eed52936-813f-8d68-1654-bfb56cb42bc3,24564,22905,1234,0
2026-08-21T02:31:11.2476285+12:00,sustained-generation,0,NVIDIA GeForce RTX 5090,GPU-67921d1c-ee8e-304f-b562-d6f87617c5a0,32607,31071,1117,2
2026-08-21T02:31:11.2476285+12:00,sustained-generation,1,NVIDIA GeForce RTX 4090,GPU-eed52936-813f-8d68-1654-bfb56cb42bc3,24564,22905,1234,0
2026-08-21T02:31:11.5614126+12:00,sustained-generation,0,NVIDIA GeForce RTX 5090,GPU-67921d1c-ee8e-304f-b562-d6f87617c5a0,32607,31073,1115,2
2026-08-21T02:31:11.5614126+12:00,sustained-generation,1,NVIDIA GeForce RTX 4090,GPU-eed52936-813f-8d68-1654-bfb56cb42bc3,24564,22905,1234,0
2026-08-21T02:31:11.8858773+12:00,sustained-generation,0,NVIDIA GeForce RTX 5090,GPU-67921d1c-ee8e-304f-b562-d6f87617c5a0,32607,31073,1115,10
2026-08-21T02:31:11.8858773+12:00,sustained-generation,1,NVIDIA GeForce RTX 4090,GPU-eed52936-813f-8d68-1654-bfb56cb42bc3,24564,22905,1234,0
2026-08-21T02:31:12.2129307+12:00,sustained-generation,0,NVIDIA GeForce RTX 5090,GPU-67921d1c-ee8e-304f-b562-d6f87617c5a0,32607,31073,1115,10
2026-08-21T02:31:12.2129307+12:00,sustained-generation,1,NVIDIA GeForce RTX 4090,GPU-eed52936-813f-8d68-1654-bfb56cb42bc3,24564,22905,1234,0
2026-08-21T02:31:12.5373975+12:00,sustained-generation,0,NVIDIA GeForce RTX 5090,GPU-67921d1c-ee8e-304f-b562-d6f87617c5a0,32607,31073,1115,2
2026-08-21T02:31:12.5373975+12:00,sustained-generation,1,NVIDIA GeForce RTX 4090,GPU-eed52936-813f-8d68-1654-bfb56cb42bc3,24564,22905,1234,0
2026-08-21T02:31:12.8653815+12:00,sustained-generation,0,NVIDIA GeForce RTX 5090,GPU-67921d1c-ee8e-304f-b562-d6f87617c5a0,32607,31086,1102,14
2026-08-21T02:31:12.8653815+12:00,sustained-generation,1,NVIDIA GeForce RTX 4090,GPU-eed52936-813f-8d68-1654-bfb56cb42bc3,24564,22905,1234,0
2026-08-21T02:31:13.1948607+12:00,sustained-generation,0,NVIDIA GeForce RTX 5090,GPU-67921d1c-ee8e-304f-b562-d6f87617c5a0,32607,31086,1102,14
2026-08-21T02:31:13.1948607+12:00,sustained-generation,1,NVIDIA GeForce RTX 4090,GPU-eed52936-813f-8d68-1654-bfb56cb42bc3,24564,22905,1234,0
2026-08-21T02:31:13.5191700+12:00,sustained-generation,0,NVIDIA GeForce RTX 5090,GPU-67921d1c-ee8e-304f-b562-d6f87617c5a0,32607,31086,1102,7
2026-08-21T02:31:13.5191700+12:00,sustained-generation,1,NVIDIA GeForce RTX 4090,GPU-eed52936-813f-8d68-1654-bfb56cb42bc3,24564,22905,1234,0
2026-08-21T02:31:13.8451776+12:00,sustained-generation,0,NVIDIA GeForce RTX 5090,GPU-67921d1c-ee8e-304f-b562-d6f87617c5a0,32607,31117,1071,46
2026-08-21T02:31:13.8451776+12:00,sustained-generation,1,NVIDIA GeForce RTX 4090,GPU-eed52936-813f-8d68-1654-bfb56cb42bc3,24564,22905,1234,0
2026-08-21T02:31:14.1754071+12:00,sustained-generation,0,NVIDIA GeForce RTX 5090,GPU-67921d1c-ee8e-304f-b562-d6f87617c5a0,32607,31117,1071,46
2026-08-21T02:31:14.1754071+12:00,sustained-generation,1,NVIDIA GeForce RTX 4090,GPU-eed52936-813f-8d68-1654-bfb56cb42bc3,24564,22905,1234,0
2026-08-21T02:31:14.5012456+12:00,sustained-generation,0,NVIDIA GeForce RTX 5090,GPU-67921d1c-ee8e-304f-b562-d6f87617c5a0,32607,31117,1071,10
2026-08-21T02:31:14.5012456+12:00,sustained-generation,1,NVIDIA GeForce RTX 4090,GPU-eed52936-813f-8d68-1654-bfb56cb42bc3,24564,22905,1234,0
2026-08-21T02:31:14.8286897+12:00,sustained-generation,0,NVIDIA GeForce RTX 5090,GPU-67921d1c-ee8e-304f-b562-d6f87617c5a0,32607,31117,1071,1
2026-08-21T02:31:14.8286897+12:00,sustained-generation,1,NVIDIA GeForce RTX 4090,GPU-eed52936-813f-8d68-1654-bfb56cb42bc3,24564,22905,1234,0
2026-08-21T02:31:15.1584902+12:00,sustained-generation,0,NVIDIA GeForce RTX 5090,GPU-67921d1c-ee8e-304f-b562-d6f87617c5a0,32607,31117,1071,1
2026-08-21T02:31:15.1584902+12:00,sustained-generation,1,NVIDIA GeForce RTX 4090,GPU-eed52936-813f-8d68-1654-bfb56cb42bc3,24564,22905,1234,0
2026-08-21T02:31:15.4827812+12:00,sustained-generation,0,NVIDIA GeForce RTX 5090,GPU-67921d1c-ee8e-304f-b562-d6f87617c5a0,32607,31118,1070,3
2026-08-21T02:31:15.4827812+12:00,sustained-generation,1,NVIDIA GeForce RTX 4090,GPU-eed52936-813f-8d68-1654-bfb56cb42bc3,24564,22905,1234,0
2026-08-21T02:31:15.8096785+12:00,sustained-generation,0,NVIDIA GeForce RTX 5090,GPU-67921d1c-ee8e-304f-b562-d6f87617c5a0,32607,31109,1079,3
2026-08-21T02:31:15.8096785+12:00,sustained-generation,1,NVIDIA GeForce RTX 4090,GPU-eed52936-813f-8d68-1654-bfb56cb42bc3,24564,22905,1234,0
2026-08-21T02:31:16.1362684+12:00,sustained-generation,0,NVIDIA GeForce RTX 5090,GPU-67921d1c-ee8e-304f-b562-d6f87617c5a0,32607,31104,1084,11
2026-08-21T02:31:16.1362684+12:00,sustained-generation,1,NVIDIA GeForce RTX 4090,GPU-eed52936-813f-8d68-1654-bfb56cb42bc3,24564,22905,1234,0
2026-08-21T02:31:16.4654589+12:00,sustained-generation,0,NVIDIA GeForce RTX 5090,GPU-67921d1c-ee8e-304f-b562-d6f87617c5a0,32607,31114,1074,11
2026-08-21T02:31:16.4654589+12:00,sustained-generation,1,NVIDIA GeForce RTX 4090,GPU-eed52936-813f-8d68-1654-bfb56cb42bc3,24564,22905,1234,0
2026-08-21T02:31:16.7761509+12:00,sustained-generation,0,NVIDIA GeForce RTX 5090,GPU-67921d1c-ee8e-304f-b562-d6f87617c5a0,32607,31113,1075,11
2026-08-21T02:31:16.7761509+12:00,sustained-generation,1,NVIDIA GeForce RTX 4090,GPU-eed52936-813f-8d68-1654-bfb56cb42bc3,24564,22905,1234,0
2026-08-21T02:31:17.1025637+12:00,sustained-generation,0,NVIDIA GeForce RTX 5090,GPU-67921d1c-ee8e-304f-b562-d6f87617c5a0,32607,31113,1075,2
2026-08-21T02:31:17.1025637+12:00,sustained-generation,1,NVIDIA GeForce RTX 4090,GPU-eed52936-813f-8d68-1654-bfb56cb42bc3,24564,22905,1234,0
2026-08-21T02:31:17.4293837+12:00,sustained-generation,0,NVIDIA GeForce RTX 5090,GPU-67921d1c-ee8e-304f-b562-d6f87617c5a0,32607,31113,1075,14
2026-08-21T02:31:17.4293837+12:00,sustained-generation,1,NVIDIA GeForce RTX 4090,GPU-eed52936-813f-8d68-1654-bfb56cb42bc3,24564,22905,1234,0
2026-08-21T02:31:17.7579854+12:00,sustained-generation,0,NVIDIA GeForce RTX 5090,GPU-67921d1c-ee8e-304f-b562-d6f87617c5a0,32607,31102,1086,14
2026-08-21T02:31:17.7579854+12:00,sustained-generation,1,NVIDIA GeForce RTX 4090,GPU-eed52936-813f-8d68-1654-bfb56cb42bc3,24564,22905,1234,0
2026-08-21T02:31:18.0866355+12:00,sustained-generation,0,NVIDIA GeForce RTX 5090,GPU-67921d1c-ee8e-304f-b562-d6f87617c5a0,32607,31099,1089,2
2026-08-21T02:31:18.0866355+12:00,sustained-generation,1,NVIDIA GeForce RTX 4090,GPU-eed52936-813f-8d68-1654-bfb56cb42bc3,24564,22905,1234,0
2026-08-21T02:31:18.4159166+12:00,sustained-generation,0,NVIDIA GeForce RTX 5090,GPU-67921d1c-ee8e-304f-b562-d6f87617c5a0,32607,31099,1089,3
2026-08-21T02:31:18.4159166+12:00,sustained-generation,1,NVIDIA GeForce RTX 4090,GPU-eed52936-813f-8d68-1654-bfb56cb42bc3,24564,22905,1234,0
2026-08-21T02:31:18.7412271+12:00,sustained-generation,0,NVIDIA GeForce RTX 5090,GPU-67921d1c-ee8e-304f-b562-d6f87617c5a0,32607,31094,1094,3
2026-08-21T02:31:18.7412271+12:00,sustained-generation,1,NVIDIA GeForce RTX 4090,GPU-eed52936-813f-8d68-1654-bfb56cb42bc3,24564,22905,1234,0
2026-08-21T02:31:19.0670015+12:00,sustained-generation,0,NVIDIA GeForce RTX 5090,GPU-67921d1c-ee8e-304f-b562-d6f87617c5a0,32607,31063,1125,1
2026-08-21T02:31:19.0670015+12:00,sustained-generation,1,NVIDIA GeForce RTX 4090,GPU-eed52936-813f-8d68-1654-bfb56cb42bc3,24564,22905,1234,0
2026-08-21T02:31:19.3956354+12:00,sustained-generation,0,NVIDIA GeForce RTX 5090,GPU-67921d1c-ee8e-304f-b562-d6f87617c5a0,32607,31065,1123,11
2026-08-21T02:31:19.3956354+12:00,sustained-generation,1,NVIDIA GeForce RTX 4090,GPU-eed52936-813f-8d68-1654-bfb56cb42bc3,24564,22905,1234,0
2026-08-21T02:31:19.7208227+12:00,sustained-generation,0,NVIDIA GeForce RTX 5090,GPU-67921d1c-ee8e-304f-b562-d6f87617c5a0,32607,31065,1123,11
2026-08-21T02:31:19.7208227+12:00,sustained-generation,1,NVIDIA GeForce RTX 4090,GPU-eed52936-813f-8d68-1654-bfb56cb42bc3,24564,22905,1234,0
2026-08-21T02:31:20.0470778+12:00,sustained-generation,0,NVIDIA GeForce RTX 5090,GPU-67921d1c-ee8e-304f-b562-d6f87617c5a0,32607,31065,1123,10
2026-08-21T02:31:20.0470778+12:00,sustained-generation,1,NVIDIA GeForce RTX 4090,GPU-eed52936-813f-8d68-1654-bfb56cb42bc3,24564,22905,1234,0
2026-08-21T02:31:20.3741119+12:00,sustained-generation,0,NVIDIA GeForce RTX 5090,GPU-67921d1c-ee8e-304f-b562-d6f87617c5a0,32607,31065,1123,12
2026-08-21T02:31:20.3741119+12:00,sustained-generation,1,NVIDIA GeForce RTX 4090,GPU-eed52936-813f-8d68-1654-bfb56cb42bc3,24564,22905,1234,0
2026-08-21T02:31:20.6834513+12:00,sustained-generation,0,NVIDIA GeForce RTX 5090,GPU-67921d1c-ee8e-304f-b562-d6f87617c5a0,32607,31066,1122,12
2026-08-21T02:31:20.6834513+12:00,sustained-generation,1,NVIDIA GeForce RTX 4090,GPU-eed52936-813f-8d68-1654-bfb56cb42bc3,24564,22905,1234,0
2026-08-21T02:31:21.0121336+12:00,sustained-generation,0,NVIDIA GeForce RTX 5090,GPU-67921d1c-ee8e-304f-b562-d6f87617c5a0,32607,31066,1122,1
2026-08-21T02:31:21.0121336+12:00,sustained-generation,1,NVIDIA GeForce RTX 4090,GPU-eed52936-813f-8d68-1654-bfb56cb42bc3,24564,22905,1234,0
2026-08-21T02:31:21.3393110+12:00,sustained-generation,0,NVIDIA GeForce RTX 5090,GPU-67921d1c-ee8e-304f-b562-d6f87617c5a0,32607,31066,1122,11
2026-08-21T02:31:21.3393110+12:00,sustained-generation,1,NVIDIA GeForce RTX 4090,GPU-eed52936-813f-8d68-1654-bfb56cb42bc3,24564,22905,1234,0
2026-08-21T02:31:21.6648962+12:00,sustained-generation,0,NVIDIA GeForce RTX 5090,GPU-67921d1c-ee8e-304f-b562-d6f87617c5a0,32607,31058,1130,11
2026-08-21T02:31:21.6648962+12:00,sustained-generation,1,NVIDIA GeForce RTX 4090,GPU-eed52936-813f-8d68-1654-bfb56cb42bc3,24564,22905,1234,0
2026-08-21T02:31:21.9899622+12:00,sustained-generation,0,NVIDIA GeForce RTX 5090,GPU-67921d1c-ee8e-304f-b562-d6f87617c5a0,32607,31058,1130,1
2026-08-21T02:31:21.9899622+12:00,sustained-generation,1,NVIDIA GeForce RTX 4090,GPU-eed52936-813f-8d68-1654-bfb56cb42bc3,24564,22905,1234,0
2026-08-21T02:31:22.3169585+12:00,sustained-generation,0,NVIDIA GeForce RTX 5090,GPU-67921d1c-ee8e-304f-b562-d6f87617c5a0,32607,31058,1130,1
2026-08-21T02:31:22.3169585+12:00,sustained-generation,1,NVIDIA GeForce RTX 4090,GPU-eed52936-813f-8d68-1654-bfb56cb42bc3,24564,22905,1234,0
2026-08-21T02:31:22.6438067+12:00,sustained-generation,0,NVIDIA GeForce RTX 5090,GPU-67921d1c-ee8e-304f-b562-d6f87617c5a0,32607,31058,1130,10
2026-08-21T02:31:22.6438067+12:00,sustained-generation,1,NVIDIA GeForce RTX 4090,GPU-eed52936-813f-8d68-1654-bfb56cb42bc3,24564,22905,1234,0
2026-08-21T02:31:22.9579694+12:00,sustained-generation,0,NVIDIA GeForce RTX 5090,GPU-67921d1c-ee8e-304f-b562-d6f87617c5a0,32607,31099,1089,1
2026-08-21T02:31:22.9579694+12:00,sustained-generation,1,NVIDIA GeForce RTX 4090,GPU-eed52936-813f-8d68-1654-bfb56cb42bc3,24564,22905,1234,0
2026-08-21T02:31:23.2669848+12:00,sustained-generation,0,NVIDIA GeForce RTX 5090,GPU-67921d1c-ee8e-304f-b562-d6f87617c5a0,32607,31099,1089,1
2026-08-21T02:31:23.2669848+12:00,sustained-generation,1,NVIDIA GeForce RTX 4090,GPU-eed52936-813f-8d68-1654-bfb56cb42bc3,24564,22905,1234,0
2026-08-21T02:31:23.5835251+12:00,sustained-generation,0,NVIDIA GeForce RTX 5090,GPU-67921d1c-ee8e-304f-b562-d6f87617c5a0,32607,31101,1087,3
2026-08-21T02:31:23.5835251+12:00,sustained-generation,1,NVIDIA GeForce RTX 4090,GPU-eed52936-813f-8d68-1654-bfb56cb42bc3,24564,22905,1234,0
2026-08-21T02:31:23.9097645+12:00,sustained-generation,0,NVIDIA GeForce RTX 5090,GPU-67921d1c-ee8e-304f-b562-d6f87617c5a0,32607,31101,1087,9
2026-08-21T02:31:23.9097645+12:00,sustained-generation,1,NVIDIA GeForce RTX 4090,GPU-eed52936-813f-8d68-1654-bfb56cb42bc3,24564,22905,1234,0
2026-08-21T02:31:24.2354623+12:00,sustained-generation,0,NVIDIA GeForce RTX 5090,GPU-67921d1c-ee8e-304f-b562-d6f87617c5a0,32607,31101,1087,9
2026-08-21T02:31:24.2354623+12:00,sustained-generation,1,NVIDIA GeForce RTX 4090,GPU-eed52936-813f-8d68-1654-bfb56cb42bc3,24564,22905,1234,0
2026-08-21T02:31:24.5485395+12:00,sustained-generation,0,NVIDIA GeForce RTX 5090,GPU-67921d1c-ee8e-304f-b562-d6f87617c5a0,32607,31101,1087,2
2026-08-21T02:31:24.5485395+12:00,sustained-generation,1,NVIDIA GeForce RTX 4090,GPU-eed52936-813f-8d68-1654-bfb56cb42bc3,24564,22905,1234,0
2026-08-21T02:31:24.8744812+12:00,sustained-generation,0,NVIDIA GeForce RTX 5090,GPU-67921d1c-ee8e-304f-b562-d6f87617c5a0,32607,31094,1094,2
2026-08-21T02:31:24.8744812+12:00,sustained-generation,1,NVIDIA GeForce RTX 4090,GPU-eed52936-813f-8d68-1654-bfb56cb42bc3,24564,22905,1234,0
2026-08-21T02:31:25.2017787+12:00,sustained-generation,0,NVIDIA GeForce RTX 5090,GPU-67921d1c-ee8e-304f-b562-d6f87617c5a0,32607,31094,1094,2
2026-08-21T02:31:25.2017787+12:00,sustained-generation,1,NVIDIA GeForce RTX 4090,GPU-eed52936-813f-8d68-1654-bfb56cb42bc3,24564,22905,1234,0
2026-08-21T02:31:25.5263116+12:00,sustained-generation,0,NVIDIA GeForce RTX 5090,GPU-67921d1c-ee8e-304f-b562-d6f87617c5a0,32607,31094,1094,1
2026-08-21T02:31:25.5263116+12:00,sustained-generation,1,NVIDIA GeForce RTX 4090,GPU-eed52936-813f-8d68-1654-bfb56cb42bc3,24564,22905,1234,0
2026-08-21T02:31:25.8578128+12:00,sustained-generation,0,NVIDIA GeForce RTX 5090,GPU-67921d1c-ee8e-304f-b562-d6f87617c5a0,32607,31105,1083,2
2026-08-21T02:31:25.8578128+12:00,sustained-generation,1,NVIDIA GeForce RTX 4090,GPU-eed52936-813f-8d68-1654-bfb56cb42bc3,24564,22905,1234,0
2026-08-21T02:31:26.1861088+12:00,sustained-generation,0,NVIDIA GeForce RTX 5090,GPU-67921d1c-ee8e-304f-b562-d6f87617c5a0,32607,31105,1083,2
2026-08-21T02:31:26.1861088+12:00,sustained-generation,1,NVIDIA GeForce RTX 4090,GPU-eed52936-813f-8d68-1654-bfb56cb42bc3,24564,22905,1234,0
2026-08-21T02:31:26.5234244+12:00,sustained-generation,0,NVIDIA GeForce RTX 5090,GPU-67921d1c-ee8e-304f-b562-d6f87617c5a0,32607,31105,1083,1
2026-08-21T02:31:26.5234244+12:00,sustained-generation,1,NVIDIA GeForce RTX 4090,GPU-eed52936-813f-8d68-1654-bfb56cb42bc3,24564,22905,1234,0
2026-08-21T02:31:26.8502924+12:00,sustained-generation,0,NVIDIA GeForce RTX 5090,GPU-67921d1c-ee8e-304f-b562-d6f87617c5a0,32607,31105,1083,1
2026-08-21T02:31:26.8502924+12:00,sustained-generation,1,NVIDIA GeForce RTX 4090,GPU-eed52936-813f-8d68-1654-bfb56cb42bc3,24564,22905,1234,0
2026-08-21T02:31:27.1814409+12:00,sustained-generation,0,NVIDIA GeForce RTX 5090,GPU-67921d1c-ee8e-304f-b562-d6f87617c5a0,32607,31101,1087,1
2026-08-21T02:31:27.1814409+12:00,sustained-generation,1,NVIDIA GeForce RTX 4090,GPU-eed52936-813f-8d68-1654-bfb56cb42bc3,24564,22905,1234,0
2026-08-21T02:31:27.5189934+12:00,sustained-generation,0,NVIDIA GeForce RTX 5090,GPU-67921d1c-ee8e-304f-b562-d6f87617c5a0,32607,31102,1086,1
2026-08-21T02:31:27.5189934+12:00,sustained-generation,1,NVIDIA GeForce RTX 4090,GPU-eed52936-813f-8d68-1654-bfb56cb42bc3,24564,22905,1234,0
2026-08-21T02:31:27.8303998+12:00,sustained-generation,0,NVIDIA GeForce RTX 5090,GPU-67921d1c-ee8e-304f-b562-d6f87617c5a0,32607,31095,1093,1
2026-08-21T02:31:27.8303998+12:00,sustained-generation,1,NVIDIA GeForce RTX 4090,GPU-eed52936-813f-8d68-1654-bfb56cb42bc3,24564,22905,1234,0
2026-08-21T02:31:28.1576916+12:00,sustained-generation,0,NVIDIA GeForce RTX 5090,GPU-67921d1c-ee8e-304f-b562-d6f87617c5a0,32607,31080,1108,9
2026-08-21T02:31:28.1576916+12:00,sustained-generation,1,NVIDIA GeForce RTX 4090,GPU-eed52936-813f-8d68-1654-bfb56cb42bc3,24564,22905,1234,0
2026-08-21T02:31:28.4685536+12:00,sustained-generation,0,NVIDIA GeForce RTX 5090,GPU-67921d1c-ee8e-304f-b562-d6f87617c5a0,32607,31061,1127,1
2026-08-21T02:31:28.4685536+12:00,sustained-generation,1,NVIDIA GeForce RTX 4090,GPU-eed52936-813f-8d68-1654-bfb56cb42bc3,24564,22905,1234,0
2026-08-21T02:31:28.7944618+12:00,sustained-generation,0,NVIDIA GeForce RTX 5090,GPU-67921d1c-ee8e-304f-b562-d6f87617c5a0,32607,31061,1127,1
2026-08-21T02:31:28.7944618+12:00,sustained-generation,1,NVIDIA GeForce RTX 4090,GPU-eed52936-813f-8d68-1654-bfb56cb42bc3,24564,22905,1234,0
2026-08-21T02:31:29.1189739+12:00,sustained-generation,0,NVIDIA GeForce RTX 5090,GPU-67921d1c-ee8e-304f-b562-d6f87617c5a0,32607,31061,1127,1
2026-08-21T02:31:29.1189739+12:00,sustained-generation,1,NVIDIA GeForce RTX 4090,GPU-eed52936-813f-8d68-1654-bfb56cb42bc3,24564,22905,1234,0
2026-08-21T02:31:29.4464913+12:00,sustained-generation,0,NVIDIA GeForce RTX 5090,GPU-67921d1c-ee8e-304f-b562-d6f87617c5a0,32607,31061,1127,1
2026-08-21T02:31:29.4464913+12:00,sustained-generation,1,NVIDIA GeForce RTX 4090,GPU-eed52936-813f-8d68-1654-bfb56cb42bc3,24564,22905,1234,0
2026-08-21T02:31:29.7725299+12:00,sustained-generation,0,NVIDIA GeForce RTX 5090,GPU-67921d1c-ee8e-304f-b562-d6f87617c5a0,32607,31060,1128,1
2026-08-21T02:31:29.7725299+12:00,sustained-generation,1,NVIDIA GeForce RTX 4090,GPU-eed52936-813f-8d68-1654-bfb56cb42bc3,24564,22905,1234,0
2026-08-21T02:31:30.1022772+12:00,sustained-generation,0,NVIDIA GeForce RTX 5090,GPU-67921d1c-ee8e-304f-b562-d6f87617c5a0,32607,31060,1128,1
2026-08-21T02:31:30.1022772+12:00,sustained-generation,1,NVIDIA GeForce RTX 4090,GPU-eed52936-813f-8d68-1654-bfb56cb42bc3,24564,22905,1234,0
2026-08-21T02:31:30.4299451+12:00,sustained-generation,0,NVIDIA GeForce RTX 5090,GPU-67921d1c-ee8e-304f-b562-d6f87617c5a0,32607,31060,1128,49
2026-08-21T02:31:30.4299451+12:00,sustained-generation,1,NVIDIA GeForce RTX 4090,GPU-eed52936-813f-8d68-1654-bfb56cb42bc3,24564,22905,1234,0
2026-08-21T02:31:30.7417723+12:00,sustained-generation,0,NVIDIA GeForce RTX 5090,GPU-67921d1c-ee8e-304f-b562-d6f87617c5a0,32607,31060,1128,49
2026-08-21T02:31:30.7417723+12:00,sustained-generation,1,NVIDIA GeForce RTX 4090,GPU-eed52936-813f-8d68-1654-bfb56cb42bc3,24564,22905,1234,0
2026-08-21T02:31:31.0545186+12:00,sustained-generation,0,NVIDIA GeForce RTX 5090,GPU-67921d1c-ee8e-304f-b562-d6f87617c5a0,32607,31057,1131,91
2026-08-21T02:31:31.0545186+12:00,sustained-generation,1,NVIDIA GeForce RTX 4090,GPU-eed52936-813f-8d68-1654-bfb56cb42bc3,24564,22905,1234,0
2026-08-21T02:31:31.3670360+12:00,sustained-generation,0,NVIDIA GeForce RTX 5090,GPU-67921d1c-ee8e-304f-b562-d6f87617c5a0,32607,31057,1131,84
2026-08-21T02:31:31.3670360+12:00,sustained-generation,1,NVIDIA GeForce RTX 4090,GPU-eed52936-813f-8d68-1654-bfb56cb42bc3,24564,22905,1234,0
2026-08-21T02:31:31.6813297+12:00,sustained-generation,0,NVIDIA GeForce RTX 5090,GPU-67921d1c-ee8e-304f-b562-d6f87617c5a0,32607,31060,1128,84
2026-08-21T02:31:31.6813297+12:00,sustained-generation,1,NVIDIA GeForce RTX 4090,GPU-eed52936-813f-8d68-1654-bfb56cb42bc3,24564,22905,1234,0
2026-08-21T02:31:32.0082589+12:00,sustained-generation,0,NVIDIA GeForce RTX 5090,GPU-67921d1c-ee8e-304f-b562-d6f87617c5a0,32607,31060,1128,91
2026-08-21T02:31:32.0082589+12:00,sustained-generation,1,NVIDIA GeForce RTX 4090,GPU-eed52936-813f-8d68-1654-bfb56cb42bc3,24564,22905,1234,0
2026-08-21T02:31:32.3227763+12:00,sustained-generation,0,NVIDIA GeForce RTX 5090,GPU-67921d1c-ee8e-304f-b562-d6f87617c5a0,32607,31059,1129,91
2026-08-21T02:31:32.3227763+12:00,sustained-generation,1,NVIDIA GeForce RTX 4090,GPU-eed52936-813f-8d68-1654-bfb56cb42bc3,24564,22905,1234,0
2026-08-21T02:31:32.6537129+12:00,sustained-generation,0,NVIDIA GeForce RTX 5090,GPU-67921d1c-ee8e-304f-b562-d6f87617c5a0,32607,31060,1128,90
2026-08-21T02:31:32.6537129+12:00,sustained-generation,1,NVIDIA GeForce RTX 4090,GPU-eed52936-813f-8d68-1654-bfb56cb42bc3,24564,22905,1234,0
2026-08-21T02:31:32.9671505+12:00,sustained-generation,0,NVIDIA GeForce RTX 5090,GPU-67921d1c-ee8e-304f-b562-d6f87617c5a0,32607,31059,1129,92
2026-08-21T02:31:32.9671505+12:00,sustained-generation,1,NVIDIA GeForce RTX 4090,GPU-eed52936-813f-8d68-1654-bfb56cb42bc3,24564,22905,1234,0
2026-08-21T02:31:33.2793684+12:00,sustained-generation,0,NVIDIA GeForce RTX 5090,GPU-67921d1c-ee8e-304f-b562-d6f87617c5a0,32607,31059,1129,92
2026-08-21T02:31:33.2793684+12:00,sustained-generation,1,NVIDIA GeForce RTX 4090,GPU-eed52936-813f-8d68-1654-bfb56cb42bc3,24564,22905,1234,0
2026-08-21T02:31:33.5917772+12:00,sustained-generation,0,NVIDIA GeForce RTX 5090,GPU-67921d1c-ee8e-304f-b562-d6f87617c5a0,32607,31059,1129,91
2026-08-21T02:31:33.5917772+12:00,sustained-generation,1,NVIDIA GeForce RTX 4090,GPU-eed52936-813f-8d68-1654-bfb56cb42bc3,24564,22905,1234,0
2026-08-21T02:31:33.9021722+12:00,sustained-generation,0,NVIDIA GeForce RTX 5090,GPU-67921d1c-ee8e-304f-b562-d6f87617c5a0,32607,31059,1129,91
2026-08-21T02:31:33.9021722+12:00,sustained-generation,1,NVIDIA GeForce RTX 4090,GPU-eed52936-813f-8d68-1654-bfb56cb42bc3,24564,22905,1234,0
2026-08-21T02:31:34.2296918+12:00,sustained-generation,0,NVIDIA GeForce RTX 5090,GPU-67921d1c-ee8e-304f-b562-d6f87617c5a0,32607,31059,1129,91
2026-08-21T02:31:34.2296918+12:00,sustained-generation,1,NVIDIA GeForce RTX 4090,GPU-eed52936-813f-8d68-1654-bfb56cb42bc3,24564,22905,1234,0
2026-08-21T02:31:34.5571475+12:00,sustained-generation,0,NVIDIA GeForce RTX 5090,GPU-67921d1c-ee8e-304f-b562-d6f87617c5a0,32607,31059,1129,93
2026-08-21T02:31:34.5571475+12:00,sustained-generation,1,NVIDIA GeForce RTX 4090,GPU-eed52936-813f-8d68-1654-bfb56cb42bc3,24564,22905,1234,0
2026-08-21T02:31:34.8715118+12:00,sustained-generation,0,NVIDIA GeForce RTX 5090,GPU-67921d1c-ee8e-304f-b562-d6f87617c5a0,32607,31058,1130,90
2026-08-21T02:31:34.8715118+12:00,sustained-generation,1,NVIDIA GeForce RTX 4090,GPU-eed52936-813f-8d68-1654-bfb56cb42bc3,24564,22905,1234,0
2026-08-21T02:31:35.2005388+12:00,sustained-generation,0,NVIDIA GeForce RTX 5090,GPU-67921d1c-ee8e-304f-b562-d6f87617c5a0,32607,31058,1130,90
2026-08-21T02:31:35.2005388+12:00,sustained-generation,1,NVIDIA GeForce RTX 4090,GPU-eed52936-813f-8d68-1654-bfb56cb42bc3,24564,22905,1234,0
2026-08-21T02:31:35.5140745+12:00,sustained-generation,0,NVIDIA GeForce RTX 5090,GPU-67921d1c-ee8e-304f-b562-d6f87617c5a0,32607,31059,1129,90
2026-08-21T02:31:35.5140745+12:00,sustained-generation,1,NVIDIA GeForce RTX 4090,GPU-eed52936-813f-8d68-1654-bfb56cb42bc3,24564,22905,1234,0
2026-08-21T02:31:35.8430130+12:00,sustained-generation,0,NVIDIA GeForce RTX 5090,GPU-67921d1c-ee8e-304f-b562-d6f87617c5a0,32607,31059,1129,77
2026-08-21T02:31:35.8430130+12:00,sustained-generation,1,NVIDIA GeForce RTX 4090,GPU-eed52936-813f-8d68-1654-bfb56cb42bc3,24564,22905,1234,0
2026-08-21T02:31:36.1585647+12:00,sustained-generation,0,NVIDIA GeForce RTX 5090,GPU-67921d1c-ee8e-304f-b562-d6f87617c5a0,32607,31059,1129,77
2026-08-21T02:31:36.1585647+12:00,sustained-generation,1,NVIDIA GeForce RTX 4090,GPU-eed52936-813f-8d68-1654-bfb56cb42bc3,24564,22905,1234,0
2026-08-21T02:31:36.4733974+12:00,sustained-generation,0,NVIDIA GeForce RTX 5090,GPU-67921d1c-ee8e-304f-b562-d6f87617c5a0,32607,31059,1129,90
2026-08-21T02:31:36.4733974+12:00,sustained-generation,1,NVIDIA GeForce RTX 4090,GPU-eed52936-813f-8d68-1654-bfb56cb42bc3,24564,22905,1234,0
2026-08-21T02:31:36.7998368+12:00,sustained-generation,0,NVIDIA GeForce RTX 5090,GPU-67921d1c-ee8e-304f-b562-d6f87617c5a0,32607,31059,1129,90
2026-08-21T02:31:36.7998368+12:00,sustained-generation,1,NVIDIA GeForce RTX 4090,GPU-eed52936-813f-8d68-1654-bfb56cb42bc3,24564,22905,1234,0
2026-08-21T02:31:37.1165331+12:00,sustained-generation,0,NVIDIA GeForce RTX 5090,GPU-67921d1c-ee8e-304f-b562-d6f87617c5a0,32607,31059,1129,93
2026-08-21T02:31:37.1165331+12:00,sustained-generation,1,NVIDIA GeForce RTX 4090,GPU-eed52936-813f-8d68-1654-bfb56cb42bc3,24564,22905,1234,0
2026-08-21T02:31:37.4329252+12:00,sustained-generation,0,NVIDIA GeForce RTX 5090,GPU-67921d1c-ee8e-304f-b562-d6f87617c5a0,32607,31059,1129,89
2026-08-21T02:31:37.4329252+12:00,sustained-generation,1,NVIDIA GeForce RTX 4090,GPU-eed52936-813f-8d68-1654-bfb56cb42bc3,24564,22905,1234,0
2026-08-21T02:31:37.7638741+12:00,sustained-generation,0,NVIDIA GeForce RTX 5090,GPU-67921d1c-ee8e-304f-b562-d6f87617c5a0,32607,31059,1129,89
2026-08-21T02:31:37.7638741+12:00,sustained-generation,1,NVIDIA GeForce RTX 4090,GPU-eed52936-813f-8d68-1654-bfb56cb42bc3,24564,22905,1234,0
2026-08-21T02:31:38.0943302+12:00,sustained-generation,0,NVIDIA GeForce RTX 5090,GPU-67921d1c-ee8e-304f-b562-d6f87617c5a0,32607,31059,1129,91
2026-08-21T02:31:38.0943302+12:00,sustained-generation,1,NVIDIA GeForce RTX 4090,GPU-eed52936-813f-8d68-1654-bfb56cb42bc3,24564,22905,1234,0
2026-08-21T02:31:38.4154115+12:00,sustained-generation,0,NVIDIA GeForce RTX 5090,GPU-67921d1c-ee8e-304f-b562-d6f87617c5a0,32607,31059,1129,90
2026-08-21T02:31:38.4154115+12:00,sustained-generation,1,NVIDIA GeForce RTX 4090,GPU-eed52936-813f-8d68-1654-bfb56cb42bc3,24564,22905,1234,0
2026-08-21T02:31:38.7373280+12:00,sustained-generation,0,NVIDIA GeForce RTX 5090,GPU-67921d1c-ee8e-304f-b562-d6f87617c5a0,32607,31058,1130,90
2026-08-21T02:31:38.7373280+12:00,sustained-generation,1,NVIDIA GeForce RTX 4090,GPU-eed52936-813f-8d68-1654-bfb56cb42bc3,24564,22905,1234,0
2026-08-21T02:31:39.0516306+12:00,sustained-generation,0,NVIDIA GeForce RTX 5090,GPU-67921d1c-ee8e-304f-b562-d6f87617c5a0,32607,31058,1130,91
2026-08-21T02:31:39.0516306+12:00,sustained-generation,1,NVIDIA GeForce RTX 4090,GPU-eed52936-813f-8d68-1654-bfb56cb42bc3,24564,22905,1234,0
2026-08-21T02:31:39.3650564+12:00,sustained-generation,0,NVIDIA GeForce RTX 5090,GPU-67921d1c-ee8e-304f-b562-d6f87617c5a0,32607,31058,1130,94
2026-08-21T02:31:39.3650564+12:00,sustained-generation,1,NVIDIA GeForce RTX 4090,GPU-eed52936-813f-8d68-1654-bfb56cb42bc3,24564,22905,1234,0
2026-08-21T02:31:39.6803516+12:00,sustained-generation,0,NVIDIA GeForce RTX 5090,GPU-67921d1c-ee8e-304f-b562-d6f87617c5a0,32607,31059,1129,94
2026-08-21T02:31:39.6803516+12:00,sustained-generation,1,NVIDIA GeForce RTX 4090,GPU-eed52936-813f-8d68-1654-bfb56cb42bc3,24564,22905,1234,0
2026-08-21T02:31:39.9959776+12:00,sustained-generation,0,NVIDIA GeForce RTX 5090,GPU-67921d1c-ee8e-304f-b562-d6f87617c5a0,32607,31059,1129,90
2026-08-21T02:31:39.9959776+12:00,sustained-generation,1,NVIDIA GeForce RTX 4090,GPU-eed52936-813f-8d68-1654-bfb56cb42bc3,24564,22905,1234,0
2026-08-21T02:31:40.3089837+12:00,sustained-generation,0,NVIDIA GeForce RTX 5090,GPU-67921d1c-ee8e-304f-b562-d6f87617c5a0,32607,31059,1129,90
2026-08-21T02:31:40.3089837+12:00,sustained-generation,1,NVIDIA GeForce RTX 4090,GPU-eed52936-813f-8d68-1654-bfb56cb42bc3,24564,22905,1234,0
2026-08-21T02:31:40.6241545+12:00,sustained-generation,0,NVIDIA GeForce RTX 5090,GPU-67921d1c-ee8e-304f-b562-d6f87617c5a0,32607,31059,1129,93
2026-08-21T02:31:40.6241545+12:00,sustained-generation,1,NVIDIA GeForce RTX 4090,GPU-eed52936-813f-8d68-1654-bfb56cb42bc3,24564,22905,1234,0
2026-08-21T02:31:40.9382263+12:00,sustained-generation,0,NVIDIA GeForce RTX 5090,GPU-67921d1c-ee8e-304f-b562-d6f87617c5a0,32607,31059,1129,79
2026-08-21T02:31:40.9382263+12:00,sustained-generation,1,NVIDIA GeForce RTX 4090,GPU-eed52936-813f-8d68-1654-bfb56cb42bc3,24564,22905,1234,0
2026-08-21T02:31:41.2511742+12:00,sustained-generation,0,NVIDIA GeForce RTX 5090,GPU-67921d1c-ee8e-304f-b562-d6f87617c5a0,32607,31059,1129,79
2026-08-21T02:31:41.2511742+12:00,sustained-generation,1,NVIDIA GeForce RTX 4090,GPU-eed52936-813f-8d68-1654-bfb56cb42bc3,24564,22905,1234,0
2026-08-21T02:31:41.5633360+12:00,sustained-generation,0,NVIDIA GeForce RTX 5090,GPU-67921d1c-ee8e-304f-b562-d6f87617c5a0,32607,31059,1129,93
2026-08-21T02:31:41.5633360+12:00,sustained-generation,1,NVIDIA GeForce RTX 4090,GPU-eed52936-813f-8d68-1654-bfb56cb42bc3,24564,22905,1234,0
2026-08-21T02:31:41.8787978+12:00,sustained-generation,0,NVIDIA GeForce RTX 5090,GPU-67921d1c-ee8e-304f-b562-d6f87617c5a0,32607,31059,1129,90
2026-08-21T02:31:41.8787978+12:00,sustained-generation,1,NVIDIA GeForce RTX 4090,GPU-eed52936-813f-8d68-1654-bfb56cb42bc3,24564,22905,1234,0
2026-08-21T02:31:42.2087497+12:00,sustained-generation,0,NVIDIA GeForce RTX 5090,GPU-67921d1c-ee8e-304f-b562-d6f87617c5a0,32607,31059,1129,90
2026-08-21T02:31:42.2087497+12:00,sustained-generation,1,NVIDIA GeForce RTX 4090,GPU-eed52936-813f-8d68-1654-bfb56cb42bc3,24564,22905,1234,0
2026-08-21T02:31:42.5210585+12:00,sustained-generation,0,NVIDIA GeForce RTX 5090,GPU-67921d1c-ee8e-304f-b562-d6f87617c5a0,32607,31059,1129,91
2026-08-21T02:31:42.5210585+12:00,sustained-generation,1,NVIDIA GeForce RTX 4090,GPU-eed52936-813f-8d68-1654-bfb56cb42bc3,24564,22905,1234,0
2026-08-21T02:31:42.8321803+12:00,sustained-generation,0,NVIDIA GeForce RTX 5090,GPU-67921d1c-ee8e-304f-b562-d6f87617c5a0,32607,31058,1130,92
2026-08-21T02:31:42.8321803+12:00,sustained-generation,1,NVIDIA GeForce RTX 4090,GPU-eed52936-813f-8d68-1654-bfb56cb42bc3,24564,22905,1234,0
2026-08-21T02:31:43.1440247+12:00,sustained-generation,0,NVIDIA GeForce RTX 5090,GPU-67921d1c-ee8e-304f-b562-d6f87617c5a0,32607,31058,1130,92
2026-08-21T02:31:43.1440247+12:00,sustained-generation,1,NVIDIA GeForce RTX 4090,GPU-eed52936-813f-8d68-1654-bfb56cb42bc3,24564,22905,1234,0
2026-08-21T02:31:43.4735990+12:00,sustained-generation,0,NVIDIA GeForce RTX 5090,GPU-67921d1c-ee8e-304f-b562-d6f87617c5a0,32607,31072,1116,90
2026-08-21T02:31:43.4735990+12:00,sustained-generation,1,NVIDIA GeForce RTX 4090,GPU-eed52936-813f-8d68-1654-bfb56cb42bc3,24564,22905,1234,0
2026-08-21T02:31:43.7864579+12:00,sustained-generation,0,NVIDIA GeForce RTX 5090,GPU-67921d1c-ee8e-304f-b562-d6f87617c5a0,32607,31077,1111,90
2026-08-21T02:31:43.7864579+12:00,sustained-generation,1,NVIDIA GeForce RTX 4090,GPU-eed52936-813f-8d68-1654-bfb56cb42bc3,24564,22905,1234,0
2026-08-21T02:31:44.1139626+12:00,sustained-generation,0,NVIDIA GeForce RTX 5090,GPU-67921d1c-ee8e-304f-b562-d6f87617c5a0,32607,31077,1111,89
2026-08-21T02:31:44.1139626+12:00,sustained-generation,1,NVIDIA GeForce RTX 4090,GPU-eed52936-813f-8d68-1654-bfb56cb42bc3,24564,22905,1234,0
2026-08-21T02:31:44.4355172+12:00,sustained-generation,0,NVIDIA GeForce RTX 5090,GPU-67921d1c-ee8e-304f-b562-d6f87617c5a0,32607,31076,1112,92
2026-08-21T02:31:44.4355172+12:00,sustained-generation,1,NVIDIA GeForce RTX 4090,GPU-eed52936-813f-8d68-1654-bfb56cb42bc3,24564,22905,1234,0
2026-08-21T02:31:44.7550709+12:00,sustained-generation,0,NVIDIA GeForce RTX 5090,GPU-67921d1c-ee8e-304f-b562-d6f87617c5a0,32607,31077,1111,92
2026-08-21T02:31:44.7550709+12:00,sustained-generation,1,NVIDIA GeForce RTX 4090,GPU-eed52936-813f-8d68-1654-bfb56cb42bc3,24564,22905,1234,0
2026-08-21T02:31:45.0644609+12:00,sustained-generation,0,NVIDIA GeForce RTX 5090,GPU-67921d1c-ee8e-304f-b562-d6f87617c5a0,32607,31076,1112,88
2026-08-21T02:31:45.0644609+12:00,sustained-generation,1,NVIDIA GeForce RTX 4090,GPU-eed52936-813f-8d68-1654-bfb56cb42bc3,24564,22905,1234,0
2026-08-21T02:31:45.3806093+12:00,sustained-generation,0,NVIDIA GeForce RTX 5090,GPU-67921d1c-ee8e-304f-b562-d6f87617c5a0,32607,31076,1112,92
2026-08-21T02:31:45.3806093+12:00,sustained-generation,1,NVIDIA GeForce RTX 4090,GPU-eed52936-813f-8d68-1654-bfb56cb42bc3,24564,22905,1234,0
2026-08-21T02:31:45.6928379+12:00,sustained-generation,0,NVIDIA GeForce RTX 5090,GPU-67921d1c-ee8e-304f-b562-d6f87617c5a0,32607,31076,1112,92
2026-08-21T02:31:45.6928379+12:00,sustained-generation,1,NVIDIA GeForce RTX 4090,GPU-eed52936-813f-8d68-1654-bfb56cb42bc3,24564,22905,1234,0
2026-08-21T02:31:46.0061949+12:00,sustained-generation,0,NVIDIA GeForce RTX 5090,GPU-67921d1c-ee8e-304f-b562-d6f87617c5a0,32607,31092,1096,92
2026-08-21T02:31:46.0061949+12:00,sustained-generation,1,NVIDIA GeForce RTX 4090,GPU-eed52936-813f-8d68-1654-bfb56cb42bc3,24564,22905,1234,0
2026-08-21T02:31:46.3378967+12:00,sustained-generation,0,NVIDIA GeForce RTX 5090,GPU-67921d1c-ee8e-304f-b562-d6f87617c5a0,32607,31092,1096,89
2026-08-21T02:31:46.3378967+12:00,sustained-generation,1,NVIDIA GeForce RTX 4090,GPU-eed52936-813f-8d68-1654-bfb56cb42bc3,24564,22905,1234,0
2026-08-21T02:31:46.6511466+12:00,sustained-generation,0,NVIDIA GeForce RTX 5090,GPU-67921d1c-ee8e-304f-b562-d6f87617c5a0,32607,31092,1096,89
2026-08-21T02:31:46.6511466+12:00,sustained-generation,1,NVIDIA GeForce RTX 4090,GPU-eed52936-813f-8d68-1654-bfb56cb42bc3,24564,22905,1234,0
2026-08-21T02:31:46.9646857+12:00,sustained-generation,0,NVIDIA GeForce RTX 5090,GPU-67921d1c-ee8e-304f-b562-d6f87617c5a0,32607,31114,1074,91
2026-08-21T02:31:46.9646857+12:00,sustained-generation,1,NVIDIA GeForce RTX 4090,GPU-eed52936-813f-8d68-1654-bfb56cb42bc3,24564,22905,1234,0
2026-08-21T02:31:47.2940090+12:00,sustained-generation,0,NVIDIA GeForce RTX 5090,GPU-67921d1c-ee8e-304f-b562-d6f87617c5a0,32607,31114,1074,91
2026-08-21T02:31:47.2940090+12:00,sustained-generation,1,NVIDIA GeForce RTX 4090,GPU-eed52936-813f-8d68-1654-bfb56cb42bc3,24564,22905,1234,0
2026-08-21T02:31:47.6073011+12:00,sustained-generation,0,NVIDIA GeForce RTX 5090,GPU-67921d1c-ee8e-304f-b562-d6f87617c5a0,32607,31118,1070,91
2026-08-21T02:31:47.6073011+12:00,sustained-generation,1,NVIDIA GeForce RTX 4090,GPU-eed52936-813f-8d68-1654-bfb56cb42bc3,24564,22905,1234,0
2026-08-21T02:31:47.9228472+12:00,sustained-generation,0,NVIDIA GeForce RTX 5090,GPU-67921d1c-ee8e-304f-b562-d6f87617c5a0,32607,31112,1076,91
2026-08-21T02:31:47.9228472+12:00,sustained-generation,1,NVIDIA GeForce RTX 4090,GPU-eed52936-813f-8d68-1654-bfb56cb42bc3,24564,22905,1234,0
2026-08-21T02:31:48.2553506+12:00,sustained-generation,0,NVIDIA GeForce RTX 5090,GPU-67921d1c-ee8e-304f-b562-d6f87617c5a0,32607,31118,1070,91
2026-08-21T02:31:48.2553506+12:00,sustained-generation,1,NVIDIA GeForce RTX 4090,GPU-eed52936-813f-8d68-1654-bfb56cb42bc3,24564,22905,1234,0
2026-08-21T02:31:48.5953167+12:00,sustained-generation,0,NVIDIA GeForce RTX 5090,GPU-67921d1c-ee8e-304f-b562-d6f87617c5a0,32607,31118,1070,40
2026-08-21T02:31:48.5953167+12:00,sustained-generation,1,NVIDIA GeForce RTX 4090,GPU-eed52936-813f-8d68-1654-bfb56cb42bc3,24564,22905,1234,96
2026-08-21T02:31:48.9253136+12:00,sustained-generation,0,NVIDIA GeForce RTX 5090,GPU-67921d1c-ee8e-304f-b562-d6f87617c5a0,32607,31117,1071,1
2026-08-21T02:31:48.9253136+12:00,sustained-generation,1,NVIDIA GeForce RTX 4090,GPU-eed52936-813f-8d68-1654-bfb56cb42bc3,24564,22905,1234,96
2026-08-21T02:31:49.2536311+12:00,sustained-generation,0,NVIDIA GeForce RTX 5090,GPU-67921d1c-ee8e-304f-b562-d6f87617c5a0,32607,31111,1077,1
2026-08-21T02:31:49.2536311+12:00,sustained-generation,1,NVIDIA GeForce RTX 4090,GPU-eed52936-813f-8d68-1654-bfb56cb42bc3,24564,22905,1234,91
2026-08-21T02:31:49.5814715+12:00,sustained-generation,0,NVIDIA GeForce RTX 5090,GPU-67921d1c-ee8e-304f-b562-d6f87617c5a0,32607,31111,1077,2
2026-08-21T02:31:49.5814715+12:00,sustained-generation,1,NVIDIA GeForce RTX 4090,GPU-eed52936-813f-8d68-1654-bfb56cb42bc3,24564,22905,1234,91
2026-08-21T02:31:49.8916814+12:00,sustained-generation,0,NVIDIA GeForce RTX 5090,GPU-67921d1c-ee8e-304f-b562-d6f87617c5a0,32607,31099,1089,1
2026-08-21T02:31:49.8916814+12:00,sustained-generation,1,NVIDIA GeForce RTX 4090,GPU-eed52936-813f-8d68-1654-bfb56cb42bc3,24564,22905,1234,91
2026-08-21T02:31:50.2043523+12:00,sustained-generation,0,NVIDIA GeForce RTX 5090,GPU-67921d1c-ee8e-304f-b562-d6f87617c5a0,32607,31096,1092,1
2026-08-21T02:31:50.2043523+12:00,sustained-generation,1,NVIDIA GeForce RTX 4090,GPU-eed52936-813f-8d68-1654-bfb56cb42bc3,24564,22905,1234,81
2026-08-21T02:31:50.5304269+12:00,sustained-generation,0,NVIDIA GeForce RTX 5090,GPU-67921d1c-ee8e-304f-b562-d6f87617c5a0,32607,31096,1092,2
2026-08-21T02:31:50.5304269+12:00,sustained-generation,1,NVIDIA GeForce RTX 4090,GPU-eed52936-813f-8d68-1654-bfb56cb42bc3,24564,22905,1234,94
2026-08-21T02:31:50.8587983+12:00,sustained-generation,0,NVIDIA GeForce RTX 5090,GPU-67921d1c-ee8e-304f-b562-d6f87617c5a0,32607,31093,1095,1
2026-08-21T02:31:50.8587983+12:00,sustained-generation,1,NVIDIA GeForce RTX 4090,GPU-eed52936-813f-8d68-1654-bfb56cb42bc3,24564,22905,1234,94
2026-08-21T02:31:51.1859141+12:00,sustained-generation,0,NVIDIA GeForce RTX 5090,GPU-67921d1c-ee8e-304f-b562-d6f87617c5a0,32607,31093,1095,1
2026-08-21T02:31:51.1859141+12:00,sustained-generation,1,NVIDIA GeForce RTX 4090,GPU-eed52936-813f-8d68-1654-bfb56cb42bc3,24564,22905,1234,91
2026-08-21T02:31:51.4975476+12:00,sustained-generation,0,NVIDIA GeForce RTX 5090,GPU-67921d1c-ee8e-304f-b562-d6f87617c5a0,32607,31095,1093,2
2026-08-21T02:31:51.4975476+12:00,sustained-generation,1,NVIDIA GeForce RTX 4090,GPU-eed52936-813f-8d68-1654-bfb56cb42bc3,24564,22905,1234,91
2026-08-21T02:31:51.8221907+12:00,sustained-generation,0,NVIDIA GeForce RTX 5090,GPU-67921d1c-ee8e-304f-b562-d6f87617c5a0,32607,31095,1093,2
2026-08-21T02:31:51.8221907+12:00,sustained-generation,1,NVIDIA GeForce RTX 4090,GPU-eed52936-813f-8d68-1654-bfb56cb42bc3,24564,22905,1234,92
2026-08-21T02:31:52.1517278+12:00,sustained-generation,0,NVIDIA GeForce RTX 5090,GPU-67921d1c-ee8e-304f-b562-d6f87617c5a0,32607,31067,1121,2
2026-08-21T02:31:52.1517278+12:00,sustained-generation,1,NVIDIA GeForce RTX 4090,GPU-eed52936-813f-8d68-1654-bfb56cb42bc3,24564,22905,1234,93
2026-08-21T02:31:52.4798302+12:00,sustained-generation,0,NVIDIA GeForce RTX 5090,GPU-67921d1c-ee8e-304f-b562-d6f87617c5a0,32607,31068,1120,7
2026-08-21T02:31:52.4798302+12:00,sustained-generation,1,NVIDIA GeForce RTX 4090,GPU-eed52936-813f-8d68-1654-bfb56cb42bc3,24564,22905,1234,93
2026-08-21T02:31:52.7936620+12:00,sustained-generation,0,NVIDIA GeForce RTX 5090,GPU-67921d1c-ee8e-304f-b562-d6f87617c5a0,32607,31068,1120,7
2026-08-21T02:31:52.7936620+12:00,sustained-generation,1,NVIDIA GeForce RTX 4090,GPU-eed52936-813f-8d68-1654-bfb56cb42bc3,24564,22905,1234,92
2026-08-21T02:31:53.1062829+12:00,sustained-generation,0,NVIDIA GeForce RTX 5090,GPU-67921d1c-ee8e-304f-b562-d6f87617c5a0,32607,31068,1120,2
2026-08-21T02:31:53.1062829+12:00,sustained-generation,1,NVIDIA GeForce RTX 4090,GPU-eed52936-813f-8d68-1654-bfb56cb42bc3,24564,22905,1234,93
2026-08-21T02:31:53.4335666+12:00,sustained-generation,0,NVIDIA GeForce RTX 5090,GPU-67921d1c-ee8e-304f-b562-d6f87617c5a0,32607,31077,1111,6
2026-08-21T02:31:53.4335666+12:00,sustained-generation,1,NVIDIA GeForce RTX 4090,GPU-eed52936-813f-8d68-1654-bfb56cb42bc3,24564,22905,1234,93
2026-08-21T02:31:53.7584853+12:00,sustained-generation,0,NVIDIA GeForce RTX 5090,GPU-67921d1c-ee8e-304f-b562-d6f87617c5a0,32607,31077,1111,6
2026-08-21T02:31:53.7584853+12:00,sustained-generation,1,NVIDIA GeForce RTX 4090,GPU-eed52936-813f-8d68-1654-bfb56cb42bc3,24564,22905,1234,92
2026-08-21T02:31:54.0862458+12:00,sustained-generation,0,NVIDIA GeForce RTX 5090,GPU-67921d1c-ee8e-304f-b562-d6f87617c5a0,32607,31115,1073,2
2026-08-21T02:31:54.0862458+12:00,sustained-generation,1,NVIDIA GeForce RTX 4090,GPU-eed52936-813f-8d68-1654-bfb56cb42bc3,24564,22905,1234,92
2026-08-21T02:31:54.3957637+12:00,sustained-generation,0,NVIDIA GeForce RTX 5090,GPU-67921d1c-ee8e-304f-b562-d6f87617c5a0,32607,31115,1073,4
2026-08-21T02:31:54.3957637+12:00,sustained-generation,1,NVIDIA GeForce RTX 4090,GPU-eed52936-813f-8d68-1654-bfb56cb42bc3,24564,22905,1234,92
2026-08-21T02:31:54.7063603+12:00,sustained-generation,0,NVIDIA GeForce RTX 5090,GPU-67921d1c-ee8e-304f-b562-d6f87617c5a0,32607,31115,1073,4
2026-08-21T02:31:54.7063603+12:00,sustained-generation,1,NVIDIA GeForce RTX 4090,GPU-eed52936-813f-8d68-1654-bfb56cb42bc3,24564,22905,1234,93
2026-08-21T02:31:55.0174726+12:00,sustained-generation,0,NVIDIA GeForce RTX 5090,GPU-67921d1c-ee8e-304f-b562-d6f87617c5a0,32607,31109,1079,2
2026-08-21T02:31:55.0174726+12:00,sustained-generation,1,NVIDIA GeForce RTX 4090,GPU-eed52936-813f-8d68-1654-bfb56cb42bc3,24564,22905,1234,93
2026-08-21T02:31:55.3288928+12:00,sustained-generation,0,NVIDIA GeForce RTX 5090,GPU-67921d1c-ee8e-304f-b562-d6f87617c5a0,32607,31109,1079,2
2026-08-21T02:31:55.3288928+12:00,sustained-generation,1,NVIDIA GeForce RTX 4090,GPU-eed52936-813f-8d68-1654-bfb56cb42bc3,24564,22905,1234,92
2026-08-21T02:31:55.6564360+12:00,sustained-generation,0,NVIDIA GeForce RTX 5090,GPU-67921d1c-ee8e-304f-b562-d6f87617c5a0,32607,31112,1076,2
2026-08-21T02:31:55.6564360+12:00,sustained-generation,1,NVIDIA GeForce RTX 4090,GPU-eed52936-813f-8d68-1654-bfb56cb42bc3,24564,22905,1234,93
2026-08-21T02:31:55.9692092+12:00,sustained-generation,0,NVIDIA GeForce RTX 5090,GPU-67921d1c-ee8e-304f-b562-d6f87617c5a0,32607,31106,1082,11
2026-08-21T02:31:55.9692092+12:00,sustained-generation,1,NVIDIA GeForce RTX 4090,GPU-eed52936-813f-8d68-1654-bfb56cb42bc3,24564,22905,1234,93
2026-08-21T02:31:56.2810590+12:00,sustained-generation,0,NVIDIA GeForce RTX 5090,GPU-67921d1c-ee8e-304f-b562-d6f87617c5a0,32607,31125,1063,11
2026-08-21T02:31:56.2810590+12:00,sustained-generation,1,NVIDIA GeForce RTX 4090,GPU-eed52936-813f-8d68-1654-bfb56cb42bc3,24564,22905,1234,93
2026-08-21T02:31:56.5916507+12:00,sustained-generation,0,NVIDIA GeForce RTX 5090,GPU-67921d1c-ee8e-304f-b562-d6f87617c5a0,32607,31121,1067,40
2026-08-21T02:31:56.5916507+12:00,sustained-generation,1,NVIDIA GeForce RTX 4090,GPU-eed52936-813f-8d68-1654-bfb56cb42bc3,24564,22905,1234,93
2026-08-21T02:31:56.9162468+12:00,sustained-generation,0,NVIDIA GeForce RTX 5090,GPU-67921d1c-ee8e-304f-b562-d6f87617c5a0,32607,31121,1067,7
2026-08-21T02:31:56.9162468+12:00,sustained-generation,1,NVIDIA GeForce RTX 4090,GPU-eed52936-813f-8d68-1654-bfb56cb42bc3,24564,22905,1234,93
2026-08-21T02:31:57.2325815+12:00,sustained-generation,0,NVIDIA GeForce RTX 5090,GPU-67921d1c-ee8e-304f-b562-d6f87617c5a0,32607,31121,1067,7
2026-08-21T02:31:57.2325815+12:00,sustained-generation,1,NVIDIA GeForce RTX 4090,GPU-eed52936-813f-8d68-1654-bfb56cb42bc3,24564,22905,1234,93
2026-08-21T02:31:57.5622631+12:00,sustained-generation,0,NVIDIA GeForce RTX 5090,GPU-67921d1c-ee8e-304f-b562-d6f87617c5a0,32607,31123,1065,2
2026-08-21T02:31:57.5622631+12:00,sustained-generation,1,NVIDIA GeForce RTX 4090,GPU-eed52936-813f-8d68-1654-bfb56cb42bc3,24564,22905,1234,93
2026-08-21T02:31:57.8911660+12:00,sustained-generation,0,NVIDIA GeForce RTX 5090,GPU-67921d1c-ee8e-304f-b562-d6f87617c5a0,32607,31119,1069,1
2026-08-21T02:31:57.8911660+12:00,sustained-generation,1,NVIDIA GeForce RTX 4090,GPU-eed52936-813f-8d68-1654-bfb56cb42bc3,24564,22905,1234,93
2026-08-21T02:31:58.2361073+12:00,sustained-generation,0,NVIDIA GeForce RTX 5090,GPU-67921d1c-ee8e-304f-b562-d6f87617c5a0,32607,31111,1077,1
2026-08-21T02:31:58.2361073+12:00,sustained-generation,1,NVIDIA GeForce RTX 4090,GPU-eed52936-813f-8d68-1654-bfb56cb42bc3,24564,22905,1234,94
2026-08-21T02:31:58.5510017+12:00,sustained-generation,0,NVIDIA GeForce RTX 5090,GPU-67921d1c-ee8e-304f-b562-d6f87617c5a0,32607,31109,1079,2
2026-08-21T02:31:58.5510017+12:00,sustained-generation,1,NVIDIA GeForce RTX 4090,GPU-eed52936-813f-8d68-1654-bfb56cb42bc3,24564,22905,1234,94
2026-08-21T02:31:58.8801095+12:00,sustained-generation,0,NVIDIA GeForce RTX 5090,GPU-67921d1c-ee8e-304f-b562-d6f87617c5a0,32607,31125,1063,43
2026-08-21T02:31:58.8801095+12:00,sustained-generation,1,NVIDIA GeForce RTX 4090,GPU-eed52936-813f-8d68-1654-bfb56cb42bc3,24564,22905,1234,94
2026-08-21T02:31:59.2111507+12:00,sustained-generation,0,NVIDIA GeForce RTX 5090,GPU-67921d1c-ee8e-304f-b562-d6f87617c5a0,32607,31120,1068,43
2026-08-21T02:31:59.2111507+12:00,sustained-generation,1,NVIDIA GeForce RTX 4090,GPU-eed52936-813f-8d68-1654-bfb56cb42bc3,24564,22905,1234,92
2026-08-21T02:31:59.5246120+12:00,sustained-generation,0,NVIDIA GeForce RTX 5090,GPU-67921d1c-ee8e-304f-b562-d6f87617c5a0,32607,31123,1065,20
2026-08-21T02:31:59.5246120+12:00,sustained-generation,1,NVIDIA GeForce RTX 4090,GPU-eed52936-813f-8d68-1654-bfb56cb42bc3,24564,22905,1234,93
2026-08-21T02:31:59.8377443+12:00,sustained-generation,0,NVIDIA GeForce RTX 5090,GPU-67921d1c-ee8e-304f-b562-d6f87617c5a0,32607,31128,1060,20
2026-08-21T02:31:59.8377443+12:00,sustained-generation,1,NVIDIA GeForce RTX 4090,GPU-eed52936-813f-8d68-1654-bfb56cb42bc3,24564,22905,1234,93
2026-08-21T02:32:00.1621099+12:00,sustained-generation,0,NVIDIA GeForce RTX 5090,GPU-67921d1c-ee8e-304f-b562-d6f87617c5a0,32607,31131,1057,17
2026-08-21T02:32:00.1621099+12:00,sustained-generation,1,NVIDIA GeForce RTX 4090,GPU-eed52936-813f-8d68-1654-bfb56cb42bc3,24564,22905,1234,93
2026-08-21T02:32:00.4753302+12:00,sustained-generation,0,NVIDIA GeForce RTX 5090,GPU-67921d1c-ee8e-304f-b562-d6f87617c5a0,32607,31132,1056,14
2026-08-21T02:32:00.4753302+12:00,sustained-generation,1,NVIDIA GeForce RTX 4090,GPU-eed52936-813f-8d68-1654-bfb56cb42bc3,24564,22905,1234,93
2026-08-21T02:32:00.8015000+12:00,sustained-generation,0,NVIDIA GeForce RTX 5090,GPU-67921d1c-ee8e-304f-b562-d6f87617c5a0,32607,31136,1052,14
2026-08-21T02:32:00.8015000+12:00,sustained-generation,1,NVIDIA GeForce RTX 4090,GPU-eed52936-813f-8d68-1654-bfb56cb42bc3,24564,22905,1234,92
2026-08-21T02:32:01.1129452+12:00,sustained-generation,0,NVIDIA GeForce RTX 5090,GPU-67921d1c-ee8e-304f-b562-d6f87617c5a0,32607,31134,1054,19
2026-08-21T02:32:01.1129452+12:00,sustained-generation,1,NVIDIA GeForce RTX 4090,GPU-eed52936-813f-8d68-1654-bfb56cb42bc3,24564,22905,1234,94
2026-08-21T02:32:01.4398461+12:00,sustained-generation,0,NVIDIA GeForce RTX 5090,GPU-67921d1c-ee8e-304f-b562-d6f87617c5a0,32607,31132,1056,27
2026-08-21T02:32:01.4398461+12:00,sustained-generation,1,NVIDIA GeForce RTX 4090,GPU-eed52936-813f-8d68-1654-bfb56cb42bc3,24564,22905,1234,94
2026-08-21T02:32:01.7540505+12:00,sustained-generation,0,NVIDIA GeForce RTX 5090,GPU-67921d1c-ee8e-304f-b562-d6f87617c5a0,32607,31132,1056,27
2026-08-21T02:32:01.7540505+12:00,sustained-generation,1,NVIDIA GeForce RTX 4090,GPU-eed52936-813f-8d68-1654-bfb56cb42bc3,24564,22905,1234,91
2026-08-21T02:32:02.0823961+12:00,sustained-generation,0,NVIDIA GeForce RTX 5090,GPU-67921d1c-ee8e-304f-b562-d6f87617c5a0,32607,31123,1065,13
2026-08-21T02:32:02.0823961+12:00,sustained-generation,1,NVIDIA GeForce RTX 4090,GPU-eed52936-813f-8d68-1654-bfb56cb42bc3,24564,22905,1234,92
2026-08-21T02:32:02.3922790+12:00,sustained-generation,0,NVIDIA GeForce RTX 5090,GPU-67921d1c-ee8e-304f-b562-d6f87617c5a0,32607,31125,1063,2
2026-08-21T02:32:02.3922790+12:00,sustained-generation,1,NVIDIA GeForce RTX 4090,GPU-eed52936-813f-8d68-1654-bfb56cb42bc3,24564,22905,1234,92
2026-08-21T02:32:02.7201932+12:00,sustained-generation,0,NVIDIA GeForce RTX 5090,GPU-67921d1c-ee8e-304f-b562-d6f87617c5a0,32607,31125,1063,2
2026-08-21T02:32:02.7201932+12:00,sustained-generation,1,NVIDIA GeForce RTX 4090,GPU-eed52936-813f-8d68-1654-bfb56cb42bc3,24564,22905,1234,93
2026-08-21T02:32:03.0353918+12:00,sustained-generation,0,NVIDIA GeForce RTX 5090,GPU-67921d1c-ee8e-304f-b562-d6f87617c5a0,32607,31119,1069,23
2026-08-21T02:32:03.0353918+12:00,sustained-generation,1,NVIDIA GeForce RTX 4090,GPU-eed52936-813f-8d68-1654-bfb56cb42bc3,24564,22905,1234,93
2026-08-21T02:32:03.3466754+12:00,sustained-generation,0,NVIDIA GeForce RTX 5090,GPU-67921d1c-ee8e-304f-b562-d6f87617c5a0,32607,31119,1069,4
2026-08-21T02:32:03.3466754+12:00,sustained-generation,1,NVIDIA GeForce RTX 4090,GPU-eed52936-813f-8d68-1654-bfb56cb42bc3,24564,22905,1234,93
2026-08-21T02:32:03.6734272+12:00,sustained-generation,0,NVIDIA GeForce RTX 5090,GPU-67921d1c-ee8e-304f-b562-d6f87617c5a0,32607,31134,1054,4
2026-08-21T02:32:03.6734272+12:00,sustained-generation,1,NVIDIA GeForce RTX 4090,GPU-eed52936-813f-8d68-1654-bfb56cb42bc3,24564,22905,1234,93
2026-08-21T02:32:04.0024421+12:00,sustained-generation,0,NVIDIA GeForce RTX 5090,GPU-67921d1c-ee8e-304f-b562-d6f87617c5a0,32607,31122,1066,21
2026-08-21T02:32:04.0024421+12:00,sustained-generation,1,NVIDIA GeForce RTX 4090,GPU-eed52936-813f-8d68-1654-bfb56cb42bc3,24564,22905,1234,93
2026-08-21T02:32:04.3145198+12:00,sustained-generation,0,NVIDIA GeForce RTX 5090,GPU-67921d1c-ee8e-304f-b562-d6f87617c5a0,32607,31122,1066,21
2026-08-21T02:32:04.3145198+12:00,sustained-generation,1,NVIDIA GeForce RTX 4090,GPU-eed52936-813f-8d68-1654-bfb56cb42bc3,24564,22905,1234,93
2026-08-21T02:32:04.6427534+12:00,sustained-generation,0,NVIDIA GeForce RTX 5090,GPU-67921d1c-ee8e-304f-b562-d6f87617c5a0,32607,31119,1069,3
2026-08-21T02:32:04.6427534+12:00,sustained-generation,1,NVIDIA GeForce RTX 4090,GPU-eed52936-813f-8d68-1654-bfb56cb42bc3,24564,22905,1234,93
2026-08-21T02:32:04.9684783+12:00,sustained-generation,0,NVIDIA GeForce RTX 5090,GPU-67921d1c-ee8e-304f-b562-d6f87617c5a0,32607,31123,1065,29
2026-08-21T02:32:04.9684783+12:00,sustained-generation,1,NVIDIA GeForce RTX 4090,GPU-eed52936-813f-8d68-1654-bfb56cb42bc3,24564,22905,1234,93
2026-08-21T02:32:05.2781762+12:00,sustained-generation,0,NVIDIA GeForce RTX 5090,GPU-67921d1c-ee8e-304f-b562-d6f87617c5a0,32607,31115,1073,29
2026-08-21T02:32:05.2781762+12:00,sustained-generation,1,NVIDIA GeForce RTX 4090,GPU-eed52936-813f-8d68-1654-bfb56cb42bc3,24564,22905,1234,93
2026-08-21T02:32:05.5918317+12:00,sustained-generation,0,NVIDIA GeForce RTX 5090,GPU-67921d1c-ee8e-304f-b562-d6f87617c5a0,32607,31115,1073,3
2026-08-21T02:32:05.5918317+12:00,sustained-generation,1,NVIDIA GeForce RTX 4090,GPU-eed52936-813f-8d68-1654-bfb56cb42bc3,24564,22905,1234,93
2026-08-21T02:32:05.9047133+12:00,sustained-generation,0,NVIDIA GeForce RTX 5090,GPU-67921d1c-ee8e-304f-b562-d6f87617c5a0,32607,31109,1079,1
2026-08-21T02:32:05.9047133+12:00,sustained-generation,1,NVIDIA GeForce RTX 4090,GPU-eed52936-813f-8d68-1654-bfb56cb42bc3,24564,22905,1234,93
2026-08-21T02:32:06.2341085+12:00,sustained-generation,0,NVIDIA GeForce RTX 5090,GPU-67921d1c-ee8e-304f-b562-d6f87617c5a0,32607,31138,1050,1
2026-08-21T02:32:06.2341085+12:00,sustained-generation,1,NVIDIA GeForce RTX 4090,GPU-eed52936-813f-8d68-1654-bfb56cb42bc3,24564,22905,1234,94
2026-08-21T02:32:06.5781115+12:00,sustained-generation,0,NVIDIA GeForce RTX 5090,GPU-67921d1c-ee8e-304f-b562-d6f87617c5a0,32607,31140,1048,14
2026-08-21T02:32:06.5781115+12:00,sustained-generation,1,NVIDIA GeForce RTX 4090,GPU-eed52936-813f-8d68-1654-bfb56cb42bc3,24564,22905,1234,93
2026-08-21T02:32:06.9033445+12:00,sustained-generation,0,NVIDIA GeForce RTX 5090,GPU-67921d1c-ee8e-304f-b562-d6f87617c5a0,32607,31129,1059,30
2026-08-21T02:32:06.9033445+12:00,sustained-generation,1,NVIDIA GeForce RTX 4090,GPU-eed52936-813f-8d68-1654-bfb56cb42bc3,24564,22905,1234,93
2026-08-21T02:32:07.2297880+12:00,sustained-generation,0,NVIDIA GeForce RTX 5090,GPU-67921d1c-ee8e-304f-b562-d6f87617c5a0,32607,31128,1060,30
2026-08-21T02:32:07.2297880+12:00,sustained-generation,1,NVIDIA GeForce RTX 4090,GPU-eed52936-813f-8d68-1654-bfb56cb42bc3,24564,22905,1234,93
2026-08-21T02:32:07.5445098+12:00,sustained-generation,0,NVIDIA GeForce RTX 5090,GPU-67921d1c-ee8e-304f-b562-d6f87617c5a0,32607,31134,1054,17
2026-08-21T02:32:07.5445098+12:00,sustained-generation,1,NVIDIA GeForce RTX 4090,GPU-eed52936-813f-8d68-1654-bfb56cb42bc3,24564,22905,1234,93
2026-08-21T02:32:07.8574608+12:00,sustained-generation,0,NVIDIA GeForce RTX 5090,GPU-67921d1c-ee8e-304f-b562-d6f87617c5a0,32607,31132,1056,23
2026-08-21T02:32:07.8574608+12:00,sustained-generation,1,NVIDIA GeForce RTX 4090,GPU-eed52936-813f-8d68-1654-bfb56cb42bc3,24564,22905,1234,93
2026-08-21T02:32:08.1750223+12:00,sustained-generation,0,NVIDIA GeForce RTX 5090,GPU-67921d1c-ee8e-304f-b562-d6f87617c5a0,32607,31127,1061,23
2026-08-21T02:32:08.1750223+12:00,sustained-generation,1,NVIDIA GeForce RTX 4090,GPU-eed52936-813f-8d68-1654-bfb56cb42bc3,24564,22905,1234,92
2026-08-21T02:32:08.4957618+12:00,sustained-generation,0,NVIDIA GeForce RTX 5090,GPU-67921d1c-ee8e-304f-b562-d6f87617c5a0,32607,31128,1060,3
2026-08-21T02:32:08.4957618+12:00,sustained-generation,1,NVIDIA GeForce RTX 4090,GPU-eed52936-813f-8d68-1654-bfb56cb42bc3,24564,22905,1234,92
2026-08-21T02:32:08.8090363+12:00,sustained-generation,0,NVIDIA GeForce RTX 5090,GPU-67921d1c-ee8e-304f-b562-d6f87617c5a0,32607,31119,1069,3
2026-08-21T02:32:08.8090363+12:00,sustained-generation,1,NVIDIA GeForce RTX 4090,GPU-eed52936-813f-8d68-1654-bfb56cb42bc3,24564,22905,1234,92
2026-08-21T02:32:09.1206050+12:00,sustained-generation,0,NVIDIA GeForce RTX 5090,GPU-67921d1c-ee8e-304f-b562-d6f87617c5a0,32607,31121,1067,6
2026-08-21T02:32:09.1206050+12:00,sustained-generation,1,NVIDIA GeForce RTX 4090,GPU-eed52936-813f-8d68-1654-bfb56cb42bc3,24564,22905,1234,92
2026-08-21T02:32:09.4331783+12:00,sustained-generation,0,NVIDIA GeForce RTX 5090,GPU-67921d1c-ee8e-304f-b562-d6f87617c5a0,32607,31118,1070,11
2026-08-21T02:32:09.4331783+12:00,sustained-generation,1,NVIDIA GeForce RTX 4090,GPU-eed52936-813f-8d68-1654-bfb56cb42bc3,24564,22905,1234,92
2026-08-21T02:32:09.7623545+12:00,sustained-generation,0,NVIDIA GeForce RTX 5090,GPU-67921d1c-ee8e-304f-b562-d6f87617c5a0,32607,31137,1051,11
2026-08-21T02:32:09.7623545+12:00,sustained-generation,1,NVIDIA GeForce RTX 4090,GPU-eed52936-813f-8d68-1654-bfb56cb42bc3,24564,22905,1234,93
2026-08-21T02:32:10.0873685+12:00,sustained-generation,0,NVIDIA GeForce RTX 5090,GPU-67921d1c-ee8e-304f-b562-d6f87617c5a0,32607,31141,1047,25
2026-08-21T02:32:10.0873685+12:00,sustained-generation,1,NVIDIA GeForce RTX 4090,GPU-eed52936-813f-8d68-1654-bfb56cb42bc3,24564,22905,1234,92
2026-08-21T02:32:10.4024388+12:00,sustained-generation,0,NVIDIA GeForce RTX 5090,GPU-67921d1c-ee8e-304f-b562-d6f87617c5a0,32607,31135,1053,8
2026-08-21T02:32:10.4024388+12:00,sustained-generation,1,NVIDIA GeForce RTX 4090,GPU-eed52936-813f-8d68-1654-bfb56cb42bc3,24564,22905,1234,92
2026-08-21T02:32:10.7153495+12:00,sustained-generation,0,NVIDIA GeForce RTX 5090,GPU-67921d1c-ee8e-304f-b562-d6f87617c5a0,32607,31138,1050,8
2026-08-21T02:32:10.7153495+12:00,sustained-generation,1,NVIDIA GeForce RTX 4090,GPU-eed52936-813f-8d68-1654-bfb56cb42bc3,24564,22905,1234,92
2026-08-21T02:32:11.0257379+12:00,sustained-generation,0,NVIDIA GeForce RTX 5090,GPU-67921d1c-ee8e-304f-b562-d6f87617c5a0,32607,31141,1047,19
2026-08-21T02:32:11.0257379+12:00,sustained-generation,1,NVIDIA GeForce RTX 4090,GPU-eed52936-813f-8d68-1654-bfb56cb42bc3,24564,22905,1234,0
2026-08-21T02:32:11.3360969+12:00,sustained-generation,0,NVIDIA GeForce RTX 5090,GPU-67921d1c-ee8e-304f-b562-d6f87617c5a0,32607,31148,1040,19
2026-08-21T02:32:11.3360969+12:00,sustained-generation,1,NVIDIA GeForce RTX 4090,GPU-eed52936-813f-8d68-1654-bfb56cb42bc3,24564,22905,1234,0
2026-08-21T02:32:11.6496700+12:00,sustained-generation,0,NVIDIA GeForce RTX 5090,GPU-67921d1c-ee8e-304f-b562-d6f87617c5a0,32607,31156,1032,30
2026-08-21T02:32:11.6496700+12:00,sustained-generation,1,NVIDIA GeForce RTX 4090,GPU-eed52936-813f-8d68-1654-bfb56cb42bc3,24564,22905,1234,0
2026-08-21T02:32:11.9651655+12:00,sustained-generation,0,NVIDIA GeForce RTX 5090,GPU-67921d1c-ee8e-304f-b562-d6f87617c5a0,32607,31146,1042,35
2026-08-21T02:32:11.9651655+12:00,sustained-generation,1,NVIDIA GeForce RTX 4090,GPU-eed52936-813f-8d68-1654-bfb56cb42bc3,24564,22905,1234,0
2026-08-21T02:32:12.2773424+12:00,sustained-generation,0,NVIDIA GeForce RTX 5090,GPU-67921d1c-ee8e-304f-b562-d6f87617c5a0,32607,31146,1042,35
2026-08-21T02:32:12.2773424+12:00,sustained-generation,1,NVIDIA GeForce RTX 4090,GPU-eed52936-813f-8d68-1654-bfb56cb42bc3,24564,22905,1234,0
2026-08-21T02:32:12.6045127+12:00,sustained-generation,0,NVIDIA GeForce RTX 5090,GPU-67921d1c-ee8e-304f-b562-d6f87617c5a0,32607,31146,1042,15
2026-08-21T02:32:12.6045127+12:00,sustained-generation,1,NVIDIA GeForce RTX 4090,GPU-eed52936-813f-8d68-1654-bfb56cb42bc3,24564,22905,1234,0
2026-08-21T02:32:12.9154039+12:00,sustained-generation,0,NVIDIA GeForce RTX 5090,GPU-67921d1c-ee8e-304f-b562-d6f87617c5a0,32607,31144,1044,1
2026-08-21T02:32:12.9154039+12:00,sustained-generation,1,NVIDIA GeForce RTX 4090,GPU-eed52936-813f-8d68-1654-bfb56cb42bc3,24564,22905,1234,0
2026-08-21T02:32:13.2273334+12:00,sustained-generation,0,NVIDIA GeForce RTX 5090,GPU-67921d1c-ee8e-304f-b562-d6f87617c5a0,32607,31137,1051,1
2026-08-21T02:32:13.2273334+12:00,sustained-generation,1,NVIDIA GeForce RTX 4090,GPU-eed52936-813f-8d68-1654-bfb56cb42bc3,24564,22905,1234,0
2026-08-21T02:32:13.5377383+12:00,sustained-generation,0,NVIDIA GeForce RTX 5090,GPU-67921d1c-ee8e-304f-b562-d6f87617c5a0,32607,31137,1051,23
2026-08-21T02:32:13.5377383+12:00,sustained-generation,1,NVIDIA GeForce RTX 4090,GPU-eed52936-813f-8d68-1654-bfb56cb42bc3,24564,22905,1234,0
2026-08-21T02:32:13.8656176+12:00,sustained-generation,0,NVIDIA GeForce RTX 5090,GPU-67921d1c-ee8e-304f-b562-d6f87617c5a0,32607,31137,1051,10
2026-08-21T02:32:13.8656176+12:00,sustained-generation,1,NVIDIA GeForce RTX 4090,GPU-eed52936-813f-8d68-1654-bfb56cb42bc3,24564,22905,1234,0
2026-08-21T02:32:14.1921634+12:00,sustained-generation,0,NVIDIA GeForce RTX 5090,GPU-67921d1c-ee8e-304f-b562-d6f87617c5a0,32607,31128,1060,10
2026-08-21T02:32:14.1921634+12:00,sustained-generation,1,NVIDIA GeForce RTX 4090,GPU-eed52936-813f-8d68-1654-bfb56cb42bc3,24564,22905,1234,0
2026-08-21T02:32:14.5025544+12:00,sustained-generation,0,NVIDIA GeForce RTX 5090,GPU-67921d1c-ee8e-304f-b562-d6f87617c5a0,32607,31128,1060,4
2026-08-21T02:32:14.5025544+12:00,sustained-generation,1,NVIDIA GeForce RTX 4090,GPU-eed52936-813f-8d68-1654-bfb56cb42bc3,24564,22905,1234,0
2026-08-21T02:32:14.8162529+12:00,sustained-generation,0,NVIDIA GeForce RTX 5090,GPU-67921d1c-ee8e-304f-b562-d6f87617c5a0,32607,31125,1063,4
2026-08-21T02:32:14.8162529+12:00,sustained-generation,1,NVIDIA GeForce RTX 4090,GPU-eed52936-813f-8d68-1654-bfb56cb42bc3,24564,22905,1234,0
2026-08-21T02:32:15.1287088+12:00,sustained-generation,0,NVIDIA GeForce RTX 5090,GPU-67921d1c-ee8e-304f-b562-d6f87617c5a0,32607,31082,1106,6
2026-08-21T02:32:15.1287088+12:00,sustained-generation,1,NVIDIA GeForce RTX 4090,GPU-eed52936-813f-8d68-1654-bfb56cb42bc3,24564,22905,1234,0
2026-08-21T02:32:15.4408190+12:00,sustained-generation,0,NVIDIA GeForce RTX 5090,GPU-67921d1c-ee8e-304f-b562-d6f87617c5a0,32607,31089,1099,2
2026-08-21T02:32:15.4408190+12:00,sustained-generation,1,NVIDIA GeForce RTX 4090,GPU-eed52936-813f-8d68-1654-bfb56cb42bc3,24564,22905,1234,0
2026-08-21T02:32:15.7501173+12:00,sustained-generation,0,NVIDIA GeForce RTX 5090,GPU-67921d1c-ee8e-304f-b562-d6f87617c5a0,32607,31089,1099,2
2026-08-21T02:32:15.7501173+12:00,sustained-generation,1,NVIDIA GeForce RTX 4090,GPU-eed52936-813f-8d68-1654-bfb56cb42bc3,24564,22905,1234,0
2026-08-21T02:32:16.0774053+12:00,sustained-generation,0,NVIDIA GeForce RTX 5090,GPU-67921d1c-ee8e-304f-b562-d6f87617c5a0,32607,31087,1101,14
2026-08-21T02:32:16.0774053+12:00,sustained-generation,1,NVIDIA GeForce RTX 4090,GPU-eed52936-813f-8d68-1654-bfb56cb42bc3,24564,22905,1234,0
2026-08-21T02:32:16.3876286+12:00,sustained-generation,0,NVIDIA GeForce RTX 5090,GPU-67921d1c-ee8e-304f-b562-d6f87617c5a0,32607,31076,1112,7
2026-08-21T02:32:16.3876286+12:00,sustained-generation,1,NVIDIA GeForce RTX 4090,GPU-eed52936-813f-8d68-1654-bfb56cb42bc3,24564,22905,1234,0
2026-08-21T02:32:16.7258995+12:00,sustained-generation,0,NVIDIA GeForce RTX 5090,GPU-67921d1c-ee8e-304f-b562-d6f87617c5a0,32607,31095,1093,7
2026-08-21T02:32:16.7258995+12:00,sustained-generation,1,NVIDIA GeForce RTX 4090,GPU-eed52936-813f-8d68-1654-bfb56cb42bc3,24564,22905,1234,0
2026-08-21T02:32:17.0576259+12:00,sustained-generation,0,NVIDIA GeForce RTX 5090,GPU-67921d1c-ee8e-304f-b562-d6f87617c5a0,32607,31095,1093,3
2026-08-21T02:32:17.0576259+12:00,sustained-generation,1,NVIDIA GeForce RTX 4090,GPU-eed52936-813f-8d68-1654-bfb56cb42bc3,24564,22905,1234,0
2026-08-21T02:32:17.3838335+12:00,sustained-generation,0,NVIDIA GeForce RTX 5090,GPU-67921d1c-ee8e-304f-b562-d6f87617c5a0,32607,31115,1073,7
2026-08-21T02:32:17.3838335+12:00,sustained-generation,1,NVIDIA GeForce RTX 4090,GPU-eed52936-813f-8d68-1654-bfb56cb42bc3,24564,22905,1234,0
2026-08-21T02:32:17.7108056+12:00,sustained-generation,0,NVIDIA GeForce RTX 5090,GPU-67921d1c-ee8e-304f-b562-d6f87617c5a0,32607,31108,1080,7
2026-08-21T02:32:17.7108056+12:00,sustained-generation,1,NVIDIA GeForce RTX 4090,GPU-eed52936-813f-8d68-1654-bfb56cb42bc3,24564,22905,1234,0
2026-08-21T02:32:18.0228483+12:00,sustained-generation,0,NVIDIA GeForce RTX 5090,GPU-67921d1c-ee8e-304f-b562-d6f87617c5a0,32607,31114,1074,29
2026-08-21T02:32:18.0228483+12:00,sustained-generation,1,NVIDIA GeForce RTX 4090,GPU-eed52936-813f-8d68-1654-bfb56cb42bc3,24564,22905,1234,0
2026-08-21T02:32:18.3375456+12:00,sustained-generation,0,NVIDIA GeForce RTX 5090,GPU-67921d1c-ee8e-304f-b562-d6f87617c5a0,32607,31111,1077,29
2026-08-21T02:32:18.3375456+12:00,sustained-generation,1,NVIDIA GeForce RTX 4090,GPU-eed52936-813f-8d68-1654-bfb56cb42bc3,24564,22905,1234,0
2026-08-21T02:32:18.6630976+12:00,sustained-generation,0,NVIDIA GeForce RTX 5090,GPU-67921d1c-ee8e-304f-b562-d6f87617c5a0,32607,31111,1077,2
2026-08-21T02:32:18.6630976+12:00,sustained-generation,1,NVIDIA GeForce RTX 4090,GPU-eed52936-813f-8d68-1654-bfb56cb42bc3,24564,22905,1234,0
2026-08-21T02:32:18.9908959+12:00,sustained-generation,0,NVIDIA GeForce RTX 5090,GPU-67921d1c-ee8e-304f-b562-d6f87617c5a0,32607,31101,1087,1
2026-08-21T02:32:18.9908959+12:00,sustained-generation,1,NVIDIA GeForce RTX 4090,GPU-eed52936-813f-8d68-1654-bfb56cb42bc3,24564,22905,1234,0
2026-08-21T02:32:19.3194385+12:00,sustained-generation,0,NVIDIA GeForce RTX 5090,GPU-67921d1c-ee8e-304f-b562-d6f87617c5a0,32607,31105,1083,1
2026-08-21T02:32:19.3194385+12:00,sustained-generation,1,NVIDIA GeForce RTX 4090,GPU-eed52936-813f-8d68-1654-bfb56cb42bc3,24564,22905,1234,0
2026-08-21T02:32:19.6503493+12:00,sustained-generation,0,NVIDIA GeForce RTX 5090,GPU-67921d1c-ee8e-304f-b562-d6f87617c5a0,32607,31116,1072,10
2026-08-21T02:32:19.6503493+12:00,sustained-generation,1,NVIDIA GeForce RTX 4090,GPU-eed52936-813f-8d68-1654-bfb56cb42bc3,24564,22905,1234,0
2026-08-21T02:32:19.9614538+12:00,sustained-generation,0,NVIDIA GeForce RTX 5090,GPU-67921d1c-ee8e-304f-b562-d6f87617c5a0,32607,31138,1050,41
2026-08-21T02:32:19.9614538+12:00,sustained-generation,1,NVIDIA GeForce RTX 4090,GPU-eed52936-813f-8d68-1654-bfb56cb42bc3,24564,22905,1234,0
2026-08-21T02:32:20.2748639+12:00,sustained-generation,0,NVIDIA GeForce RTX 5090,GPU-67921d1c-ee8e-304f-b562-d6f87617c5a0,32607,31134,1054,41
2026-08-21T02:32:20.2748639+12:00,sustained-generation,1,NVIDIA GeForce RTX 4090,GPU-eed52936-813f-8d68-1654-bfb56cb42bc3,24564,22905,1234,0
2026-08-21T02:32:20.5910187+12:00,sustained-generation,0,NVIDIA GeForce RTX 5090,GPU-67921d1c-ee8e-304f-b562-d6f87617c5a0,32607,31142,1046,19
2026-08-21T02:32:20.5910187+12:00,sustained-generation,1,NVIDIA GeForce RTX 4090,GPU-eed52936-813f-8d68-1654-bfb56cb42bc3,24564,22905,1234,0
2026-08-21T02:32:20.8994282+12:00,sustained-generation,0,NVIDIA GeForce RTX 5090,GPU-67921d1c-ee8e-304f-b562-d6f87617c5a0,32607,31139,1049,15
2026-08-21T02:32:20.8994282+12:00,sustained-generation,1,NVIDIA GeForce RTX 4090,GPU-eed52936-813f-8d68-1654-bfb56cb42bc3,24564,22905,1234,0
2026-08-21T02:32:21.2098535+12:00,sustained-generation,0,NVIDIA GeForce RTX 5090,GPU-67921d1c-ee8e-304f-b562-d6f87617c5a0,32607,31139,1049,15
2026-08-21T02:32:21.2098535+12:00,sustained-generation,1,NVIDIA GeForce RTX 4090,GPU-eed52936-813f-8d68-1654-bfb56cb42bc3,24564,22905,1234,0
2026-08-21T02:32:21.5228927+12:00,sustained-generation,0,NVIDIA GeForce RTX 5090,GPU-67921d1c-ee8e-304f-b562-d6f87617c5a0,32607,31139,1049,3
2026-08-21T02:32:21.5228927+12:00,sustained-generation,1,NVIDIA GeForce RTX 4090,GPU-eed52936-813f-8d68-1654-bfb56cb42bc3,24564,22905,1234,0
2026-08-21T02:32:21.8495945+12:00,sustained-generation,0,NVIDIA GeForce RTX 5090,GPU-67921d1c-ee8e-304f-b562-d6f87617c5a0,32607,31139,1049,24
2026-08-21T02:32:21.8495945+12:00,sustained-generation,1,NVIDIA GeForce RTX 4090,GPU-eed52936-813f-8d68-1654-bfb56cb42bc3,24564,22905,1234,0
2026-08-21T02:32:22.1818457+12:00,sustained-generation,0,NVIDIA GeForce RTX 5090,GPU-67921d1c-ee8e-304f-b562-d6f87617c5a0,32607,31127,1061,24
2026-08-21T02:32:22.1818457+12:00,sustained-generation,1,NVIDIA GeForce RTX 4090,GPU-eed52936-813f-8d68-1654-bfb56cb42bc3,24564,22905,1234,0
2026-08-21T02:32:22.5050140+12:00,sustained-generation,0,NVIDIA GeForce RTX 5090,GPU-67921d1c-ee8e-304f-b562-d6f87617c5a0,32607,31127,1061,25
2026-08-21T02:32:22.5050140+12:00,sustained-generation,1,NVIDIA GeForce RTX 4090,GPU-eed52936-813f-8d68-1654-bfb56cb42bc3,24564,22905,1234,0
2026-08-21T02:32:22.8309234+12:00,sustained-generation,0,NVIDIA GeForce RTX 5090,GPU-67921d1c-ee8e-304f-b562-d6f87617c5a0,32607,31119,1069,25
2026-08-21T02:32:22.8309234+12:00,sustained-generation,1,NVIDIA GeForce RTX 4090,GPU-eed52936-813f-8d68-1654-bfb56cb42bc3,24564,22905,1234,0
2026-08-21T02:32:23.1605151+12:00,sustained-generation,0,NVIDIA GeForce RTX 5090,GPU-67921d1c-ee8e-304f-b562-d6f87617c5a0,32607,31112,1076,2
2026-08-21T02:32:23.1605151+12:00,sustained-generation,1,NVIDIA GeForce RTX 4090,GPU-eed52936-813f-8d68-1654-bfb56cb42bc3,24564,22905,1234,0
2026-08-21T02:32:23.4845234+12:00,sustained-generation,0,NVIDIA GeForce RTX 5090,GPU-67921d1c-ee8e-304f-b562-d6f87617c5a0,32607,31120,1068,3
2026-08-21T02:32:23.4845234+12:00,sustained-generation,1,NVIDIA GeForce RTX 4090,GPU-eed52936-813f-8d68-1654-bfb56cb42bc3,24564,22905,1234,0
2026-08-21T02:32:23.8114738+12:00,sustained-generation,0,NVIDIA GeForce RTX 5090,GPU-67921d1c-ee8e-304f-b562-d6f87617c5a0,32607,31120,1068,3
2026-08-21T02:32:23.8114738+12:00,sustained-generation,1,NVIDIA GeForce RTX 4090,GPU-eed52936-813f-8d68-1654-bfb56cb42bc3,24564,22905,1234,0
2026-08-21T02:32:24.1398249+12:00,sustained-generation,0,NVIDIA GeForce RTX 5090,GPU-67921d1c-ee8e-304f-b562-d6f87617c5a0,32607,31119,1069,10
2026-08-21T02:32:24.1398249+12:00,sustained-generation,1,NVIDIA GeForce RTX 4090,GPU-eed52936-813f-8d68-1654-bfb56cb42bc3,24564,22905,1234,0
2026-08-21T02:32:24.4645139+12:00,sustained-generation,0,NVIDIA GeForce RTX 5090,GPU-67921d1c-ee8e-304f-b562-d6f87617c5a0,32607,31119,1069,2
2026-08-21T02:32:24.4645139+12:00,sustained-generation,1,NVIDIA GeForce RTX 4090,GPU-eed52936-813f-8d68-1654-bfb56cb42bc3,24564,22905,1234,0
2026-08-21T02:32:24.7940044+12:00,sustained-generation,0,NVIDIA GeForce RTX 5090,GPU-67921d1c-ee8e-304f-b562-d6f87617c5a0,32607,31119,1069,2
2026-08-21T02:32:24.7940044+12:00,sustained-generation,1,NVIDIA GeForce RTX 4090,GPU-eed52936-813f-8d68-1654-bfb56cb42bc3,24564,22905,1234,0
2026-08-21T02:32:25.1065182+12:00,sustained-generation,0,NVIDIA GeForce RTX 5090,GPU-67921d1c-ee8e-304f-b562-d6f87617c5a0,32607,31110,1078,24
2026-08-21T02:32:25.1065182+12:00,sustained-generation,1,NVIDIA GeForce RTX 4090,GPU-eed52936-813f-8d68-1654-bfb56cb42bc3,24564,22905,1234,0
2026-08-21T02:32:25.4183951+12:00,sustained-generation,0,NVIDIA GeForce RTX 5090,GPU-67921d1c-ee8e-304f-b562-d6f87617c5a0,32607,31108,1080,4
2026-08-21T02:32:25.4183951+12:00,sustained-generation,1,NVIDIA GeForce RTX 4090,GPU-eed52936-813f-8d68-1654-bfb56cb42bc3,24564,22905,1234,0
2026-08-21T02:32:25.7312529+12:00,sustained-generation,0,NVIDIA GeForce RTX 5090,GPU-67921d1c-ee8e-304f-b562-d6f87617c5a0,32607,31106,1082,4
2026-08-21T02:32:25.7312529+12:00,sustained-generation,1,NVIDIA GeForce RTX 4090,GPU-eed52936-813f-8d68-1654-bfb56cb42bc3,24564,22905,1234,0
2026-08-21T02:32:26.0423293+12:00,sustained-generation,0,NVIDIA GeForce RTX 5090,GPU-67921d1c-ee8e-304f-b562-d6f87617c5a0,32607,31104,1084,24
2026-08-21T02:32:26.0423293+12:00,sustained-generation,1,NVIDIA GeForce RTX 4090,GPU-eed52936-813f-8d68-1654-bfb56cb42bc3,24564,22905,1234,0
2026-08-21T02:32:26.3539608+12:00,sustained-generation,0,NVIDIA GeForce RTX 5090,GPU-67921d1c-ee8e-304f-b562-d6f87617c5a0,32607,31104,1084,2
2026-08-21T02:32:26.3539608+12:00,sustained-generation,1,NVIDIA GeForce RTX 4090,GPU-eed52936-813f-8d68-1654-bfb56cb42bc3,24564,22905,1234,0
2026-08-21T02:32:26.6809373+12:00,sustained-generation,0,NVIDIA GeForce RTX 5090,GPU-67921d1c-ee8e-304f-b562-d6f87617c5a0,32607,31104,1084,2
2026-08-21T02:32:26.6809373+12:00,sustained-generation,1,NVIDIA GeForce RTX 4090,GPU-eed52936-813f-8d68-1654-bfb56cb42bc3,24564,22905,1234,0
2026-08-21T02:32:27.0051992+12:00,sustained-generation,0,NVIDIA GeForce RTX 5090,GPU-67921d1c-ee8e-304f-b562-d6f87617c5a0,32607,31099,1089,1
2026-08-21T02:32:27.0051992+12:00,sustained-generation,1,NVIDIA GeForce RTX 4090,GPU-eed52936-813f-8d68-1654-bfb56cb42bc3,24564,22905,1234,0
2026-08-21T02:32:27.3329657+12:00,sustained-generation,0,NVIDIA GeForce RTX 5090,GPU-67921d1c-ee8e-304f-b562-d6f87617c5a0,32607,31099,1089,1
2026-08-21T02:32:27.3329657+12:00,sustained-generation,1,NVIDIA GeForce RTX 4090,GPU-eed52936-813f-8d68-1654-bfb56cb42bc3,24564,22905,1234,0
2026-08-21T02:32:27.6602013+12:00,sustained-generation,0,NVIDIA GeForce RTX 5090,GPU-67921d1c-ee8e-304f-b562-d6f87617c5a0,32607,31106,1082,2
2026-08-21T02:32:27.6602013+12:00,sustained-generation,1,NVIDIA GeForce RTX 4090,GPU-eed52936-813f-8d68-1654-bfb56cb42bc3,24564,22905,1234,0
2026-08-21T02:32:27.9868481+12:00,sustained-generation,0,NVIDIA GeForce RTX 5090,GPU-67921d1c-ee8e-304f-b562-d6f87617c5a0,32607,31106,1082,9
2026-08-21T02:32:27.9868481+12:00,sustained-generation,1,NVIDIA GeForce RTX 4090,GPU-eed52936-813f-8d68-1654-bfb56cb42bc3,24564,22905,1234,0
2026-08-21T02:32:28.3138505+12:00,sustained-generation,0,NVIDIA GeForce RTX 5090,GPU-67921d1c-ee8e-304f-b562-d6f87617c5a0,32607,31106,1082,9
2026-08-21T02:32:28.3138505+12:00,sustained-generation,1,NVIDIA GeForce RTX 4090,GPU-eed52936-813f-8d68-1654-bfb56cb42bc3,24564,22905,1234,0
2026-08-21T02:32:28.6271188+12:00,sustained-generation,0,NVIDIA GeForce RTX 5090,GPU-67921d1c-ee8e-304f-b562-d6f87617c5a0,32607,31106,1082,2
2026-08-21T02:32:28.6271188+12:00,sustained-generation,1,NVIDIA GeForce RTX 4090,GPU-eed52936-813f-8d68-1654-bfb56cb42bc3,24564,22905,1234,0
2026-08-21T02:32:28.9521060+12:00,sustained-generation,0,NVIDIA GeForce RTX 5090,GPU-67921d1c-ee8e-304f-b562-d6f87617c5a0,32607,31106,1082,9
2026-08-21T02:32:28.9521060+12:00,sustained-generation,1,NVIDIA GeForce RTX 4090,GPU-eed52936-813f-8d68-1654-bfb56cb42bc3,24564,22905,1234,0
2026-08-21T02:32:29.2631965+12:00,sustained-generation,0,NVIDIA GeForce RTX 5090,GPU-67921d1c-ee8e-304f-b562-d6f87617c5a0,32607,31106,1082,9
2026-08-21T02:32:29.2631965+12:00,sustained-generation,1,NVIDIA GeForce RTX 4090,GPU-eed52936-813f-8d68-1654-bfb56cb42bc3,24564,22905,1234,0
2026-08-21T02:32:29.5752305+12:00,sustained-generation,0,NVIDIA GeForce RTX 5090,GPU-67921d1c-ee8e-304f-b562-d6f87617c5a0,32607,31106,1082,3
2026-08-21T02:32:29.5752305+12:00,sustained-generation,1,NVIDIA GeForce RTX 4090,GPU-eed52936-813f-8d68-1654-bfb56cb42bc3,24564,22905,1234,0
2026-08-21T02:32:29.8847686+12:00,sustained-generation,0,NVIDIA GeForce RTX 5090,GPU-67921d1c-ee8e-304f-b562-d6f87617c5a0,32607,31106,1082,2
2026-08-21T02:32:29.8847686+12:00,sustained-generation,1,NVIDIA GeForce RTX 4090,GPU-eed52936-813f-8d68-1654-bfb56cb42bc3,24564,22905,1234,0
2026-08-21T02:32:30.2143330+12:00,sustained-generation,0,NVIDIA GeForce RTX 5090,GPU-67921d1c-ee8e-304f-b562-d6f87617c5a0,32607,31104,1084,2
2026-08-21T02:32:30.2143330+12:00,sustained-generation,1,NVIDIA GeForce RTX 4090,GPU-eed52936-813f-8d68-1654-bfb56cb42bc3,24564,22905,1234,0
2026-08-21T02:32:30.5406580+12:00,sustained-generation,0,NVIDIA GeForce RTX 5090,GPU-67921d1c-ee8e-304f-b562-d6f87617c5a0,32607,31104,1084,25
2026-08-21T02:32:30.5406580+12:00,sustained-generation,1,NVIDIA GeForce RTX 4090,GPU-eed52936-813f-8d68-1654-bfb56cb42bc3,24564,22905,1234,0
2026-08-21T02:32:30.8675634+12:00,sustained-generation,0,NVIDIA GeForce RTX 5090,GPU-67921d1c-ee8e-304f-b562-d6f87617c5a0,32607,31104,1084,3
2026-08-21T02:32:30.8675634+12:00,sustained-generation,1,NVIDIA GeForce RTX 4090,GPU-eed52936-813f-8d68-1654-bfb56cb42bc3,24564,22905,1234,0
2026-08-21T02:32:31.1807080+12:00,sustained-generation,0,NVIDIA GeForce RTX 5090,GPU-67921d1c-ee8e-304f-b562-d6f87617c5a0,32607,31096,1092,3
2026-08-21T02:32:31.1807080+12:00,sustained-generation,1,NVIDIA GeForce RTX 4090,GPU-eed52936-813f-8d68-1654-bfb56cb42bc3,24564,22905,1234,0
2026-08-21T02:32:31.5083370+12:00,sustained-generation,0,NVIDIA GeForce RTX 5090,GPU-67921d1c-ee8e-304f-b562-d6f87617c5a0,32607,31102,1086,2
2026-08-21T02:32:31.5083370+12:00,sustained-generation,1,NVIDIA GeForce RTX 4090,GPU-eed52936-813f-8d68-1654-bfb56cb42bc3,24564,22905,1234,0
2026-08-21T02:32:31.8345561+12:00,sustained-generation,0,NVIDIA GeForce RTX 5090,GPU-67921d1c-ee8e-304f-b562-d6f87617c5a0,32607,31102,1086,2
2026-08-21T02:32:31.8345561+12:00,sustained-generation,1,NVIDIA GeForce RTX 4090,GPU-eed52936-813f-8d68-1654-bfb56cb42bc3,24564,22905,1234,0
2026-08-21T02:32:32.1628187+12:00,sustained-generation,0,NVIDIA GeForce RTX 5090,GPU-67921d1c-ee8e-304f-b562-d6f87617c5a0,32607,31102,1086,10
2026-08-21T02:32:32.1628187+12:00,sustained-generation,1,NVIDIA GeForce RTX 4090,GPU-eed52936-813f-8d68-1654-bfb56cb42bc3,24564,22905,1234,0
2026-08-21T02:32:32.4700069+12:00,sustained-generation,0,NVIDIA GeForce RTX 5090,GPU-67921d1c-ee8e-304f-b562-d6f87617c5a0,32607,31102,1086,25
2026-08-21T02:32:32.4700069+12:00,sustained-generation,1,NVIDIA GeForce RTX 4090,GPU-eed52936-813f-8d68-1654-bfb56cb42bc3,24564,22905,1234,0
2026-08-21T02:32:32.8008646+12:00,sustained-generation,0,NVIDIA GeForce RTX 5090,GPU-67921d1c-ee8e-304f-b562-d6f87617c5a0,32607,31102,1086,25
2026-08-21T02:32:32.8008646+12:00,sustained-generation,1,NVIDIA GeForce RTX 4090,GPU-eed52936-813f-8d68-1654-bfb56cb42bc3,24564,22905,1234,0
2026-08-21T02:32:33.1372272+12:00,sustained-generation,0,NVIDIA GeForce RTX 5090,GPU-67921d1c-ee8e-304f-b562-d6f87617c5a0,32607,31102,1086,1
2026-08-21T02:32:33.1372272+12:00,sustained-generation,1,NVIDIA GeForce RTX 4090,GPU-eed52936-813f-8d68-1654-bfb56cb42bc3,24564,22905,1234,0
2026-08-21T02:32:33.4628349+12:00,sustained-generation,0,NVIDIA GeForce RTX 5090,GPU-67921d1c-ee8e-304f-b562-d6f87617c5a0,32607,31102,1086,1
2026-08-21T02:32:33.4628349+12:00,sustained-generation,1,NVIDIA GeForce RTX 4090,GPU-eed52936-813f-8d68-1654-bfb56cb42bc3,24564,22905,1234,0
2026-08-21T02:32:33.7895915+12:00,sustained-generation,0,NVIDIA GeForce RTX 5090,GPU-67921d1c-ee8e-304f-b562-d6f87617c5a0,32607,31102,1086,1
2026-08-21T02:32:33.7895915+12:00,sustained-generation,1,NVIDIA GeForce RTX 4090,GPU-eed52936-813f-8d68-1654-bfb56cb42bc3,24564,22905,1234,0
2026-08-21T02:32:34.1146964+12:00,sustained-generation,0,NVIDIA GeForce RTX 5090,GPU-67921d1c-ee8e-304f-b562-d6f87617c5a0,32607,31100,1088,1
2026-08-21T02:32:34.1146964+12:00,sustained-generation,1,NVIDIA GeForce RTX 4090,GPU-eed52936-813f-8d68-1654-bfb56cb42bc3,24564,22905,1234,0
2026-08-21T02:32:34.4408711+12:00,sustained-generation,0,NVIDIA GeForce RTX 5090,GPU-67921d1c-ee8e-304f-b562-d6f87617c5a0,32607,31100,1088,2
2026-08-21T02:32:34.4408711+12:00,sustained-generation,1,NVIDIA GeForce RTX 4090,GPU-eed52936-813f-8d68-1654-bfb56cb42bc3,24564,22905,1234,0
2026-08-21T02:32:34.7664625+12:00,sustained-generation,0,NVIDIA GeForce RTX 5090,GPU-67921d1c-ee8e-304f-b562-d6f87617c5a0,32607,31100,1088,2
2026-08-21T02:32:34.7664625+12:00,sustained-generation,1,NVIDIA GeForce RTX 4090,GPU-eed52936-813f-8d68-1654-bfb56cb42bc3,24564,22905,1234,0
2026-08-21T02:32:35.0925658+12:00,sustained-generation,0,NVIDIA GeForce RTX 5090,GPU-67921d1c-ee8e-304f-b562-d6f87617c5a0,32607,31095,1093,1
2026-08-21T02:32:35.0925658+12:00,sustained-generation,1,NVIDIA GeForce RTX 4090,GPU-eed52936-813f-8d68-1654-bfb56cb42bc3,24564,22905,1234,0
2026-08-21T02:32:35.4053367+12:00,sustained-generation,0,NVIDIA GeForce RTX 5090,GPU-67921d1c-ee8e-304f-b562-d6f87617c5a0,32607,31095,1093,2
2026-08-21T02:32:35.4053367+12:00,sustained-generation,1,NVIDIA GeForce RTX 4090,GPU-eed52936-813f-8d68-1654-bfb56cb42bc3,24564,22905,1234,0
2026-08-21T02:32:35.7301050+12:00,sustained-generation,0,NVIDIA GeForce RTX 5090,GPU-67921d1c-ee8e-304f-b562-d6f87617c5a0,32607,31101,1087,2
2026-08-21T02:32:35.7301050+12:00,sustained-generation,1,NVIDIA GeForce RTX 4090,GPU-eed52936-813f-8d68-1654-bfb56cb42bc3,24564,22905,1234,0
2026-08-21T02:32:36.0569788+12:00,sustained-generation,0,NVIDIA GeForce RTX 5090,GPU-67921d1c-ee8e-304f-b562-d6f87617c5a0,32607,31097,1091,10
2026-08-21T02:32:36.0569788+12:00,sustained-generation,1,NVIDIA GeForce RTX 4090,GPU-eed52936-813f-8d68-1654-bfb56cb42bc3,24564,22905,1234,0
2026-08-21T02:32:36.3668031+12:00,sustained-generation,0,NVIDIA GeForce RTX 5090,GPU-67921d1c-ee8e-304f-b562-d6f87617c5a0,32607,31097,1091,3
2026-08-21T02:32:36.3668031+12:00,sustained-generation,1,NVIDIA GeForce RTX 4090,GPU-eed52936-813f-8d68-1654-bfb56cb42bc3,24564,22905,1234,0
2026-08-21T02:32:36.6961471+12:00,sustained-generation,0,NVIDIA GeForce RTX 5090,GPU-67921d1c-ee8e-304f-b562-d6f87617c5a0,32607,31098,1090,3
2026-08-21T02:32:36.6961471+12:00,sustained-generation,1,NVIDIA GeForce RTX 4090,GPU-eed52936-813f-8d68-1654-bfb56cb42bc3,24564,22905,1234,0
2026-08-21T02:32:37.0092099+12:00,sustained-generation,0,NVIDIA GeForce RTX 5090,GPU-67921d1c-ee8e-304f-b562-d6f87617c5a0,32607,31098,1090,1
2026-08-21T02:32:37.0092099+12:00,sustained-generation,1,NVIDIA GeForce RTX 4090,GPU-eed52936-813f-8d68-1654-bfb56cb42bc3,24564,22905,1234,0
2026-08-21T02:32:37.3202554+12:00,sustained-generation,0,NVIDIA GeForce RTX 5090,GPU-67921d1c-ee8e-304f-b562-d6f87617c5a0,32607,31098,1090,1
2026-08-21T02:32:37.3202554+12:00,sustained-generation,1,NVIDIA GeForce RTX 4090,GPU-eed52936-813f-8d68-1654-bfb56cb42bc3,24564,22905,1234,0
2026-08-21T02:32:37.6298336+12:00,sustained-generation,0,NVIDIA GeForce RTX 5090,GPU-67921d1c-ee8e-304f-b562-d6f87617c5a0,32607,31067,1121,2
2026-08-21T02:32:37.6298336+12:00,sustained-generation,1,NVIDIA GeForce RTX 4090,GPU-eed52936-813f-8d68-1654-bfb56cb42bc3,24564,22905,1234,0
2026-08-21T02:32:37.9425314+12:00,sustained-generation,0,NVIDIA GeForce RTX 5090,GPU-67921d1c-ee8e-304f-b562-d6f87617c5a0,32607,31067,1121,1
2026-08-21T02:32:37.9425314+12:00,sustained-generation,1,NVIDIA GeForce RTX 4090,GPU-eed52936-813f-8d68-1654-bfb56cb42bc3,24564,22905,1234,0
2026-08-21T02:32:38.2539354+12:00,sustained-generation,0,NVIDIA GeForce RTX 5090,GPU-67921d1c-ee8e-304f-b562-d6f87617c5a0,32607,31067,1121,1
2026-08-21T02:32:38.2539354+12:00,sustained-generation,1,NVIDIA GeForce RTX 4090,GPU-eed52936-813f-8d68-1654-bfb56cb42bc3,24564,22905,1234,0
2026-08-21T02:32:38.5800618+12:00,sustained-generation,0,NVIDIA GeForce RTX 5090,GPU-67921d1c-ee8e-304f-b562-d6f87617c5a0,32607,31066,1122,3
2026-08-21T02:32:38.5800618+12:00,sustained-generation,1,NVIDIA GeForce RTX 4090,GPU-eed52936-813f-8d68-1654-bfb56cb42bc3,24564,22905,1234,0
2026-08-21T02:32:38.8935031+12:00,sustained-generation,0,NVIDIA GeForce RTX 5090,GPU-67921d1c-ee8e-304f-b562-d6f87617c5a0,32607,31066,1122,1
2026-08-21T02:32:38.8935031+12:00,sustained-generation,1,NVIDIA GeForce RTX 4090,GPU-eed52936-813f-8d68-1654-bfb56cb42bc3,24564,22905,1234,0
2026-08-21T02:32:39.2193417+12:00,sustained-generation,0,NVIDIA GeForce RTX 5090,GPU-67921d1c-ee8e-304f-b562-d6f87617c5a0,32607,31060,1128,1
2026-08-21T02:32:39.2193417+12:00,sustained-generation,1,NVIDIA GeForce RTX 4090,GPU-eed52936-813f-8d68-1654-bfb56cb42bc3,24564,22905,1234,0
2026-08-21T02:32:39.5470086+12:00,sustained-generation,0,NVIDIA GeForce RTX 5090,GPU-67921d1c-ee8e-304f-b562-d6f87617c5a0,32607,31068,1120,2
2026-08-21T02:32:39.5470086+12:00,sustained-generation,1,NVIDIA GeForce RTX 4090,GPU-eed52936-813f-8d68-1654-bfb56cb42bc3,24564,22905,1234,0
2026-08-21T02:32:39.8726414+12:00,sustained-generation,0,NVIDIA GeForce RTX 5090,GPU-67921d1c-ee8e-304f-b562-d6f87617c5a0,32607,31068,1120,10
2026-08-21T02:32:39.8726414+12:00,sustained-generation,1,NVIDIA GeForce RTX 4090,GPU-eed52936-813f-8d68-1654-bfb56cb42bc3,24564,22905,1234,0
2026-08-21T02:32:40.2009527+12:00,sustained-generation,0,NVIDIA GeForce RTX 5090,GPU-67921d1c-ee8e-304f-b562-d6f87617c5a0,32607,31068,1120,10
2026-08-21T02:32:40.2009527+12:00,sustained-generation,1,NVIDIA GeForce RTX 4090,GPU-eed52936-813f-8d68-1654-bfb56cb42bc3,24564,22905,1234,0
2026-08-21T02:32:40.5268405+12:00,sustained-generation,0,NVIDIA GeForce RTX 5090,GPU-67921d1c-ee8e-304f-b562-d6f87617c5a0,32607,31069,1119,2
2026-08-21T02:32:40.5268405+12:00,sustained-generation,1,NVIDIA GeForce RTX 4090,GPU-eed52936-813f-8d68-1654-bfb56cb42bc3,24564,22905,1234,0
2026-08-21T02:32:40.8544043+12:00,sustained-generation,0,NVIDIA GeForce RTX 5090,GPU-67921d1c-ee8e-304f-b562-d6f87617c5a0,32607,31068,1120,1
2026-08-21T02:32:40.8544043+12:00,sustained-generation,1,NVIDIA GeForce RTX 4090,GPU-eed52936-813f-8d68-1654-bfb56cb42bc3,24564,22905,1234,0
2026-08-21T02:32:41.1810617+12:00,sustained-generation,0,NVIDIA GeForce RTX 5090,GPU-67921d1c-ee8e-304f-b562-d6f87617c5a0,32607,31068,1120,1
2026-08-21T02:32:41.1810617+12:00,sustained-generation,1,NVIDIA GeForce RTX 4090,GPU-eed52936-813f-8d68-1654-bfb56cb42bc3,24564,22905,1234,0
2026-08-21T02:32:41.5081332+12:00,sustained-generation,0,NVIDIA GeForce RTX 5090,GPU-67921d1c-ee8e-304f-b562-d6f87617c5a0,32607,31068,1120,2
2026-08-21T02:32:41.5081332+12:00,sustained-generation,1,NVIDIA GeForce RTX 4090,GPU-eed52936-813f-8d68-1654-bfb56cb42bc3,24564,22905,1234,0
2026-08-21T02:32:41.8330450+12:00,sustained-generation,0,NVIDIA GeForce RTX 5090,GPU-67921d1c-ee8e-304f-b562-d6f87617c5a0,32607,31068,1120,2
2026-08-21T02:32:41.8330450+12:00,sustained-generation,1,NVIDIA GeForce RTX 4090,GPU-eed52936-813f-8d68-1654-bfb56cb42bc3,24564,22905,1234,0
2026-08-21T02:32:42.1633935+12:00,sustained-generation,0,NVIDIA GeForce RTX 5090,GPU-67921d1c-ee8e-304f-b562-d6f87617c5a0,32607,31066,1122,1
2026-08-21T02:32:42.1633935+12:00,sustained-generation,1,NVIDIA GeForce RTX 4090,GPU-eed52936-813f-8d68-1654-bfb56cb42bc3,24564,22905,1234,0
2026-08-21T02:32:42.4752713+12:00,sustained-generation,0,NVIDIA GeForce RTX 5090,GPU-67921d1c-ee8e-304f-b562-d6f87617c5a0,32607,31086,1102,2
2026-08-21T02:32:42.4752713+12:00,sustained-generation,1,NVIDIA GeForce RTX 4090,GPU-eed52936-813f-8d68-1654-bfb56cb42bc3,24564,22905,1234,0
2026-08-21T02:32:42.7877944+12:00,sustained-generation,0,NVIDIA GeForce RTX 5090,GPU-67921d1c-ee8e-304f-b562-d6f87617c5a0,32607,31089,1099,2
2026-08-21T02:32:42.7877944+12:00,sustained-generation,1,NVIDIA GeForce RTX 4090,GPU-eed52936-813f-8d68-1654-bfb56cb42bc3,24564,22905,1234,0
2026-08-21T02:32:43.1179783+12:00,sustained-generation,0,NVIDIA GeForce RTX 5090,GPU-67921d1c-ee8e-304f-b562-d6f87617c5a0,32607,31084,1104,10
2026-08-21T02:32:43.1179783+12:00,sustained-generation,1,NVIDIA GeForce RTX 4090,GPU-eed52936-813f-8d68-1654-bfb56cb42bc3,24564,22905,1234,0
2026-08-21T02:32:43.4306573+12:00,sustained-generation,0,NVIDIA GeForce RTX 5090,GPU-67921d1c-ee8e-304f-b562-d6f87617c5a0,32607,31091,1097,24
2026-08-21T02:32:43.4306573+12:00,sustained-generation,1,NVIDIA GeForce RTX 4090,GPU-eed52936-813f-8d68-1654-bfb56cb42bc3,24564,22905,1234,0
2026-08-21T02:32:43.7414575+12:00,sustained-generation,0,NVIDIA GeForce RTX 5090,GPU-67921d1c-ee8e-304f-b562-d6f87617c5a0,32607,31103,1085,24
2026-08-21T02:32:43.7414575+12:00,sustained-generation,1,NVIDIA GeForce RTX 4090,GPU-eed52936-813f-8d68-1654-bfb56cb42bc3,24564,22905,1234,0
2026-08-21T02:32:44.0536539+12:00,sustained-generation,0,NVIDIA GeForce RTX 5090,GPU-67921d1c-ee8e-304f-b562-d6f87617c5a0,32607,31103,1085,18
2026-08-21T02:32:44.0536539+12:00,sustained-generation,1,NVIDIA GeForce RTX 4090,GPU-eed52936-813f-8d68-1654-bfb56cb42bc3,24564,22905,1234,0
2026-08-21T02:32:44.3816804+12:00,sustained-generation,0,NVIDIA GeForce RTX 5090,GPU-67921d1c-ee8e-304f-b562-d6f87617c5a0,32607,31103,1085,2
2026-08-21T02:32:44.3816804+12:00,sustained-generation,1,NVIDIA GeForce RTX 4090,GPU-eed52936-813f-8d68-1654-bfb56cb42bc3,24564,22905,1234,0
2026-08-21T02:32:44.6930487+12:00,sustained-generation,0,NVIDIA GeForce RTX 5090,GPU-67921d1c-ee8e-304f-b562-d6f87617c5a0,32607,31103,1085,2
2026-08-21T02:32:44.6930487+12:00,sustained-generation,1,NVIDIA GeForce RTX 4090,GPU-eed52936-813f-8d68-1654-bfb56cb42bc3,24564,22905,1234,0
2026-08-21T02:32:45.0197533+12:00,sustained-generation,0,NVIDIA GeForce RTX 5090,GPU-67921d1c-ee8e-304f-b562-d6f87617c5a0,32607,31103,1085,1
2026-08-21T02:32:45.0197533+12:00,sustained-generation,1,NVIDIA GeForce RTX 4090,GPU-eed52936-813f-8d68-1654-bfb56cb42bc3,24564,22905,1234,0
2026-08-21T02:32:45.3473885+12:00,sustained-generation,0,NVIDIA GeForce RTX 5090,GPU-67921d1c-ee8e-304f-b562-d6f87617c5a0,32607,31094,1094,1
2026-08-21T02:32:45.3473885+12:00,sustained-generation,1,NVIDIA GeForce RTX 4090,GPU-eed52936-813f-8d68-1654-bfb56cb42bc3,24564,22905,1234,0
2026-08-21T02:32:45.6575805+12:00,sustained-generation,0,NVIDIA GeForce RTX 5090,GPU-67921d1c-ee8e-304f-b562-d6f87617c5a0,32607,31094,1094,4
2026-08-21T02:32:45.6575805+12:00,sustained-generation,1,NVIDIA GeForce RTX 4090,GPU-eed52936-813f-8d68-1654-bfb56cb42bc3,24564,22905,1234,0
2026-08-21T02:32:45.9856111+12:00,sustained-generation,0,NVIDIA GeForce RTX 5090,GPU-67921d1c-ee8e-304f-b562-d6f87617c5a0,32607,31094,1094,1
2026-08-21T02:32:45.9856111+12:00,sustained-generation,1,NVIDIA GeForce RTX 4090,GPU-eed52936-813f-8d68-1654-bfb56cb42bc3,24564,22905,1234,0
2026-08-21T02:32:46.3133800+12:00,sustained-generation,0,NVIDIA GeForce RTX 5090,GPU-67921d1c-ee8e-304f-b562-d6f87617c5a0,32607,31090,1098,1
2026-08-21T02:32:46.3133800+12:00,sustained-generation,1,NVIDIA GeForce RTX 4090,GPU-eed52936-813f-8d68-1654-bfb56cb42bc3,24564,22905,1234,0
2026-08-21T02:32:46.6240887+12:00,sustained-generation,0,NVIDIA GeForce RTX 5090,GPU-67921d1c-ee8e-304f-b562-d6f87617c5a0,32607,31090,1098,2
2026-08-21T02:32:46.6240887+12:00,sustained-generation,1,NVIDIA GeForce RTX 4090,GPU-eed52936-813f-8d68-1654-bfb56cb42bc3,24564,22905,1234,0
2026-08-21T02:32:46.9353501+12:00,sustained-generation,0,NVIDIA GeForce RTX 5090,GPU-67921d1c-ee8e-304f-b562-d6f87617c5a0,32607,31090,1098,1
2026-08-21T02:32:46.9353501+12:00,sustained-generation,1,NVIDIA GeForce RTX 4090,GPU-eed52936-813f-8d68-1654-bfb56cb42bc3,24564,22905,1234,0
2026-08-21T02:32:47.2640738+12:00,sustained-generation,0,NVIDIA GeForce RTX 5090,GPU-67921d1c-ee8e-304f-b562-d6f87617c5a0,32607,31084,1104,1
2026-08-21T02:32:47.2640738+12:00,sustained-generation,1,NVIDIA GeForce RTX 4090,GPU-eed52936-813f-8d68-1654-bfb56cb42bc3,24564,22905,1234,0
2026-08-21T02:32:47.5758659+12:00,sustained-generation,0,NVIDIA GeForce RTX 5090,GPU-67921d1c-ee8e-304f-b562-d6f87617c5a0,32607,31088,1100,2
2026-08-21T02:32:47.5758659+12:00,sustained-generation,1,NVIDIA GeForce RTX 4090,GPU-eed52936-813f-8d68-1654-bfb56cb42bc3,24564,22905,1234,0
2026-08-21T02:32:47.8869384+12:00,sustained-generation,0,NVIDIA GeForce RTX 5090,GPU-67921d1c-ee8e-304f-b562-d6f87617c5a0,32607,31088,1100,10
2026-08-21T02:32:47.8869384+12:00,sustained-generation,1,NVIDIA GeForce RTX 4090,GPU-eed52936-813f-8d68-1654-bfb56cb42bc3,24564,22905,1234,0
2026-08-21T02:32:48.2117250+12:00,sustained-generation,0,NVIDIA GeForce RTX 5090,GPU-67921d1c-ee8e-304f-b562-d6f87617c5a0,32607,31088,1100,10
2026-08-21T02:32:48.2117250+12:00,sustained-generation,1,NVIDIA GeForce RTX 4090,GPU-eed52936-813f-8d68-1654-bfb56cb42bc3,24564,22905,1234,0
2026-08-21T02:32:48.5378956+12:00,sustained-generation,0,NVIDIA GeForce RTX 5090,GPU-67921d1c-ee8e-304f-b562-d6f87617c5a0,32607,31067,1121,3
2026-08-21T02:32:48.5378956+12:00,sustained-generation,1,NVIDIA GeForce RTX 4090,GPU-eed52936-813f-8d68-1654-bfb56cb42bc3,24564,22905,1234,0
2026-08-21T02:32:48.8705524+12:00,sustained-generation,0,NVIDIA GeForce RTX 5090,GPU-67921d1c-ee8e-304f-b562-d6f87617c5a0,32607,31067,1121,1
2026-08-21T02:32:48.8705524+12:00,sustained-generation,1,NVIDIA GeForce RTX 4090,GPU-eed52936-813f-8d68-1654-bfb56cb42bc3,24564,22905,1234,0
2026-08-21T02:32:49.2076507+12:00,sustained-generation,0,NVIDIA GeForce RTX 5090,GPU-67921d1c-ee8e-304f-b562-d6f87617c5a0,32607,31065,1123,1
2026-08-21T02:32:49.2076507+12:00,sustained-generation,1,NVIDIA GeForce RTX 4090,GPU-eed52936-813f-8d68-1654-bfb56cb42bc3,24564,22905,1234,0
2026-08-21T02:32:49.5199662+12:00,sustained-generation,0,NVIDIA GeForce RTX 5090,GPU-67921d1c-ee8e-304f-b562-d6f87617c5a0,32607,31065,1123,3
2026-08-21T02:32:49.5199662+12:00,sustained-generation,1,NVIDIA GeForce RTX 4090,GPU-eed52936-813f-8d68-1654-bfb56cb42bc3,24564,22905,1234,0
2026-08-21T02:32:49.8457543+12:00,sustained-generation,0,NVIDIA GeForce RTX 5090,GPU-67921d1c-ee8e-304f-b562-d6f87617c5a0,32607,31065,1123,3
2026-08-21T02:32:49.8457543+12:00,sustained-generation,1,NVIDIA GeForce RTX 4090,GPU-eed52936-813f-8d68-1654-bfb56cb42bc3,24564,22905,1234,0
2026-08-21T02:32:50.1755240+12:00,sustained-generation,0,NVIDIA GeForce RTX 5090,GPU-67921d1c-ee8e-304f-b562-d6f87617c5a0,32607,31063,1125,1
2026-08-21T02:32:50.1755240+12:00,sustained-generation,1,NVIDIA GeForce RTX 4090,GPU-eed52936-813f-8d68-1654-bfb56cb42bc3,24564,22905,1234,0
2026-08-21T02:32:50.4856232+12:00,sustained-generation,0,NVIDIA GeForce RTX 5090,GPU-67921d1c-ee8e-304f-b562-d6f87617c5a0,32607,31063,1125,2
2026-08-21T02:32:50.4856232+12:00,sustained-generation,1,NVIDIA GeForce RTX 4090,GPU-eed52936-813f-8d68-1654-bfb56cb42bc3,24564,22905,1234,0
2026-08-21T02:32:50.8120139+12:00,sustained-generation,0,NVIDIA GeForce RTX 5090,GPU-67921d1c-ee8e-304f-b562-d6f87617c5a0,32607,31063,1125,2
2026-08-21T02:32:50.8120139+12:00,sustained-generation,1,NVIDIA GeForce RTX 4090,GPU-eed52936-813f-8d68-1654-bfb56cb42bc3,24564,22905,1234,0
2026-08-21T02:32:51.1235111+12:00,sustained-generation,0,NVIDIA GeForce RTX 5090,GPU-67921d1c-ee8e-304f-b562-d6f87617c5a0,32607,31058,1130,1
2026-08-21T02:32:51.1235111+12:00,sustained-generation,1,NVIDIA GeForce RTX 4090,GPU-eed52936-813f-8d68-1654-bfb56cb42bc3,24564,22905,1234,0
2026-08-21T02:32:51.4506958+12:00,sustained-generation,0,NVIDIA GeForce RTX 5090,GPU-67921d1c-ee8e-304f-b562-d6f87617c5a0,32607,31065,1123,2
2026-08-21T02:32:51.4506958+12:00,sustained-generation,1,NVIDIA GeForce RTX 4090,GPU-eed52936-813f-8d68-1654-bfb56cb42bc3,24564,22905,1234,0
2026-08-21T02:32:51.7759481+12:00,sustained-generation,0,NVIDIA GeForce RTX 5090,GPU-67921d1c-ee8e-304f-b562-d6f87617c5a0,32607,31065,1123,2
2026-08-21T02:32:51.7759481+12:00,sustained-generation,1,NVIDIA GeForce RTX 4090,GPU-eed52936-813f-8d68-1654-bfb56cb42bc3,24564,22905,1234,0
2026-08-21T02:32:52.1027146+12:00,sustained-generation,0,NVIDIA GeForce RTX 5090,GPU-67921d1c-ee8e-304f-b562-d6f87617c5a0,32607,31065,1123,9
2026-08-21T02:32:52.1027146+12:00,sustained-generation,1,NVIDIA GeForce RTX 4090,GPU-eed52936-813f-8d68-1654-bfb56cb42bc3,24564,22905,1234,0
2026-08-21T02:32:52.4311235+12:00,sustained-generation,0,NVIDIA GeForce RTX 5090,GPU-67921d1c-ee8e-304f-b562-d6f87617c5a0,32607,31066,1122,2
2026-08-21T02:32:52.4311235+12:00,sustained-generation,1,NVIDIA GeForce RTX 4090,GPU-eed52936-813f-8d68-1654-bfb56cb42bc3,24564,22905,1234,0
2026-08-21T02:32:52.7581515+12:00,sustained-generation,0,NVIDIA GeForce RTX 5090,GPU-67921d1c-ee8e-304f-b562-d6f87617c5a0,32607,31085,1103,2
2026-08-21T02:32:52.7581515+12:00,sustained-generation,1,NVIDIA GeForce RTX 4090,GPU-eed52936-813f-8d68-1654-bfb56cb42bc3,24564,22905,1234,0
2026-08-21T02:32:53.0855025+12:00,sustained-generation,0,NVIDIA GeForce RTX 5090,GPU-67921d1c-ee8e-304f-b562-d6f87617c5a0,32607,31123,1065,22
2026-08-21T02:32:53.0855025+12:00,sustained-generation,1,NVIDIA GeForce RTX 4090,GPU-eed52936-813f-8d68-1654-bfb56cb42bc3,24564,22905,1234,0
2026-08-21T02:32:53.3966029+12:00,sustained-generation,0,NVIDIA GeForce RTX 5090,GPU-67921d1c-ee8e-304f-b562-d6f87617c5a0,32607,31123,1065,3
2026-08-21T02:32:53.3966029+12:00,sustained-generation,1,NVIDIA GeForce RTX 4090,GPU-eed52936-813f-8d68-1654-bfb56cb42bc3,24564,22905,1234,0
2026-08-21T02:32:53.7228303+12:00,sustained-generation,0,NVIDIA GeForce RTX 5090,GPU-67921d1c-ee8e-304f-b562-d6f87617c5a0,32607,31123,1065,3
2026-08-21T02:32:53.7228303+12:00,sustained-generation,1,NVIDIA GeForce RTX 4090,GPU-eed52936-813f-8d68-1654-bfb56cb42bc3,24564,22905,1234,0
2026-08-21T02:32:54.0324671+12:00,sustained-generation,0,NVIDIA GeForce RTX 5090,GPU-67921d1c-ee8e-304f-b562-d6f87617c5a0,32607,31123,1065,1
2026-08-21T02:32:54.0324671+12:00,sustained-generation,1,NVIDIA GeForce RTX 4090,GPU-eed52936-813f-8d68-1654-bfb56cb42bc3,24564,22905,1234,0
2026-08-21T02:32:54.3439630+12:00,sustained-generation,0,NVIDIA GeForce RTX 5090,GPU-67921d1c-ee8e-304f-b562-d6f87617c5a0,32607,31117,1071,1
2026-08-21T02:32:54.3439630+12:00,sustained-generation,1,NVIDIA GeForce RTX 4090,GPU-eed52936-813f-8d68-1654-bfb56cb42bc3,24564,22905,1234,0
2026-08-21T02:32:54.6550341+12:00,sustained-generation,0,NVIDIA GeForce RTX 5090,GPU-67921d1c-ee8e-304f-b562-d6f87617c5a0,32607,31117,1071,1
2026-08-21T02:32:54.6550341+12:00,sustained-generation,1,NVIDIA GeForce RTX 4090,GPU-eed52936-813f-8d68-1654-bfb56cb42bc3,24564,22905,1234,0
2026-08-21T02:32:54.9821560+12:00,sustained-generation,0,NVIDIA GeForce RTX 5090,GPU-67921d1c-ee8e-304f-b562-d6f87617c5a0,32607,31123,1065,1
2026-08-21T02:32:54.9821560+12:00,sustained-generation,1,NVIDIA GeForce RTX 4090,GPU-eed52936-813f-8d68-1654-bfb56cb42bc3,24564,22905,1234,0
2026-08-21T02:32:55.3094447+12:00,sustained-generation,0,NVIDIA GeForce RTX 5090,GPU-67921d1c-ee8e-304f-b562-d6f87617c5a0,32607,31121,1067,1
2026-08-21T02:32:55.3094447+12:00,sustained-generation,1,NVIDIA GeForce RTX 4090,GPU-eed52936-813f-8d68-1654-bfb56cb42bc3,24564,22905,1234,0
2026-08-21T02:32:55.6209405+12:00,sustained-generation,0,NVIDIA GeForce RTX 5090,GPU-67921d1c-ee8e-304f-b562-d6f87617c5a0,32607,31122,1066,7
2026-08-21T02:32:55.6209405+12:00,sustained-generation,1,NVIDIA GeForce RTX 4090,GPU-eed52936-813f-8d68-1654-bfb56cb42bc3,24564,22905,1234,0
2026-08-21T02:32:55.9307655+12:00,sustained-generation,0,NVIDIA GeForce RTX 5090,GPU-67921d1c-ee8e-304f-b562-d6f87617c5a0,32607,31128,1060,44
2026-08-21T02:32:55.9307655+12:00,sustained-generation,1,NVIDIA GeForce RTX 4090,GPU-eed52936-813f-8d68-1654-bfb56cb42bc3,24564,22905,1234,0
2026-08-21T02:32:56.2414575+12:00,sustained-generation,0,NVIDIA GeForce RTX 5090,GPU-67921d1c-ee8e-304f-b562-d6f87617c5a0,32607,31121,1067,44
2026-08-21T02:32:56.2414575+12:00,sustained-generation,1,NVIDIA GeForce RTX 4090,GPU-eed52936-813f-8d68-1654-bfb56cb42bc3,24564,22905,1234,0
2026-08-21T02:32:56.5686739+12:00,sustained-generation,0,NVIDIA GeForce RTX 5090,GPU-67921d1c-ee8e-304f-b562-d6f87617c5a0,32607,31121,1067,2
2026-08-21T02:32:56.5686739+12:00,sustained-generation,1,NVIDIA GeForce RTX 4090,GPU-eed52936-813f-8d68-1654-bfb56cb42bc3,24564,22905,1234,0
2026-08-21T02:32:56.8908512+12:00,sustained-generation,0,NVIDIA GeForce RTX 5090,GPU-67921d1c-ee8e-304f-b562-d6f87617c5a0,32607,31121,1067,1
2026-08-21T02:32:56.8908512+12:00,sustained-generation,1,NVIDIA GeForce RTX 4090,GPU-eed52936-813f-8d68-1654-bfb56cb42bc3,24564,22905,1234,0
2026-08-21T02:32:57.2211457+12:00,sustained-generation,0,NVIDIA GeForce RTX 5090,GPU-67921d1c-ee8e-304f-b562-d6f87617c5a0,32607,31117,1071,1
2026-08-21T02:32:57.2211457+12:00,sustained-generation,1,NVIDIA GeForce RTX 4090,GPU-eed52936-813f-8d68-1654-bfb56cb42bc3,24564,22905,1234,0
2026-08-21T02:32:57.5488331+12:00,sustained-generation,0,NVIDIA GeForce RTX 5090,GPU-67921d1c-ee8e-304f-b562-d6f87617c5a0,32607,31109,1079,2
2026-08-21T02:32:57.5488331+12:00,sustained-generation,1,NVIDIA GeForce RTX 4090,GPU-eed52936-813f-8d68-1654-bfb56cb42bc3,24564,22905,1234,0
2026-08-21T02:32:57.8756863+12:00,sustained-generation,0,NVIDIA GeForce RTX 5090,GPU-67921d1c-ee8e-304f-b562-d6f87617c5a0,32607,31109,1079,1
2026-08-21T02:32:57.8756863+12:00,sustained-generation,1,NVIDIA GeForce RTX 4090,GPU-eed52936-813f-8d68-1654-bfb56cb42bc3,24564,22905,1234,0
2026-08-21T02:32:58.2026195+12:00,sustained-generation,0,NVIDIA GeForce RTX 5090,GPU-67921d1c-ee8e-304f-b562-d6f87617c5a0,32607,31105,1083,1
2026-08-21T02:32:58.2026195+12:00,sustained-generation,1,NVIDIA GeForce RTX 4090,GPU-eed52936-813f-8d68-1654-bfb56cb42bc3,24564,22905,1234,0
2026-08-21T02:32:58.5290435+12:00,sustained-generation,0,NVIDIA GeForce RTX 5090,GPU-67921d1c-ee8e-304f-b562-d6f87617c5a0,32607,31105,1083,2
2026-08-21T02:32:58.5290435+12:00,sustained-generation,1,NVIDIA GeForce RTX 4090,GPU-eed52936-813f-8d68-1654-bfb56cb42bc3,24564,22905,1234,0
2026-08-21T02:32:58.8579549+12:00,sustained-generation,0,NVIDIA GeForce RTX 5090,GPU-67921d1c-ee8e-304f-b562-d6f87617c5a0,32607,31105,1083,2
2026-08-21T02:32:58.8579549+12:00,sustained-generation,1,NVIDIA GeForce RTX 4090,GPU-eed52936-813f-8d68-1654-bfb56cb42bc3,24564,22905,1234,0
2026-08-21T02:32:59.1855570+12:00,sustained-generation,0,NVIDIA GeForce RTX 5090,GPU-67921d1c-ee8e-304f-b562-d6f87617c5a0,32607,31100,1088,1
2026-08-21T02:32:59.1855570+12:00,sustained-generation,1,NVIDIA GeForce RTX 4090,GPU-eed52936-813f-8d68-1654-bfb56cb42bc3,24564,22905,1234,0
2026-08-21T02:32:59.5089513+12:00,sustained-generation,0,NVIDIA GeForce RTX 5090,GPU-67921d1c-ee8e-304f-b562-d6f87617c5a0,32607,31106,1082,2
2026-08-21T02:32:59.5089513+12:00,sustained-generation,1,NVIDIA GeForce RTX 4090,GPU-eed52936-813f-8d68-1654-bfb56cb42bc3,24564,22905,1234,0
2026-08-21T02:32:59.8355766+12:00,sustained-generation,0,NVIDIA GeForce RTX 5090,GPU-67921d1c-ee8e-304f-b562-d6f87617c5a0,32607,31106,1082,2
2026-08-21T02:32:59.8355766+12:00,sustained-generation,1,NVIDIA GeForce RTX 4090,GPU-eed52936-813f-8d68-1654-bfb56cb42bc3,24564,22905,1234,0
2026-08-21T02:33:00.1719824+12:00,sustained-generation,0,NVIDIA GeForce RTX 5090,GPU-67921d1c-ee8e-304f-b562-d6f87617c5a0,32607,31099,1089,10
2026-08-21T02:33:00.1719824+12:00,sustained-generation,1,NVIDIA GeForce RTX 4090,GPU-eed52936-813f-8d68-1654-bfb56cb42bc3,24564,22905,1234,0
2026-08-21T02:33:00.5042675+12:00,sustained-generation,0,NVIDIA GeForce RTX 5090,GPU-67921d1c-ee8e-304f-b562-d6f87617c5a0,32607,31095,1093,3
2026-08-21T02:33:00.5042675+12:00,sustained-generation,1,NVIDIA GeForce RTX 4090,GPU-eed52936-813f-8d68-1654-bfb56cb42bc3,24564,22905,1234,0
2026-08-21T02:33:00.8289711+12:00,sustained-generation,0,NVIDIA GeForce RTX 5090,GPU-67921d1c-ee8e-304f-b562-d6f87617c5a0,32607,31095,1093,3
2026-08-21T02:33:00.8289711+12:00,sustained-generation,1,NVIDIA GeForce RTX 4090,GPU-eed52936-813f-8d68-1654-bfb56cb42bc3,24564,22905,1234,0
2026-08-21T02:33:01.1563749+12:00,sustained-generation,0,NVIDIA GeForce RTX 5090,GPU-67921d1c-ee8e-304f-b562-d6f87617c5a0,32607,31065,1123,2
2026-08-21T02:33:01.1563749+12:00,sustained-generation,1,NVIDIA GeForce RTX 4090,GPU-eed52936-813f-8d68-1654-bfb56cb42bc3,24564,22905,1234,0
2026-08-21T02:33:01.4837712+12:00,sustained-generation,0,NVIDIA GeForce RTX 5090,GPU-67921d1c-ee8e-304f-b562-d6f87617c5a0,32607,31065,1123,2
2026-08-21T02:33:01.4837712+12:00,sustained-generation,1,NVIDIA GeForce RTX 4090,GPU-eed52936-813f-8d68-1654-bfb56cb42bc3,24564,22905,1234,0
2026-08-21T02:33:01.7945017+12:00,sustained-generation,0,NVIDIA GeForce RTX 5090,GPU-67921d1c-ee8e-304f-b562-d6f87617c5a0,32607,31065,1123,2
2026-08-21T02:33:01.7945017+12:00,sustained-generation,1,NVIDIA GeForce RTX 4090,GPU-eed52936-813f-8d68-1654-bfb56cb42bc3,24564,22905,1234,0
2026-08-21T02:33:02.1064327+12:00,sustained-generation,0,NVIDIA GeForce RTX 5090,GPU-67921d1c-ee8e-304f-b562-d6f87617c5a0,32607,31063,1125,1
2026-08-21T02:33:02.1064327+12:00,sustained-generation,1,NVIDIA GeForce RTX 4090,GPU-eed52936-813f-8d68-1654-bfb56cb42bc3,24564,22905,1234,0
2026-08-21T02:33:02.4341552+12:00,sustained-generation,0,NVIDIA GeForce RTX 5090,GPU-67921d1c-ee8e-304f-b562-d6f87617c5a0,32607,31063,1125,2
2026-08-21T02:33:02.4341552+12:00,sustained-generation,1,NVIDIA GeForce RTX 4090,GPU-eed52936-813f-8d68-1654-bfb56cb42bc3,24564,22905,1234,0
2026-08-21T02:33:02.7605546+12:00,sustained-generation,0,NVIDIA GeForce RTX 5090,GPU-67921d1c-ee8e-304f-b562-d6f87617c5a0,32607,31063,1125,2
2026-08-21T02:33:02.7605546+12:00,sustained-generation,1,NVIDIA GeForce RTX 4090,GPU-eed52936-813f-8d68-1654-bfb56cb42bc3,24564,22905,1234,0
2026-08-21T02:33:03.0980392+12:00,sustained-generation,0,NVIDIA GeForce RTX 5090,GPU-67921d1c-ee8e-304f-b562-d6f87617c5a0,32607,31063,1125,1
2026-08-21T02:33:03.0980392+12:00,sustained-generation,1,NVIDIA GeForce RTX 4090,GPU-eed52936-813f-8d68-1654-bfb56cb42bc3,24564,22905,1234,0
2026-08-21T02:33:03.4116664+12:00,sustained-generation,0,NVIDIA GeForce RTX 5090,GPU-67921d1c-ee8e-304f-b562-d6f87617c5a0,32607,31058,1130,2
2026-08-21T02:33:03.4116664+12:00,sustained-generation,1,NVIDIA GeForce RTX 4090,GPU-eed52936-813f-8d68-1654-bfb56cb42bc3,24564,22905,1234,0
2026-08-21T02:33:03.7232187+12:00,sustained-generation,0,NVIDIA GeForce RTX 5090,GPU-67921d1c-ee8e-304f-b562-d6f87617c5a0,32607,31065,1123,2
2026-08-21T02:33:03.7232187+12:00,sustained-generation,1,NVIDIA GeForce RTX 4090,GPU-eed52936-813f-8d68-1654-bfb56cb42bc3,24564,22905,1234,0
2026-08-21T02:33:04.0504724+12:00,sustained-generation,0,NVIDIA GeForce RTX 5090,GPU-67921d1c-ee8e-304f-b562-d6f87617c5a0,32607,31065,1123,10
2026-08-21T02:33:04.0504724+12:00,sustained-generation,1,NVIDIA GeForce RTX 4090,GPU-eed52936-813f-8d68-1654-bfb56cb42bc3,24564,22905,1234,0
2026-08-21T02:33:04.3759753+12:00,sustained-generation,0,NVIDIA GeForce RTX 5090,GPU-67921d1c-ee8e-304f-b562-d6f87617c5a0,32607,31065,1123,2
2026-08-21T02:33:04.3759753+12:00,sustained-generation,1,NVIDIA GeForce RTX 4090,GPU-eed52936-813f-8d68-1654-bfb56cb42bc3,24564,22905,1234,0
2026-08-21T02:33:04.6889512+12:00,sustained-generation,0,NVIDIA GeForce RTX 5090,GPU-67921d1c-ee8e-304f-b562-d6f87617c5a0,32607,31066,1122,2
2026-08-21T02:33:04.6889512+12:00,sustained-generation,1,NVIDIA GeForce RTX 4090,GPU-eed52936-813f-8d68-1654-bfb56cb42bc3,24564,22905,1234,0
2026-08-21T02:33:05.0155131+12:00,sustained-generation,0,NVIDIA GeForce RTX 5090,GPU-67921d1c-ee8e-304f-b562-d6f87617c5a0,32607,31066,1122,1
2026-08-21T02:33:05.0155131+12:00,sustained-generation,1,NVIDIA GeForce RTX 4090,GPU-eed52936-813f-8d68-1654-bfb56cb42bc3,24564,22905,1234,0
2026-08-21T02:33:05.3435230+12:00,sustained-generation,0,NVIDIA GeForce RTX 5090,GPU-67921d1c-ee8e-304f-b562-d6f87617c5a0,32607,31082,1106,1
2026-08-21T02:33:05.3435230+12:00,sustained-generation,1,NVIDIA GeForce RTX 4090,GPU-eed52936-813f-8d68-1654-bfb56cb42bc3,24564,22905,1234,0
2026-08-21T02:33:05.6714551+12:00,sustained-generation,0,NVIDIA GeForce RTX 5090,GPU-67921d1c-ee8e-304f-b562-d6f87617c5a0,32607,31082,1106,6
2026-08-21T02:33:05.6714551+12:00,sustained-generation,1,NVIDIA GeForce RTX 4090,GPU-eed52936-813f-8d68-1654-bfb56cb42bc3,24564,22905,1234,0
2026-08-21T02:33:06.0062901+12:00,sustained-generation,0,NVIDIA GeForce RTX 5090,GPU-67921d1c-ee8e-304f-b562-d6f87617c5a0,32607,31081,1107,1
2026-08-21T02:33:06.0062901+12:00,sustained-generation,1,NVIDIA GeForce RTX 4090,GPU-eed52936-813f-8d68-1654-bfb56cb42bc3,24564,22905,1234,0
2026-08-21T02:33:06.3269677+12:00,sustained-generation,0,NVIDIA GeForce RTX 5090,GPU-67921d1c-ee8e-304f-b562-d6f87617c5a0,32607,31149,1039,1
2026-08-21T02:33:06.3269677+12:00,sustained-generation,1,NVIDIA GeForce RTX 4090,GPU-eed52936-813f-8d68-1654-bfb56cb42bc3,24564,22905,1234,0
2026-08-21T02:33:06.6393722+12:00,sustained-generation,0,NVIDIA GeForce RTX 5090,GPU-67921d1c-ee8e-304f-b562-d6f87617c5a0,32607,31141,1047,17
2026-08-21T02:33:06.6393722+12:00,sustained-generation,1,NVIDIA GeForce RTX 4090,GPU-eed52936-813f-8d68-1654-bfb56cb42bc3,24564,22905,1234,0
2026-08-21T02:33:06.9645848+12:00,sustained-generation,0,NVIDIA GeForce RTX 5090,GPU-67921d1c-ee8e-304f-b562-d6f87617c5a0,32607,31141,1047,20
2026-08-21T02:33:06.9645848+12:00,sustained-generation,1,NVIDIA GeForce RTX 4090,GPU-eed52936-813f-8d68-1654-bfb56cb42bc3,24564,22905,1234,0
2026-08-21T02:33:07.2752535+12:00,sustained-generation,0,NVIDIA GeForce RTX 5090,GPU-67921d1c-ee8e-304f-b562-d6f87617c5a0,32607,31140,1048,20
2026-08-21T02:33:07.2752535+12:00,sustained-generation,1,NVIDIA GeForce RTX 4090,GPU-eed52936-813f-8d68-1654-bfb56cb42bc3,24564,22905,1234,0
2026-08-21T02:33:07.6031652+12:00,sustained-generation,0,NVIDIA GeForce RTX 5090,GPU-67921d1c-ee8e-304f-b562-d6f87617c5a0,32607,31139,1049,17
2026-08-21T02:33:07.6031652+12:00,sustained-generation,1,NVIDIA GeForce RTX 4090,GPU-eed52936-813f-8d68-1654-bfb56cb42bc3,24564,22905,1234,0
2026-08-21T02:33:07.9291712+12:00,sustained-generation,0,NVIDIA GeForce RTX 5090,GPU-67921d1c-ee8e-304f-b562-d6f87617c5a0,32607,31139,1049,15
2026-08-21T02:33:07.9291712+12:00,sustained-generation,1,NVIDIA GeForce RTX 4090,GPU-eed52936-813f-8d68-1654-bfb56cb42bc3,24564,22905,1234,0
2026-08-21T02:33:08.2558895+12:00,sustained-generation,0,NVIDIA GeForce RTX 5090,GPU-67921d1c-ee8e-304f-b562-d6f87617c5a0,32607,31135,1053,15
2026-08-21T02:33:08.2558895+12:00,sustained-generation,1,NVIDIA GeForce RTX 4090,GPU-eed52936-813f-8d68-1654-bfb56cb42bc3,24564,22905,1234,0
2026-08-21T02:33:08.5671481+12:00,sustained-generation,0,NVIDIA GeForce RTX 5090,GPU-67921d1c-ee8e-304f-b562-d6f87617c5a0,32607,31114,1074,18
2026-08-21T02:33:08.5671481+12:00,sustained-generation,1,NVIDIA GeForce RTX 4090,GPU-eed52936-813f-8d68-1654-bfb56cb42bc3,24564,22905,1234,0
2026-08-21T02:33:08.8953948+12:00,sustained-generation,0,NVIDIA GeForce RTX 5090,GPU-67921d1c-ee8e-304f-b562-d6f87617c5a0,32607,31154,1034,14
2026-08-21T02:33:08.8953948+12:00,sustained-generation,1,NVIDIA GeForce RTX 4090,GPU-eed52936-813f-8d68-1654-bfb56cb42bc3,24564,22905,1234,0
2026-08-21T02:33:09.2203542+12:00,sustained-generation,0,NVIDIA GeForce RTX 5090,GPU-67921d1c-ee8e-304f-b562-d6f87617c5a0,32607,31155,1033,14
2026-08-21T02:33:09.2203542+12:00,sustained-generation,1,NVIDIA GeForce RTX 4090,GPU-eed52936-813f-8d68-1654-bfb56cb42bc3,24564,22905,1234,0
2026-08-21T02:33:09.5314483+12:00,sustained-generation,0,NVIDIA GeForce RTX 5090,GPU-67921d1c-ee8e-304f-b562-d6f87617c5a0,32607,31155,1033,9
2026-08-21T02:33:09.5314483+12:00,sustained-generation,1,NVIDIA GeForce RTX 4090,GPU-eed52936-813f-8d68-1654-bfb56cb42bc3,24564,22905,1234,0
2026-08-21T02:33:09.8415395+12:00,sustained-generation,0,NVIDIA GeForce RTX 5090,GPU-67921d1c-ee8e-304f-b562-d6f87617c5a0,32607,31172,1016,9
2026-08-21T02:33:09.8415395+12:00,sustained-generation,1,NVIDIA GeForce RTX 4090,GPU-eed52936-813f-8d68-1654-bfb56cb42bc3,24564,22905,1234,0
2026-08-21T02:33:10.1537532+12:00,sustained-generation,0,NVIDIA GeForce RTX 5090,GPU-67921d1c-ee8e-304f-b562-d6f87617c5a0,32607,31136,1052,31
2026-08-21T02:33:10.1537532+12:00,sustained-generation,1,NVIDIA GeForce RTX 4090,GPU-eed52936-813f-8d68-1654-bfb56cb42bc3,24564,22905,1234,0
2026-08-21T02:33:10.4647563+12:00,sustained-generation,0,NVIDIA GeForce RTX 5090,GPU-67921d1c-ee8e-304f-b562-d6f87617c5a0,32607,31136,1052,9
2026-08-21T02:33:10.4647563+12:00,sustained-generation,1,NVIDIA GeForce RTX 4090,GPU-eed52936-813f-8d68-1654-bfb56cb42bc3,24564,22905,1234,0
2026-08-21T02:33:10.7758402+12:00,sustained-generation,0,NVIDIA GeForce RTX 5090,GPU-67921d1c-ee8e-304f-b562-d6f87617c5a0,32607,31132,1056,9
2026-08-21T02:33:10.7758402+12:00,sustained-generation,1,NVIDIA GeForce RTX 4090,GPU-eed52936-813f-8d68-1654-bfb56cb42bc3,24564,22905,1234,0
2026-08-21T02:33:11.0872074+12:00,sustained-generation,0,NVIDIA GeForce RTX 5090,GPU-67921d1c-ee8e-304f-b562-d6f87617c5a0,32607,31117,1071,8
2026-08-21T02:33:11.0872074+12:00,sustained-generation,1,NVIDIA GeForce RTX 4090,GPU-eed52936-813f-8d68-1654-bfb56cb42bc3,24564,22905,1234,0
2026-08-21T02:33:11.4135948+12:00,sustained-generation,0,NVIDIA GeForce RTX 5090,GPU-67921d1c-ee8e-304f-b562-d6f87617c5a0,32607,31091,1097,8
2026-08-21T02:33:11.4135948+12:00,sustained-generation,1,NVIDIA GeForce RTX 4090,GPU-eed52936-813f-8d68-1654-bfb56cb42bc3,24564,22905,1234,0
2026-08-21T02:33:11.7404667+12:00,sustained-generation,0,NVIDIA GeForce RTX 5090,GPU-67921d1c-ee8e-304f-b562-d6f87617c5a0,32607,31082,1106,8
2026-08-21T02:33:11.7404667+12:00,sustained-generation,1,NVIDIA GeForce RTX 4090,GPU-eed52936-813f-8d68-1654-bfb56cb42bc3,24564,22905,1234,0
2026-08-21T02:33:12.0685264+12:00,sustained-generation,0,NVIDIA GeForce RTX 5090,GPU-67921d1c-ee8e-304f-b562-d6f87617c5a0,32607,31075,1113,16
2026-08-21T02:33:12.0685264+12:00,sustained-generation,1,NVIDIA GeForce RTX 4090,GPU-eed52936-813f-8d68-1654-bfb56cb42bc3,24564,22905,1234,0
2026-08-21T02:33:12.3966608+12:00,sustained-generation,0,NVIDIA GeForce RTX 5090,GPU-67921d1c-ee8e-304f-b562-d6f87617c5a0,32607,31073,1115,16
2026-08-21T02:33:12.3966608+12:00,sustained-generation,1,NVIDIA GeForce RTX 4090,GPU-eed52936-813f-8d68-1654-bfb56cb42bc3,24564,22905,1234,0
2026-08-21T02:33:12.7213641+12:00,sustained-generation,0,NVIDIA GeForce RTX 5090,GPU-67921d1c-ee8e-304f-b562-d6f87617c5a0,32607,31073,1115,16
2026-08-21T02:33:12.7213641+12:00,sustained-generation,1,NVIDIA GeForce RTX 4090,GPU-eed52936-813f-8d68-1654-bfb56cb42bc3,24564,22905,1234,0
2026-08-21T02:33:13.0500555+12:00,sustained-generation,0,NVIDIA GeForce RTX 5090,GPU-67921d1c-ee8e-304f-b562-d6f87617c5a0,32607,31054,1134,16
2026-08-21T02:33:13.0500555+12:00,sustained-generation,1,NVIDIA GeForce RTX 4090,GPU-eed52936-813f-8d68-1654-bfb56cb42bc3,24564,22905,1234,0
2026-08-21T02:33:13.3771639+12:00,sustained-generation,0,NVIDIA GeForce RTX 5090,GPU-67921d1c-ee8e-304f-b562-d6f87617c5a0,32607,31054,1134,16
2026-08-21T02:33:13.3771639+12:00,sustained-generation,1,NVIDIA GeForce RTX 4090,GPU-eed52936-813f-8d68-1654-bfb56cb42bc3,24564,22905,1234,0
2026-08-21T02:33:13.6903082+12:00,sustained-generation,0,NVIDIA GeForce RTX 5090,GPU-67921d1c-ee8e-304f-b562-d6f87617c5a0,32607,31054,1134,16
2026-08-21T02:33:13.6903082+12:00,sustained-generation,1,NVIDIA GeForce RTX 4090,GPU-eed52936-813f-8d68-1654-bfb56cb42bc3,24564,22905,1234,0
2026-08-21T02:33:14.0008610+12:00,sustained-generation,0,NVIDIA GeForce RTX 5090,GPU-67921d1c-ee8e-304f-b562-d6f87617c5a0,32607,31086,1102,16
2026-08-21T02:33:14.0008610+12:00,sustained-generation,1,NVIDIA GeForce RTX 4090,GPU-eed52936-813f-8d68-1654-bfb56cb42bc3,24564,22905,1234,0
2026-08-21T02:33:14.3104734+12:00,sustained-generation,0,NVIDIA GeForce RTX 5090,GPU-67921d1c-ee8e-304f-b562-d6f87617c5a0,32607,31077,1111,16
2026-08-21T02:33:14.3104734+12:00,sustained-generation,1,NVIDIA GeForce RTX 4090,GPU-eed52936-813f-8d68-1654-bfb56cb42bc3,24564,22905,1234,0
2026-08-21T02:33:14.6228362+12:00,sustained-generation,0,NVIDIA GeForce RTX 5090,GPU-67921d1c-ee8e-304f-b562-d6f87617c5a0,32607,31073,1115,16
2026-08-21T02:33:14.6228362+12:00,sustained-generation,1,NVIDIA GeForce RTX 4090,GPU-eed52936-813f-8d68-1654-bfb56cb42bc3,24564,22905,1234,0
2026-08-21T02:33:14.9626717+12:00,sustained-generation,0,NVIDIA GeForce RTX 5090,GPU-67921d1c-ee8e-304f-b562-d6f87617c5a0,32607,31070,1118,28
2026-08-21T02:33:14.9626717+12:00,sustained-generation,1,NVIDIA GeForce RTX 4090,GPU-eed52936-813f-8d68-1654-bfb56cb42bc3,24564,22905,1234,0
2026-08-21T02:33:15.2780187+12:00,sustained-generation,0,NVIDIA GeForce RTX 5090,GPU-67921d1c-ee8e-304f-b562-d6f87617c5a0,32607,31045,1143,28
2026-08-21T02:33:15.2780187+12:00,sustained-generation,1,NVIDIA GeForce RTX 4090,GPU-eed52936-813f-8d68-1654-bfb56cb42bc3,24564,22905,1234,0
2026-08-21T02:33:15.5900602+12:00,sustained-generation,0,NVIDIA GeForce RTX 5090,GPU-67921d1c-ee8e-304f-b562-d6f87617c5a0,32607,31046,1142,17
2026-08-21T02:33:15.5900602+12:00,sustained-generation,1,NVIDIA GeForce RTX 4090,GPU-eed52936-813f-8d68-1654-bfb56cb42bc3,24564,22905,1234,0
2026-08-21T02:33:15.9185940+12:00,sustained-generation,0,NVIDIA GeForce RTX 5090,GPU-67921d1c-ee8e-304f-b562-d6f87617c5a0,32607,31046,1142,15
2026-08-21T02:33:15.9185940+12:00,sustained-generation,1,NVIDIA GeForce RTX 4090,GPU-eed52936-813f-8d68-1654-bfb56cb42bc3,24564,22905,1234,0
2026-08-21T02:33:16.2291303+12:00,sustained-generation,0,NVIDIA GeForce RTX 5090,GPU-67921d1c-ee8e-304f-b562-d6f87617c5a0,32607,31043,1145,15
2026-08-21T02:33:16.2291303+12:00,sustained-generation,1,NVIDIA GeForce RTX 4090,GPU-eed52936-813f-8d68-1654-bfb56cb42bc3,24564,22905,1234,0
2026-08-21T02:33:16.5591662+12:00,sustained-generation,0,NVIDIA GeForce RTX 5090,GPU-67921d1c-ee8e-304f-b562-d6f87617c5a0,32607,31039,1149,17
2026-08-21T02:33:16.5591662+12:00,sustained-generation,1,NVIDIA GeForce RTX 4090,GPU-eed52936-813f-8d68-1654-bfb56cb42bc3,24564,22905,1234,0
2026-08-21T02:33:16.8869304+12:00,sustained-generation,0,NVIDIA GeForce RTX 5090,GPU-67921d1c-ee8e-304f-b562-d6f87617c5a0,32607,31063,1125,16
2026-08-21T02:33:16.8869304+12:00,sustained-generation,1,NVIDIA GeForce RTX 4090,GPU-eed52936-813f-8d68-1654-bfb56cb42bc3,24564,22905,1234,0
2026-08-21T02:33:17.2135622+12:00,sustained-generation,0,NVIDIA GeForce RTX 5090,GPU-67921d1c-ee8e-304f-b562-d6f87617c5a0,32607,31075,1113,16
2026-08-21T02:33:17.2135622+12:00,sustained-generation,1,NVIDIA GeForce RTX 4090,GPU-eed52936-813f-8d68-1654-bfb56cb42bc3,24564,22905,1234,0
2026-08-21T02:33:17.5239340+12:00,sustained-generation,0,NVIDIA GeForce RTX 5090,GPU-67921d1c-ee8e-304f-b562-d6f87617c5a0,32607,31076,1112,26
2026-08-21T02:33:17.5239340+12:00,sustained-generation,1,NVIDIA GeForce RTX 4090,GPU-eed52936-813f-8d68-1654-bfb56cb42bc3,24564,22905,1234,0
2026-08-21T02:33:17.8522038+12:00,sustained-generation,0,NVIDIA GeForce RTX 5090,GPU-67921d1c-ee8e-304f-b562-d6f87617c5a0,32607,31077,1111,26
2026-08-21T02:33:17.8522038+12:00,sustained-generation,1,NVIDIA GeForce RTX 4090,GPU-eed52936-813f-8d68-1654-bfb56cb42bc3,24564,22905,1234,0
2026-08-21T02:33:18.1744136+12:00,sustained-generation,0,NVIDIA GeForce RTX 5090,GPU-67921d1c-ee8e-304f-b562-d6f87617c5a0,32607,31069,1119,23
2026-08-21T02:33:18.1744136+12:00,sustained-generation,1,NVIDIA GeForce RTX 4090,GPU-eed52936-813f-8d68-1654-bfb56cb42bc3,24564,22905,1234,0
2026-08-21T02:33:18.5089229+12:00,sustained-generation,0,NVIDIA GeForce RTX 5090,GPU-67921d1c-ee8e-304f-b562-d6f87617c5a0,32607,31548,640,21
2026-08-21T02:33:18.5089229+12:00,sustained-generation,1,NVIDIA GeForce RTX 4090,GPU-eed52936-813f-8d68-1654-bfb56cb42bc3,24564,22901,1238,0
2026-08-21T02:33:18.8224263+12:00,sustained-generation,0,NVIDIA GeForce RTX 5090,GPU-67921d1c-ee8e-304f-b562-d6f87617c5a0,32607,31503,685,21
2026-08-21T02:33:18.8224263+12:00,sustained-generation,1,NVIDIA GeForce RTX 4090,GPU-eed52936-813f-8d68-1654-bfb56cb42bc3,24564,22901,1238,0
2026-08-21T02:33:19.1320636+12:00,sustained-generation,0,NVIDIA GeForce RTX 5090,GPU-67921d1c-ee8e-304f-b562-d6f87617c5a0,32607,31485,703,2
2026-08-21T02:33:19.1320636+12:00,sustained-generation,1,NVIDIA GeForce RTX 4090,GPU-eed52936-813f-8d68-1654-bfb56cb42bc3,24564,22901,1238,0
2026-08-21T02:33:19.4465173+12:00,sustained-generation,0,NVIDIA GeForce RTX 5090,GPU-67921d1c-ee8e-304f-b562-d6f87617c5a0,32607,31401,787,3
2026-08-21T02:33:19.4465173+12:00,sustained-generation,1,NVIDIA GeForce RTX 4090,GPU-eed52936-813f-8d68-1654-bfb56cb42bc3,24564,22901,1238,0
2026-08-21T02:33:19.7570704+12:00,sustained-generation,0,NVIDIA GeForce RTX 5090,GPU-67921d1c-ee8e-304f-b562-d6f87617c5a0,32607,31282,906,3
2026-08-21T02:33:19.7570704+12:00,sustained-generation,1,NVIDIA GeForce RTX 4090,GPU-eed52936-813f-8d68-1654-bfb56cb42bc3,24564,22901,1238,0
2026-08-21T02:33:20.0687772+12:00,sustained-generation,0,NVIDIA GeForce RTX 5090,GPU-67921d1c-ee8e-304f-b562-d6f87617c5a0,32607,31281,907,2
2026-08-21T02:33:20.0687772+12:00,sustained-generation,1,NVIDIA GeForce RTX 4090,GPU-eed52936-813f-8d68-1654-bfb56cb42bc3,24564,22901,1238,0
2026-08-21T02:33:20.3813614+12:00,sustained-generation,0,NVIDIA GeForce RTX 5090,GPU-67921d1c-ee8e-304f-b562-d6f87617c5a0,32607,31105,1083,3
2026-08-21T02:33:20.3813614+12:00,sustained-generation,1,NVIDIA GeForce RTX 4090,GPU-eed52936-813f-8d68-1654-bfb56cb42bc3,24564,22901,1238,0
2026-08-21T02:33:20.6941329+12:00,sustained-generation,0,NVIDIA GeForce RTX 5090,GPU-67921d1c-ee8e-304f-b562-d6f87617c5a0,32607,31106,1082,3
2026-08-21T02:33:20.6941329+12:00,sustained-generation,1,NVIDIA GeForce RTX 4090,GPU-eed52936-813f-8d68-1654-bfb56cb42bc3,24564,22901,1238,0
2026-08-21T02:33:21.0196431+12:00,sustained-generation,0,NVIDIA GeForce RTX 5090,GPU-67921d1c-ee8e-304f-b562-d6f87617c5a0,32607,31113,1075,21
2026-08-21T02:33:21.0196431+12:00,sustained-generation,1,NVIDIA GeForce RTX 4090,GPU-eed52936-813f-8d68-1654-bfb56cb42bc3,24564,22901,1238,0
2026-08-21T02:33:21.3317066+12:00,sustained-generation,0,NVIDIA GeForce RTX 5090,GPU-67921d1c-ee8e-304f-b562-d6f87617c5a0,32607,31116,1072,21
2026-08-21T02:33:21.3317066+12:00,sustained-generation,1,NVIDIA GeForce RTX 4090,GPU-eed52936-813f-8d68-1654-bfb56cb42bc3,24564,22901,1238,0
2026-08-21T02:33:21.6560139+12:00,sustained-generation,0,NVIDIA GeForce RTX 5090,GPU-67921d1c-ee8e-304f-b562-d6f87617c5a0,32607,31087,1101,22
2026-08-21T02:33:21.6560139+12:00,sustained-generation,1,NVIDIA GeForce RTX 4090,GPU-eed52936-813f-8d68-1654-bfb56cb42bc3,24564,22901,1238,0
2026-08-21T02:33:21.9849959+12:00,sustained-generation,0,NVIDIA GeForce RTX 5090,GPU-67921d1c-ee8e-304f-b562-d6f87617c5a0,32607,31060,1128,21
2026-08-21T02:33:21.9849959+12:00,sustained-generation,1,NVIDIA GeForce RTX 4090,GPU-eed52936-813f-8d68-1654-bfb56cb42bc3,24564,22901,1238,0
2026-08-21T02:33:22.2956696+12:00,sustained-generation,0,NVIDIA GeForce RTX 5090,GPU-67921d1c-ee8e-304f-b562-d6f87617c5a0,32607,31054,1134,21
2026-08-21T02:33:22.2956696+12:00,sustained-generation,1,NVIDIA GeForce RTX 4090,GPU-eed52936-813f-8d68-1654-bfb56cb42bc3,24564,22901,1238,0
2026-08-21T02:33:22.6081059+12:00,sustained-generation,0,NVIDIA GeForce RTX 5090,GPU-67921d1c-ee8e-304f-b562-d6f87617c5a0,32607,31054,1134,22
2026-08-21T02:33:22.6081059+12:00,sustained-generation,1,NVIDIA GeForce RTX 4090,GPU-eed52936-813f-8d68-1654-bfb56cb42bc3,24564,22901,1238,0
2026-08-21T02:33:22.9342354+12:00,sustained-generation,0,NVIDIA GeForce RTX 5090,GPU-67921d1c-ee8e-304f-b562-d6f87617c5a0,32607,31029,1159,20
2026-08-21T02:33:22.9342354+12:00,sustained-generation,1,NVIDIA GeForce RTX 4090,GPU-eed52936-813f-8d68-1654-bfb56cb42bc3,24564,22901,1238,0
2026-08-21T02:33:23.2609438+12:00,sustained-generation,0,NVIDIA GeForce RTX 5090,GPU-67921d1c-ee8e-304f-b562-d6f87617c5a0,32607,31023,1165,20
2026-08-21T02:33:23.2609438+12:00,sustained-generation,1,NVIDIA GeForce RTX 4090,GPU-eed52936-813f-8d68-1654-bfb56cb42bc3,24564,22901,1238,0
2026-08-21T02:33:23.5711241+12:00,sustained-generation,0,NVIDIA GeForce RTX 5090,GPU-67921d1c-ee8e-304f-b562-d6f87617c5a0,32607,31025,1163,23
2026-08-21T02:33:23.5711241+12:00,sustained-generation,1,NVIDIA GeForce RTX 4090,GPU-eed52936-813f-8d68-1654-bfb56cb42bc3,24564,22901,1238,0
2026-08-21T02:33:23.8843807+12:00,sustained-generation,0,NVIDIA GeForce RTX 5090,GPU-67921d1c-ee8e-304f-b562-d6f87617c5a0,32607,31020,1168,22
2026-08-21T02:33:23.8843807+12:00,sustained-generation,1,NVIDIA GeForce RTX 4090,GPU-eed52936-813f-8d68-1654-bfb56cb42bc3,24564,22901,1238,0
2026-08-21T02:33:24.2109687+12:00,sustained-generation,0,NVIDIA GeForce RTX 5090,GPU-67921d1c-ee8e-304f-b562-d6f87617c5a0,32607,31009,1179,22
2026-08-21T02:33:24.2109687+12:00,sustained-generation,1,NVIDIA GeForce RTX 4090,GPU-eed52936-813f-8d68-1654-bfb56cb42bc3,24564,22901,1238,0
2026-08-21T02:33:24.5373303+12:00,sustained-generation,0,NVIDIA GeForce RTX 5090,GPU-67921d1c-ee8e-304f-b562-d6f87617c5a0,32607,30955,1233,24
2026-08-21T02:33:24.5373303+12:00,sustained-generation,1,NVIDIA GeForce RTX 4090,GPU-eed52936-813f-8d68-1654-bfb56cb42bc3,24564,22901,1238,0
2026-08-21T02:33:24.8661223+12:00,sustained-generation,0,NVIDIA GeForce RTX 5090,GPU-67921d1c-ee8e-304f-b562-d6f87617c5a0,32607,30945,1243,24
2026-08-21T02:33:24.8661223+12:00,sustained-generation,1,NVIDIA GeForce RTX 4090,GPU-eed52936-813f-8d68-1654-bfb56cb42bc3,24564,22901,1238,0
2026-08-21T02:33:25.1800601+12:00,sustained-generation,0,NVIDIA GeForce RTX 5090,GPU-67921d1c-ee8e-304f-b562-d6f87617c5a0,32607,30942,1246,21
2026-08-21T02:33:25.1800601+12:00,sustained-generation,1,NVIDIA GeForce RTX 4090,GPU-eed52936-813f-8d68-1654-bfb56cb42bc3,24564,22901,1238,0
2026-08-21T02:33:25.5024039+12:00,sustained-generation,0,NVIDIA GeForce RTX 5090,GPU-67921d1c-ee8e-304f-b562-d6f87617c5a0,32607,30944,1244,23
2026-08-21T02:33:25.5024039+12:00,sustained-generation,1,NVIDIA GeForce RTX 4090,GPU-eed52936-813f-8d68-1654-bfb56cb42bc3,24564,22901,1238,0
2026-08-21T02:33:25.8340329+12:00,sustained-generation,0,NVIDIA GeForce RTX 5090,GPU-67921d1c-ee8e-304f-b562-d6f87617c5a0,32607,30944,1244,23
2026-08-21T02:33:25.8340329+12:00,sustained-generation,1,NVIDIA GeForce RTX 4090,GPU-eed52936-813f-8d68-1654-bfb56cb42bc3,24564,22901,1238,0
2026-08-21T02:33:26.1598402+12:00,sustained-generation,0,NVIDIA GeForce RTX 5090,GPU-67921d1c-ee8e-304f-b562-d6f87617c5a0,32607,30944,1244,21
2026-08-21T02:33:26.1598402+12:00,sustained-generation,1,NVIDIA GeForce RTX 4090,GPU-eed52936-813f-8d68-1654-bfb56cb42bc3,24564,22901,1238,0
2026-08-21T02:33:26.4857258+12:00,sustained-generation,0,NVIDIA GeForce RTX 5090,GPU-67921d1c-ee8e-304f-b562-d6f87617c5a0,32607,30940,1248,23
2026-08-21T02:33:26.4857258+12:00,sustained-generation,1,NVIDIA GeForce RTX 4090,GPU-eed52936-813f-8d68-1654-bfb56cb42bc3,24564,22901,1238,0
2026-08-21T02:33:26.8130238+12:00,sustained-generation,0,NVIDIA GeForce RTX 5090,GPU-67921d1c-ee8e-304f-b562-d6f87617c5a0,32607,30938,1250,23
2026-08-21T02:33:26.8130238+12:00,sustained-generation,1,NVIDIA GeForce RTX 4090,GPU-eed52936-813f-8d68-1654-bfb56cb42bc3,24564,22901,1238,0
2026-08-21T02:33:27.1401104+12:00,sustained-generation,0,NVIDIA GeForce RTX 5090,GPU-67921d1c-ee8e-304f-b562-d6f87617c5a0,32607,30940,1248,20
2026-08-21T02:33:27.1401104+12:00,sustained-generation,1,NVIDIA GeForce RTX 4090,GPU-eed52936-813f-8d68-1654-bfb56cb42bc3,24564,22901,1238,0
2026-08-21T02:33:27.4543517+12:00,sustained-generation,0,NVIDIA GeForce RTX 5090,GPU-67921d1c-ee8e-304f-b562-d6f87617c5a0,32607,30942,1246,22
2026-08-21T02:33:27.4543517+12:00,sustained-generation,1,NVIDIA GeForce RTX 4090,GPU-eed52936-813f-8d68-1654-bfb56cb42bc3,24564,22901,1238,0
2026-08-21T02:33:27.7640523+12:00,sustained-generation,0,NVIDIA GeForce RTX 5090,GPU-67921d1c-ee8e-304f-b562-d6f87617c5a0,32607,30942,1246,22
2026-08-21T02:33:27.7640523+12:00,sustained-generation,1,NVIDIA GeForce RTX 4090,GPU-eed52936-813f-8d68-1654-bfb56cb42bc3,24564,22901,1238,0
2026-08-21T02:33:28.0889632+12:00,sustained-generation,0,NVIDIA GeForce RTX 5090,GPU-67921d1c-ee8e-304f-b562-d6f87617c5a0,32607,30942,1246,21
2026-08-21T02:33:28.0889632+12:00,sustained-generation,1,NVIDIA GeForce RTX 4090,GPU-eed52936-813f-8d68-1654-bfb56cb42bc3,24564,22901,1238,0
2026-08-21T02:33:28.4129567+12:00,sustained-generation,0,NVIDIA GeForce RTX 5090,GPU-67921d1c-ee8e-304f-b562-d6f87617c5a0,32607,30932,1256,22
2026-08-21T02:33:28.4129567+12:00,sustained-generation,1,NVIDIA GeForce RTX 4090,GPU-eed52936-813f-8d68-1654-bfb56cb42bc3,24564,22901,1238,0
2026-08-21T02:33:28.7268043+12:00,sustained-generation,0,NVIDIA GeForce RTX 5090,GPU-67921d1c-ee8e-304f-b562-d6f87617c5a0,32607,30932,1256,22
2026-08-21T02:33:28.7268043+12:00,sustained-generation,1,NVIDIA GeForce RTX 4090,GPU-eed52936-813f-8d68-1654-bfb56cb42bc3,24564,22901,1238,0
2026-08-21T02:33:29.0543616+12:00,sustained-generation,0,NVIDIA GeForce RTX 5090,GPU-67921d1c-ee8e-304f-b562-d6f87617c5a0,32607,30932,1256,20
2026-08-21T02:33:29.0543616+12:00,sustained-generation,1,NVIDIA GeForce RTX 4090,GPU-eed52936-813f-8d68-1654-bfb56cb42bc3,24564,22901,1238,0
2026-08-21T02:33:29.3633240+12:00,sustained-generation,0,NVIDIA GeForce RTX 5090,GPU-67921d1c-ee8e-304f-b562-d6f87617c5a0,32607,30932,1256,20
2026-08-21T02:33:29.3633240+12:00,sustained-generation,1,NVIDIA GeForce RTX 4090,GPU-eed52936-813f-8d68-1654-bfb56cb42bc3,24564,22901,1238,0
2026-08-21T02:33:29.6884283+12:00,sustained-generation,0,NVIDIA GeForce RTX 5090,GPU-67921d1c-ee8e-304f-b562-d6f87617c5a0,32607,30932,1256,21
2026-08-21T02:33:29.6884283+12:00,sustained-generation,1,NVIDIA GeForce RTX 4090,GPU-eed52936-813f-8d68-1654-bfb56cb42bc3,24564,22901,1238,0
2026-08-21T02:33:30.0153034+12:00,sustained-generation,0,NVIDIA GeForce RTX 5090,GPU-67921d1c-ee8e-304f-b562-d6f87617c5a0,32607,30932,1256,21
2026-08-21T02:33:30.0153034+12:00,sustained-generation,1,NVIDIA GeForce RTX 4090,GPU-eed52936-813f-8d68-1654-bfb56cb42bc3,24564,22901,1238,0
2026-08-21T02:33:30.3259779+12:00,sustained-generation,0,NVIDIA GeForce RTX 5090,GPU-67921d1c-ee8e-304f-b562-d6f87617c5a0,32607,30929,1259,21
2026-08-21T02:33:30.3259779+12:00,sustained-generation,1,NVIDIA GeForce RTX 4090,GPU-eed52936-813f-8d68-1654-bfb56cb42bc3,24564,22901,1238,0
2026-08-21T02:33:30.6538465+12:00,sustained-generation,0,NVIDIA GeForce RTX 5090,GPU-67921d1c-ee8e-304f-b562-d6f87617c5a0,32607,30928,1260,23
2026-08-21T02:33:30.6538465+12:00,sustained-generation,1,NVIDIA GeForce RTX 4090,GPU-eed52936-813f-8d68-1654-bfb56cb42bc3,24564,22901,1238,0
2026-08-21T02:33:30.9816600+12:00,sustained-generation,0,NVIDIA GeForce RTX 5090,GPU-67921d1c-ee8e-304f-b562-d6f87617c5a0,32607,30900,1288,20
2026-08-21T02:33:30.9816600+12:00,sustained-generation,1,NVIDIA GeForce RTX 4090,GPU-eed52936-813f-8d68-1654-bfb56cb42bc3,24564,22901,1238,0
2026-08-21T02:33:31.2931755+12:00,sustained-generation,0,NVIDIA GeForce RTX 5090,GPU-67921d1c-ee8e-304f-b562-d6f87617c5a0,32607,30895,1293,20
2026-08-21T02:33:31.2931755+12:00,sustained-generation,1,NVIDIA GeForce RTX 4090,GPU-eed52936-813f-8d68-1654-bfb56cb42bc3,24564,22901,1238,0
2026-08-21T02:33:31.6061714+12:00,sustained-generation,0,NVIDIA GeForce RTX 5090,GPU-67921d1c-ee8e-304f-b562-d6f87617c5a0,32607,30900,1288,23
2026-08-21T02:33:31.6061714+12:00,sustained-generation,1,NVIDIA GeForce RTX 4090,GPU-eed52936-813f-8d68-1654-bfb56cb42bc3,24564,22901,1238,0
2026-08-21T02:33:31.9185567+12:00,sustained-generation,0,NVIDIA GeForce RTX 5090,GPU-67921d1c-ee8e-304f-b562-d6f87617c5a0,32607,30889,1299,22
2026-08-21T02:33:31.9185567+12:00,sustained-generation,1,NVIDIA GeForce RTX 4090,GPU-eed52936-813f-8d68-1654-bfb56cb42bc3,24564,22901,1238,0
2026-08-21T02:33:32.2450129+12:00,sustained-generation,0,NVIDIA GeForce RTX 5090,GPU-67921d1c-ee8e-304f-b562-d6f87617c5a0,32607,30889,1299,22
2026-08-21T02:33:32.2450129+12:00,sustained-generation,1,NVIDIA GeForce RTX 4090,GPU-eed52936-813f-8d68-1654-bfb56cb42bc3,24564,22901,1238,0
2026-08-21T02:33:32.5572019+12:00,sustained-generation,0,NVIDIA GeForce RTX 5090,GPU-67921d1c-ee8e-304f-b562-d6f87617c5a0,32607,30890,1298,22
2026-08-21T02:33:32.5572019+12:00,sustained-generation,1,NVIDIA GeForce RTX 4090,GPU-eed52936-813f-8d68-1654-bfb56cb42bc3,24564,22901,1238,0
2026-08-21T02:33:32.8693259+12:00,sustained-generation,0,NVIDIA GeForce RTX 5090,GPU-67921d1c-ee8e-304f-b562-d6f87617c5a0,32607,30890,1298,22
2026-08-21T02:33:32.8693259+12:00,sustained-generation,1,NVIDIA GeForce RTX 4090,GPU-eed52936-813f-8d68-1654-bfb56cb42bc3,24564,22901,1238,0
2026-08-21T02:33:33.1784766+12:00,sustained-generation,0,NVIDIA GeForce RTX 5090,GPU-67921d1c-ee8e-304f-b562-d6f87617c5a0,32607,30890,1298,22
2026-08-21T02:33:33.1784766+12:00,sustained-generation,1,NVIDIA GeForce RTX 4090,GPU-eed52936-813f-8d68-1654-bfb56cb42bc3,24564,22901,1238,0
2026-08-21T02:33:33.4899107+12:00,sustained-generation,0,NVIDIA GeForce RTX 5090,GPU-67921d1c-ee8e-304f-b562-d6f87617c5a0,32607,30890,1298,23
2026-08-21T02:33:33.4899107+12:00,sustained-generation,1,NVIDIA GeForce RTX 4090,GPU-eed52936-813f-8d68-1654-bfb56cb42bc3,24564,22901,1238,0
2026-08-21T02:33:33.8177863+12:00,sustained-generation,0,NVIDIA GeForce RTX 5090,GPU-67921d1c-ee8e-304f-b562-d6f87617c5a0,32607,30890,1298,23
2026-08-21T02:33:33.8177863+12:00,sustained-generation,1,NVIDIA GeForce RTX 4090,GPU-eed52936-813f-8d68-1654-bfb56cb42bc3,24564,22901,1238,0
2026-08-21T02:33:34.1293269+12:00,sustained-generation,0,NVIDIA GeForce RTX 5090,GPU-67921d1c-ee8e-304f-b562-d6f87617c5a0,32607,30891,1297,20
2026-08-21T02:33:34.1293269+12:00,sustained-generation,1,NVIDIA GeForce RTX 4090,GPU-eed52936-813f-8d68-1654-bfb56cb42bc3,24564,22901,1238,0
2026-08-21T02:33:34.4393616+12:00,sustained-generation,0,NVIDIA GeForce RTX 5090,GPU-67921d1c-ee8e-304f-b562-d6f87617c5a0,32607,30890,1298,22
2026-08-21T02:33:34.4393616+12:00,sustained-generation,1,NVIDIA GeForce RTX 4090,GPU-eed52936-813f-8d68-1654-bfb56cb42bc3,24564,22901,1238,0
2026-08-21T02:33:34.7677026+12:00,sustained-generation,0,NVIDIA GeForce RTX 5090,GPU-67921d1c-ee8e-304f-b562-d6f87617c5a0,32607,30890,1298,22
2026-08-21T02:33:34.7677026+12:00,sustained-generation,1,NVIDIA GeForce RTX 4090,GPU-eed52936-813f-8d68-1654-bfb56cb42bc3,24564,22901,1238,0
2026-08-21T02:33:35.0913272+12:00,sustained-generation,0,NVIDIA GeForce RTX 5090,GPU-67921d1c-ee8e-304f-b562-d6f87617c5a0,32607,30890,1298,21
2026-08-21T02:33:35.0913272+12:00,sustained-generation,1,NVIDIA GeForce RTX 4090,GPU-eed52936-813f-8d68-1654-bfb56cb42bc3,24564,22901,1238,0
2026-08-21T02:33:35.4030687+12:00,sustained-generation,0,NVIDIA GeForce RTX 5090,GPU-67921d1c-ee8e-304f-b562-d6f87617c5a0,32607,30883,1305,23
2026-08-21T02:33:35.4030687+12:00,sustained-generation,1,NVIDIA GeForce RTX 4090,GPU-eed52936-813f-8d68-1654-bfb56cb42bc3,24564,22901,1238,0
2026-08-21T02:33:35.7294975+12:00,sustained-generation,0,NVIDIA GeForce RTX 5090,GPU-67921d1c-ee8e-304f-b562-d6f87617c5a0,32607,30890,1298,23
2026-08-21T02:33:35.7294975+12:00,sustained-generation,1,NVIDIA GeForce RTX 4090,GPU-eed52936-813f-8d68-1654-bfb56cb42bc3,24564,22901,1238,0
2026-08-21T02:33:36.0576435+12:00,sustained-generation,0,NVIDIA GeForce RTX 5090,GPU-67921d1c-ee8e-304f-b562-d6f87617c5a0,32607,30890,1298,24
2026-08-21T02:33:36.0576435+12:00,sustained-generation,1,NVIDIA GeForce RTX 4090,GPU-eed52936-813f-8d68-1654-bfb56cb42bc3,24564,22901,1238,0
2026-08-21T02:33:36.3835050+12:00,sustained-generation,0,NVIDIA GeForce RTX 5090,GPU-67921d1c-ee8e-304f-b562-d6f87617c5a0,32607,30898,1290,24
2026-08-21T02:33:36.3835050+12:00,sustained-generation,1,NVIDIA GeForce RTX 4090,GPU-eed52936-813f-8d68-1654-bfb56cb42bc3,24564,22901,1238,0
2026-08-21T02:33:36.7094410+12:00,sustained-generation,0,NVIDIA GeForce RTX 5090,GPU-67921d1c-ee8e-304f-b562-d6f87617c5a0,32607,30899,1289,22
2026-08-21T02:33:36.7094410+12:00,sustained-generation,1,NVIDIA GeForce RTX 4090,GPU-eed52936-813f-8d68-1654-bfb56cb42bc3,24564,22901,1238,0
2026-08-21T02:33:37.0205213+12:00,sustained-generation,0,NVIDIA GeForce RTX 5090,GPU-67921d1c-ee8e-304f-b562-d6f87617c5a0,32607,30900,1288,23
2026-08-21T02:33:37.0205213+12:00,sustained-generation,1,NVIDIA GeForce RTX 4090,GPU-eed52936-813f-8d68-1654-bfb56cb42bc3,24564,22901,1238,0
2026-08-21T02:33:37.3329332+12:00,sustained-generation,0,NVIDIA GeForce RTX 5090,GPU-67921d1c-ee8e-304f-b562-d6f87617c5a0,32607,30900,1288,23
2026-08-21T02:33:37.3329332+12:00,sustained-generation,1,NVIDIA GeForce RTX 4090,GPU-eed52936-813f-8d68-1654-bfb56cb42bc3,24564,22901,1238,0
2026-08-21T02:33:37.6603859+12:00,sustained-generation,0,NVIDIA GeForce RTX 5090,GPU-67921d1c-ee8e-304f-b562-d6f87617c5a0,32607,30897,1291,21
2026-08-21T02:33:37.6603859+12:00,sustained-generation,1,NVIDIA GeForce RTX 4090,GPU-eed52936-813f-8d68-1654-bfb56cb42bc3,24564,22901,1238,0
2026-08-21T02:33:37.9699530+12:00,sustained-generation,0,NVIDIA GeForce RTX 5090,GPU-67921d1c-ee8e-304f-b562-d6f87617c5a0,32607,30897,1291,20
2026-08-21T02:33:37.9699530+12:00,sustained-generation,1,NVIDIA GeForce RTX 4090,GPU-eed52936-813f-8d68-1654-bfb56cb42bc3,24564,22901,1238,0
2026-08-21T02:33:38.2815588+12:00,sustained-generation,0,NVIDIA GeForce RTX 5090,GPU-67921d1c-ee8e-304f-b562-d6f87617c5a0,32607,30898,1290,20
2026-08-21T02:33:38.2815588+12:00,sustained-generation,1,NVIDIA GeForce RTX 4090,GPU-eed52936-813f-8d68-1654-bfb56cb42bc3,24564,22901,1238,0
2026-08-21T02:33:38.6068733+12:00,sustained-generation,0,NVIDIA GeForce RTX 5090,GPU-67921d1c-ee8e-304f-b562-d6f87617c5a0,32607,30897,1291,22
2026-08-21T02:33:38.6068733+12:00,sustained-generation,1,NVIDIA GeForce RTX 4090,GPU-eed52936-813f-8d68-1654-bfb56cb42bc3,24564,22901,1238,0
2026-08-21T02:33:38.9364137+12:00,sustained-generation,0,NVIDIA GeForce RTX 5090,GPU-67921d1c-ee8e-304f-b562-d6f87617c5a0,32607,30897,1291,20
2026-08-21T02:33:38.9364137+12:00,sustained-generation,1,NVIDIA GeForce RTX 4090,GPU-eed52936-813f-8d68-1654-bfb56cb42bc3,24564,22901,1238,0
2026-08-21T02:33:39.2472713+12:00,sustained-generation,0,NVIDIA GeForce RTX 5090,GPU-67921d1c-ee8e-304f-b562-d6f87617c5a0,32607,30901,1287,20
2026-08-21T02:33:39.2472713+12:00,sustained-generation,1,NVIDIA GeForce RTX 4090,GPU-eed52936-813f-8d68-1654-bfb56cb42bc3,24564,22901,1238,0
2026-08-21T02:33:39.5610174+12:00,sustained-generation,0,NVIDIA GeForce RTX 5090,GPU-67921d1c-ee8e-304f-b562-d6f87617c5a0,32607,30902,1286,21
2026-08-21T02:33:39.5610174+12:00,sustained-generation,1,NVIDIA GeForce RTX 4090,GPU-eed52936-813f-8d68-1654-bfb56cb42bc3,24564,22901,1238,0
2026-08-21T02:33:39.8912214+12:00,sustained-generation,0,NVIDIA GeForce RTX 5090,GPU-67921d1c-ee8e-304f-b562-d6f87617c5a0,32607,30904,1284,22
2026-08-21T02:33:39.8912214+12:00,sustained-generation,1,NVIDIA GeForce RTX 4090,GPU-eed52936-813f-8d68-1654-bfb56cb42bc3,24564,22901,1238,0
2026-08-21T02:33:40.2204491+12:00,sustained-generation,0,NVIDIA GeForce RTX 5090,GPU-67921d1c-ee8e-304f-b562-d6f87617c5a0,32607,30904,1284,22
2026-08-21T02:33:40.2204491+12:00,sustained-generation,1,NVIDIA GeForce RTX 4090,GPU-eed52936-813f-8d68-1654-bfb56cb42bc3,24564,22901,1238,0
2026-08-21T02:33:40.5359560+12:00,sustained-generation,0,NVIDIA GeForce RTX 5090,GPU-67921d1c-ee8e-304f-b562-d6f87617c5a0,32607,30989,1199,18
2026-08-21T02:33:40.5359560+12:00,sustained-generation,1,NVIDIA GeForce RTX 4090,GPU-eed52936-813f-8d68-1654-bfb56cb42bc3,24564,22901,1238,0
2026-08-21T02:33:40.8490017+12:00,sustained-generation,0,NVIDIA GeForce RTX 5090,GPU-67921d1c-ee8e-304f-b562-d6f87617c5a0,32607,30985,1203,18
2026-08-21T02:33:40.8490017+12:00,sustained-generation,1,NVIDIA GeForce RTX 4090,GPU-eed52936-813f-8d68-1654-bfb56cb42bc3,24564,22901,1238,0
2026-08-21T02:33:41.1817714+12:00,sustained-generation,0,NVIDIA GeForce RTX 5090,GPU-67921d1c-ee8e-304f-b562-d6f87617c5a0,32607,30985,1203,1
2026-08-21T02:33:41.1817714+12:00,sustained-generation,1,NVIDIA GeForce RTX 4090,GPU-eed52936-813f-8d68-1654-bfb56cb42bc3,24564,22901,1238,0
2026-08-21T02:33:41.5070303+12:00,sustained-generation,0,NVIDIA GeForce RTX 5090,GPU-67921d1c-ee8e-304f-b562-d6f87617c5a0,32607,30985,1203,2
2026-08-21T02:33:41.5070303+12:00,sustained-generation,1,NVIDIA GeForce RTX 4090,GPU-eed52936-813f-8d68-1654-bfb56cb42bc3,24564,22901,1238,0
2026-08-21T02:33:41.8166520+12:00,sustained-generation,0,NVIDIA GeForce RTX 5090,GPU-67921d1c-ee8e-304f-b562-d6f87617c5a0,32607,30985,1203,2
2026-08-21T02:33:41.8166520+12:00,sustained-generation,1,NVIDIA GeForce RTX 4090,GPU-eed52936-813f-8d68-1654-bfb56cb42bc3,24564,22901,1238,0
2026-08-21T02:33:42.1327685+12:00,sustained-generation,0,NVIDIA GeForce RTX 5090,GPU-67921d1c-ee8e-304f-b562-d6f87617c5a0,32607,30985,1203,1
2026-08-21T02:33:42.1327685+12:00,sustained-generation,1,NVIDIA GeForce RTX 4090,GPU-eed52936-813f-8d68-1654-bfb56cb42bc3,24564,22901,1238,0
2026-08-21T02:33:42.4449542+12:00,sustained-generation,0,NVIDIA GeForce RTX 5090,GPU-67921d1c-ee8e-304f-b562-d6f87617c5a0,32607,30982,1206,1
2026-08-21T02:33:42.4449542+12:00,sustained-generation,1,NVIDIA GeForce RTX 4090,GPU-eed52936-813f-8d68-1654-bfb56cb42bc3,24564,22901,1238,0
2026-08-21T02:33:42.7735852+12:00,sustained-generation,0,NVIDIA GeForce RTX 5090,GPU-67921d1c-ee8e-304f-b562-d6f87617c5a0,32607,30975,1213,1
2026-08-21T02:33:42.7735852+12:00,sustained-generation,1,NVIDIA GeForce RTX 4090,GPU-eed52936-813f-8d68-1654-bfb56cb42bc3,24564,22901,1238,0
2026-08-21T02:33:43.1046022+12:00,sustained-generation,0,NVIDIA GeForce RTX 5090,GPU-67921d1c-ee8e-304f-b562-d6f87617c5a0,32607,30975,1213,1
2026-08-21T02:33:43.1046022+12:00,sustained-generation,1,NVIDIA GeForce RTX 4090,GPU-eed52936-813f-8d68-1654-bfb56cb42bc3,24564,22901,1238,0
2026-08-21T02:33:43.4414446+12:00,sustained-generation,0,NVIDIA GeForce RTX 5090,GPU-67921d1c-ee8e-304f-b562-d6f87617c5a0,32607,30975,1213,2
2026-08-21T02:33:43.4414446+12:00,sustained-generation,1,NVIDIA GeForce RTX 4090,GPU-eed52936-813f-8d68-1654-bfb56cb42bc3,24564,22901,1238,0
2026-08-21T02:33:43.7658909+12:00,sustained-generation,0,NVIDIA GeForce RTX 5090,GPU-67921d1c-ee8e-304f-b562-d6f87617c5a0,32607,30976,1212,2
2026-08-21T02:33:43.7658909+12:00,sustained-generation,1,NVIDIA GeForce RTX 4090,GPU-eed52936-813f-8d68-1654-bfb56cb42bc3,24564,22901,1238,0
2026-08-21T02:33:44.0931433+12:00,sustained-generation,0,NVIDIA GeForce RTX 5090,GPU-67921d1c-ee8e-304f-b562-d6f87617c5a0,32607,30976,1212,10
2026-08-21T02:33:44.0931433+12:00,sustained-generation,1,NVIDIA GeForce RTX 4090,GPU-eed52936-813f-8d68-1654-bfb56cb42bc3,24564,22901,1238,0
2026-08-21T02:33:44.4208385+12:00,sustained-generation,0,NVIDIA GeForce RTX 5090,GPU-67921d1c-ee8e-304f-b562-d6f87617c5a0,32607,30975,1213,2
2026-08-21T02:33:44.4208385+12:00,sustained-generation,1,NVIDIA GeForce RTX 4090,GPU-eed52936-813f-8d68-1654-bfb56cb42bc3,24564,22901,1238,0
2026-08-21T02:33:44.7453971+12:00,sustained-generation,0,NVIDIA GeForce RTX 5090,GPU-67921d1c-ee8e-304f-b562-d6f87617c5a0,32607,30971,1217,2
2026-08-21T02:33:44.7453971+12:00,sustained-generation,1,NVIDIA GeForce RTX 4090,GPU-eed52936-813f-8d68-1654-bfb56cb42bc3,24564,22901,1238,0
2026-08-21T02:33:45.0715956+12:00,sustained-generation,0,NVIDIA GeForce RTX 5090,GPU-67921d1c-ee8e-304f-b562-d6f87617c5a0,32607,30971,1217,1
2026-08-21T02:33:45.0715956+12:00,sustained-generation,1,NVIDIA GeForce RTX 4090,GPU-eed52936-813f-8d68-1654-bfb56cb42bc3,24564,22901,1238,0
2026-08-21T02:33:45.3963892+12:00,sustained-generation,0,NVIDIA GeForce RTX 5090,GPU-67921d1c-ee8e-304f-b562-d6f87617c5a0,32607,30971,1217,2
2026-08-21T02:33:45.3963892+12:00,sustained-generation,1,NVIDIA GeForce RTX 4090,GPU-eed52936-813f-8d68-1654-bfb56cb42bc3,24564,22901,1238,0
2026-08-21T02:33:45.7197129+12:00,sustained-generation,0,NVIDIA GeForce RTX 5090,GPU-67921d1c-ee8e-304f-b562-d6f87617c5a0,32607,30940,1248,2
2026-08-21T02:33:45.7197129+12:00,sustained-generation,1,NVIDIA GeForce RTX 4090,GPU-eed52936-813f-8d68-1654-bfb56cb42bc3,24564,22901,1238,0
2026-08-21T02:33:46.0480026+12:00,sustained-generation,0,NVIDIA GeForce RTX 5090,GPU-67921d1c-ee8e-304f-b562-d6f87617c5a0,32607,30940,1248,1
2026-08-21T02:33:46.0480026+12:00,sustained-generation,1,NVIDIA GeForce RTX 4090,GPU-eed52936-813f-8d68-1654-bfb56cb42bc3,24564,22901,1238,0
2026-08-21T02:33:46.3744904+12:00,sustained-generation,0,NVIDIA GeForce RTX 5090,GPU-67921d1c-ee8e-304f-b562-d6f87617c5a0,32607,30940,1248,1
2026-08-21T02:33:46.3744904+12:00,sustained-generation,1,NVIDIA GeForce RTX 4090,GPU-eed52936-813f-8d68-1654-bfb56cb42bc3,24564,22901,1238,0
2026-08-21T02:33:46.6979909+12:00,sustained-generation,0,NVIDIA GeForce RTX 5090,GPU-67921d1c-ee8e-304f-b562-d6f87617c5a0,32607,30940,1248,2
2026-08-21T02:33:46.6979909+12:00,sustained-generation,1,NVIDIA GeForce RTX 4090,GPU-eed52936-813f-8d68-1654-bfb56cb42bc3,24564,22901,1238,0
2026-08-21T02:33:47.0262065+12:00,sustained-generation,0,NVIDIA GeForce RTX 5090,GPU-67921d1c-ee8e-304f-b562-d6f87617c5a0,32607,30938,1250,1
2026-08-21T02:33:47.0262065+12:00,sustained-generation,1,NVIDIA GeForce RTX 4090,GPU-eed52936-813f-8d68-1654-bfb56cb42bc3,24564,22901,1238,0
2026-08-21T02:33:47.3516553+12:00,sustained-generation,0,NVIDIA GeForce RTX 5090,GPU-67921d1c-ee8e-304f-b562-d6f87617c5a0,32607,30938,1250,1
2026-08-21T02:33:47.3516553+12:00,sustained-generation,1,NVIDIA GeForce RTX 4090,GPU-eed52936-813f-8d68-1654-bfb56cb42bc3,24564,22901,1238,0
2026-08-21T02:33:47.6801052+12:00,sustained-generation,0,NVIDIA GeForce RTX 5090,GPU-67921d1c-ee8e-304f-b562-d6f87617c5a0,32607,30981,1207,2
2026-08-21T02:33:47.6801052+12:00,sustained-generation,1,NVIDIA GeForce RTX 4090,GPU-eed52936-813f-8d68-1654-bfb56cb42bc3,24564,22901,1238,0
2026-08-21T02:33:48.0062359+12:00,sustained-generation,0,NVIDIA GeForce RTX 5090,GPU-67921d1c-ee8e-304f-b562-d6f87617c5a0,32607,30981,1207,12
2026-08-21T02:33:48.0062359+12:00,sustained-generation,1,NVIDIA GeForce RTX 4090,GPU-eed52936-813f-8d68-1654-bfb56cb42bc3,24564,22901,1238,0
2026-08-21T02:33:48.3325399+12:00,sustained-generation,0,NVIDIA GeForce RTX 5090,GPU-67921d1c-ee8e-304f-b562-d6f87617c5a0,32607,30981,1207,12
2026-08-21T02:33:48.3325399+12:00,sustained-generation,1,NVIDIA GeForce RTX 4090,GPU-eed52936-813f-8d68-1654-bfb56cb42bc3,24564,22901,1238,0
2026-08-21T02:33:48.6576805+12:00,sustained-generation,0,NVIDIA GeForce RTX 5090,GPU-67921d1c-ee8e-304f-b562-d6f87617c5a0,32607,30982,1206,12
2026-08-21T02:33:48.6576805+12:00,sustained-generation,1,NVIDIA GeForce RTX 4090,GPU-eed52936-813f-8d68-1654-bfb56cb42bc3,24564,22901,1238,0
2026-08-21T02:33:48.9853333+12:00,sustained-generation,0,NVIDIA GeForce RTX 5090,GPU-67921d1c-ee8e-304f-b562-d6f87617c5a0,32607,30981,1207,2
2026-08-21T02:33:48.9853333+12:00,sustained-generation,1,NVIDIA GeForce RTX 4090,GPU-eed52936-813f-8d68-1654-bfb56cb42bc3,24564,22901,1238,0
2026-08-21T02:33:49.3138049+12:00,sustained-generation,0,NVIDIA GeForce RTX 5090,GPU-67921d1c-ee8e-304f-b562-d6f87617c5a0,32607,30982,1206,2
2026-08-21T02:33:49.3138049+12:00,sustained-generation,1,NVIDIA GeForce RTX 4090,GPU-eed52936-813f-8d68-1654-bfb56cb42bc3,24564,22901,1238,0
2026-08-21T02:33:49.6421994+12:00,sustained-generation,0,NVIDIA GeForce RTX 5090,GPU-67921d1c-ee8e-304f-b562-d6f87617c5a0,32607,30983,1205,58
2026-08-21T02:33:49.6421994+12:00,sustained-generation,1,NVIDIA GeForce RTX 4090,GPU-eed52936-813f-8d68-1654-bfb56cb42bc3,24564,22901,1238,0
2026-08-21T02:33:49.9686882+12:00,sustained-generation,0,NVIDIA GeForce RTX 5090,GPU-67921d1c-ee8e-304f-b562-d6f87617c5a0,32607,30991,1197,1
2026-08-21T02:33:49.9686882+12:00,sustained-generation,1,NVIDIA GeForce RTX 4090,GPU-eed52936-813f-8d68-1654-bfb56cb42bc3,24564,22901,1238,0
2026-08-21T02:33:50.2937002+12:00,sustained-generation,0,NVIDIA GeForce RTX 5090,GPU-67921d1c-ee8e-304f-b562-d6f87617c5a0,32607,30991,1197,1
2026-08-21T02:33:50.2937002+12:00,sustained-generation,1,NVIDIA GeForce RTX 4090,GPU-eed52936-813f-8d68-1654-bfb56cb42bc3,24564,22901,1238,0
2026-08-21T02:33:50.6210941+12:00,sustained-generation,0,NVIDIA GeForce RTX 5090,GPU-67921d1c-ee8e-304f-b562-d6f87617c5a0,32607,30991,1197,2
2026-08-21T02:33:50.6210941+12:00,sustained-generation,1,NVIDIA GeForce RTX 4090,GPU-eed52936-813f-8d68-1654-bfb56cb42bc3,24564,22901,1238,0
2026-08-21T02:33:50.9508674+12:00,sustained-generation,0,NVIDIA GeForce RTX 5090,GPU-67921d1c-ee8e-304f-b562-d6f87617c5a0,32607,30991,1197,1
2026-08-21T02:33:50.9508674+12:00,sustained-generation,1,NVIDIA GeForce RTX 4090,GPU-eed52936-813f-8d68-1654-bfb56cb42bc3,24564,22901,1238,0
2026-08-21T02:33:51.2757690+12:00,sustained-generation,0,NVIDIA GeForce RTX 5090,GPU-67921d1c-ee8e-304f-b562-d6f87617c5a0,32607,30991,1197,1
2026-08-21T02:33:51.2757690+12:00,sustained-generation,1,NVIDIA GeForce RTX 4090,GPU-eed52936-813f-8d68-1654-bfb56cb42bc3,24564,22901,1238,0
2026-08-21T02:33:51.6031654+12:00,sustained-generation,0,NVIDIA GeForce RTX 5090,GPU-67921d1c-ee8e-304f-b562-d6f87617c5a0,32607,30981,1207,2
2026-08-21T02:33:51.6031654+12:00,sustained-generation,1,NVIDIA GeForce RTX 4090,GPU-eed52936-813f-8d68-1654-bfb56cb42bc3,24564,22901,1238,0
2026-08-21T02:33:51.9277432+12:00,sustained-generation,0,NVIDIA GeForce RTX 5090,GPU-67921d1c-ee8e-304f-b562-d6f87617c5a0,32607,30979,1209,6
2026-08-21T02:33:51.9277432+12:00,sustained-generation,1,NVIDIA GeForce RTX 4090,GPU-eed52936-813f-8d68-1654-bfb56cb42bc3,24564,22901,1238,0
2026-08-21T02:33:52.2671044+12:00,sustained-generation,0,NVIDIA GeForce RTX 5090,GPU-67921d1c-ee8e-304f-b562-d6f87617c5a0,32607,30979,1209,6
2026-08-21T02:33:52.2671044+12:00,sustained-generation,1,NVIDIA GeForce RTX 4090,GPU-eed52936-813f-8d68-1654-bfb56cb42bc3,24564,22901,1238,0
2026-08-21T02:33:52.5923597+12:00,sustained-generation,0,NVIDIA GeForce RTX 5090,GPU-67921d1c-ee8e-304f-b562-d6f87617c5a0,32607,30978,1210,16
2026-08-21T02:33:52.5923597+12:00,sustained-generation,1,NVIDIA GeForce RTX 4090,GPU-eed52936-813f-8d68-1654-bfb56cb42bc3,24564,22901,1238,0
2026-08-21T02:33:52.9214419+12:00,sustained-generation,0,NVIDIA GeForce RTX 5090,GPU-67921d1c-ee8e-304f-b562-d6f87617c5a0,32607,30978,1210,1
2026-08-21T02:33:52.9214419+12:00,sustained-generation,1,NVIDIA GeForce RTX 4090,GPU-eed52936-813f-8d68-1654-bfb56cb42bc3,24564,22901,1238,0
2026-08-21T02:33:53.2509115+12:00,sustained-generation,0,NVIDIA GeForce RTX 5090,GPU-67921d1c-ee8e-304f-b562-d6f87617c5a0,32607,30991,1197,1
2026-08-21T02:33:53.2509115+12:00,sustained-generation,1,NVIDIA GeForce RTX 4090,GPU-eed52936-813f-8d68-1654-bfb56cb42bc3,24564,22901,1238,0
2026-08-21T02:33:53.5586783+12:00,sustained-generation,0,NVIDIA GeForce RTX 5090,GPU-67921d1c-ee8e-304f-b562-d6f87617c5a0,32607,30996,1192,14
2026-08-21T02:33:53.5586783+12:00,sustained-generation,1,NVIDIA GeForce RTX 4090,GPU-eed52936-813f-8d68-1654-bfb56cb42bc3,24564,22901,1238,0
2026-08-21T02:33:53.8860653+12:00,sustained-generation,0,NVIDIA GeForce RTX 5090,GPU-67921d1c-ee8e-304f-b562-d6f87617c5a0,32607,30996,1192,14
2026-08-21T02:33:53.8860653+12:00,sustained-generation,1,NVIDIA GeForce RTX 4090,GPU-eed52936-813f-8d68-1654-bfb56cb42bc3,24564,22901,1238,0
2026-08-21T02:33:54.2148564+12:00,sustained-generation,0,NVIDIA GeForce RTX 5090,GPU-67921d1c-ee8e-304f-b562-d6f87617c5a0,32607,30996,1192,1
2026-08-21T02:33:54.2148564+12:00,sustained-generation,1,NVIDIA GeForce RTX 4090,GPU-eed52936-813f-8d68-1654-bfb56cb42bc3,24564,22901,1238,0
2026-08-21T02:33:54.5436532+12:00,sustained-generation,0,NVIDIA GeForce RTX 5090,GPU-67921d1c-ee8e-304f-b562-d6f87617c5a0,32607,30994,1194,2
2026-08-21T02:33:54.5436532+12:00,sustained-generation,1,NVIDIA GeForce RTX 4090,GPU-eed52936-813f-8d68-1654-bfb56cb42bc3,24564,22901,1238,0
2026-08-21T02:33:54.8679140+12:00,sustained-generation,0,NVIDIA GeForce RTX 5090,GPU-67921d1c-ee8e-304f-b562-d6f87617c5a0,32607,30996,1192,2
2026-08-21T02:33:54.8679140+12:00,sustained-generation,1,NVIDIA GeForce RTX 4090,GPU-eed52936-813f-8d68-1654-bfb56cb42bc3,24564,22901,1238,0
